"","event_id_cnty","event_date","year","time_precision","disorder_type","event_type","sub_event_type","actor1","assoc_actor_1","inter1","actor2","assoc_actor_2","inter2","interaction","civilian_targeting","iso","region","country","admin1","admin2","admin3","location","latitude","longitude","geo_precision","source","source_scale","notes","fatalities","tags","timestamp","id"
"1","KEN13318","05 January 2024",2024,1,"Political violence","Violence against civilians","Attack","Pokot Ethnic Militia (Kenya)","Pastoralists (Kenya)",4,"Civilians (Kenya)",NA,7,47,"Civilian targeting",404,"Eastern Africa","Kenya","Elgeyo Marakwet","Marakwet East","Endo","Chesongoch",1.1333,35.6333,1,"Citizen (Kenya); Kenya Standard; NTV (Kenya)","New media-National","On 5 January 2024, militia (described as bandits from Tiaty, coded as Pokot militia) shot and killed three peace ambassadors from Endo Peace Committee (including one who also served as a teacher) at Chesongoch (Marakwet East, Elgeyo Marakwet) along the border of Elgeyo Marakwet and Baringo counties.",3,NA,1704766939,1
"2","KEN13319","05 January 2024",2024,2,"Strategic developments","Strategic developments","Looting/property destruction","Pokot Ethnic Militia (Kenya)","Pastoralists (Kenya)",4,"Civilians (Kenya)",NA,7,47,NA,404,"Eastern Africa","Kenya","Elgeyo Marakwet","Marakwet East","Endo","Chesongoch",1.1333,35.6333,2,"Citizen (Kenya)","National","Looting: Around 5 January 2024 (as reported), militia (described as bandits from Tiaty, coded as Pokot militia) raided and made away with 4 goats from an unspecified location along the border of Elgeyo Marakwet and Baringo counties (coded to the nearest known location as Chesongoch (Marakwet East, Elgeyo Marakwet).",0,NA,1704766939,2
"3","KEN13308","03 January 2024",2024,2,"Political violence","Battles","Armed clash","Police Forces of Kenya (2022-)",NA,1,"Unidentified Ethnic Militia (Kenya)","Pastoralists (Kenya)",4,14,NA,404,"Eastern Africa","Kenya","Meru","Igembe North","Ntunene","Laare",0.3293,37.9376,1,"Star (Kenya)","National","Around 3 January 2024 (as reported), police officers intercepted and clashed with a militia (described as bandits, coded as unidentified ethnic militia) at Laare (Igembe North, Meru) while pursuing stolen livestock (coded separately). A man (who had joined police officers) sustained gunshot wounds as the officers recovered 79 goats and 41 cows.",0,NA,1704766939,15
"4","KEN13309","03 January 2024",2024,2,"Political violence","Violence against civilians","Attack","Unidentified Ethnic Militia (Kenya)","Pastoralists (Kenya)",4,"Civilians (Kenya)","Pastoralists (Kenya)",7,47,"Civilian targeting",404,"Eastern Africa","Kenya","Meru","Igembe North","Ntunene","Laare",0.3293,37.9376,2,"Star (Kenya)","National","Around 3 January 2024 (as reported), militia (described as bandits, coded as Unidentified Ethnic Militia) shot and injured a herder before making away with 79 goats and 41 cows from Kamaringa village (coded to the nearest known location as Laare, Igembe North, Meru).",0,NA,1704766939,16
"5","KEN13287","31 December 2023",2023,1,"Political violence","Violence against civilians","Attack","Unidentified Ethnic Militia (Kenya)","Pastoralists (Kenya)",4,"Civilians (Kenya)",NA,7,47,"Civilian targeting",404,"Eastern Africa","Kenya","Kitui","Mwingi Central Sub- County","Nguni","Ukasi",-0.8373,38.2978,1,"Star (Kenya)","National","On 31 December 2023, gunmen (likely unidentified ethnic militia considering conflict over groups for cattle grazing in the area) shot and killed one man, while two others sustained gunshot wounds in Ukasi (Mwingi Central Sub- County, Kitui). It is unclear whether the attack happened in the context of ethnic clashes over grazing fields.",1,NA,1704766938,29
"6","KEN13292","31 December 2023",2023,1,"Political violence","Violence against civilians","Attack","Unidentified Ethnic Militia (Kenya)","Pastoralists (Kenya)",4,"Civilians (Kenya)",NA,7,47,"Civilian targeting",404,"Eastern Africa","Kenya","Samburu","Samburu Central","Maralal","Maralal",1.0968,36.698,3,"Citizen (Kenya)","National","On 31 December 2023, militia (described as bandits, coded as Unidentified Ethnic Militia) shot and killed one man, while two others sustained gunshot wounds in Kek Sapoki, Samburu West (coded to the county headquarters as Maralal, Samburu Central, Samburu) before making away with about 20 goats.",1,NA,1704766938,34
"7","KEN13293","31 December 2023",2023,1,"Political violence","Violence against civilians","Attack","Unidentified Ethnic Militia (Kenya)","Pastoralists (Kenya)",4,"Civilians (Kenya)",NA,7,47,"Civilian targeting",404,"Eastern Africa","Kenya","Samburu","Samburu North","Nachola","Marti",1.4771,36.7236,2,"Citizen (Kenya)","National","On 31 December 2023, militia (described as bandits, coded as Unidentified Ethnic Militia) shot and killed one man, while two others sustained gunshot wounds in Samburu North (coded to the nearest known location as Marti, Samburu North, Samburu) before making away with unknown number of goats.",1,NA,1704766938,35
"8","KEN13278","28 December 2023",2023,1,"Strategic developments","Strategic developments","Looting/property destruction","Unidentified Ethnic Militia (Kenya)","Pastoralists (Kenya)",4,"Civilians (Kenya)",NA,7,47,NA,404,"Eastern Africa","Kenya","Isiolo","Isiolo","Bula Pesa","Isiolo",0.3546,37.5822,1,"Star (Kenya)","National","Looting: On 28 December 2023, militia (described as bandits, coded as Unidentified Ethnic Militia) raided Isiolo (Isiolo, Isiolo) and made away with 500 Camels.",0,NA,1704766938,41
"9","KEN13279","28 December 2023",2023,1,"Political violence","Battles","Armed clash","Unidentified Ethnic Militia (Kenya)","Pastoralists (Kenya)",4,"Police Forces of Kenya (2022-) National Police Reservists",NA,1,14,NA,404,"Eastern Africa","Kenya","Isiolo","Isiolo","Bula Pesa","Isiolo",0.3546,37.5822,3,"National Police Service-Kenya","Other","On 28 December 2023, militia (described as suspected bandits, coded as Unidentified Ethnic Militia) attacked a national police reservist and a herder, who sustained gunshot wounds in Biliko and Mchanga Nyekundu areas of Isiolo County (coded to the county headquarters as Isiolo, Isiolo, Isiolo). The group raided and made away with 388 camels.",0,NA,1704766938,42
"10","KEN13281","28 December 2023",2023,1,"Political violence","Battles","Armed clash","Police Forces of Kenya (2022-)",NA,1,"Unidentified Ethnic Militia (Kenya)","Pastoralists (Kenya)",4,14,NA,404,"Eastern Africa","Kenya","Samburu","Samburu Central","Maralal","Maralal",1.0968,36.698,3,"Star (Kenya)","National","On 28 December 2023, police officers pursued and killed four militiamen (described as bandits, coded as unidentified ethnic militia) while others managed to escape in Samburu County (coded to the county headquarters as Maralal, Samburu Central, Samburu) before recovering the cows that had recently been stolen from Mutuati, Meru County (coded separately).",4,NA,1704766938,44
"11","KEN13261","25 December 2023",2023,1,"Political violence","Violence against civilians","Attack","Unidentified Ethnic Militia (Kenya)","Pastoralists (Kenya)",4,"Civilians (Kenya)","Civilians (Pakistan); Muslim Group (Kenya); Muslim Group (Pakistan)",7,47,"Civilian targeting",404,"Eastern Africa","Kenya","Isiolo","Garbatulla","Garbatulla","Garba Tula",0.5333,38.52,2,"Daily Nation (Kenya); Star (Kenya)","National","On 25 December 2023, militia (described as suspected bandits, coded as Unidentified Ethnic Militia) attacked a group of Islamic preachers comprising of eight Pakistanis and two Kenyans, between Lii and Kachuru near Garba Tula (Garbatulla, Isiolo) while traveling to an annual Islamic congregation. One Pakistan national was fatally wounded, while another sustained gunshot wounds, as the rest of the vehicle occupants escaped unhurt during the incident.",1,NA,1704766938,56
"12","KEN13262","25 December 2023",2023,1,"Strategic developments","Strategic developments","Looting/property destruction","Unidentified Ethnic Militia (Kenya)","Pastoralists (Kenya)",4,"Civilians (Kenya)",NA,7,47,NA,404,"Eastern Africa","Kenya","Meru","Igembe North","Amwathi","Mutuati",0.3826,37.9855,1,"Capital FM; Star (Kenya)","National","Looting: On 25 December 2023, militia (described as bandits, coded as Unidentified Ethnic Militia) raided and made away with between 30 to 100 cows from Mutuati (Igembe North, Meru).",0,NA,1704766938,57
"13","KEN13265","25 December 2023",2023,1,"Political violence","Battles","Armed clash","Unidentified Ethnic Militia (Kenya)","Pastoralists (Kenya)",4,"Police Forces of Kenya (2022-) General Service Unit","Police Forces of Kenya (2022-); Police Forces of Kenya (2022-) National Police Reservists",1,14,NA,404,"Eastern Africa","Kenya","Samburu","Samburu East","Waso","Archers Post",0.644,37.6752,2,"Capital FM; Star (Kenya)","National","On 25 December 2023, militia (described as bandits, coded as Unidentified Ethnic Militia) engaged in an armed clash with police from the general service unit, regular police and police reservists in Acher's area (coded as Archers Post, Samburu East, Samburu) as the police attempted to recover livestock that had been stolen from Mutuati (coded separately). One GSU officer was killed, several other officers injured; 38 cows recovered and one militia arrested during the incident.",1,NA,1704766938,60
"14","KEN13259","24 December 2023",2023,1,"Strategic developments","Strategic developments","Agreement","Borana Ethnic Militia (Kenya)","Pastoralists (Kenya)",4,"Auliyan Ethnic Militia (Kenya)","Pastoralists (Kenya)",4,44,NA,404,"Eastern Africa","Kenya","Garissa","Lagdera","Modogashe","Mado Gashi",0.7305,39.1724,1,"Citizen (Kenya); KTN News (Kenya)","National","On 24 December 2023, Borana and Auliyan community members met in Mado Gashi, also known as Modogashe (Lagdera, Garissa) and agreed to co-exist peacefully, following a recent conflict caused by pastoral militia. 13 camels and 74 goats that had been stolen across the two communities several years ago were exchanged during the session.",0,NA,1704766938,62
"15","KEN13258","23 December 2023",2023,1,"Political violence","Violence against civilians","Attack","Unidentified Ethnic Militia (Kenya)","Pastoralists (Kenya)",4,"Civilians (Kenya)","Taxi Drivers (Kenya)",7,47,"Civilian targeting",404,"Eastern Africa","Kenya","West Pokot","Pokot South","Chepareria","Ombolion",1.4188,35.2598,1,"KTN News (Kenya); NTV (Kenya)","New media-National","On 23 December 2023, militia (likely bandits due to activity in the area, coded as Unidentified Ethnic Militia) shot and killed a boda boda taxi operator in Ombolion (other sources mention Lonyangalem village) (Pokot South, West Pokot) over unclear reasons.",1,NA,1704766938,66
"16","KEN13254","22 December 2023",2023,2,"Strategic developments","Strategic developments","Looting/property destruction","Unidentified Ethnic Militia (Kenya)","Pastoralists (Kenya)",4,"Civilians (Kenya)","Labor Group (Kenya)",7,47,NA,404,"Eastern Africa","Kenya","Laikipia","Laikipia North","Sosian","Posta",0.6691,36.5415,1,"KTN News (Kenya)","National","Looting: Around 22 December 2023 (as reported), militia (described as bandits, coded as Unidentified Ethnic Militia) raided and made away with 58 heads of cattle from livestock traders at Posta market (Laikipia North, Laikipia). 52 heads of cattle were later recovered by security agencies (unspecified if there was a clash).",0,NA,1704766938,68
"17","KEN13255","22 December 2023",2023,1,"Political violence","Violence against civilians","Attack","Turkana Ethnic Militia (Kenya)","Pastoralists (Kenya)",4,"Civilians (Kenya)",NA,7,47,"Civilian targeting",404,"Eastern Africa","Kenya","West Pokot","Pokot Central","Lomut","Takaiywa",1.3755,35.6932,1,"Daily Nation (Kenya); KTN News (Kenya)","National","On 22 December 2023, militia (described as coming from Lorongon, Turkana, coded as Turkana) shot and killed one person in Takaiywa (Pokot Central, West Pokot) before driving away with unknown number of livestock.",1,NA,1704766938,69
"18","KEN13251","21 December 2023",2023,2,"Strategic developments","Strategic developments","Looting/property destruction","Unidentified Ethnic Militia (Kenya)","Pastoralists (Kenya)",4,"Civilians (Kenya)",NA,7,47,NA,404,"Eastern Africa","Kenya","Samburu","Samburu Central","Suguta Marmar","Longewan",0.858,36.5422,1,"Kenya Broadcasting Corporation; KTN News (Kenya)","National","Looting: Around 21 December 2023 (as reported), militia (described as bandits, coded as Unidentified Ethnic Militia) raided a family and made away with unspecified number of goats in Longewan (Samburu Central, Samburu). Police arrested three suspects and recovered the livestock on 21 December.",0,NA,1704766938,71
"19","KEN13249","20 December 2023",2023,2,"Political violence","Violence against civilians","Attack","Unidentified Ethnic Militia (Kenya)","Pastoralists (Kenya)",4,"Civilians (Kenya)","Pastoralists (Kenya)",7,47,"Civilian targeting",404,"Eastern Africa","Kenya","Turkana","Turkana Central","Kang'atotha","Turkwel",3.1048,36.0975,1,"Kenya Standard","National","Around 20 December 2023 (week of), militia (described as bandits, coded as Unidentified Ethnic Militia) shot and killed a herder in Turkwel (Turkana Central, Turkana). The motive of the killing remains unclear.",1,NA,1704766938,78
"20","KEN13238","19 December 2023",2023,1,"Strategic developments","Strategic developments","Looting/property destruction","Unidentified Ethnic Militia (Kenya)","Pastoralists (Kenya)",4,"Civilians (Kenya)",NA,7,47,NA,404,"Eastern Africa","Kenya","Meru","Igembe North","Antuambui","Ndumuru",0.4617,37.841,2,"NTV (Kenya)","New media","Looting: On 19 December 2023, militia (described as bandits, coded as Unidentified Ethnic Militia) raided and made away with unknown number of livestock from Meea, Igembe North (coded to the nearest known location as Ndumuru, Igembe North, Meru).",0,NA,1704766938,80
"21","KEN13239","19 December 2023",2023,1,"Political violence","Battles","Armed clash","Police Forces of Kenya (2022-) General Service Unit","Police Forces of Kenya (2022-) National Police Reservists",1,"Unidentified Ethnic Militia (Kenya)","Pastoralists (Kenya)",4,14,NA,404,"Eastern Africa","Kenya","Meru","Igembe South","Kanuni","Igembe",0.1901,37.9631,1,"NTV (Kenya)","New media","On 19 December 2023, police officers from the general service unit (GSU), and national police reservists intercepted and clashed with a militia (described as bandits, coded as Unidentified Ethnic Militia) at Igembe (Igembe South, Meru) while pursuing stolen livestock (coded separately). One GSU officer and a police reservist were killed while unknown number militia sustained gunshot wounds. 58 animals were recovered during the incident.",2,NA,1704766938,81
"22","KEN13230","17 December 2023",2023,1,"Political violence","Violence against civilians","Attack","Turkana Ethnic Militia (Kenya)","Pastoralists (Kenya)",4,"Civilians (Kenya)",NA,7,47,"Civilian targeting",404,"Eastern Africa","Kenya","West Pokot","Pokot South","Chepareria","Ombolion",1.4188,35.2598,1,"Daily Nation (Kenya); NTV (Kenya)","New media-National","On 17 December 2023, suspected Turkana militia shot and killed one person in Ombolion (Pokot South, West Pokot) before driving away with unknown number of livestock.",1,NA,1704766938,92
"23","KEN13203","11 December 2023",2023,2,"Political violence","Battles","Armed clash","Unidentified Ethnic Militia (Kenya)","Pastoralists (Kenya)",4,"Police Forces of Kenya (2022-)",NA,1,14,NA,404,"Eastern Africa","Kenya","Baringo","Baringo North","Saimo","Ngaratuko",0.7299,35.9763,1,"NTV (Kenya)","New media","Around 11 December 2023 (as reported), 11 militia (described as suspected bandits, coded as Unidentified Ethnic Militia) clashed with the police in Ngaratuko village (Baringo North, Baringo) while raiding 6 cows. Two suspects were fatally wounded and 9 others managed to escape with gunshot wounds. 4 cows were recovered during the incident.",2,NA,1704766938,116
"24","KEN13204","11 December 2023",2023,1,"Political violence","Battles","Armed clash","Marakwet Ethnic Militia (Kenya)","Pastoralists (Kenya)",4,"Police Forces of Kenya (2022-)",NA,1,14,NA,404,"Eastern Africa","Kenya","Elgeyo Marakwet","Marakwet East","Embobut","Maron",1.2234,35.5373,1,"Citizen (Kenya); Daily Nation (Kenya); NTV (Kenya); Star (Kenya)","New media-National","On 11 December 2023, militia (described as bandits, likely Marakwet due to the location of the event) stormed a police station, then shot and killed (other sources mention stoned to death) a police officer, before attempting to set his body a blaze in Maron (Marakwet East, Elgeyo Marakwet). The officer was part of a team that had rescued girls undergoing female genital mutilation (FGM) in Embobut forest. The militia made away with the officer's rifle and 40 rounds of ammunition.",1,NA,1704766938,117
"25","KEN13206","11 December 2023",2023,2,"Strategic developments","Strategic developments","Looting/property destruction","Unidentified Ethnic Militia (Kenya)","Pastoralists (Kenya)",4,"Civilians (Kenya)","Pastoralists (Kenya); Samburu Ethnic Group (Kenya)",7,47,NA,404,"Eastern Africa","Kenya","Samburu","Samburu Central","Lodokejek","Naiborkeju",0.9402,36.8191,2,"K24","National","Looting: Around 11 December 2023 (as reported), militia (coded as Unidentified Ethnic Militia due to region context) raided unspecified location within Samburu County and made away with 100 livestock (coded to the nearest known location as Naiborkeju, Samburu Central, Samburu).",0,NA,1704766938,119
"26","KEN13207","11 December 2023",2023,2,"Demonstrations","Protests","Peaceful protest","Protesters (Kenya)","Pastoralists (Kenya)",6,NA,NA,0,60,NA,404,"Eastern Africa","Kenya","Samburu","Samburu Central","Lodokejek","Naiborkeju",0.9402,36.8191,2,"K24","National","Around 11 December 2023 (as reported), leaders and residents entered a Rift Valley security meeting, likely at Naiborkeju (Samburu Central, Samburu) in a demonstration against the loss of 100 livestock, following a recent raid (coded separately). The group demanded the authorities to address the matter.",0,"crowd size=no report",1704766938,120
"27","KEN13200","10 December 2023",2023,1,"Strategic developments","Strategic developments","Looting/property destruction","Unidentified Ethnic Militia (Kenya)","Pastoralists (Kenya)",4,"Civilians (Kenya)",NA,7,47,NA,404,"Eastern Africa","Kenya","Baringo","Baringo North","Bartabwa","Kapturo",0.9584,35.8117,1,"Citizen (Kenya); Star (Kenya)","National","Looting: On 10 December 2023, militia (described as bandits, coded as Unidentified Ethnic Militia) raided Kapturo village (Baringo North, Baringo) and made way with unknown number of livestock.",0,NA,1704766938,121
"28","KEN13201","10 December 2023",2023,1,"Political violence","Battles","Armed clash","Police Forces of Kenya (2022-)",NA,1,"Unidentified Ethnic Militia (Kenya)","Pastoralists (Kenya)",4,14,NA,404,"Eastern Africa","Kenya","Baringo","Tiaty","Loiyamorok","Nginyang",0.9357,36.0181,1,"Citizen (Kenya); Star (Kenya)","National","On 10 December 2023, police officers intercepted and clashed with militia (described as bandits, coded as Unidentified Ethnic Militia) at Nginyang Bridge along Chemolingot Marigat road (Tiaty, Baringo) while pursuing stolen livestock from Kapturo village (coded separately). Two militiamen were killed, two others injured as others managed to escape with the livestock. None of the officers was injured. Two AK-47 rifles with 21 bullets were recovered during the incident.",2,NA,1704766938,122
"29","KEN13196","09 December 2023",2023,1,"Political violence","Riots","Mob violence","Rioters (Kenya)","Marakwet Ethnic Group (Kenya); Pastoralists (Kenya)",5,"Civilians (Kenya)","Catholic Christian Group (Kenya)",7,57,"Civilian targeting",404,"Eastern Africa","Kenya","Elgeyo Marakwet","Marakwet West","Sengwer","Kamoi",1.0868,35.2556,1,"Daily Nation (Kenya); NTV (Kenya); Star (Kenya)","New media-National","On 9 December 2023, a mob (likely members of the Marakwet, due to location of the event) attacked a Catholic priest in Kamoi (Marakwet West, Marakwet) after he attempted to intervene and stop a female genital mutilation (FGM) rite of passage for girls. It is unclear whether the priest sustained injuries.",0,"crowd size=no report",1704766938,124
"30","KEN13197","09 December 2023",2023,1,"Political violence","Battles","Armed clash","Samburu Ethnic Militia (Kenya)","Pastoralists (Kenya)",4,"Unidentified Communal Militia (Kenya)","Pastoralists (Kenya)",4,44,NA,404,"Eastern Africa","Kenya","Isiolo","Garbatulla","Garbatulla","Garba Tula",0.5333,38.52,2,"Citizen (Kenya); Star (Kenya)","National","On 9 December 2023, militia (described as cattle rustlers from Samburu County, coded as Samburu militia) raided Kob Dertu, Madoyaqa, and Garba Tula areas (Garbatulla, Isiolo) and made away with at least 1400 shoats before residents (coded as Unidentified Communal Militia) apprehended and killed three suspects while others managed to escape.",3,NA,1704766938,125
"31","KEN13167","05 December 2023",2023,1,"Demonstrations","Protests","Peaceful protest","Protesters (Kenya)","Pastoralists (Kenya); Haki Africa",6,NA,NA,0,60,NA,404,"Eastern Africa","Kenya","Lamu","Lamu West","Mkomami","Lamu",-2.2717,40.902,3,"Citizen (Kenya)","National","On 5 December 2023, pastoralist community members protested in Pangani area of Lamu county (coded to the county Head quarters as Lamu, Lamu West, Lamu) against increased cases of abduction and killing by security officers. Joined by Haki Africa representatives and a lawyer, the group demanded government to address the matter.",0,"crowd size=no report",1702339534,155
"32","KEN13148","05 December 2023",2023,1,"Political violence","Battles","Armed clash","Unidentified Ethnic Militia (Kenya)","Pastoralists (Kenya)",4,"Unidentified Ethnic Militia (Kenya)","Pastoralists (Kenya)",4,44,NA,404,"Eastern Africa","Kenya","Meru","Igembe Central","Kangeta","Njia",0.2667,37.9,2,"Star (Kenya)","National","On 5 December 2023, eight militia (described as bandits, coded as Unidentified Ethnic Militia) engaged in an armed clash with three armed herders (coded as unidentified ethnic militia) in Kangeta near Njia (Igembe Central, Meru). Two people were killed (1 herder and 1 militia), as the militia escaped with 79 heads of cattle towards Isiolo.",2,NA,1704766938,159
"33","KEN13149","03 December 2023",2023,1,"Political violence","Violence against civilians","Attack","Pokot Ethnic Militia (Kenya)","Pastoralists (Kenya)",4,"Civilians (Kenya)","Pastoralists (Kenya)",7,47,"Civilian targeting",404,"Eastern Africa","Kenya","Baringo","Baringo North","Saimo","Ngaratuko",0.7299,35.9763,1,"Daily Nation (Kenya); Kenya Broadcasting Corporation","National","On 3 December 2023, militia (described as bandits from Tiaty, likely Pokot) shot and injured a herder in Ngaratuko village (Baringo North, Baringo) before driving away with hundreds of livestock.",0,NA,1702339534,165
"34","KEN13127","01 December 2023",2023,1,"Demonstrations","Riots","Violent demonstration","Rioters (Kenya)","Pokot Ethnic Group (Kenya); Pastoralists (Kenya); UDA: United Democratic Alliance; Kenya Kwanza Alliance",5,NA,NA,0,50,NA,404,"Eastern Africa","Kenya","West Pokot","West Pokot","Mnagei","Makutano",1.2577,35.0927,1,"Citizen (Kenya); KTN News (Kenya)","National","On 1 December 2023, Pokot community members barricaded the Kapenguria-Lodwar highway with bonfires at Makutano (West Pokot, West Pokot) in demonstration against recent killings allegedly by security officers in Lochacha village (coded separately). Led by the deputy governor (UDA, Kenya Kwanza), the group demanded compensation from the government for the slain victims.",0,"crowd size=no report",1701732588,177
"35","KEN13126","30 November 2023",2023,1,"Political violence","Violence against civilians","Attack","Unidentified Ethnic Militia (Kenya)","Pastoralists (Kenya)",4,"Civilians (Kenya)",NA,7,47,"Civilian targeting",404,"Eastern Africa","Kenya","West Pokot","West Pokot","Kapenguria","Kapenguria",1.2333,35.1167,3,"Citizen (Kenya)","National","On 30 November 2023, unknown assailants (described as bandits, coded as Unidentified Ethnic Militia) attacked and killed a four-year-old boy in Chepter village (coded to the county headquarters as Kapenguria, West Pokot, West Pokot County). The motive of the killing remains unclear.",1,NA,1701732588,192
"36","KEN13100","29 November 2023",2023,1,"Political violence","Battles","Armed clash","Police Forces of Kenya (2022-)",NA,1,"Samburu Ethnic Militia (Kenya)","Pastoralists (Kenya)",4,14,NA,404,"Eastern Africa","Kenya","Isiolo","Merti","Cherab","Merti",1.0667,38.6667,2,"Citizen (Kenya); Daily Nation (Kenya); Kenya Broadcasting Corporation","National","On 29 November 2023, police officers pursued suspected Samburu militia, before engaging in an armed clash in Shimpire hills near Merti (Merti, Isiolo), after the militia raided and made away with 100 Camels from Awacho village (coded separately). The militia managed to escape, as the police recovered the animals. 3 camels were injured as result of the gunshots. There were no injuries.",0,NA,1701732587,197
"37","KEN13118","29 November 2023",2023,1,"Strategic developments","Strategic developments","Looting/property destruction","Military Forces of Uganda (1986-)",NA,8,"Civilians (Kenya)","Pastoralists (Kenya)",7,78,NA,404,"Eastern Africa","Kenya","West Pokot","Pokot North","Suam","Kacheliba",1.4833,35.0167,1,"Citizen (Kenya)","National","Looting: On 29 November 2023, suspected Ugandan military officers raided Kacheliba village (Pokot North, West Pokot) and made away with over 400 cows.",0,NA,1701732588,203
"38","KEN13190","29 November 2023",2023,2,"Strategic developments","Strategic developments","Looting/property destruction","Unidentified Ethnic Militia (Kenya)","Pastoralists (Kenya)",4,"Civilians (Kenya)","Labor Group (Kenya)",7,47,NA,404,"Eastern Africa","Kenya","Laikipia","Laikipia North","Sosian","Mouwarak",0.6133,36.6259,1,"Citizen (Kenya)","National","Looting: Around 29 November 2023 (week of), militia (described as cattle raiders, coded as Unidentified Ethnic Militia) stole 67 heads of cattle from traders enroute to Mouwarak Livestock Market (Laikipia North, Laikipia) before fleeing towards the border of Laikipia and Baringo Counties within Nyarti area.",0,NA,1704766938,209
"39","KEN13096","28 November 2023",2023,1,"Political violence","Battles","Armed clash","Turkana Ethnic Militia (Kenya)","Pastoralists (Kenya)",4,"Pokot Ethnic Militia (Kenya)","Pastoralists (Kenya)",4,44,NA,404,"Eastern Africa","Kenya","West Pokot","Pokot Central","Sekerr","Sarmach",1.7667,35.4667,2,"Citizen (Kenya); Daily Nation (Kenya); Kenya Broadcasting Corporation; KTN News (Kenya); Star (Kenya)","National","On 28 November 2023, suspected Turkana militia raided and made away with unknown number of goats at Lochacha village near Sarmach along the West Pokot-Turkana County border (coded as Sarmach, Pokot Central, West Pokot) before being repulsed by Pokot militiamen. Three suspects were killed and three Pokots injured during the clash.",3,NA,1701732587,212
"40","KEN13097","28 November 2023",2023,1,"Political violence","Battles","Armed clash","Military Forces of Kenya (2022-)","Pokot Ethnic Militia (Kenya); Pastoralists (Kenya)",1,"Turkana Ethnic Militia (Kenya)","Pastoralists (Kenya)",4,14,NA,404,"Eastern Africa","Kenya","West Pokot","Pokot Central","Sekerr","Sarmach",1.7667,35.4667,2,"Citizen (Kenya); Daily Nation (Kenya); Star (Kenya)","National","On 28 November 2023, military officers engaged in an armed clash with suspected Turkana militia in Lochacha village near Sarmach (Pokot Central, West Pokot) after the militia raided the village (coded separately). Local Pokot community members were caught up in the fire exchange, where two people were killed, and another succumbed to injuries, while at least 16 sustained injuries after security officers dropped a grenade using a drone (according to Nasolot Sub-location Chief, two people were killed while 57 others were sustained injuries).",2,NA,1701732587,213
"41","KEN13104","28 November 2023",2023,1,"Political violence","Violence against civilians","Attack","Samburu Ethnic Militia (Kenya)","Pastoralists (Kenya)",4,"Civilians (Kenya)","Pastoralists (Kenya)",7,47,"Civilian targeting",404,"Eastern Africa","Kenya","Isiolo","Merti","Cherab","Merti",1.0667,38.6667,2,"Citizen (Kenya); Daily Nation (Kenya); Kenya Broadcasting Corporation","National","On 28 November 2023, suspected Samburu militia attacked and killed two people, while another injured in Awacho village near Merti (Merti, Isiolo). The militia made away with 100 camels.",2,NA,1701732587,216
"42","KEN13106","28 November 2023",2023,1,"Political violence","Violence against civilians","Attack","Pokot Ethnic Militia (Kenya)","Pastoralists (Kenya)",4,"Civilians (Kenya)","Pastoralists (Kenya)",7,47,"Civilian targeting",404,"Eastern Africa","Kenya","Elgeyo Marakwet","Marakwet East","Endo","Tot",1.2,35.65,1,"Citizen (Kenya); Star (Kenya)","National","On 28 November 2023, suspected Pokot militia shot and injured a herder at Cheptingas grazing field in Tot (Marakwet East, Elgeyo Marakwet) over unclear reasons. The victim later succumbed to the injuries and no livestock was stolen during the incident.",1,NA,1701732587,217
"43","KEN13061","22 November 2023",2023,2,"Strategic developments","Strategic developments","Agreement","Pokot Ethnic Militia (Kenya)","Pastoralists (Kenya)",4,"Samburu Ethnic Militia (Kenya)","Pastoralists (Kenya)",4,44,NA,404,"Eastern Africa","Kenya","Laikipia","Laikipia North","Segera","Doldol",0.1817,37.0092,2,"K24","National","Around 22 November 2023 (as reported), Pokot and Samburu community members living in Laikipia met in Moubarak near Doldol (Laikipia North, Laikipia) and agreed to co-exist peacefully, following a recent conflict caused by pastoral militia.",0,NA,1701129700,241
"44","KEN13057","21 November 2023",2023,2,"Political violence","Battles","Armed clash","Police Forces of Kenya (2022-)",NA,1,"Unidentified Ethnic Militia (Kenya)","Pastoralists (Kenya)",4,14,NA,404,"Eastern Africa","Kenya","Marsabit","Laisamis","Laisamis","Laisamis",1.6,37.8,2,"Kenya Broadcasting Corporation","National","Around 21 November 2023 (as reported), police officers clashed with unidentified militia (described as bandits, coded as Unidentified Ethnic Militia) at hill Mpangas near Laisamis (Laisamis, Marsabit). The officers recovered 19 cattle and two rifles that were recently stolen at Malgis along the Marsabit-Isiolo highway (coded separately). There were no casualties or injuries.",0,NA,1701129700,251
"45","KEN13139","20 November 2023",2023,2,"Strategic developments","Strategic developments","Non-violent transfer of territory","Toposa Ethnic Militia (South Sudan)",NA,4,NA,NA,0,40,NA,404,"Eastern Africa","Kenya","Turkana","Turkana West","Lokichoggio","Lokichoggio",4.2,34.35,2,"Capital FM; Star (Kenya)","National","Around 20 November 2023 (as reported), suspected Toposa pastoralists encroached on a Turkana community territory in Lokichoggio Sub County (Turkana West, Turkana), creating tension with the local Turkana community, following historical border dispute.",0,NA,1701732588,257
"46","KEN13052","19 November 2023",2023,2,"Political violence","Battles","Armed clash","Unidentified Ethnic Militia (Kenya)","Pastoralists (Kenya)",4,"Police Forces of Kenya (2022-)",NA,1,14,NA,404,"Eastern Africa","Kenya","Baringo","Marigat","Mukutani","Rugus",0.65,36.1167,2,"Citizen (Kenya); K24; Kenya Broadcasting Corporation; Star (Kenya)","National","Around 19 November 2023 (as reported), unknown assailants (described as bandits, coded as Unidentified Ethnic Militia) attacked and laid siege on Ngasatok (other sources mention Nosukuro) in Rugus location (Marigat, Baringo) over unclear reasons. The attackers were later repulsed by a multi-agency security team (likely police officers). At least two herders were killed (other source mention three, two from Ilchamus and one from Pokot communities) while one herder managed to escape unhurt during the incident.",2,NA,1701129700,258
"47","KEN13047","18 November 2023",2023,1,"Political violence","Violence against civilians","Attack","Unidentified Ethnic Militia (Kenya)","Pastoralists (Kenya)",4,"Civilians (Kenya)","Pastoralists (Kenya)",7,47,"Civilian targeting",404,"Eastern Africa","Kenya","Isiolo","Merti","Cherab","Merti",1.0667,38.6667,2,"Star (Kenya)","National","On 18 November 2023, unknown assailants (described as bandits, coded as Unidentified Ethnic Militia) attacked and killed a man and his wife in Kachuru on the Isiolo-Merti road (coded as Merti, Merti, Isiolo) before making away with up to 600 livestock.",2,NA,1701129700,262
"48","KEN13044","17 November 2023",2023,2,"Strategic developments","Strategic developments","Other","Police Forces of Kenya (2022-)",NA,1,"Turkana Ethnic Militia (Kenya)","Pastoralists (Kenya)",4,14,NA,404,"Eastern Africa","Kenya","Isiolo","Garbatulla","Kinna","Kubi Turkana",0.5667,38.2,2,"Kenya Broadcasting Corporation; NTV (Kenya)","New media-National","Non-violent activity: Around 17 November 2023 (as reported), police officers conducted an operation among the Turkana community living in Isiolo county (coded to one of the known locations as Kubi Turkana, Garbatulla, Isiolo). The officers recovered at least 140 herds of cattle that had been previously stolen in Igembe North and Igembe Central sub-counties (no mention of interaction).",0,NA,1701129700,269
"49","KEN13045","17 November 2023",2023,1,"Political violence","Battles","Armed clash","Samburu Ethnic Militia (Kenya)","Pastoralists (Kenya)",4,"Police Forces of Kenya (2022-) National Police Reservists",NA,1,14,NA,404,"Eastern Africa","Kenya","Meru","Igembe North","Antuambui","Ndumuru",0.4617,37.841,1,"Kenya Broadcasting Corporation; KTN News (Kenya)","National","On 17 November 2023, suspected Samburu engaged in an armed clash with National police reservists in Ndumuru village (Igembe North, Meru). Two suspects were shot dead as the militia made away with 300 herds of cattle. A herder who had sustained injuries during the incident later succumbed to the injuries.",3,NA,1701129700,270
"50","KEN13006","15 November 2023",2023,1,"Strategic developments","Strategic developments","Agreement","Turkana Ethnic Militia (Kenya)","Pastoralists (Kenya)",4,"Pokot Ethnic Militia (Kenya)","Pastoralists (Kenya)",4,44,NA,404,"Eastern Africa","Kenya","Baringo","Tiaty","Tirioko","Kapedo",1.1692,36.0955,1,"Citizen (Kenya); NTV (Kenya)","New media-National","On 15 November 2023, Turkana and Pokot community representatives launched in Kapedo (Tiaty, Baringo) peace campaigns, following recent conflicts orchestrated by pastoral militia.",0,NA,1700524100,279
"51","KEN13008","15 November 2023",2023,1,"Political violence","Battles","Armed clash","Unidentified Ethnic Militia (Kenya)","Pastoralists (Kenya)",4,"Police Forces of Kenya (2022-) National Police Reservists",NA,1,14,NA,404,"Eastern Africa","Kenya","Baringo","Baringo North","Saimo","Ngaratuko",0.7299,35.9763,1,"Kenya Broadcasting Corporation","National","On 15 November 2023, unidentified militia (described as suspected bandits, coded as Unidentified Ethnic Militia) engaged in an armed clash with Police Reservists in Ngaratuko (Baringo North, Baringo). One police reservist sustained gunshot wounds during the incident.",0,NA,1700524101,280
"52","KEN13009","15 November 2023",2023,1,"Strategic developments","Strategic developments","Arrests","Police Forces of Kenya (2022-)",NA,1,"Unidentified Ethnic Militia (Kenya)","Pastoralists (Kenya)",4,14,NA,404,"Eastern Africa","Kenya","Baringo","Tiaty","Tirioko","Kapedo",1.1692,36.0955,2,"K24; Kenya Broadcasting Corporation; Kenyans.co; Star (Kenya)","National","On 15 November 2023, police from the Directorate of Criminal Investigations (DCI) arrested a suspect linked to pastoral militia attacks in Adoket village near Kapedo (Tiaty, Baringo). Police recovered two AK47 rifles with 10 and 5 rounds of ammunition. The man is alleged to be the mastermind of attacks and his arrest presumably have implications on the conflict landscape, as it is expected to reduce.",0,NA,1700524101,281
"53","KEN13043","15 November 2023",2023,2,"Political violence","Battles","Armed clash","Samburu Ethnic Militia (Kenya)","Pastoralists (Kenya)",4,"Police Forces of Kenya (2022-) National Police Reservists",NA,1,14,NA,404,"Eastern Africa","Kenya","Laikipia","Laikipia North","Segera","Doldol",0.1817,37.0092,2,"K24","National","Around 15 November 2023 (week of), suspected Samburu attacked and made away with a herd of cattle in unknown location in Laikipia North (coded as Doldol, Laikipia North, Laikipia). National police reservists with the help of Nyumba Kumi officials intercepted the militia and recovered all the animals. No fatalities or injuries.",0,NA,1701129700,286
"54","KEN13011","13 November 2023",2023,1,"Political violence","Violence against civilians","Attack","Turkana Ethnic Militia (Kenya)","Pastoralists (Kenya)",4,"Civilians (Kenya)",NA,7,47,"Civilian targeting",404,"Eastern Africa","Kenya","West Pokot","Pokot North","Kiwawa","Kamunono",2.0774,35.1904,2,"Kenya Broadcasting Corporation; Kenya Standard","National","On 13 November 2023, suspected Turkana militia shot dead three people (sources mention that the victims were a couple and their farm worker) while riding on a motorcycle from Kasei to Romos in Kaplon, Kamunono Sub location, Pokot North (coded as Kamunono, Pokot North, West Pokot). The motive of the attack remains unclear.",3,NA,1700524101,292
"55","KEN13003","10 November 2023",2023,1,"Political violence","Violence against civilians","Attack","Turkana Ethnic Militia (Kenya)","Pastoralists (Kenya)",4,"Civilians (Kenya)",NA,7,47,"Civilian targeting",404,"Eastern Africa","Kenya","Samburu","Samburu North","El Barta","Bendera",1.7807,36.8098,1,"GardaWorld; Kenya Standard; KTN News (Kenya); NTV (Kenya)","Other-New media","On 10 November 2023, about 30 suspected Turkana militia shot and killed a man bathing in a river, before proceeding to shoot and kill six other people who were fleeing in Bendera village (Samburu North, Samburu) over unclear reasons. Two other people were injured.",7,NA,1701129700,310
"56","KEN12996","09 November 2023",2023,1,"Political violence","Battles","Armed clash","Unidentified Ethnic Militia (Kenya)","Pastoralists (Kenya)",4,"Police Forces of Kenya (2022-)",NA,1,14,NA,404,"Eastern Africa","Kenya","Marsabit","Laisamis","Logologo","Logo-logo",1.9923,37.8903,2,"Kenya Broadcasting Corporation; Kenyans.co; Star (Kenya)","National","On 9 November 2023, unknown number of gunmen (described as bandits and coded unidentified ethnic militia) engaged in an armed clash with police officers along the Marsabit -Isiolo highway in the Milgis area (other sources mention Malgis) (coded to the nearest known location as Logo-logo, Laisamis, Marsabit), while escorting a truck ferrying livestock to Nairobi (other sources mention Merile). One officer was fatally wounded while another officer and two civilians sustained gunshot wounds as the gunmen made away with 25 heads of cattle and two riffles.",1,NA,1699919405,315
"57","KEN13186","03 November 2023",2023,1,"Political violence","Battles","Armed clash","Unidentified Ethnic Militia (Kenya)","Pastoralists (Kenya)",4,"Military Forces of Kenya (2022-)",NA,1,14,NA,404,"Eastern Africa","Kenya","Baringo","Marigat","Marigat","Marigat",0.4667,35.9833,1,"Star (Kenya)","National","On 3 November 2023, two gunmen (coded as unidentified ethnic militia considering 'bandit' action in the region) engaged military officers in an armed clash at Embossos road junction within Marigat (Marigat, Baringo). One gunman sustained gunshot wounds and was arrested as his accomplice managed to escape. The officers recovered an AK47 rifle, 21 bullets.",0,NA,1704766938,345
"58","KEN12915","01 November 2023",2023,1,"Strategic developments","Strategic developments","Looting/property destruction","Unidentified Ethnic Militia (Kenya)","Pastoralists (Kenya)",4,"Civilians (Kenya)","Pastoralists (Kenya)",7,47,NA,404,"Eastern Africa","Kenya","Baringo","Baringo North","Saimo","Ngaratuko",0.7299,35.9763,1,"Citizen (Kenya)","National","Looting: On 1 November 2023, unidentified militia (described as bandits) raided pastoral homesteads in Ngaratuko village (Baringo North, Baringo) and made away with unknown number of livestock.",0,NA,1699385307,363
"59","KEN12966","01 November 2023",2023,2,"Political violence","Violence against civilians","Attack","Unidentified Ethnic Militia (Kenya)","Pastoralists (Kenya)",4,"Civilians (Kenya)","Pastoralists (Kenya)",7,47,"Civilian targeting",404,"Eastern Africa","Kenya","Baringo","Marigat","Marigat","Maoi",0.3933,35.9453,1,"Star (Kenya)","National","Around 1 November 2023 (as reported), unknown assailants (presumed bandits and coded unidentified ethnic militia), attacked and killed a herder in Maoi (Marigat, Baringo) over unclear reasons.",1,NA,1699919404,368
"60","KEN12967","01 November 2023",2023,1,"Political violence","Violence against civilians","Attack","Unidentified Ethnic Militia (Kenya)","Pastoralists (Kenya)",4,"Civilians (Kenya)","Labor Group (Kenya)",7,47,"Civilian targeting",404,"Eastern Africa","Kenya","Baringo","Tiaty","Tirioko","Kapedo",1.1692,36.0955,2,"Star (Kenya)","National","On 1 November 2023, unknown people (presumed bandits and coded unidentified ethnic militia) shot at and damaged a private helicopter between Lokori and Kapedo (coded as Kapedo, Tiaty, Baringo). The helicopter had been hired by the Kenya National Examination Council to distribute national examination papers. No injuries sustained.",0,NA,1699919404,369
"61","KEN12917","31 October 2023",2023,1,"Political violence","Battles","Armed clash","Unidentified Ethnic Militia (Kenya)","Pastoralists (Kenya)",4,"Police Forces of Kenya (2022-) National Police Reservists",NA,1,14,NA,404,"Eastern Africa","Kenya","Baringo","Baringo North","Saimo","Ngaratuko",0.7299,35.9763,1,"Citizen (Kenya); Daily Nation (Kenya); Kenya Broadcasting Corporation; Kenyans.co; NTV (Kenya); TUKO","New media-National","On 31 October 2023, unidentified militia (described as bandits) shot and injured a herder before making away with an unknown number of livestock near Ngaratuko primary (other sources mention Sachang'wan) in Ngaratuko (Baringo North, Baringo). The attackers were repulsed by the police reservists. The victim later succumbed to the injuries.",1,NA,1699385307,375
"62","KEN12916","29 October 2023",2023,1,"Political violence","Violence against civilians","Attack","Pokot Ethnic Militia (Kenya)","Pastoralists (Kenya)",4,"Civilians (Kenya)",NA,7,47,"Civilian targeting",404,"Eastern Africa","Kenya","Samburu","Samburu Central","Maralal","Maralal",1.0968,36.698,3,"KTN News (Kenya)","National","On 29 October 2023, suspected Pokot militia shot dead one person, before making away with over 500 livestock in Merti, Samburu County (coded to the county headquarters as Maralal, Samburu Central, Samburu).",1,NA,1699385307,387
"63","KEN12918","29 October 2023",2023,2,"Political violence","Violence against civilians","Attack","Unidentified Ethnic Militia (Kenya)","Pastoralists (Kenya)",4,"Civilians (Kenya)","Pastoralists (Kenya)",7,47,"Civilian targeting",404,"Eastern Africa","Kenya","Meru","Igembe North","Antuambui","Ndumuru",0.4617,37.841,2,"Kenya Broadcasting Corporation","National","Around 29 October 2023 (as reported), unknown people (described as cattle rustlers, coded as unidentified ethnic militia) shot and injured two herders at Mea near Ndumuru (Igembe North, Meru) over unclear reasons.",0,NA,1699385307,388
"64","KEN12794","26 October 2023",2023,1,"Political violence","Battles","Armed clash","Pokot Ethnic Militia (Kenya)","Pastoralists (Kenya)",4,"Police Forces of Kenya (2022-) General Service Unit",NA,1,14,NA,404,"Eastern Africa","Kenya","Baringo","Baringo South","Mukutani","Kiserian",-1.4253,36.6936,1,"Citizen (Kenya)","National","On 26 October 2023, over 20 suspected Pokot militia attacked herders and attempted to steal their 60 livestock at Nenteiyo hills grazing field in Kiserian (Baringo South, Baringo). Police from the general service unit (GSU) repulsed the militia and recovered the livestock. Casualties unknown.",0,NA,1698681343,409
"65","KEN12787","25 October 2023",2023,1,"Strategic developments","Strategic developments","Agreement","Pokot Ethnic Militia (Kenya)","Pastoralists (Kenya)",4,"Marakwet Ethnic Militia (Kenya)","Pastoralists (Kenya)",4,44,NA,404,"Eastern Africa","Kenya","West Pokot","Pokot Central","Lomut","Chesogon",1.3048,35.6245,2,"Citizen (Kenya)","National","On 25 October 2023, Pokot and Marakwet community members met in an unspecified location and agreed to co-exist peacefully, following a recent conflict caused by pastoral militia (location coded to one of the affected areas as Chesogon, Pokot Central, West Pokot).",0,NA,1698681343,418
"66","KEN12791","25 October 2023",2023,1,"Political violence","Battles","Armed clash","Pokot Ethnic Militia (Kenya)","Pastoralists (Kenya)",4,"Police Forces of Kenya (2022-) General Service Unit",NA,1,14,NA,404,"Eastern Africa","Kenya","Baringo","Marigat","Mukutani","Kapindasum",0.4811,36.1793,1,"Citizen (Kenya); NTV (Kenya)","New media-National","On 25 October 2023, suspected Pokot militia opened fire on Kapindasum primary school students (Marigat, Baringo) while fetching water at a nearby stream (other sources mention that the students were fetching firewood). The students had to seek shelter at the general service police unit (GSU) camp as the security officers responded and repulsed the militia. Casualties unknown.",0,NA,1698681343,419
"67","KEN12796","25 October 2023",2023,1,"Political violence","Violence against civilians","Attack","Pokot Ethnic Militia (Kenya)","Pastoralists (Kenya)",4,"Civilians (Kenya)",NA,7,47,"Civilian targeting",404,"Eastern Africa","Kenya","Samburu","Samburu Central","Loosuk","Pura",1.13,36.5278,2,"Citizen (Kenya); Daily Nation (Kenya); Kenya Broadcasting Corporation; KTN News (Kenya)","National","On 25 October 2023, suspected Pokot ethnic militia attacked Pura (other sources mention Loosuk, Nolkera and Lolomolog villages) (Samburu Central, Samburu). Three people were killed and six (other sources mention seven) others sustained gunshot wounds. The militia made away with more than 150 livestock (other sources mention 300 livestock).",3,NA,1698681343,420
"68","KEN12800","25 October 2023",2023,1,"Political violence","Violence against civilians","Attack","Turkana Ethnic Militia (Kenya)","Pastoralists (Kenya)",4,"Civilians (Kenya)","Labor Group (Kenya)",7,47,"Civilian targeting",404,"Eastern Africa","Kenya","West Pokot","Pokot North","Alale","Turkwel River",2.3,35.2333,2,"Daily Nation (Kenya)","National","On 25 October 2023, suspected Turkana ethnic militia shot at a truck ferrying water to the Romo gold mines at Chepiririch along the Turkwel river belt (coded as Turkwel River, Pokot North, West Pokot). The driver and one of six other occupants were fatally wounded, while three passengers sustained gunshot wounds.",2,NA,1698681343,422
"69","KEN12790","24 October 2023",2023,1,"Political violence","Battles","Armed clash","Pokot Ethnic Militia (Kenya)","Pastoralists (Kenya)",4,"Police Forces of Kenya (2022-) General Service Unit","Police Forces of Kenya (2013-2022) Rapid Deployment Unit",1,14,NA,404,"Eastern Africa","Kenya","Baringo","Marigat","Mukutani","Kapindasum",0.4811,36.1793,1,"Capital FM; Citizen (Kenya); Daily Nation (Kenya); Kenya Broadcasting Corporation; Kenyans.co; NTV (Kenya); Star (Kenya); TUKO","New media-National","On 24 October 2023, over 100 suspected Pokot militia engaged in an armed clash with police officers from the General Service Unit (GSU) on patrol before advancing to Kapindasum Primary School and the neighboring GSU camp in Kapindasum (Marigat, Baringo). The officers repulsed the militia after receiving reinforcements from the Rapid Deployment Unit (RDU) and other GSU officers from neighboring camps and local reservists. Some of the students' belongings were destroyed, and there were no casualties. The national police service denied knowledge of the incident.",0,NA,1699319482,440
"70","KEN12788","21 October 2023",2023,1,"Political violence","Battles","Armed clash","Pokot Ethnic Militia (Kenya)","Pastoralists (Kenya)",4,"Police Forces of Kenya (2022-) National Police Reservists",NA,1,14,NA,404,"Eastern Africa","Kenya","Baringo","Baringo South","Mukutani","Kiserian",-1.4253,36.6936,1,"Daily Nation (Kenya); Kenya Broadcasting Corporation; NTV (Kenya)","New media-National","On 21 October 2023, suspected Pokot ethnic militia engaged in an armed clash with National Police Reservists (NPRs) guarding construction machines (other sources mention that the NPRs were on their way to change shifts for their colleagues who were guarding the construction machines) along the Kiserian-Mukutani security road in Kiserian (Baringo South, Baringo). One NPR was killed and another injured during the incident. The construction company suspended the work and an unknown number of residents were displaced.",1,NA,1698681343,449
"71","KEN12799","18 October 2023",2023,2,"Political violence","Violence against civilians","Attack","Turkana Ethnic Militia (Kenya)","Pastoralists (Kenya)",4,"Civilians (Kenya)",NA,7,47,"Civilian targeting",404,"Eastern Africa","Kenya","Turkana","Turkana Central","Kang'atotha","Turkwel",3.1048,36.0975,2,"Citizen (Kenya)","National","Around 18 October 2023 (week of), three suspected Turkana ethnic militia shot and injured four people riding on a motorbike in the Turkwel area along the West Pokot-Turkana County border (coded as Turkwel, Turkana Central, Turkana). Motivation unknown/not reported.",0,NA,1698681343,464
"72","KEN12743","12 October 2023",2023,2,"Demonstrations","Protests","Peaceful protest","Protesters (Kenya)","Pastoralists (Kenya)",6,NA,NA,0,60,NA,404,"Eastern Africa","Kenya","Kajiado","Kajiado West","Ewuaso Oonkidong'i","Suswa",-1.1167,36.35,1,"Citizen (Kenya)","National","Around 12 October 2023 (as reported), sheep herders living at the border of Narok, Nakuru and Kajiado counties gathered at Suswa police station (Kajiado West, Kajiado) against increased insecurity following the recent incident where 110 sheep were stolen (coded separately). The group demanded security officers from the anti-stock theft unit to address the matter.",0,"crowd size=no report",1697481519,497
"73","KEN12759","12 October 2023",2023,1,"Strategic developments","Strategic developments","Arrests","Police Forces of Kenya (2022-)",NA,1,"Civilians (Kenya)","Pastoralists (Kenya)",7,17,NA,404,"Eastern Africa","Kenya","Elgeyo Marakwet","Marakwet East","Endo","Kaben",1.2899,35.6266,1,"Kenya Standard","National","On 12 October 2023, police officers with the help of National Police Reservists (NPRs) arrested a suspected Marakwet ethnic pastoral militia leader in Kaben (Marakwet East, Elgeyo Marakwet). The man is alleged to be the mastermind of attacks perpetrated by the militia.",0,NA,1698071505,499
"74","KEN12752","12 October 2023",2023,1,"Political violence","Battles","Armed clash","Marakwet Ethnic Militia (Kenya)","Pastoralists (Kenya)",4,"Police Forces of Kenya (2022-)",NA,1,14,NA,404,"Eastern Africa","Kenya","Elgeyo Marakwet","Marakwet East","Endo","Liter",1.2806,35.617,1,"K24; Kenya Standard; People Daily","National","On 12 October 2023, suspected Marakwet ethnic pastoral militia stormed a police station, before engaging police officers in shoot out in Liter (Marakwet East, Elgeyo Marakwet) in an attempt to rescue their leader who had been arrested earlier that day (coded separately). The militia torched a police vehicle during the incident. No injuries reported.",0,NA,1699385307,500
"75","KEN12738","11 October 2023",2023,1,"Strategic developments","Strategic developments","Looting/property destruction","Unidentified Armed Group (Kenya)",NA,3,"Civilians (Kenya)","Pastoralists (Kenya)",7,37,NA,404,"Eastern Africa","Kenya","Machakos","Matungulu","Matungulu North","Matungulu",-1.1708,37.2426,2,"Star (Kenya)","National","Looting: On 11 October 2023, unidentified armed group raided a homestead and made away with eight cattle in Mutali village near Matungulu (Matungulu, Machakos). Police officers together with area community policing members tracked and recovered one of the animals (no mention of interaction).",0,NA,1697481519,506
"76","KEN12731","11 October 2023",2023,1,"Political violence","Violence against civilians","Attack","Unidentified Ethnic Militia (Kenya)","Pastoralists (Kenya)",4,"Civilians (Kenya)","Pastoralists (Kenya)",7,47,"Civilian targeting",404,"Eastern Africa","Kenya","Baringo","Tiaty","Loiyamorok","Loruk",0.7109,36.0273,2,"Citizen (Kenya); Daily Nation (Kenya); Kenya Broadcasting Corporation","National","On 11 October 2023, unidentified ethnic militia (described as bandits) abducted a herder before killing him in Loruk (Tiaty, Baringo) (other sources mention that the herder was killed on the spot in Cherelyo village in Loruk).",1,NA,1699385307,509
"77","KEN12735","11 October 2023",2023,2,"Strategic developments","Strategic developments","Looting/property destruction","Unidentified Armed Group (Kenya)",NA,3,"Civilians (Kenya)","Pastoralists (Kenya)",7,37,NA,404,"Eastern Africa","Kenya","Kiambu","Lari","Lari","Lari",-1.0167,36.6333,1,"Citizen (Kenya); Kenya Broadcasting Corporation","National","Looting: Around 11 October 2023 (as reported), unidentified armed group raided a homestead and made away with unknown number of livestock within Lari area (Lari, Kiambu). The animals were later recovered in Ndeiya by the residents.",0,NA,1699385309,513
"78","KEN12719","09 October 2023",2023,1,"Strategic developments","Strategic developments","Looting/property destruction","Unidentified Ethnic Militia (Kenya)",NA,4,"Civilians (Kenya)","Pastoralists (Kenya)",7,47,NA,404,"Eastern Africa","Kenya","Kajiado","Kajiado West","Ewuaso Oonkidong'i","Suswa",-1.1167,36.35,1,"Citizen (Kenya)","National","Looting: On 9 October 2023, unidentified ethnic militia (presumed bandits) raided pastoral homesteads at the border of Narok, Nakuru and Kajiado counties at Suswa (Kajiado West, Kajiado) and made away with 110 sheep.",0,NA,1697481518,521
"79","KEN12705","05 October 2023",2023,1,"Political violence","Violence against civilians","Attack","Meru Ethnic Militia (Kenya)",NA,4,"Civilians (Kenya)","Somali Ethnic Group (Kenya); Pastoralists (Kenya)",7,47,"Civilian targeting",404,"Eastern Africa","Kenya","Meru","Igembe North","Antuambui","Ndumuru",0.4617,37.841,1,"Kenya Broadcasting Corporation; KTN News (Kenya); NTV (Kenya)","New media-National","On 5 October 2023, suspected Meru Ethnic Militia abducted and killed a Somali herder in Ndumuru (Igembe North, Meru). The militia made away with 250 goats. Police and national police reservists later recovered 114 of the goats (no mention of interaction).",1,NA,1697481518,547
"80","KEN12655","04 October 2023",2023,2,"Political violence","Battles","Armed clash","Unidentified Ethnic Militia (Kenya)","Pastoralists (Kenya)",4,"Police Forces of Kenya (2022-) National Police Reservists",NA,1,14,NA,404,"Eastern Africa","Kenya","Turkana","Turkana Central","Kang'atotha","Turkwel",3.1048,36.0975,1,"Daily Nation (Kenya)","National","Around 4 October 2023 (as reported), unidentified ethnic militia (described as bandits) engaged in an armed clash with guards (coded police officers) manning the KenGen plant in Turkwel (Turkana Central, Turkana). A guard sustained injuries during the incident.",0,NA,1696883592,551
"81","KEN12703","04 October 2023",2023,2,"Political violence","Riots","Mob violence","Rioters (Kenya)","Pokot Ethnic Group (Kenya); Pastoralists (Kenya); Students (Kenya)",5,"Rioters (Kenya)","Turkana Ethnic Group (Kenya); Students (Kenya)",5,55,NA,404,"Eastern Africa","Kenya","Turkana","Turkana Central","Kang'atotha","Turkwel",3.1048,36.0975,1,"Daily Nation (Kenya)","National","Around 4 October 2023 (week of), students from the Pokot and Turkana communities clashed with each other at the Turkwel Gorge secondary school (Turkana Central, Turkana) over unclear reasons. The school was closed indefinitely and no details on the injuries.",0,"crowd size=no report",1697481518,555
"82","KEN12656","03 October 2023",2023,2,"Political violence","Battles","Armed clash","Unidentified Ethnic Militia (Kenya)","Pastoralists (Kenya)",4,"Police Forces of Kenya (2022-) National Police Reservists",NA,1,14,NA,404,"Eastern Africa","Kenya","Samburu","Samburu East","Wamba East","Wamba",0.9802,37.3235,1,"Citizen (Kenya); Kenya Broadcasting Corporation; Kenyans.co","National","Around 3 October 2023 (as reported), unidentified ethnic militia (described as bandits), attacked, beat up and injured a police reservist, before making away with his gun in Wamba town (Samburu East, Samburu).",0,NA,1696883592,565
"83","KEN12662","03 October 2023",2023,2,"Political violence","Violence against civilians","Attack","Unidentified Ethnic Militia (Kenya)","Pastoralists (Kenya)",4,"Civilians (Kenya)",NA,7,47,"Civilian targeting",404,"Eastern Africa","Kenya","Samburu","Samburu East","Wamba East","Wamba",0.9802,37.3235,1,"Kenyans.co","National","Around 3 October 2023 (as reported), unidentified ethnic militia (described as bandits), shot and injured a man in Wamba town (Samburu East, Samburu) over unclear reasons.",0,NA,1696883592,566
"84","KEN12661","02 October 2023",2023,1,"Political violence","Violence against civilians","Attack","Unidentified Ethnic Militia (Kenya)","Pastoralists (Kenya)",4,"Civilians (Kenya)","Students (Kenya); Teachers (Kenya)",7,47,"Civilian targeting",404,"Eastern Africa","Kenya","Baringo","Marigat","Mukutani","Kapindasum",0.4811,36.1793,1,"Daily Nation (Kenya)","National","On 2 October 2023, unidentified ethnic militia (described as bandits) fired shots at teachers and students of Kapindasum school (Marigat, Baringo) to instill fear and scare them away (police disputed the claims, saying the gunshots were fired by security officers who were targeting the bandits).",0,NA,1696883592,576
"85","KEN12654","02 October 2023",2023,1,"Political violence","Battles","Armed clash","Police Forces of Kenya (2022-) National Police Reservists",NA,1,"Unidentified Ethnic Militia (Kenya)","Pastoralists (Kenya)",4,14,NA,404,"Eastern Africa","Kenya","Baringo","Marigat","Mukutani","Kapindasum",0.4811,36.1793,1,"Daily Nation (Kenya); Kenya Broadcasting Corporation; NTV (Kenya)","New media-National","On 2 October 2023, police reservists engaged in an armed clash with suspected pastoral militia within Kapindasum (Marigat, Baringo). One reservist sustained gunshot wounds.",0,NA,1698681343,579
"86","KEN12694","01 October 2023",2023,1,"Political violence","Explosions/Remote violence","Remote explosive/landmine/IED","Police Forces of Kenya (2022-) General Service Unit",NA,1,"Unidentified Ethnic Militia (Kenya)","Pastoralists (Kenya)",4,14,NA,404,"Eastern Africa","Kenya","Baringo","Marigat","Mukutani","Kapindasum",0.4811,36.1793,2,"Daily Nation (Kenya)","National","On 1 October 2023, police officers from the general service unit 'bombed' (no further information) a pastoral militia hideout in unspecified location within Baringo South Sub County (coded to the nearest known location as Kapindasum (Marigat, Baringo). Casualties unknown.",0,NA,1696883592,587
"87","KEN12660","30 September 2023",2023,2,"Political violence","Violence against civilians","Attack","Unidentified Ethnic Militia (Kenya)","Pastoralists (Kenya)",4,"Civilians (Kenya)","Labor Group (Kenya)",7,47,"Civilian targeting",404,"Eastern Africa","Kenya","Meru","Igembe North","Antubetwe Kiongo","Kinna Meru",0.3292,38.1566,1,"Citizen (Kenya)","National","Around 30 September 2023 (as reported), unidentified ethnic militia (presumed bandits) killed the three businessmen in Kinna Meru (Igembe North, Meru) who had been abducted a few days before (coded separately).",3,NA,1696883592,591
"88","KEN12651","28 September 2023",2023,2,"Political violence","Violence against civilians","Abduction/forced disappearance","Unidentified Ethnic Militia (Kenya)","Pastoralists (Kenya)",4,"Civilians (Kenya)","Labor Group (Kenya)",7,47,"Civilian targeting",404,"Eastern Africa","Kenya","Meru","Igembe North","Antubetwe Kiongo","Kinna Meru",0.3292,38.1566,1,"Citizen (Kenya)","National","Around 28 September 2023 (as reported), unidentified ethnic militia (presumed bandits) allegedly abducted three businessmen in Kinna Meru (Igembe North, Meru). It is presumed the incident happened in the contexts of pastoral militia attacks that has been witnessed on the Meru -Isiolo border.",0,NA,1696883592,597
"89","KEN12591","27 September 2023",2023,1,"Strategic developments","Strategic developments","Agreement","Maasai Ethnic Militia (Kenya)","Pastoralists (Kenya)",4,"Samburu Ethnic Militia (Kenya)","Pastoralists (Kenya)",4,44,NA,404,"Eastern Africa","Kenya","Laikipia","Laikipia East","Thingithu","Nanyuki",0.0167,37.0667,1,"Citizen (Kenya); Kenya Standard; KTN News (Kenya)","National","On 27 September 2023, Maasai and Samburu community representatives living in Samburu, Isiolo and Laikipia counties met in Nanyuki (Laikipia East, Laikipia) and agreed to co-exist peacefully, following recent conflicts orchestrated by pastoral militia.",0,NA,1699385307,610
"90","KEN12604","26 September 2023",2023,1,"Strategic developments","Strategic developments","Disrupted weapons use","Police Forces of Kenya (2022-)",NA,1,"Unidentified Ethnic Militia (Kenya)","Pastoralists (Kenya)",4,14,NA,404,"Eastern Africa","Kenya","West Pokot","Pokot Central","Lomut","Marich",1.2806,35.6024,1,"Kenya Broadcasting Corporation; KTN News (Kenya)","National","Weapons seizure: On 26 September 2023, police seized 749 (other sources mention 709) AK47 rounds of ammunition from unidentified ethnic militia transporting it along the Kitale- Lodwar highway at Marich (Pokot Central, West Pokot) in line with the ongoing security operation against pastoral militia. The two suspects managed to escape.",0,NA,1699385309,622
"91","KEN12593","25 September 2023",2023,2,"Political violence","Battles","Armed clash","Police Forces of Kenya (2022-) General Service Unit",NA,1,"Unidentified Ethnic Militia (Kenya)","Pastoralists (Kenya)",4,14,NA,404,"Eastern Africa","Kenya","Isiolo","Isiolo","Oldonyiro","Lenguruma",0.6457,37.0314,1,"Star (Kenya)","National","Around 25 September 2023 (as reported), police officers from the general service unit (GSU), intercepted and clashed with unidentified ethnic militia (described as bandits) at Mbus Kutuk area of Lenguruma (Isiolo, Isiolo) while pursuing stolen livestock (coded separately). One officer sustained gunshot wounds.",0,NA,1696268001,630
"92","KEN12598","25 September 2023",2023,2,"Political violence","Violence against civilians","Attack","Pokot Ethnic Militia (Kenya)","Pastoralists (Kenya)",4,"Civilians (Kenya)",NA,7,47,"Civilian targeting",404,"Eastern Africa","Kenya","Turkana","Turkana East","Lokori","Lopii",2.1062,35.8934,2,"KTN News (Kenya)","National","Around 25 September 2023 (as reported), suspected Pokot militia attacked and killed three people, while several others sustained gunshot wounds in Lopii and Nakukulas villages (coded as Lopii, Turkana East, Turkana). The militia made away with unknown number of livestock. Two schools have been closed and unknown number of persons displaced following the incident.",3,NA,1696268001,631
"93","KEN12595","25 September 2023",2023,2,"Political violence","Battles","Armed clash","Unidentified Ethnic Militia (Kenya)","Pastoralists (Kenya)",4,"Police Forces of Kenya (2022-) General Service Unit",NA,1,14,NA,404,"Eastern Africa","Kenya","Laikipia","Laikipia North","Mugogodo West","Tura",0.535,37.0329,2,"K24; Star (Kenya)","National","Around 25 September 2023 (as reported), unidentified ethnic militia (coded within the context of banditry) clashed with officers from the general service unit in or around Kimajo (other sources mention villages around Mohamuds ranch) near Tura (Laikipia North, Laikipia) after stealing over 400 goats. One officer was shot and injured.",0,NA,1699385307,637
"94","KEN12605","23 September 2023",2023,1,"Strategic developments","Strategic developments","Looting/property destruction","Mijikenda Ethnic Militia (Kenya)","Pastoralists (Kenya)",4,"Civilians (Kenya)","Somali Ethnic Group (Kenya); Pastoralists (Kenya)",7,47,NA,404,"Eastern Africa","Kenya","Kwale","Kinango","Chengoni","Mwandoni",-3.8701,39.2539,1,"Daily Nation (Kenya); NTV (Kenya); Star (Kenya)","New media-National","Looting: On 23 September 2023, suspected Duruma (looters) militia from the Mijikenda community (also described as bandits) invaded Somali herders lands, made away with 12 cattle in Mwandoni (Kinango, Kwale) before slaughtering the animals in a bush at Maji ya Jumvi area. Police later arrested several suspects in connection with the incident.",0,NA,1696268001,644
"95","KEN12597","22 September 2023",2023,1,"Political violence","Violence against civilians","Attack","Pokot Ethnic Militia (Kenya)","Pastoralists (Kenya)",4,"Civilians (Kenya)","Samburu Ethnic Group (Kenya); Pastoralists (Kenya)",7,47,"Civilian targeting",404,"Eastern Africa","Kenya","Samburu","Samburu Central","Angata Nayokie","Morijo",1.2878,36.65,1,"KTN News (Kenya)","National","On 22 September 2023, more than 100 suspected Pokot pastoral militia attacked and killed 5 people (from Samburu ethnic community), in Morijo (Samburu Central, Samburu). The militia made away with 600 livestock.",5,NA,1696268001,653
"96","KEN12586","22 September 2023",2023,2,"Political violence","Violence against civilians","Attack","Pokot Ethnic Militia (Kenya)","Pastoralists (Kenya)",4,"Civilians (Kenya)","Health Workers (Kenya); Taxi Drivers (Kenya)",7,47,"Civilian targeting",404,"Eastern Africa","Kenya","Turkana","Turkana South","Lobokat","Kainuk",1.7745,35.506,1,"KTN News (Kenya)","National","Around 22 September 2023 (as reported), suspected Pokot militia pastoral attacked and killed a boda boda taxi operator and his pillion passenger (a health officer based at Loyapat dispensary) in Kainuk (Turkana South, Turkana). The motive of the attack remains unclear and happened in the context of ethnic clashes along the Pokot-Turkana border.",2,NA,1699385307,655
"97","KEN12577","21 September 2023",2023,2,"Political violence","Violence against civilians","Attack","Samburu Ethnic Militia (Kenya)","Pastoralists (Kenya)",4,"Civilians (Kenya)",NA,7,47,"Civilian targeting",404,"Eastern Africa","Kenya","Meru","Igembe North","Ntunene","Naathu",0.4945,37.7908,1,"NTV (Kenya)","New media","Around 21 September 2023 (as reported), about 17 suspected Samburu militia killed one person and injured three others, before driving away with unknown number of livestock at Naatho also known as Naathu (Igembe North, Meru). A multi-agency security team later intercepted (unspecified if there was a clash) and recovered 91 goats, 5 cattle, and a donkey.",1,NA,1695664792,659
"98","KEN12579","21 September 2023",2023,1,"Political violence","Violence against civilians","Attack","Unidentified Ethnic Militia (Kenya)","Pastoralists (Kenya)",4,"Civilians (Kenya)","Pastoralists (Kenya)",7,47,"Civilian targeting",404,"Eastern Africa","Kenya","Samburu","Samburu Central","Porro","Morijo",1.2878,36.4851,2,"Citizen (Kenya)","National","On 21 September 2023, unidentified ethnic militia (described as bandits) shot dead three herders and three others sustained gunshot wounds, before making away with 600 animals in Morijo (other sources mention Baragoi) (Samburu Central, Samburu). The police later recovered 200 animals (no mention of interaction).",3,NA,1699385307,661
"99","KEN12565","20 September 2023",2023,1,"Political violence","Battles","Armed clash","Samburu Ethnic Militia (Kenya)","Pastoralists (Kenya)",4,"Police Forces of Kenya (2022-) National Police Reservists",NA,1,14,NA,404,"Eastern Africa","Kenya","Isiolo","Garbatulla","Kinna","Kinna",0.3167,38.2,2,"Daily Nation (Kenya)","National","On 20 September 2023, suspected Samburu militia raided three homesteads and made away with 640 goats at Yaqbarsadi near Kinna (Garbatulla, Isiolo). National police reservists (NPRs) together with residents intercepted the militia leading to an armed clash. One herder was killed during the incident.",1,NA,1695664792,665
"100","KEN12574","20 September 2023",2023,1,"Political violence","Violence against civilians","Attack","Turkana Ethnic Militia (Kenya)","Pastoralists (Kenya)",4,"Civilians (Kenya)",NA,7,47,"Civilian targeting",404,"Eastern Africa","Kenya","West Pokot","Pokot Central","Sekerr","Sarmach",1.7667,35.4667,2,"Daily Nation (Kenya); Kenya Standard; KTN News (Kenya)","National","On 20 September 2023, suspected Turkana pastoral militia shot dead a 10-year-old boy in Chewasa village near Sarmach (Pokot Central, West Pokot). The motive of the attack remains unclear and happened in the context of ethnic clashes along the Pokot-Turkana border.",1,NA,1695664792,669
"101","KEN12557","19 September 2023",2023,1,"Political violence","Violence against civilians","Attack","Unidentified Armed Group (Kenya)",NA,3,"Civilians (Kenya)","Pastoralists (Kenya)",7,37,"Civilian targeting",404,"Eastern Africa","Kenya","Mandera","Lafey","Lafey","Lafey",3.1508,41.1862,2,"Star (Kenya)","National","On 19 September 2023, suspected Al Shabaab or a local clan militia (coded as unidentified armed group) opened fire at two herders at a shallow well in Jihin near Lafey (Lafey, Mandera). The militia abducted one herder before making away with over 200 goats. The other herder managed to escape. It is unclear whether the attack is linked to Al Shabaab or local clan militias.",0,NA,1695664792,679
"102","KEN12563","19 September 2023",2023,1,"Political violence","Violence against civilians","Attack","Turkana Ethnic Militia (Kenya)","Pastoralists (Kenya)",4,"Civilians (Kenya)",NA,7,47,"Civilian targeting",404,"Eastern Africa","Kenya","West Pokot","Pokot Central","Sekerr","Sarmach",1.7667,35.4667,2,"Kenya Standard; KTN News (Kenya)","National","On 19 September 2023, suspected Turkana pastoral militia raided Sarmach and Nasacha villages (coded as Sarmach, Pokot Central, West Pokot). The motive of the attack remains unclear and happened in the context of ethnic clashes along the Pokot-Turkana border. Two people were killed during the incident.",2,NA,1695664792,682
"103","KEN12545","16 September 2023",2023,1,"Political violence","Violence against civilians","Attack","Unidentified Ethnic Militia (Kenya)","Pastoralists (Kenya)",4,"Civilians (Kenya)",NA,7,47,"Civilian targeting",404,"Eastern Africa","Kenya","Samburu","Samburu Central","Loosuk","Pura",1.13,36.5278,1,"KTN News (Kenya)","National","On 16 September 2023, unidentified ethnic militia (described as bandits) shot dead a man in Pura (Samburu Central, Samburu) over unclear reasons.",1,NA,1699385307,705
"104","KEN12648","15 September 2023",2023,1,"Political violence","Violence against civilians","Abduction/forced disappearance","Unidentified Armed Group (Kenya)",NA,3,"Civilians (Kenya)","Pastoralists (Kenya)",7,37,"Civilian targeting",404,"Eastern Africa","Kenya","Garissa","Hulugho","Hulugho","Boni Forest",-1.5394,41.3314,1,"Kenya Broadcasting Corporation; Star (Kenya)","National","On 15 September 2023, unknown persons (with an MP accusing 'security forces') abducted a man while herding his cattle in Boni Forest (Hulugho, Garissa). He is yet to be found.",0,NA,1696883592,713
"105","KEN12533","15 September 2023",2023,1,"Political violence","Violence against civilians","Attack","Unidentified Ethnic Militia (Kenya)","Pastoralists (Kenya)",4,"Civilians (Kenya)","Pastoralists (Kenya)",7,47,"Civilian targeting",404,"Eastern Africa","Kenya","Samburu","Samburu Central","Suguta Marmar","Lolmolog",0.9381,36.499,1,"KTN News (Kenya)","National","On 15 September 2023, unidentified ethnic militia (described as bandits) shot and injured two herders in Lolmolog (Samburu Central, Samburu) over unclear reasons.",0,NA,1699385307,716
"106","KEN12525","07 September 2023",2023,2,"Strategic developments","Strategic developments","Looting/property destruction","Turkana Ethnic Militia (Kenya)","Pastoralists (Kenya)",4,"Civilians (Kenya)","Students (Kenya)",7,47,NA,404,"Eastern Africa","Kenya","Turkana","Turkana South","Katilu","Kalemngorok",2.1339,35.4952,2,"Citizen (Kenya)","National","Looting: Around 7 September 2023 (as reported), more than 50 Turkana militia (from neighboring Loima constituency) raided Awar Naparan primary school and demolished a classroom that was under construction (funded by the constituency development fund), before making away with construction materials, desks, doors and windows in addition to scattering books in a classroom (coded to the nearest known location as Kalemngorok, Turkana South, Turkana). It is alleged that the raid was politically motivated.",0,NA,1699385307,763
"107","KEN12526","07 September 2023",2023,2,"Strategic developments","Strategic developments","Looting/property destruction","Turkana Ethnic Militia (Kenya)","Pastoralists (Kenya)",4,"Civilians (Kenya)","Students (Kenya)",7,47,NA,404,"Eastern Africa","Kenya","Turkana","Turkana South","Lokichar","Kokoro",2.7588,35.5,2,"Citizen (Kenya)","National","Looting: Around 7 September 2023 (as reported), more than 50 armed Turkana militia (from neighboring Loima constituency) raided Kangakimak primary school and made away with 114 tablets, 2 laptops and a projector in addition to 14 solar panels (coded to the nearest known location as Kokoro, Turkana South, Turkana). It is alleged that the raid was politically motivated.",0,NA,1699385307,764
"108","KEN12484","03 September 2023",2023,1,"Political violence","Violence against civilians","Attack","Unidentified Ethnic Militia (Kenya)","Pastoralists (Kenya)",4,"Civilians (Kenya)",NA,7,47,"Civilian targeting",404,"Eastern Africa","Kenya","Elgeyo Marakwet","Marakwet East","Endo","Liter",1.2806,35.617,1,"Facebook; Kenya Standard; Opera News (Kenya)","New media-National","On 3 September 2023, an unidentified ethnic militia (described as bandits) shot and killed a man in Liter (Marakwet East, Elgeyo Marakwet) over unclear reasons.",1,NA,1694465006,786
"109","KEN12485","03 September 2023",2023,1,"Political violence","Violence against civilians","Attack","Unidentified Ethnic Militia (Kenya)","Pastoralists (Kenya)",4,"Civilians (Kenya)","Students (Kenya)",7,47,"Civilian targeting",404,"Eastern Africa","Kenya","Elgeyo Marakwet","Marakwet East","Endo","Chesongoch",1.1333,35.6333,1,"Daily Nation (Kenya); Kenya Standard","National","On 3 September 2023, an unidentified ethnic militia (described as bandits) shot and killed a student in Kamologon forest on the border of Elgeyo Marakwet and West Pokot counties (coded to the nearest known location as Chesongoch, Marakwet East, Elgeyo Marakwet) over unclear reasons.",1,NA,1694465006,787
"110","KEN12480","01 September 2023",2023,2,"Political violence","Violence against civilians","Attack","Turkana Ethnic Militia (Kenya)","Pastoralists (Kenya)",4,"Civilians (Kenya)",NA,7,47,"Civilian targeting",404,"Eastern Africa","Kenya","West Pokot","Pokot North","Alale","Turkwel River",2.3,35.2333,2,"Daily Nation (Kenya); KTN News (Kenya)","National","Around 1 September 2023 (as reported), suspected Turkana militia shot and injured a man along the along Pokot-Turkana border (coded to the nearest known location as Turkwel river, Pokot North, West Pokot) over unclear reasons.",0,NA,1699385307,797
"111","KEN12322","18 August 2023",2023,2,"Political violence","Violence against civilians","Attack","Turkana Ethnic Militia (Kenya)","Pastoralists (Kenya)",4,"Civilians (Kenya)","Pastoralists (Kenya)",7,47,"Civilian targeting",404,"Eastern Africa","Kenya","West Pokot","Pokot Central","Sekerr","Sarmach",1.7667,35.4667,1,"NTV (Kenya); Opera News (Kenya)","New media-National","Around 18 August 2023 (as reported), a group of five armed suspected Turkana militia shot and killed a 10-year-old boy herding livestock in Sarmach (Pokot Central, West Pokot).",1,NA,1699385307,874
"112","KEN12335","16 August 2023",2023,2,"Strategic developments","Strategic developments","Looting/property destruction","Turkana Ethnic Militia (Kenya)","Pastoralists (Kenya)",4,"Civilians (Kenya)",NA,7,47,NA,404,"Eastern Africa","Kenya","West Pokot","Pokot Central","Sekerr","Sarmach",1.7667,35.4667,1,"National Police Service-Kenya","Other","Looting: Around 16 August 2023 (week of), suspected Turkana militia raided and made away with 90 goats from Sarmach (Pokot Central, West Pokot). Police officers later recovered the goats at Kakong village, Kainuk division on 28 August (no mention of interaction).",0,NA,1699385307,892
"113","KEN12589","15 August 2023",2023,3,"Political violence","Violence against civilians","Abduction/forced disappearance","Unidentified Armed Group (Kenya)",NA,3,"Civilians (Kenya)","Pastoralists (Kenya)",7,37,"Civilian targeting",404,"Eastern Africa","Kenya","Lamu","Lamu West","Mkunumbi","Koren",-2.3278,40.709,1,"Citizen (Kenya)","National","Around 15 August 2023 (month of), unknown people (coded unidentified armed group) abducted three herders in Koren (Lamu West, Lamu). They are yet to be found.",0,NA,1696268001,898
"114","KEN12298","13 August 2023",2023,1,"Political violence","Battles","Armed clash","Military Forces of Kenya (2022-)",NA,1,"Pokot Ethnic Militia (Kenya)","Pastoralists (Kenya)",4,14,NA,404,"Eastern Africa","Kenya","Elgeyo Marakwet","Marakwet East","Endo","Kaben",1.2899,35.6266,1,"Kenyans.co","National","On 13 August 2023, military officers clashed with suspected Pokot militia in Kaben (Marakwet East, Elgeyo Marakwet). The officers recovered 31 cows that had been stolen (coded separately) and killed 5 militiamen.",5,NA,1693863642,908
"115","KEN12313","13 August 2023",2023,1,"Political violence","Violence against civilians","Attack","Pokot Ethnic Militia (Kenya)","Pastoralists (Kenya)",4,"Civilians (Kenya)",NA,7,47,"Civilian targeting",404,"Eastern Africa","Kenya","Elgeyo Marakwet","Marakwet East","Endo","Kaben",1.2899,35.6266,1,"Kenyans.co","National","On 13 August 2023, suspected Pokot militia shot dead two people, before driving away with unknown number of livestock in Kaben (Marakwet East, Elgeyo Marakwet).",2,NA,1693863642,909
"116","KEN12266","03 August 2023",2023,1,"Political violence","Violence against civilians","Attack","Samburu Ethnic Militia (Kenya)","Pastoralists (Kenya)",4,"Civilians (Kenya)","Students (Kenya)",7,47,"Civilian targeting",404,"Eastern Africa","Kenya","Samburu","Samburu Central","Suguta Marmar","Longewan",0.858,36.5422,1,"Citizen (Kenya)","National","On 3 August 2023, unidentified militia shot (described as livestock thieves, coded as Samburu ethnic militia) and injured a 9-year-old student (on his way from school) in Longewan (Samburu Central, Samburu). No animals were stolen during the incident.",0,NA,1699385307,957
"117","KEN12264","02 August 2023",2023,1,"Political violence","Violence against civilians","Attack","Pokot Ethnic Militia (Kenya)","Pastoralists (Kenya)",4,"Civilians (Kenya)","Labor Group (Kenya)",7,47,"Civilian targeting",404,"Eastern Africa","Kenya","West Pokot","Pokot North","Alale","Alale",2.3333,35.0176,2,"Star (Kenya)","National","On 2 August 2023, unknown assailants (described as bandits, coded as Pokot militia) attacked a lorry driver and his co-driver at Kamnono village between Morita and Ombolion in Alale (Pokot North, West Pokot). The driver was shot dead while the co-driver escaped unhurt.",1,NA,1691421654,959
"118","KEN12265","31 July 2023",2023,1,"Political violence","Violence against civilians","Attack","Pokot Ethnic Militia (Kenya)","Pastoralists (Kenya)",4,"Civilians (Kenya)","Turkana Ethnic Group (Kenya)",7,47,"Civilian targeting",404,"Eastern Africa","Kenya","Turkana","Turkana East","Kapedo","Kapedo",1.183,36.1039,2,"Star (Kenya)","National","On 31 July 2023, suspected Pokot militia attacked a Turkana Kraal in Kachangei village, Lotubae sublocation in Turkana East subcounty (coded to the nearest known location as Kapedo, Turkana East, Turkana). The militia shot dead 4 men, before driving away with an unknown number of livestock.",4,NA,1691421654,971
"119","KEN12307","31 July 2023",2023,1,"Political violence","Violence against civilians","Attack","Pokot Ethnic Militia (Kenya)","Pastoralists (Kenya)",4,"Civilians (Kenya)","Turkana Ethnic Group (Kenya)",7,47,"Civilian targeting",404,"Eastern Africa","Kenya","Turkana","Turkana East","Lokori","Lotubae",2.0178,36.1274,2,"Star (Kenya)","National","On 31 July 2023, suspected Pokot militia attacked a Turkana kraal in Kachangei village Lotubae sub-location (coded as Lotubae, Turkana East). Four men were killed and unknown number of livestock stolen during the incident.",4,NA,1693863642,973
"120","KEN12263","27 July 2023",2023,1,"Political violence","Violence against civilians","Attack","Marakwet Ethnic Militia (Kenya)","Pastoralists (Kenya)",4,"Civilians (Kenya)",NA,7,47,"Civilian targeting",404,"Eastern Africa","Kenya","Elgeyo Marakwet","Marakwet East","Endo","Kaben",1.2899,35.6266,1,"Facebook; Opera News (Kenya)","New media-National","On 27 July 2023, unknown assailants (described as bandits and coded as Marakwet Ethnic Militia) shot dead one person in Kaben (Marakwet East, Elgeyo Marakwet). The attackers drove away with several livestock.",1,NA,1691421654,982
"121","KEN12208","24 July 2023",2023,1,"Political violence","Violence against civilians","Attack","Pokot Ethnic Militia (Kenya)","Pastoralists (Kenya)",4,"Civilians (Kenya)","Women (Kenya)",7,47,"Civilian targeting",404,"Eastern Africa","Kenya","Turkana","Turkana East","Kapedo","Lomelo",1.5,35.9167,1,"Daily Nation (Kenya); Star (Kenya)","National","On 24 July 2023, suspected Pokot militia shot dead a woman and injured another, before driving off with 324 goats and sheep in Lomelo (Turkana East, Turkana).",1,NA,1690811106,1007
"122","KEN12293","23 July 2023",2023,2,"Strategic developments","Strategic developments","Agreement","Turkana Ethnic Militia (Kenya)","Pastoralists (Kenya)",4,"Samburu Ethnic Militia (Kenya)","Pastoralists (Kenya)",4,44,NA,404,"Eastern Africa","Kenya","Samburu","Samburu Central","Maralal","Maralal",1.0968,36.698,3,"KTN News (Kenya); Twitter","New media-National","Around 23 July 2023 (as reported), Turkana and Samburu community youth representatives met at Nasuli reserve in Samburu county (coded to the county headquarters as Maralal, Samburu Central, Samburu) and agreed to co-exist peacefully, following recent conflicts orchestrated by pastoral militia.",0,NA,1693863642,1016
"123","KEN12081","13 July 2023",2023,2,"Political violence","Violence against civilians","Attack","Unidentified Ethnic Militia (Kenya)","Pastoralists (Kenya)",4,"Civilians (Kenya)",NA,7,47,"Civilian targeting",404,"Eastern Africa","Kenya","Elgeyo Marakwet","Marakwet West","Arror","Arror",0.933,35.6173,1,"Citizen (Kenya)","National","Around 13 July 2023 (as reported), unidentified militia (described as bandits) attacked and killed one person at Koitilial area in Arror (Marakwet West, Elgeyo Marakwet).",1,NA,1699385307,1141
"124","KEN12104","11 July 2023",2023,1,"Political violence","Battles","Armed clash","Police Forces of Kenya (2022-)",NA,1,"Unidentified Ethnic Militia (Kenya)","Pastoralists (Kenya)",4,14,NA,404,"Eastern Africa","Kenya","Samburu","Samburu East","Waso","Ndonyo Wasin",1.3485,37.4336,2,"National Police Service-Kenya; Star (Kenya)","Other-National","On 11 July 2023, a multi-agency security team (coded as Police) clashed with unidentified militia (described as bandits) and recovered 75 goats at Ndonyo Nanga area (coded to the nearest known location as Ndonyo Wasin, Samburu East, Samburu). Casualties unknown.",0,NA,1699385308,1199
"125","KEN11968","30 June 2023",2023,1,"Political violence","Violence against civilians","Attack","Turkana Ethnic Militia (Kenya)","Pastoralists (Kenya)",4,"Civilians (Kenya)","Miners (Kenya)",7,47,"Civilian targeting",404,"Eastern Africa","Kenya","West Pokot","Pokot North","Kiwawa","Lopet",2.1628,35.0575,2,"Daily Nation (Kenya); Kenya Standard; NTV (Kenya)","New media-National","On 30 June 2023, morning, suspected Turkana militia shot dead two gold miners at Chepkarerat (Kokonyin) sub-hills near Lopet (Pokot North, West Pokot).",2,NA,1689006844,1290
"126","KEN11969","30 June 2023",2023,1,"Political violence","Violence against civilians","Attack","Turkana Ethnic Militia (Kenya)","Pastoralists (Kenya)",4,"Civilians (Kenya)","Miners (Kenya)",7,47,"Civilian targeting",404,"Eastern Africa","Kenya","West Pokot","Pokot North","Kiwawa","Lopet",2.1628,35.0575,2,"Daily Nation (Kenya); Kenya Standard; NTV (Kenya)","New media-National","On 30 June 2023, suspected Turkana militia, reappeared for a second attack in the afternoon, and shot dead two gold miners at Chepkarerat (Kokonyin) sub-hills near Lopet (Pokot North, West Pokot).",2,NA,1689006844,1291
"127","KEN11967","29 June 2023",2023,1,"Political violence","Violence against civilians","Attack","Pokot Ethnic Militia (Kenya)","Pastoralists (Kenya)",4,"Civilians (Kenya)",NA,7,47,"Civilian targeting",404,"Eastern Africa","Kenya","Turkana","Turkana South","Lobokat","Kainuk",1.7745,35.506,1,"NTV (Kenya)","New media","On 29 June 2023, presumed Pokot militia killed a traveler at the KWS area in Kainuk (Turkana South, Turkana), in an area bordering West Pokot.",1,NA,1689006844,1299
"128","KEN11948","28 June 2023",2023,1,"Political violence","Violence against civilians","Abduction/forced disappearance","Turkana Ethnic Militia (Kenya)","Pastoralists (Kenya)",4,"Civilians (Kenya)","Pastoralists (Kenya)",7,47,"Civilian targeting",404,"Eastern Africa","Kenya","West Pokot","Pokot South","Chepareria","Ombolion",1.4188,35.2598,1,"NTV (Kenya)","New media","On 28 June 2023, presumed Turkana militia kidnapped a ten-year-old boy (presumed herder) and made away with 40 goats in Ombolion (Pokot South, West Pokot), in a region that borders Turkana county.",0,NA,1689006844,1307
"129","KEN11856","21 June 2023",2023,1,"Political violence","Violence against civilians","Abduction/forced disappearance","Turkana Ethnic Militia (Kenya)","Pastoralists (Kenya)",4,"Civilians (Kenya)",NA,7,47,"Civilian targeting",404,"Eastern Africa","Kenya","West Pokot","Pokot North","Alale","Turkwel River",2.3,35.2333,2,"NTV (Kenya)","New media","On 21 June 2023, suspected Turkana militia (described as bandits) kidnapped a ten-year-old boy Kostei village in Turkwel (coded as Turkwel river, Pokot North, West Pokot), at a historically disputed area at the border with Turkana. The victim was later rescued by the security team (no mention of interaction).",0,NA,1687790190,1336
"130","KEN11868","21 June 2023",2023,1,"Strategic developments","Strategic developments","Looting/property destruction","Turkana Ethnic Militia (Kenya)","Pastoralists (Kenya)",4,"Civilians (Kenya)","Pastoralists (Kenya)",7,47,NA,404,"Eastern Africa","Kenya","West Pokot","Pokot North","Kiwawa","Kases",2.1167,35.0167,1,"NTV (Kenya)","New media","Looting: On 21 June 2023, suspected Turkana militia (described as bandits) made away with hundreds of livestock from Kasses village (coded as Kases, Pokot North, West Pokot).",0,NA,1687790190,1338
"131","KEN11816","13 June 2023",2023,1,"Political violence","Battles","Armed clash","Samburu Ethnic Militia (Kenya)","Pastoralists (Kenya)",4,"Police Forces of Kenya (2022-) National Police Reservists",NA,1,14,NA,404,"Eastern Africa","Kenya","Meru","Igembe North","Amwathi","Mutuati",0.3826,37.9855,2,"Daily Nation (Kenya); Kenya Broadcasting Corporation; KTN News (Kenya); NTV (Kenya)","New media-National","On 13 June 2023, about 50 suspected Samburu militia (believed to be from Samburu county) attacked Njaruine village and/or other areas in Mutuati sub-county (coded as Mutuati, Igembe North, Meru). Two police reservists and a civilian were killed, one civilian injured and more than 400 livestock stolen during the incident.",3,NA,1687188834,1401
"132","KEN11815","12 June 2023",2023,1,"Political violence","Battles","Armed clash","Samburu Ethnic Militia (Kenya)","Pastoralists (Kenya)",4,"Police Forces of Kenya (2022-) National Police Reservists",NA,1,14,NA,404,"Eastern Africa","Kenya","Meru","Igembe North","Amwathi","Mutuati",0.3826,37.9855,2,"Daily Nation (Kenya); Kenya Broadcasting Corporation; KTN News (Kenya); NTV (Kenya)","New media-National","On 12 June 2023, suspected Samburu militia (believed to be from Samburu county) attacked Njaruine village and/or other areas in Mutuati sub-county (coded as Mutuati, Igembe North, Meru). Two police reservists were killed, four people were injured and 100 livestock stolen during the incident.",2,NA,1687188834,1413
"133","KEN11809","09 June 2023",2023,1,"Political violence","Violence against civilians","Attack","Unidentified Ethnic Militia (Kenya)","Pastoralists (Kenya)",4,"Civilians (Kenya)","Pastoralists (Kenya); Former Military Forces of Kenya (2022-)",7,47,"Civilian targeting",404,"Eastern Africa","Kenya","Samburu","Samburu Central","Suguta Marmar","Lolmolog",0.9381,36.499,1,"Citizen (Kenya)","National","On 9 June 2023, unidentified militia (described as bandits) shot and injured four people, including a former military officer, before driving away with hundreds of animals in Lolmolog (Samburu Central, Samburu).",0,NA,1699385307,1429
"134","KEN11810","09 June 2023",2023,1,"Political violence","Battles","Armed clash","Unidentified Ethnic Militia (Kenya)","Pastoralists (Kenya)",4,"Police Forces of Kenya (2022-) National Police Reservists",NA,1,14,NA,404,"Eastern Africa","Kenya","Samburu","Samburu North","Nyiro","Tum",2.15,36.7667,2,"NTV (Kenya)","New media","On 9 June 2023, unidentified militia (described as bandits) clashed with national police reservists in Kaimotin on the border of Tum and Parkati (coded as Tum, Samburu North, Samburu). A herder and four militiamen were shot dead, while four other herders sustained injuries as the reservists recovered the stolen goats.",2,NA,1699385307,1430
"135","KEN11865","07 June 2023",2023,2,"Political violence","Violence against civilians","Attack","Somali Ethnic Militia (Kenya)","Pastoralists (Kenya)",4,"Civilians (Kenya)","Women (Kenya)",7,47,"Civilian targeting",404,"Eastern Africa","Kenya","Isiolo","Garbatulla","Kinna","Kinna",0.3167,38.2,1,"Kenya Broadcasting Corporation","National","Around 7 June 2023 (week of), suspected Somali herders (described as armed illegal herders from neighboring Garissa county) alleged killed a 15 year old girl in Kinna (Garbatulla, Isiolo) over unclear reasons.",1,"women targeted: girls",1687790190,1445
"136","KEN11808","05 June 2023",2023,1,"Political violence","Violence against civilians","Attack","Unidentified Ethnic Militia (Kenya)","Pastoralists (Kenya)",4,"Civilians (Kenya)",NA,7,47,"Civilian targeting",404,"Eastern Africa","Kenya","Nakuru","Subukia","Subukia","Subukia",-0.0062,36.1733,2,"Star (Kenya)","National","On 5 June 2023, unidentified militia (presumed to be bandits) shot and injured a man (using a poisonous arrow), before making away with two goats at unspecified village in Subukia (coded as Subukia, Subukia, Nakuru). The victim later succumbed to the injuries. One goat was later recovered in a nearby thicket.",1,NA,1686583461,1464
"137","KEN11802","03 June 2023",2023,1,"Political violence","Violence against civilians","Attack","Turkana Ethnic Militia (Kenya)","Pastoralists (Kenya)",4,"Civilians (Kenya)","Pastoralists (Kenya)",7,47,"Civilian targeting",404,"Eastern Africa","Kenya","West Pokot","Pokot Central","Sekerr","Nasolot Village",1.8333,35.4,2,"Citizen (Kenya); Daily Nation (Kenya); NTV (Kenya)","New media-National","On 3 June 2023, five suspected Turkana militia (described as bandits), attacked and made away with 100 heads of cattle in Kamurion village near Nasolot game reserve (coded as Nasolot Village, Pokot Central, West Pokot), at the border with Turkana. Locals pursued the group, who shot and injured two herder children they had taken as human shields.",0,NA,1699385307,1479
"138","KEN11718","02 June 2023",2023,2,"Strategic developments","Strategic developments","Looting/property destruction","Turkana Ethnic Militia (Kenya)","Pastoralists (Kenya)",4,"Civilians (Kenya)","Pastoralists (Kenya)",7,47,NA,404,"Eastern Africa","Kenya","West Pokot","Pokot Central","Sekerr","Nasolot Village",1.8333,35.4,1,"NTV (Kenya)","New media","Looting: Around 2 June 2023 (as reported), suspected Turkana militia (described as bandits) raided Nasolot Village (Pokot Central, West Pokot) and made away with more than 150 livestock.",0,NA,1685982160,1481
"139","KEN11706","01 June 2023",2023,2,"Political violence","Battles","Armed clash","Unidentified Ethnic Militia (Kenya)","Pastoralists (Kenya)",4,"Police Forces of Kenya (2022-) National Police Reservists",NA,1,14,NA,404,"Eastern Africa","Kenya","Samburu","Samburu Central","Lodokejek","Lmisigiyoi",0.8914,36.75,1,"Citizen (Kenya)","National","Around 1 June 2023 (as reported), unidentified militia (described as bandits) clashed with national police reservists at Lolmisigiyoi, also known as Lmisigiyoi (Samburu Central, Samburu). A police reservist was shot dead, and a herder injured as the militia made away with more than 200 livestock.",1,NA,1685982160,1487
"140","KEN11696","24 May 2023",2023,1,"Strategic developments","Strategic developments","Disrupted weapons use","Police Forces of Kenya (2022-)",NA,1,"Pokot Ethnic Militia (Kenya)","Pastoralists (Kenya)",4,14,NA,404,"Eastern Africa","Kenya","West Pokot","Pokot North","Alale","Alale",2.3333,35.0176,1,"Daily Nation (Kenya)","National","Weapons seizure: On 24 May 2023, police seized 200 rounds of AK47 ammunition from a presumed Pokot militia in Alale (Pokot North, West Pokot) following a tip-off from the public, in line with the ongoing security operation against pastoral militia.",0,NA,1685386177,1546
"141","KEN11866","24 May 2023",2023,1,"Political violence","Violence against civilians","Attack","Turkana Ethnic Militia (Kenya)","Pastoralists (Kenya)",4,"Civilians (Kenya)","Pastoralists (Kenya)",7,47,"Civilian targeting",404,"Eastern Africa","Kenya","West Pokot","Pokot Central","Lomut","Takaiywa",1.3755,35.6932,1,"NTV (Kenya)","New media","On 24 May 2023, suspected Turkana militia (described as bandits from Turkana county) shot dead a herder and injured two others in Takaiywa village (Pokot Central, West Pokot). The motive of the attack remains unclear, as the attackers disappeared in the thicket without going with the livestock.",1,NA,1687790190,1549
"142","KEN11869","24 May 2023",2023,1,"Strategic developments","Strategic developments","Looting/property destruction","Turkana Ethnic Militia (Kenya)","Pastoralists (Kenya)",4,"Civilians (Kenya)","Government of Kenya (2022-)",7,47,NA,404,"Eastern Africa","Kenya","West Pokot","Pokot South","Chepareria","Ombolion",1.4188,35.2598,1,"NTV (Kenya)","New media","Looting: On 24 May 2023, suspected Turkana militia (described as bandits) made away with more than 100 goats belonging to the Ombolion Chief in Ombolion (Pokot South, West Pokot).",0,"local administrators",1687837292,1550
"143","KEN11675","22 May 2023",2023,2,"Strategic developments","Strategic developments","Looting/property destruction","Unidentified Ethnic Militia (Uganda)","Pastoralists (Uganda)",4,"Civilians (Kenya)","Pastoralists (Kenya)",7,47,NA,404,"Eastern Africa","Kenya","West Pokot","Pokot North","Suam","Kanyerus",1.3974,34.8262,1,"Daily Nation (Kenya)","National","Looting: Around 22 May 2023 (as reported), unidentified pastoral militia (described as bandits from Uganda) raided and drove off with hundreds of cattle from Kanyerus (Pokot North, West Pokot).",0,NA,1685386177,1567
"144","KEN11667","20 May 2023",2023,1,"Strategic developments","Strategic developments","Agreement","Pokot Ethnic Militia (Kenya)","Pastoralists (Kenya)",4,"Tugen Ethnic Militia (Kenya)","Marakwet Ethnic Militia (Kenya); Pastoralists (Kenya)",4,44,NA,404,"Eastern Africa","Kenya","Baringo","Baringo North","Bartabwa","Kinyach",0.9333,35.6833,2,"K24; Kenya Broadcasting Corporation; People Daily; Star (Kenya)","National","On 20 May 2023, Pokot, Marakwet and Tugen community members met in Kabirwek village near Kinyach (Baringo North, Baringo) and agreed to end cattle theft between the two communities.",0,NA,1685982160,1575
"145","KEN11649","19 May 2023",2023,2,"Strategic developments","Strategic developments","Disrupted weapons use","Police Forces of Kenya (2022-)",NA,1,"Samburu Ethnic Militia (Kenya)","Pastoralists (Kenya)",4,14,NA,404,"Eastern Africa","Kenya","Samburu","Samburu Central","Maralal","Maralal",1.0968,36.698,3,"Citizen (Kenya); K24; KTN News (Kenya); Star (Kenya)","National","Weapons seizure: Around 19 May 2023 (as reported), police seized 148 illegally owned guns within a period of three weeks, across the 6 counties affected by the pastoral militia, out of which 96 were surrendered by suspected Samburu militia (coded to county headquarters as Maralal, Samburu Central, Samburu) following the ongoing security operation against pastoral militia that has resulted in the displacement of populations and destruction of property.",0,NA,1684786617,1578
"146","KEN11650","17 May 2023",2023,1,"Political violence","Battles","Armed clash","Pokot Ethnic Militia (Kenya)","Pastoralists (Kenya)",4,"Police Forces of Kenya (2022-)",NA,1,14,NA,404,"Eastern Africa","Kenya","Baringo","Tiaty","Loiyamorok","Loruk",0.7109,36.0273,1,"Citizen (Kenya); Star (Kenya)","National","On 17 May 2023, suspected Pokot militia (described as bandits from Paka hills in Tiaty), shot and injured a herder, before making away with over 300 cows in Loruk (Tiaty, Baringo). An armed clash ensued as the police attempted to intercept the militia, however the police were overpowered.",0,NA,1684786617,1587
"147","KEN11639","17 May 2023",2023,1,"Demonstrations","Protests","Peaceful protest","Protesters (Kenya)","Samburu Ethnic Group (Kenya); Pastoralists (Kenya)",6,NA,NA,0,60,NA,404,"Eastern Africa","Kenya","Samburu","Samburu Central","Porro","Malaso",1.2333,36.5167,2,"Citizen (Kenya)","National","On 17 May 2023, members of the Samburu council of elders protested in Samburu West (coded as Malaso, Samburu Central, Samburu) against increased insecurity following attacks by suspected pastoral militia. Led by the council secretary, group demanded government to address the matter.",0,"crowd size=no report",1699385307,1592
"148","KEN11636","14 May 2023",2023,1,"Strategic developments","Strategic developments","Looting/property destruction","Unidentified Ethnic Militia (Kenya)",NA,4,"Civilians (Kenya)","Pastoralists (Kenya)",7,47,NA,404,"Eastern Africa","Kenya","Laikipia","Laikipia North","Mugogodo West","Mukogodo",0.4833,36.9333,2,"Daily Nation (Kenya); Kenya Broadcasting Corporation; NTV (Kenya); Opera News (Kenya); People Daily","New media-National","Looting: On 14 May 2023, unidentified militia (described as bandits) invaded Enasoit ranch near Mukogodo (Laikipia North, Laikipia) and made away with 75 heads of cattle.",0,NA,1684786617,1630
"149","KEN11565","12 May 2023",2023,1,"Political violence","Battles","Armed clash","Unidentified Ethnic Militia (Kenya)",NA,4,"Police Forces of Kenya (2022-) National Police Reservists",NA,1,14,NA,404,"Eastern Africa","Kenya","Samburu","Samburu North","Nachola","Marti",1.4771,36.7236,2,"Citizen (Kenya)","National","On 12 May 2023, unknown number of attackers (described as bandits) ambushed herders and attempted to make away with livestock, before being repulsed by police reservists in Ngata Nanyeki village near Marti (Samburu North, Samburu). One attacker and a herder were killed during the incident and all the livestock was recovered.",2,NA,1699385308,1643
"150","KEN11545","11 May 2023",2023,1,"Political violence","Riots","Mob violence","Rioters (Kenya)","Pastoralists (Kenya); Vigilante Group (Kenya)",5,"Civilians (Kenya)","Labor Group (Kenya)",7,57,"Civilian targeting",404,"Eastern Africa","Kenya","Machakos","Athi River","Athi River","Athi River",-1.45,36.9833,1,"Citizen (Kenya); Star (Kenya)","National","On 11 May 2023, a mob, consisting of mainly herders, beat up and injured a truck driver in Athi River (Athi River, Machakos) after he drove his vehicle through a herd of 69 cows, killing 13 and injuring 5 others along Mombasa road.",0,"crowd size=no report",1684786617,1649
"151","KEN11528","09 May 2023",2023,1,"Strategic developments","Strategic developments","Disrupted weapons use","Police Forces of Kenya (2022-)",NA,1,"Turkana Ethnic Militia (Kenya)","Pastoralists (Kenya)",4,14,NA,404,"Eastern Africa","Kenya","Turkana","Kibish","Kaaleng","Kaakong",4.354,35.524,1,"Capital FM; Citizen (Kenya); Daily Nation (Kenya); Star (Kenya)","National","Weapons seizure: On 9 May 2023, police seized twenty rifles from Kaakong (Kibish, Turkana) when suspected Turkana militia surrendered the weapons following the ongoing security operation against pastoral militia that has resulted in the displacement of populations and destruction of property.",0,NA,1684786617,1659
"152","KEN11572","03 May 2023",2023,1,"Political violence","Violence against civilians","Abduction/forced disappearance","Turkana Ethnic Militia (Kenya)","Pastoralists (Kenya)",4,"Civilians (Kenya)",NA,7,47,"Civilian targeting",404,"Eastern Africa","Kenya","West Pokot","Pokot North","Kasei","Kaptum",2.05,35.25,2,"NTV (Kenya); TUKO","New media-National","On 3 May 2023, suspected Turkana militia (described as bandits from Lorogon village in Turkana county) raided Songok village near Kaptum (Pokot North, West Pokot). The militia kidnapped an 11-year-old boy, before making away with unknown number of cattle.",0,NA,1684786617,1683
"153","KEN11491","22 April 2023",2023,1,"Strategic developments","Strategic developments","Disrupted weapons use","Police Forces of Kenya (2022-)",NA,1,"Samburu Ethnic Militia (Kenya)","Pastoralists (Kenya)",4,14,NA,404,"Eastern Africa","Kenya","Samburu","Samburu Central","Maralal","Maralal",1.0968,36.698,3,"Star (Kenya)","National","Weapons seizure: On 22 April 2023, police seized five rifles and more than 10,000 bullets from Parikat (coded to county headquarters as Maralal, Samburu Central, Samburu) when suspected five Samburu militia surrendered the weapons following the ongoing security operation against pastoral militia that has resulted in the displacement of populations and destruction of property.",0,NA,1683042579,1770
"154","KEN11453","21 April 2023",2023,1,"Political violence","Battles","Armed clash","Police Forces of Kenya (2022-)",NA,1,"Pokot Ethnic Militia (Kenya)","Pastoralists (Kenya)",4,14,NA,404,"Eastern Africa","Kenya","Baringo","Tiaty","Tirioko","Tiati",1.2972,35.9336,2,"Citizen (Kenya)","National","On 21 April 2023, police intercepted and clashed with suspected Pokot pastoralists at the Tiaty East sub-county (coded as Tiati, Tiaty, Baringo) after receiving a distress call of goats stolen in Baringo North sub county (coded separately). The animals were recovered. No casualties.",0,NA,1683042579,1773
"155","KEN11456","21 April 2023",2023,1,"Strategic developments","Strategic developments","Looting/property destruction","Pokot Ethnic Militia (Kenya)","Pastoralists (Kenya)",4,"Civilians (Kenya)","Pastoralists (Kenya)",7,47,NA,404,"Eastern Africa","Kenya","Baringo","Baringo North","Saimo","Ngaratuko",0.7299,35.9763,1,"Citizen (Kenya)","National","Looting: On 21 April 2023, suspected Pokot militia (believed to be from Tiaty) stole 225 goats from Ngaratuko grazing field (Baringo North, Baringo).",0,NA,1683042579,1774
"156","KEN11414","21 April 2023",2023,2,"Political violence","Battles","Armed clash","Turkana Ethnic Militia (Kenya)","Pastoralists (Kenya)",4,"Police Forces of Kenya (2022-) National Police Reservists",NA,1,14,NA,404,"Eastern Africa","Kenya","Meru","Tigania West","Kianjai","Tigania",0.1667,37.75,1,"Citizen (Kenya)","National","Around 21 April 2023 (as reported), suspected Turkana militia (described as bandits) raided a herder in Tigania (Tigania West, Meru) before driving away with 48 cows. A national police reservist (NPR) (part of the Meru conservancy team) intercepted the militia leading to an armed clash. The NPR officer was shot dead and 26 cows were recovered.",1,NA,1699385307,1777
"157","KEN11438","17 April 2023",2023,2,"Demonstrations","Protests","Peaceful protest","Protesters (Kenya)","Farmers (Kenya)",6,NA,NA,0,60,NA,404,"Eastern Africa","Kenya","Kilifi","Magarini","Adu","Kanagoni",-2.7344,40.1431,1,"Kenya Broadcasting Corporation","National","Around 17 April 2023 (as reported), farmers protested in Kanagoni (Magarini, Kilifi) against the destruction of their farmlands by livestock owned by pastoralists from Tana river county. The group demanded the minister for security to address their grievance.",0,"crowd size=no report",1699385306,1803
"158","KEN11417","17 April 2023",2023,1,"Political violence","Violence against civilians","Attack","Marakwet Ethnic Militia (Kenya)","Pastoralists (Kenya)",4,"Civilians (Kenya)","Pastoralists (Kenya)",7,47,"Civilian targeting",404,"Eastern Africa","Kenya","West Pokot","Pokot Central","Wei Wei","Solion",1.3015,35.4896,2,"Daily Nation (Kenya); Kenya Broadcasting Corporation; Kenyans.co; KTN News (Kenya); NTV (Kenya)","New media-National","On 17 April 2023, over 100 suspected Marakwet militia (believed to be from Elgeyo Marakwet county) shot and killed two herders at Kamologon village of Solion sub-location (coded as Solion, Pokot Central, West Pokot). The militiamen made away with over 500 heads of livestock.",2,NA,1699385307,1805
"159","KEN11421","15 April 2023",2023,1,"Political violence","Violence against civilians","Attack","Unidentified Ethnic Militia (Kenya)",NA,4,"Civilians (Kenya)","Pastoralists (Kenya)",7,47,"Civilian targeting",404,"Eastern Africa","Kenya","Kitui","Mwingi North","Ngomeni","Ngomeni",-0.6492,38.3942,2,"Star (Kenya)","National","On 15 April 2023, unidentified militia (described as bandits), shot and injured a herder before driving away with 300 cows at Kamuthanga area of Ngomeni ward (coded as Ngomeni, Mwingi North, Kitui). Police later recovered 232 cows, that had been left unattended in the bush.",0,NA,1682451266,1810
"160","KEN11406","14 April 2023",2023,1,"Strategic developments","Strategic developments","Disrupted weapons use","Police Forces of Kenya (2022-)",NA,1,"Samburu Ethnic Militia (Kenya)","Pastoralists (Kenya)",4,14,NA,404,"Eastern Africa","Kenya","Samburu","Samburu Central","Maralal","Maralal",1.0968,36.698,2,"Daily Nation (Kenya); NTV (Kenya); Star (Kenya)","New media-National","Weapons seizure: On 14 April 2023, police seized more than 90 firearms (about 79 from Samburu North alone) and 161 rounds of ammunition (coded to county headquarters as Maralal, Samburu Central, Samburu) when suspected Samburu militia surrendered the weapons following the ongoing security operation against pastoral militia that has resulted in the displacement of populations and destruction of property.",0,NA,1681739330,1815
"161","KEN11413","13 April 2023",2023,1,"Strategic developments","Strategic developments","Agreement","Rendilles Ethnic Militia (Kenya)","Pastoralists (Kenya)",4,"Government of Kenya (2022-)",NA,1,14,NA,404,"Eastern Africa","Kenya","Marsabit","Saku","Karare","Karare",2.3208,37.6038,1,"Star (Kenya)","National","On 13 April 2023, Rendilles community elders and women leaders agreed with the county department of administration, cohesion and disaster management in Karare (Saku, Marsabit) to end conflicts and address the pastoral militia challenges.",0,NA,1682451266,1820
"162","KEN11390","12 April 2023",2023,1,"Political violence","Battles","Armed clash","Unidentified Ethnic Militia (Kenya)","Pastoralists (Kenya)",4,"Police Forces of Kenya (2022-) National Police Reservists",NA,1,14,NA,404,"Eastern Africa","Kenya","Turkana","Turkana South","Katilu","Kalemngorok",2.1339,35.4952,1,"Daily Nation (Kenya)","National","On 12 April 2023, suspected militia (described as bandits) attacked Aburur and Ekoropus kraals and made away with unknown number of livestock in Kalemngorok (Turkana South, Turkana). National police reservists later joined by the police officers repulsed the attackers and recovered the stolen livestock. One militia and a child were shot dead, while three people (two females and a male) injured during the incident.",2,NA,1681739330,1824
"163","KEN11418","12 April 2023",2023,1,"Political violence","Violence against civilians","Attack","Pokot Ethnic Militia (Kenya)","Pastoralists (Kenya)",4,"Civilians (Kenya)","Farmers (Kenya)",7,47,"Civilian targeting",404,"Eastern Africa","Kenya","Baringo","Tiaty","Tangulbei","Lomuge",0.7414,36.1548,1,"Daily Nation (Kenya); KTN News (Kenya)","National","On 12 April 2023, dozens of suspected Pokot militia (described to be from Tiaty East) shot and injured a peace activist/farmer at Lomuge (Tiaty, Baringo) after he allegedly questioned them on their acts. The activist later succumbed to the injuries.",1,NA,1682451266,1829
"164","KEN11387","12 April 2023",2023,1,"Political violence","Violence against civilians","Attack","Pokot Ethnic Militia (Kenya)","Pastoralists (Kenya)",4,"Civilians (Kenya)","Pastoralists (Kenya)",7,47,"Civilian targeting",404,"Eastern Africa","Kenya","Baringo","Baringo South","Mukutani","Kiserian",-1.4253,36.6936,2,"Citizen (Kenya); Daily Nation (Kenya); Kenya Broadcasting Corporation; NTV (Kenya)","New media-National","On 12 April 2023, suspected Pokot militia (believed to be from Tiaty sub-county) shot dead a man while herding livestock with his brother in Mosuro village, Kiserian location (coded as Kiserian Baringo South, Baringo). The brother escaped unhurt as the militia made away with more than 75 heads of cattle.",1,NA,1699385307,1831
"165","KEN11405","12 April 2023",2023,1,"Political violence","Violence against civilians","Attack","Pokot Ethnic Militia (Kenya)","Pastoralists (Kenya)",4,"Civilians (Kenya)","Pastoralists (Kenya)",7,47,"Civilian targeting",404,"Eastern Africa","Kenya","Baringo","Marigat","Mukutani","Rugus",0.65,36.1167,2,"Citizen (Kenya); Daily Nation (Kenya); Kenya Broadcasting Corporation; NTV (Kenya)","New media-National","On 12 April 2023, suspected Pokot militia (believed to be from Tiaty subcounty) shot and injured three herders in Rugus village (other sources mention Noosidan village) (Marigat, Baringo) while pursuing their stolen livestock (coded separately).",0,NA,1699385307,1832
"166","KEN11377","11 April 2023",2023,1,"Political violence","Violence against civilians","Attack","Pokot Ethnic Militia (Kenya)","Pastoralists (Kenya)",4,"Civilians (Kenya)","Women (Kenya)",7,47,"Civilian targeting",404,"Eastern Africa","Kenya","Turkana","Turkana West","Lokichoggio","Nadapal",4.4051,34.2837,1,"Kenya Broadcasting Corporation; NTV (Kenya)","New media-National","On 11 April 2023, suspected Pokot militia (believed to be from West Pokot) shot dead a woman on her way to fetch water at river Malimalite in Nadapal (Turkana West, Turkana). The motive of the attack remains unclear.",1,NA,1681739330,1834
"167","KEN11336","06 April 2023",2023,2,"Political violence","Violence against civilians","Attack","Unidentified Ethnic Militia (Kenya)",NA,4,"Civilians (Kenya)","Pastoralists (Kenya)",7,47,"Civilian targeting",404,"Eastern Africa","Kenya","Elgeyo Marakwet","Marakwet West","Arror","Arror",0.933,35.6173,2,"Kenya Broadcasting Corporation; Kenyans.co","National","Around 6 April 2023 (as reported), unidentified militia (described as bandits) shot and killed one herder, and injured three others in Arror ward (Marakwet West, Elgeyo Marakwet).",1,NA,1681225749,1862
"168","KEN11333","06 April 2023",2023,1,"Political violence","Violence against civilians","Attack","Turkana Ethnic Militia (Kenya)","Pastoralists (Kenya)",4,"Civilians (Kenya)","Pastoralists (Kenya)",7,47,"Civilian targeting",404,"Eastern Africa","Kenya","West Pokot","Pokot Central","Sekerr","Orwa",1.6667,35.4667,2,"Citizen (Kenya); Daily Nation (Kenya); Kenya Standard; Kenyans.co; KTN News (Kenya)","National","On 6 April 2023, suspected Turkana militia shot dead 5 people, and one woman injured, before driving away with 18 goats at Lami Nyeusi near Orwa (Pokot Central, West Pokot).",5,NA,1699385307,1866
"169","KEN11324","04 April 2023",2023,2,"Political violence","Battles","Armed clash","Pokot Ethnic Militia (Kenya)","Pastoralists (Kenya)",4,"Police Forces of Kenya (2022-)",NA,1,14,NA,404,"Eastern Africa","Kenya","Turkana","Turkana East","Lokori","Lokori",1.9516,36.0358,2,"Daily Nation (Kenya); K24; Kenya Broadcasting Corporation","National","Around 4 April 2023 (as reported), suspected Pokot militia (described as bandits) ambushed eight police officers while on patrol at Kalinganyang near Lokori (Turkana East, Turkana). Three police officers sustained gunshot wounds.",0,NA,1681225749,1878
"170","KEN11335","04 April 2023",2023,1,"Political violence","Violence against civilians","Attack","Unidentified Ethnic Militia (Kenya)","Pastoralists (Kenya)",4,"Civilians (Kenya)",NA,7,47,"Civilian targeting",404,"Eastern Africa","Kenya","Samburu","Samburu Central","Suguta Marmar","Lolmolog",0.9381,36.499,2,"Citizen (Kenya); Kenya Broadcasting Corporation","National","On 4 April 2023, (overnight), unidentified militia (described as bandits) killed two people and injured two others in Lolmolog and Nkusoro villages (coded as Lolmolog, Samburu Central, Samburu). Some sources mention that unknown number of livestock was stolen.",2,NA,1699385307,1884
"171","KEN11325","04 April 2023",2023,1,"Political violence","Battles","Armed clash","Police Forces of Kenya (2022-)",NA,1,"Unidentified Ethnic Militia (Kenya)","Pastoralists (Kenya)",4,14,NA,404,"Eastern Africa","Kenya","Samburu","Samburu North","Ndoto","Loikumkum",1.6848,37.1384,1,"K24; Kenya Broadcasting Corporation; National Police Service-Kenya","Other-National","On 4 April 2023, unknown militia (described as bandits) made away with 10 camels at Mpaas area of Loikumkum (Samburu North, Samburu) stolen from a grazing field. Police subdued the militia and recovered six camels. Casualties unknown.",0,NA,1699385308,1885
"172","KEN11331","03 April 2023",2023,1,"Political violence","Violence against civilians","Attack","Samburu Ethnic Militia (Kenya)","Pastoralists (Kenya)",4,"Civilians (Kenya)","Pastoralists (Kenya)",7,47,"Civilian targeting",404,"Eastern Africa","Kenya","Laikipia","Laikipia North","Segera","Doldol",0.1817,37.0092,1,"Citizen (Kenya); Daily Nation (Kenya); Kenya Broadcasting Corporation; Kenyans.co","National","On 3 April 2023, over 20 suspected Samburu militia (described as bandits) shot dead a herder, before driving away with 17 camels in Doldol town (Laikipia North, Laikipia). 10 Camels were later recovered by the police (coded separately).",1,NA,1681225749,1886
"173","KEN11347","02 April 2023",2023,1,"Strategic developments","Strategic developments","Looting/property destruction","Maasai Ethnic Militia (Kenya)","Pastoralists (Kenya)",4,"Civilians (Kenya)",NA,7,47,NA,404,"Eastern Africa","Kenya","Nakuru","Naivasha","Mai Mahiu","Mai Mahiu",-0.9838,36.5899,1,"K24; Star (Kenya)","National","Property destruction: On 2 April 2023, suspected Maasai herders set ablaze homes and offices of Utheri wa Lari farm in Mai Mahiu, (Naivasha, Nakuru) following a land dispute. Property worth millions of shillings was destroyed.",0,NA,1699385307,1890
"174","KEN11362","01 April 2023",2023,2,"Political violence","Explosions/Remote violence","Remote explosive/landmine/IED","Al Shabaab",NA,2,"Civilians (Kenya)","Pastoralists (Kenya)",7,27,"Civilian targeting",404,"Eastern Africa","Kenya","Garissa","Ijara","Ijara","Ijara",-1.5952,40.5144,1,"Star (Kenya)","National","Around 1 April 2023 (as reported), a suspected Al Shabaab explosive device detonated, injuring a herder in the Dadwesa area of Ijara (Ijara, Garissa) after the herder tinkered with it.",0,NA,1681225749,1894
"175","KEN11311","31 March 2023",2023,2,"Political violence","Violence against civilians","Attack","Unidentified Ethnic Militia (Kenya)","Pastoralists (Kenya)",4,"Civilians (Kenya)","Women (Kenya); Pastoralists (Kenya)",7,47,"Civilian targeting",404,"Eastern Africa","Kenya","Samburu","Samburu Central","Suguta Marmar","Longewan",0.858,36.5422,1,"Citizen (Kenya)","National","Around 31 March 2023 (as reported), suspected Pokot militia attacked and beat up a woman herder in Longewan (Samburu Central, Samburu) before driving away with unknown number of goats.",0,NA,1680542328,1900
"176","KEN11259","29 March 2023",2023,1,"Political violence","Violence against civilians","Attack","Pokot Ethnic Militia (Kenya)","Pastoralists (Kenya)",4,"Civilians (Kenya)","Pastoralists (Kenya)",7,47,"Civilian targeting",404,"Eastern Africa","Kenya","Baringo","Baringo North","Saimo","Yatya",0.7879,35.9108,1,"Kenya Broadcasting Corporation; NTV (Kenya)","New media-National","On 29 March 2023, suspected Pokot militia (believed to be from neighboring Tiaty sub-county) shot dead a man in Yatya (Baringo North, Baringo) before driving away with unknown number of livestock",1,NA,1680542327,1933
"177","KEN11294","28 March 2023",2023,2,"Strategic developments","Strategic developments","Non-violent transfer of territory","Unidentified Ethnic Militia (Kenya)","Pastoralists (Kenya)",4,NA,NA,0,40,NA,404,"Eastern Africa","Kenya","Lamu","Lamu West","Witu","Witu",-2.3889,40.4382,3,"Star (Kenya)","National","Around 28 March 2023 (as reported), hundreds of unidentified herders (described as non-local herders from Tana River, Garissa, and neighboring counties) invaded various areas of Lamu county (coded as Witu, Lamu West, Lamu) in search of water and pasture for their livestock.",0,NA,1680542328,1938
"178","KEN11308","25 March 2023",2023,2,"Political violence","Violence against civilians","Attack","Unidentified Ethnic Militia (Kenya)","Pastoralists (Kenya)",4,"Civilians (Kenya)","Pastoralists (Kenya)",7,47,"Civilian targeting",404,"Eastern Africa","Kenya","Samburu","Samburu East","Waso","Archers Post",0.644,37.6752,2,"Kenya Broadcasting Corporation","National","Around 25 March 2023 (as reported), unidentified militia (described as bandits) shot and killed two people in Lorumbae village near Archers Post (Samburu East, Samburu). The motive of the attack remains unclear.",2,NA,1680542328,1988
"179","KEN11222","24 March 2023",2023,1,"Political violence","Violence against civilians","Attack","Unidentified Ethnic Militia (Kenya)",NA,4,"Civilians (Kenya)","Pastoralists (Kenya)",7,47,"Civilian targeting",404,"Eastern Africa","Kenya","Samburu","Samburu East","Waso","Archers Post",0.644,37.6752,2,"Citizen (Kenya)","National","On 24 March 2023, unidentified militia (described as bandits) shot and killed three herders at Lolurubai near Archers Post (Samburu East, Samburu) before driving away with 93 heads of cattle. The motive was allegedly due to a retaliatory attack.",3,NA,1679931186,1993
"180","KEN11261","23 March 2023",2023,2,"Strategic developments","Strategic developments","Looting/property destruction","Pokot Ethnic Militia (Kenya)","Pastoralists (Kenya)",4,"Civilians (Kenya)",NA,7,47,NA,404,"Eastern Africa","Kenya","Samburu","Samburu North","El Barta","Baragoi",1.7833,36.7833,2,"Star (Kenya)","National","Looting: Around 23 March 2023 (as reported), suspected Pokot militia (described as coming from Baringo) raided Nookera village (coded as Baragoi, Samburu North, Samburu), before making away with about 80 goats and sheep.",0,NA,1680542327,1995
"181","KEN11216","22 March 2023",2023,1,"Political violence","Violence against civilians","Attack","Pokot Ethnic Militia (Kenya)","Pastoralists (Kenya)",4,"Civilians (Kenya)","Pastoralists (Kenya)",7,47,"Civilian targeting",404,"Eastern Africa","Kenya","Elgeyo Marakwet","Marakwet East","Endo","Chesongoch",1.1333,35.6333,1,"Daily Nation (Kenya)","National","On 22 March 2023, suspected armed Pokot militia (described to be from the neighboring Tiaty West sub-county) attacked and killed one herder at Samar grazing field in Chesongoch (Marakwet East, Elgeyo Marakwet). The motive of the killing remains unclear.",1,NA,1679931186,2001
"182","KEN11217","22 March 2023",2023,1,"Political violence","Violence against civilians","Attack","Pokot Ethnic Militia (Kenya)","Pastoralists (Kenya)",4,"Civilians (Kenya)","Pastoralists (Kenya)",7,47,"Civilian targeting",404,"Eastern Africa","Kenya","Baringo","Baringo North","Saimo","Kosile",0.7507,35.9401,1,"Citizen (Kenya); Daily Nation (Kenya)","National","On 22 March 2023, suspected armed Pokot militia (described to be from the neighboring Tiaty West sub-county) shot dead one herder before driving away with unknown number of livestock in Kosile (Baringo North, Baringo).",1,NA,1679931186,2002
"183","KEN11218","22 March 2023",2023,1,"Strategic developments","Strategic developments","Looting/property destruction","Pokot Ethnic Militia (Kenya)","Pastoralists (Kenya)",4,"Civilians (Kenya)","Pastoralists (Kenya)",7,47,NA,404,"Eastern Africa","Kenya","Baringo","Baringo North","Saimo","Ngaratuko",0.7299,35.9763,1,"Citizen (Kenya); Daily Nation (Kenya)","National","Looting: On 22 March 2023, suspected Pokot militia (described to be from the neighboring Tiaty West sub-county) raided Ngaratuko village (Baringo North, Baringo) before driving away with unknown number of livestock.",0,NA,1679931186,2003
"184","KEN11220","22 March 2023",2023,1,"Strategic developments","Strategic developments","Looting/property destruction","Unidentified Ethnic Militia (Kenya)",NA,4,"Civilians (Kenya)","Pastoralists (Kenya)",7,47,NA,404,"Eastern Africa","Kenya","Turkana","Loima","Turkwel","Kakong",3.0225,35.5665,1,"Citizen (Kenya)","National","Looting: On 22 March 2023, around 10 unidentified militia (described as bandits) raided Kakong (Loima, Turkana) before driving away with close to 100 livestock.",0,NA,1679931186,2004
"185","KEN11221","22 March 2023",2023,1,"Political violence","Violence against civilians","Attack","Unidentified Ethnic Militia (Kenya)",NA,4,"Civilians (Kenya)","Pastoralists (Kenya)",7,47,"Civilian targeting",404,"Eastern Africa","Kenya","Elgeyo Marakwet","Marakwet East","Endo","Tot",1.2,35.65,2,"Citizen (Kenya)","National","On 22 March 2023, unidentified militia (described as bandits) shot and killed one person in Murukutwo near Tot (Marakwet East, Elgeyo Marakwet) before driving away with more than 60 livestock.",1,NA,1679931186,2005
"186","KEN11224","22 March 2023",2023,1,"Political violence","Violence against civilians","Attack","Unidentified Ethnic Militia (Kenya)",NA,4,"Civilians (Kenya)","Pastoralists (Kenya); Government of Kenya (2022-)",7,47,"Civilian targeting",404,"Eastern Africa","Kenya","Samburu","Samburu Central","Loosuk","Pura",1.13,36.5278,2,"Citizen (Kenya)","National","On 22 March 2023, an unidentified militia (described as cattle thieves) shot at three herders and the area assistant chief at Loosuk village (coded as Pura, Loosuk, Samburu Central, Samburu) before driving away with 100 livestock. The herders and the assistant chief escaped unhurt.",0,"local administrators",1687837292,2008
"187","KEN11304","21 March 2023",2023,1,"Political violence","Violence against civilians","Attack","Unidentified Ethnic Militia (Kenya)","Pastoralists (Kenya)",4,"Civilians (Kenya)","Pastoralists (Kenya)",7,47,"Civilian targeting",404,"Eastern Africa","Kenya","Isiolo","Isiolo","Bula Pesa","Isiolo",0.3546,37.5822,3,"Star (Kenya)","National","On 21 March 2023, unidentified militia (described as rustlers) attempted to steal animals, before shooting and killing a herder in Eremiet location (coded to the county headquarters as Isiolo, Isiolo, Isiolo).",1,NA,1680542328,2011
"188","KEN11212","20 March 2023",2023,1,"Political violence","Violence against civilians","Attack","Pokot Ethnic Militia (Kenya)","Pastoralists (Kenya)",4,"Civilians (Kenya)",NA,7,47,"Civilian targeting",404,"Eastern Africa","Kenya","Baringo","Marigat","Marigat","Makutani",0.5,36,2,"Kenya Broadcasting Corporation","National","On 20 March 2023, suspected Pokot militia (believed to be from Tiaty constituency) shot and injured one person at Noosukuro in Baringo South (coded as Makutani, Marigat, Baringo).",0,NA,1679931186,2034
"189","KEN11309","20 March 2023",2023,1,"Political violence","Battles","Armed clash","Unidentified Ethnic Militia (Kenya)","Pastoralists (Kenya)",4,"Unidentified Ethnic Militia (Kenya)","Pastoralists (Kenya)",4,44,NA,404,"Eastern Africa","Kenya","Samburu","Samburu North","Nachola","Marti",1.4771,36.7236,1,"Star (Kenya)","National","On 20 March 2023, unidentified militia (described as bandits) raided and killed 12 cows and made away with 30 others in Marti (Samburu North, Samburu) before being repulsed by the herders. One militant was killed during the incident.",1,NA,1680542328,2036
"190","KEN11161","19 March 2023",2023,1,"Political violence","Violence against civilians","Attack","Pokot Ethnic Militia (Kenya)","Pastoralists (Kenya)",4,"Civilians (Kenya)",NA,7,47,"Civilian targeting",404,"Eastern Africa","Kenya","Baringo","Baringo North","Saimo","Kosile",0.7507,35.9401,1,"Daily Nation (Kenya)","National","On 19 March 2023, suspected Pokot Militia (believed to be from neighboring Tiaty sub-county) shot dead one man and injured another before making away with six cows and several goats in Kosile (Baringo North, Baringo). The animals were later recovered by the police.",1,NA,1679931185,2054
"191","KEN11162","19 March 2023",2023,1,"Political violence","Violence against civilians","Attack","Unidentified Ethnic Militia (Kenya)","Pastoralists (Kenya)",4,"Civilians (Kenya)","Pastoralists (Kenya)",7,47,"Civilian targeting",404,"Eastern Africa","Kenya","West Pokot","Pokot Central","Wei Wei","Sigor",1.4845,35.4717,2,"Daily Nation (Kenya); Daily Post (Kenya); Kenyans.co","National","On 19 March 2023, unidentified militia (described as bandits) shot dead one man at the Ramos gold mines area before driving away with an unknown number of livestock from Takaiywa village, along the West Pokot-Turkana counties border (coded as Sigor, Pokot Central West Pokot).",1,NA,1679931185,2055
"192","KEN11163","19 March 2023",2023,1,"Strategic developments","Strategic developments","Agreement","Pokot Ethnic Militia (Kenya)","Pastoralists (Kenya)",4,"Turkana Ethnic Militia (Kenya)","Pastoralists (Kenya)",4,44,NA,404,"Eastern Africa","Kenya","West Pokot","Pokot Central","Wei Wei","Sigor",1.4845,35.4717,2,"Daily Nation (Kenya)","National","On 19 March 2023, presumed members of the Pokot and Turkana communities had a peace agreement to draw water from the same borehole in the Kaptolong'o area along the West Pokot-Turkana counties border (coded as Sigor, Pokot Central West Pokot).",0,NA,1679931185,2056
"193","KEN11156","18 March 2023",2023,1,"Strategic developments","Strategic developments","Looting/property destruction","Pokot Ethnic Militia (Kenya)","Pastoralists (Kenya)",4,"Civilians (Kenya)",NA,7,47,NA,404,"Eastern Africa","Kenya","Baringo","Marigat","Mukutani","Chemorongion",0.4673,36.1935,1,"Citizen (Kenya)","National","Looting: On 18 March 2023, suspected Pokot militia attacked Chemorongion (Marigat Baringo) and made away with over 60 cows and 120 goats.",0,NA,1679931185,2063
"194","KEN11332","18 March 2023",2023,2,"Political violence","Violence against civilians","Attack","Somali Ethnic Militia (Kenya)","Pastoralists (Kenya)",4,"Civilians (Kenya)",NA,7,47,"Civilian targeting",404,"Eastern Africa","Kenya","Kitui","Kitui East","Endau","Malalani",-1.35,38.55,2,"People Daily","National","Around 18 March 2023 (as reported), suspected Somali militia (described as bandits) attacked and killed two civilians in Yimbiti area of Endau / Malalani ward (coded as Malalani, Kitui East, Kitui). The motive was due to a retaliatory attack (coded separately).",2,NA,1681225749,2064
"195","KEN11135","17 March 2023",2023,1,"Political violence","Violence against civilians","Attack","Unidentified Ethnic Militia (Kenya)","Pastoralists (Kenya)",4,"Civilians (Kenya)","Pastoralists (Kenya)",7,47,"Civilian targeting",404,"Eastern Africa","Kenya","Baringo","Baringo North","Saimo","Yatya",0.7879,35.9108,1,"NTV (Kenya)","New media","On 17 March 2023, unidentified militia (described as bandits) shot and injured two herders before making away with 42 heads of cattle in Yatya (Baringo North, Baringo).",0,NA,1679360328,2069
"196","KEN11151","16 March 2023",2023,1,"Political violence","Violence against civilians","Attack","Pokot Ethnic Militia (Kenya)","Pastoralists (Kenya)",4,"Civilians (Kenya)","Pastoralists (Kenya)",7,47,"Civilian targeting",404,"Eastern Africa","Kenya","Samburu","Samburu Central","Suguta Marmar","Longewan",0.858,36.5422,1,"Citizen (Kenya)","National","On 16 March 2023, overnight, suspected Pokot Militia shot and injured one person before making away with 150 goats in Longewan (Samburu Central, Samburu).",0,NA,1679360328,2085
"197","KEN11154","16 March 2023",2023,1,"Political violence","Battles","Armed clash","Police Forces of Kenya (2022-)",NA,1,"Pokot Ethnic Militia (Kenya)","Pastoralists (Kenya)",4,14,NA,404,"Eastern Africa","Kenya","Baringo","Tiaty","Ribkwo","Seretion",0.8975,35.9562,2,"Star (Kenya)","National","On 16 March 2023, a multi-agency security team (coded as police) engaged suspected Pokot militia (described as bandits) in an armed clash (coded as Seretion, Tiaty, Baringo) and recovered 87 cows and 26 goats that had been previously stolen from Chemoe and Kagir villages (coded separately). Casualties unknown.",0,NA,1679931185,2087
"198","KEN11313","16 March 2023",2023,1,"Political violence","Violence against civilians","Attack","Unidentified Ethnic Militia (Kenya)",NA,4,"Civilians (Kenya)","Pastoralists (Kenya)",7,47,"Civilian targeting",404,"Eastern Africa","Kenya","Marsabit","Saku","Marsabit Central","Marsabit",2.333,37.983,1,"Daily Nation (Kenya)","National","On 16 March 2023, unknown assailants (described as bandits) shot dead two herders before making away with unknown number of livestock in Marsabit forest (Saku, Marsabit).",2,NA,1680542328,2088
"199","KEN11133","16 March 2023",2023,1,"Political violence","Explosions/Remote violence","Air/drone strike","Military Forces of Kenya (2022-)",NA,1,"Pokot Ethnic Militia (Kenya)","Pastoralists (Kenya)",4,14,NA,404,"Eastern Africa","Kenya","Baringo","Marigat","Mochongoi","Lamaiwe",0.3424,36.2457,1,"Citizen (Kenya); Daily Nation (Kenya); NTV (Kenya)","New media-National","On 16 March 2023, the joint military-police security teams (coded military) helicopters bombed the Korkoron and Tandar hills in Lamaiwe (Marigat Baringo) for allegedly harboring suspected Pokot pastoral militia. Casualties unknown.",0,NA,1681225749,2089
"200","KEN11328","16 March 2023",2023,1,"Political violence","Violence against civilians","Attack","Kamba Ethnic Militia (Kenya)",NA,4,"Civilians (Kenya)","Somali Ethnic Group (Kenya); Pastoralists (Kenya)",7,47,"Civilian targeting",404,"Eastern Africa","Kenya","Kitui","Kitui East","Endau","Malalani",-1.35,38.55,1,"People Daily","National","On 16 March 2023, Kamba militia attacked Somali herders in Yimbiti area of Endau / Malalani ward (coded as Malalani, Kitui East, Kitui). Casualties unknown.",0,NA,1681225749,2090
"201","KEN11127","15 March 2023",2023,1,"Strategic developments","Strategic developments","Looting/property destruction","Pokot Ethnic Militia (Kenya)","Pastoralists (Kenya)",4,"Civilians (Kenya)","Pastoralists (Kenya)",7,47,NA,404,"Eastern Africa","Kenya","Baringo","Baringo North","Bartabwa","Bartabwa",0.8378,35.8099,2,"Citizen (Kenya)","National","Looting: On 15 March 2023, suspected Pokot militia made away with about 209 livestock from Kagir village, near Bartabwa (Baringo North, Baringo), and was taken towards the neighboring Tiaty sub-county.",0,NA,1679360328,2093
"202","KEN11137","15 March 2023",2023,1,"Political violence","Violence against civilians","Attack","Pokot Ethnic Militia (Kenya)","Pastoralists (Kenya)",4,"Civilians (Kenya)",NA,7,47,"Civilian targeting",404,"Eastern Africa","Kenya","Turkana","Turkana Central","Lodwar Township","Lorogon",3.1277,35.5978,1,"Citizen (Kenya); Daily Nation (Kenya)","National","On 15 March 2023, suspected Pokot militia shot dead one man in Lorogon (Turkana Central, Turkana). The militia did not steal any livestock.",1,NA,1679360328,2094
"203","KEN11139","15 March 2023",2023,2,"Demonstrations","Protests","Peaceful protest","Protesters (Kenya)","Pastoralists (Kenya)",6,NA,NA,0,60,NA,404,"Eastern Africa","Kenya","Lamu","Lamu West","Witu","Witu",-2.3889,40.4382,2,"Star (Kenya)","National","Around 15 March 2023 (as reported), a section of pastoralists protested against the lack of speed bumps on the Lamu-Witu-Garsen road (coded as Witu, Lamu West, Lamu) following increased accidents. Led by the Lamu pastoralist community spokesperson, the group demanded that the Kenya National Highways Authority (KeNHA) erect permanent speed bumps on the road.",0,"crowd size=no report",1679360328,2095
"204","KEN11144","15 March 2023",2023,1,"Political violence","Battles","Armed clash","Pokot Ethnic Militia (Kenya)","Pastoralists (Kenya)",4,"Police Forces of Kenya (2022-)",NA,1,14,NA,404,"Eastern Africa","Kenya","Baringo","Marigat","Mukutani","Chemorongion",0.4673,36.1935,1,"Citizen (Kenya); Daily Nation (Kenya)","National","On 15 March 2023, suspected Pokot militia (believed to be from Tiaty subcounty), attacked Chemorongion (Marigat Baringo), before being repulsed by security officers (coded as police). Casualties unknown.",0,NA,1698071505,2101
"205","KEN11125","14 March 2023",2023,1,"Political violence","Violence against civilians","Attack","Samburu Ethnic Militia (Kenya)","Pastoralists (Kenya)",4,"Civilians (Kenya)","Pastoralists (Kenya)",7,47,"Civilian targeting",404,"Eastern Africa","Kenya","Isiolo","Isiolo","Burat","Burat",0.4271,37.4419,2,"Daily Nation (Kenya)","National","On 14 March 2023, suspected Samburu militia (described as coming from neighboring Samburu County) shot dead two herders before making away with hundreds of camels at a grazing field in LMD in Burat ward (coded as Burat, Isiolo, Isiolo). Security officers later recovered most of the camels.",2,NA,1679360328,2106
"206","KEN11130","14 March 2023",2023,1,"Political violence","Explosions/Remote violence","Remote explosive/landmine/IED","Al Shabaab",NA,2,"Civilians (Kenya)","Pastoralists (Kenya)",7,27,"Civilian targeting",404,"Eastern Africa","Kenya","Mandera","Mandera East","Arabia","Lafey",3.6704,41.5814,2,"Star (Kenya)","National","On 14 March 2023, a suspected Al Shabaab explosive device detonated, injuring a herder in the Qombiso area of Mandera East (coded as Lafey, Mandera East, Mandera) after the herder tinkered with it.",0,NA,1679360328,2107
"207","KEN11121","14 March 2023",2023,1,"Political violence","Violence against civilians","Attack","Pokot Ethnic Militia (Kenya)","Pastoralists (Kenya)",4,"Civilians (Kenya)","Pastoralists (Kenya)",7,47,"Civilian targeting",404,"Eastern Africa","Kenya","Baringo","Baringo North","Bartabwa","Bartabwa",0.8378,35.8099,2,"Citizen (Kenya); Daily Nation (Kenya)","National","On 14 March 2023, suspected Pokot militia (believed to be from Tiaty subcounty) shot dead one man before driving away more than 200 livestock in Kagir village, near Bartabwa (Baringo North, Baringo).",1,NA,1679931185,2108
"208","KEN11102","12 March 2023",2023,2,"Political violence","Violence against civilians","Attack","Pokot Ethnic Militia (Kenya)","Pastoralists (Kenya)",4,"Civilians (Kenya)","Pastoralists (Kenya)",7,47,"Civilian targeting",404,"Eastern Africa","Kenya","Laikipia","Laikipia West","Rumuruti Township","Ngarua",0.3696,36.449,2,"Citizen (Kenya); Kenya Broadcasting Corporation; Star (Kenya)","National","Around 12 March 2023 (as reported), unknown gunmen suspected to be Pokot militia shot dead a man before making away with 120 sheep and goats in Kieni village near Ngarua (Laikipia West, Laikipia). The livestock were later traced to Engerecha area in Baringo County.",1,NA,1679360328,2122
"209","KEN11103","11 March 2023",2023,1,"Political violence","Violence against civilians","Attack","Pokot Ethnic Militia (Kenya)","Pastoralists (Kenya)",4,"Civilians (Kenya)","Pastoralists (Kenya)",7,47,"Civilian targeting",404,"Eastern Africa","Kenya","Turkana","Turkana Central","Lodwar Township","Lorogon",3.1277,35.5978,1,"Daily Nation (Kenya)","National","On 11 March 2023, suspected Pokot militia (described as bandits from the neighboring West Pokot county) shot dead two people and injured four others in Lorogon (Turkana Central, Turkana). The militia made away with unknown number of livestock.",2,NA,1679360328,2131
"210","KEN11104","10 March 2023",2023,1,"Political violence","Battles","Armed clash","Pokot Ethnic Militia (Kenya)","Pastoralists (Kenya)",4,"Police Forces of Kenya (2022-)",NA,1,14,NA,404,"Eastern Africa","Kenya","Baringo","Marigat","Mukutani","Chemorongion",0.4673,36.1935,1,"Daily Nation (Kenya)","National","On 10 March 2023, suspected Pokot militia (described as coming from the neighboring Tiaty sub-county) ambushed herders on a grazing field in Chemorongion (Marigat, Baringo) and attempted to make away with 17 goats before being repulsed by the police. Casualties unknown.",0,NA,1679360328,2140
"211","KEN11108","10 March 2023",2023,1,"Strategic developments","Strategic developments","Looting/property destruction","Pokot Ethnic Militia (Kenya)","Pastoralists (Kenya)",4,"Civilians (Kenya)","Pastoralists (Kenya)",7,47,NA,404,"Eastern Africa","Kenya","Laikipia","Laikipia West","Githiga","Kinamba",0.419,36.3274,2,"National Police Service-Kenya; Star (Kenya); TUKO","Other-National","Looting: On 10 March 2023, suspected Pokot militia (described as bandits and believed to be from Baringo county), stormed and made away with over 80 sheep and one goat in Ndindika village near Kinamba (Laikipia West, Laikipia). The livestock were later recovered by security officers in the Lolumoru area in Baringo county.",0,NA,1679360328,2141
"212","KEN11064","07 March 2023",2023,1,"Political violence","Violence against civilians","Attack","Unidentified Ethnic Militia (Kenya)","Pastoralists (Kenya)",4,"Civilians (Kenya)","Pastoralists (Kenya); Health Workers (Kenya)",7,47,"Civilian targeting",404,"Eastern Africa","Kenya","Elgeyo Marakwet","Marakwet West","Arror","Arror",0.933,35.6173,1,"Daily Nation (Kenya); People Daily","National","On 7 March 2023, unidentified militia (believed to have crossed to Baringo county), shot dead a health worker (lab technician) before making away with more than 40 goats he was grazing in at Kapkata within Arror, (Marakwet West, Elgeyo Marakwet).",1,NA,1678730844,2152
"213","KEN11065","07 March 2023",2023,1,"Political violence","Violence against civilians","Attack","Unidentified Ethnic Militia (Kenya)","Pastoralists (Kenya)",4,"Civilians (Kenya)","Health Workers (Kenya)",7,47,"Civilian targeting",404,"Eastern Africa","Kenya","Elgeyo Marakwet","Marakwet East","Endo","Endo",1.2667,35.6167,2,"Daily Nation (Kenya); People Daily","National","On 7 March 2023, unidentified militia (believed to have crossed to Baringo county) shot dead a health worker (nurse) at Kowow village or Sangach near Endo (Marakwet East, Elgeyo Marakwet). The motive of the attack remains unclear.",1,NA,1678730844,2153
"214","KEN11063","06 March 2023",2023,1,"Political violence","Violence against civilians","Attack","Unidentified Ethnic Militia (Kenya)","Pastoralists (Kenya)",4,"Civilians (Kenya)",NA,7,47,"Civilian targeting",404,"Eastern Africa","Kenya","Turkana","Turkana Central","Lodwar Township","Lokwar",3.1157,35.6042,2,"Daily Nation (Kenya)","National","On 6 March 2023, unidentified militia (described as bandits) ambushed motorists on the Kitale- Lodwar highway at Naoyaregae bridge near Lokwar (Turkana Central, Turkana). Casualties unknown.",0,NA,1678730844,2161
"215","KEN11061","05 March 2023",2023,1,"Strategic developments","Strategic developments","Looting/property destruction","Unidentified Ethnic Militia (Kenya)","Pastoralists (Kenya)",4,"Civilians (Kenya)",NA,7,47,NA,404,"Eastern Africa","Kenya","Turkana","Kibish","Kaaleng","Kaakong",4.354,35.524,1,"Daily Nation (Kenya)","National","Property destruction: On 5 March 2023, overnight, unidentified militia (described as bandits) invaded and vandalized buildings and equipment, including the water tank, at Kaakong Primary School (Kibish, Turkana).",0,NA,1678730844,2164
"216","KEN11062","05 March 2023",2023,1,"Strategic developments","Strategic developments","Looting/property destruction","Turkana Ethnic Militia (Kenya)","Pastoralists (Kenya)",4,"Civilians (Kenya)",NA,7,47,NA,404,"Eastern Africa","Kenya","West Pokot","Pokot South","Batei","Ptarkong",1.3233,35.3805,2,"NTV (Kenya)","New media","Looting: On 5 March 2023, suspected Turkana militia (described as coming from Turkana county) raided and made away with tens of livestock from three areas in Pokot south sub county (coded as Ptarkong, Pokot South, West Pokot).",0,NA,1678730844,2165
"217","KEN11059","05 March 2023",2023,1,"Political violence","Battles","Armed clash","Unidentified Ethnic Militia (Kenya)","Pastoralists (Kenya)",4,"Police Forces of Kenya (2022-) National Police Reservists",NA,1,14,NA,404,"Eastern Africa","Kenya","Baringo","Tiaty","Ribkwo","Seretion",0.8975,35.9562,1,"Daily Nation (Kenya)","National","On 5 March 2023, unidentified militia (described as bandits) staged a retaliatory attack in Seretion village (Tiaty, Baringo), following the joint military-police security teams bombing of their hideouts in Korkoron and Tandar hills (coded separately). One police reservist was injured, and the militia made away with more than 200 head of livestock.",0,NA,1679360211,2170
"218","KEN11060","05 March 2023",2023,1,"Political violence","Violence against civilians","Attack","Unidentified Ethnic Militia (Kenya)","Pastoralists (Kenya)",4,"Civilians (Kenya)","Government of Kenya (2022-)",7,47,"Civilian targeting",404,"Eastern Africa","Kenya","Turkana","Kibish","Kaaleng","Kaakong",4.354,35.524,1,"Daily Nation (Kenya); People Daily","National","On 5 March 2023, unidentified militia (described as bandits) opened fire on two Turkana county employees traveling on the Kitale-Lodwar road at Kaakong (Kibish, Turkana). The employees escaped unhurt.",0,"local administrators",1687837292,2172
"219","KEN11055","04 March 2023",2023,1,"Political violence","Violence against civilians","Attack","Unidentified Ethnic Militia (Kenya)","Pastoralists (Kenya)",4,"Civilians (Kenya)",NA,7,47,"Civilian targeting",404,"Eastern Africa","Kenya","Samburu","Samburu North","Nachola","Marti",1.4771,36.7236,1,"Citizen (Kenya); Daily Nation (Kenya); Star (Kenya)","National","On 4 March 2023, three unidentified militia (described as bandits) shot dead two children before making away with an unknown number of livestock in Marti (Samburu North, Samburu).",2,NA,1678730844,2173
"220","KEN11056","04 March 2023",2023,1,"Political violence","Violence against civilians","Attack","Unidentified Ethnic Militia (Kenya)","Pastoralists (Kenya)",4,"Civilians (Kenya)",NA,7,47,"Civilian targeting",404,"Eastern Africa","Kenya","Turkana","Turkana South","Katilu","Kalemngorok",2.1339,35.4952,1,"Daily Nation (Kenya)","National","On 4 March 2023, unidentified militia (described as bandits) shot and killed two people and injured at least four in Kalemngorok (Turkana South, Turkana). The motive was due to a retaliatory attack.",2,NA,1678730844,2174
"221","KEN11057","04 March 2023",2023,1,"Political violence","Violence against civilians","Attack","Pokot Ethnic Militia (Kenya)","Pastoralists (Kenya)",4,"Civilians (Kenya)","Pastoralists (Kenya)",7,47,"Civilian targeting",404,"Eastern Africa","Kenya","Turkana","Turkana South","Kaputir","Nakwamoru",2.1259,35.4052,1,"Kenya Standard","National","On 4 March 2023, suspected Pokot militia (described as bandits from West Pokot county), attacked Nakwamoru (Turkana South, Turkana), before making away with 250 goats. The motive was due to a retaliatory attack. There were no casualties.",0,NA,1678730844,2175
"222","KEN11058","04 March 2023",2023,1,"Political violence","Violence against civilians","Attack","Turkana Ethnic Militia (Kenya)","Pastoralists (Kenya)",4,"Civilians (Kenya)","Pastoralists (Kenya)",7,47,"Civilian targeting",404,"Eastern Africa","Kenya","West Pokot","Pokot Central","Wei Wei","Sigor",1.4845,35.4717,2,"Kenya Standard","National","On 4 March 2023, more than 50 suspected Turkana militia (described as coming from Turkana county) shot and injured a herder before making away with more than 2000 cattle in Masol near Sigor (Pokot Central, West Pokot)",0,NA,1678730844,2176
"223","KEN11081","04 March 2023",2023,1,"Political violence","Explosions/Remote violence","Air/drone strike","Military Forces of Kenya (2022-)",NA,1,"Unidentified Ethnic Militia (Kenya)","Pastoralists (Kenya); Civilians (Kenya)",4,14,NA,404,"Eastern Africa","Kenya","Turkana","Turkana South","Katilu","Kalemngorok",2.1339,35.4952,1,"Daily Nation (Kenya); Kenya Standard","National","On 4 March 2023, the military conducted an aerial bombardment at a livestock market within Kalemngorok (Turkana South, Turkana) as they pursued suspected pastoral militia. Several people were injured during the incident.",0,NA,1680542327,2180
"224","KEN11054","04 March 2023",2023,1,"Political violence","Violence against civilians","Attack","Unidentified Ethnic Militia (Kenya)","Pastoralists (Kenya)",4,"Civilians (Kenya)","Pastoralists (Kenya)",7,47,"Civilian targeting",404,"Eastern Africa","Kenya","Samburu","Samburu Central","Suguta Marmar","Lolmolog",0.9381,36.499,1,"Citizen (Kenya); Daily Nation (Kenya); Star (Kenya)","National","On 4 March 2023, two unidentified militia (described as bandits) shot dead two herders before driving away with unknown number of goats from the grazing field in Lolmolok, also known as Lolmolog (Samburu Central, Samburu).",2,NA,1699385307,2181
"225","KEN11078","03 March 2023",2023,1,"Political violence","Explosions/Remote violence","Air/drone strike","Military Forces of Kenya (2022-)",NA,1,"Unidentified Ethnic Militia (Kenya)","Pastoralists (Kenya)",4,14,NA,404,"Eastern Africa","Kenya","Baringo","Marigat","Mochongoi","Lamaiwe",0.3424,36.2457,1,"Daily Nation (Kenya)","National","On 3 March 2023, joint military-police security teams (coded military) bombed (via aerial bombardment) the Korkoron and Tandar hills in Lamaiwe (Marigat, Baringo) for allegedly harboring pastoral militia. No further details. Casualties unknown.",0,NA,1680542327,2185
"226","KEN11053","01 March 2023",2023,2,"Strategic developments","Strategic developments","Looting/property destruction","Unidentified Ethnic Militia (Kenya)","Pastoralists (Kenya)",4,"Civilians (Kenya)","Health Workers (Kenya)",7,47,NA,404,"Eastern Africa","Kenya","Elgeyo Marakwet","Marakwet East","Endo","Endo",1.2667,35.6167,2,"Daily Nation (Kenya)","National","Looting: Around 1 March 2023 (week of), unidentified militia (described as bandits) raided and made away with 40 goats from a home of a health worker (nurse) at Kowow village or Sangach near Endo (Marakwet East, Elgeyo Marakwet).",0,NA,1678730844,2201
"227","KEN11038","01 March 2023",2023,1,"Political violence","Violence against civilians","Attack","Samburu Ethnic Militia (Kenya)","Pastoralists (Kenya)",4,"Civilians (Kenya)",NA,7,47,"Civilian targeting",404,"Eastern Africa","Kenya","Marsabit","Laisamis","Kargi","Kargi",2.508,37.5776,1,"Capital FM; Citizen (Kenya); Daily Nation (Kenya); Kenya Broadcasting Corporation; Star (Kenya)","National","On 1 March 2023, suspected Samburu militia (described as bandits from neighboring Samburu County) shot dead three herders (two children and a man), and injured one at Korolle area in Kargi (Laisamis, Marsabit). The militia made away with at least 1,000 goats and sheep. Police later intercepted (unspecified if there was a clash) the livestock on 2 March while heading to the Moyale livestock market.",3,NA,1681739330,2203
"228","KEN11039","28 February 2023",2023,2,"Strategic developments","Strategic developments","Other","Unidentified Ethnic Militia (Kenya)","Pastoralists (Kenya)",4,"Civilians (Kenya)",NA,7,47,NA,404,"Eastern Africa","Kenya","Nakuru","Naivasha","Lake View","Naivasha",-0.7202,36.4285,1,"Kenya Standard","National","Non-violent activity: Around 28 February 2023 (as reported), hundreds of unidentified herders invaded farms in Hell's gate National Park in Naivasha (Naivasha, Nakuru) in search of pasture.",0,NA,1686002317,2209
"229","KEN11016","26 February 2023",2023,1,"Strategic developments","Strategic developments","Change to group/activity","Government of Kenya (2022-)","Labor Group (Kenya)",1,NA,NA,0,10,NA,404,"Eastern Africa","Kenya","Lamu","Lamu West","Mkomami","Lamu",-2.2717,40.902,2,"Capital FM","National","Security measures: On 26 February 2023, the government while in Lamu (Lamu West, Lamu) declared a ban on the use of firearms by pastoralists to herd livestock.",0,NA,1679360211,2220
"230","KEN11029","25 February 2023",2023,1,"Political violence","Explosions/Remote violence","Air/drone strike","Military Forces of Kenya (2022-)",NA,1,"Unidentified Ethnic Militia (Kenya)","Pastoralists (Kenya)",4,14,NA,404,"Eastern Africa","Kenya","Samburu","Samburu North","El Barta","Baragoi",1.7833,36.7833,2,"Opera News (Kenya); Star (Kenya)","National","On 25 February 2023, the military bombed (via aerial bombardment) and destroyed parts of Kurkur caves near Baragoi (Samburu North, Samburu), as they pursued suspected gunmen who were on the run with stolen animals. At least 10 killed.",10,NA,1681225749,2221
"231","KEN11011","24 February 2023",2023,2,"Strategic developments","Strategic developments","Agreement","Police Forces of Kenya (2022-)",NA,1,"Unidentified Ethnic Militia (Kenya)","Pastoralists (Kenya)",4,14,NA,404,"Eastern Africa","Kenya","Baringo","Tiaty","Tirioko","Tiati",1.2972,35.9336,2,"Citizen (Kenya)","National","Around 24 February 2023 (as reported), police received 39 illegal firearms; 136 rounds of ammunition and one fragmented rifle grenade (FRG), surrendered by suspected pastoral militia (coded as Tiati, Tiaty, Baringo), during the arms surrender amnesty.",0,NA,1679360211,2229
"232","KEN11044","24 February 2023",2023,1,"Political violence","Battles","Armed clash","Pokot Ethnic Militia (Kenya)","Pastoralists (Kenya)",4,"Police Forces of Kenya (2022-) National Police Reservists",NA,1,14,NA,404,"Eastern Africa","Kenya","Samburu","Samburu Central","Maralal","Maralal",1.0968,36.698,3,"Citizen (Kenya); Kenya Broadcasting Corporation; NTV (Kenya); Star (Kenya); TUKO","New media-National","On 24 February 2023, overnight, suspected Pokot militia (described as bandits) attacked Lesilampa, Lekirishati, Lempoko and Lengoseg villages and drove away with seven cattle (other sources mention unknown number) in lkek -Sabuki area of Samburu county (coded to county headquarters as Maralal, Samburu Central, Samburu). A gun battle ensued as the joint security personnel (coded police) attempted to recover the animals. A chief, two police reservists and several militia and one cow were killed. Three civilians, several security officers were injured, and hundreds of residents displaced. Unknown fatalities coded as 3.",6,"local administrators",1699385307,2232
"233","KEN10951","22 February 2023",2023,1,"Political violence","Battles","Armed clash","Pokot Ethnic Militia (Kenya)","Pastoralists (Kenya)",4,"Military Forces of Kenya (2022-)","Police Forces of Kenya (2022-)",1,14,NA,404,"Eastern Africa","Kenya","Turkana","Turkana South","Lobokat","Kainuk",1.7745,35.506,1,"Citizen (Kenya); Daily Nation (Kenya); Kenyans.co","National","On 22 February 2023, dozens of suspected Pokot militia ambushed military and police officers, leading to a shoot-out in Kainuk (Turkana South, Turkana). Several militia were injured and two arrested by the police during the incident.",0,NA,1679360211,2244
"234","KEN10950","21 February 2023",2023,2,"Political violence","Violence against civilians","Attack","Pokot Ethnic Militia (Kenya)","Pastoralists (Kenya)",4,"Civilians (Kenya)","Pastoralists (Kenya)",7,47,"Civilian targeting",404,"Eastern Africa","Kenya","Turkana","Turkana East","Lokori","Lokwamosing",1.9918,35.9343,2,"Kenya Standard","National","Around 21 February 2023 (as reported), suspected Pokot militia shot dead two herders, before making away with unknown number of livestock at Kachalanga in Lokwamosing (Turkana East, Turkana).",2,NA,1677528688,2251
"235","KEN10949","20 February 2023",2023,1,"Political violence","Violence against civilians","Attack","Pokot Ethnic Militia (Kenya)","Pastoralists (Kenya)",4,"Civilians (Kenya)",NA,7,47,"Civilian targeting",404,"Eastern Africa","Kenya","Turkana","Turkana East","Lokori","Lokwii",1.983,36.105,2,"Daily Nation (Kenya)","National","On 20 February 2023, suspected Pokot militia attacked an area near Lokwii village (Turkana East, Turkana). Fatalities unknown.",0,NA,1677528688,2264
"236","KEN10980","19 February 2023",2023,1,"Demonstrations","Riots","Violent demonstration","Rioters (Kenya)",NA,5,NA,NA,0,50,NA,404,"Eastern Africa","Kenya","Isiolo","Isiolo","Bula Pesa","Isiolo",0.3546,37.5822,1,"Citizen (Kenya); Star (Kenya)","National","On 19 February 2023, residents barricaded the Taqwa mosque to Isiolo town road with stones, and lit bonfires in the central businesses district of Isiolo town (Isiolo, Isiolo), in a demonstration against the killing of 2 herders and national police reservists by armed militia [coded separately]. The group demanded the government increase security in the area.",0,"crowd size=no report",1677528688,2278
"237","KEN10946","19 February 2023",2023,1,"Political violence","Battles","Armed clash","Pokot Ethnic Militia (Kenya)","Pastoralists (Kenya)",4,"Police Forces of Kenya (2022-)","Police Forces of Kenya (2022-) National Police Reservists",1,14,NA,404,"Eastern Africa","Kenya","Baringo","Marigat","Mukutani","Arabal",0.5138,36.1756,1,"NTV (Kenya)","New media","On 19 February 2023, suspected Pokot militia attacked Arabal village (Marigat, Baringo) and attempted to make away with unknown number of livestock, before being repulsed by the police in conjunction with the national police reservists. There were no fatalities.",0,NA,1679360211,2281
"238","KEN10947","19 February 2023",2023,1,"Strategic developments","Strategic developments","Other","Samburu Ethnic Militia (Kenya)","Pastoralists (Kenya)",4,"Police Forces of Kenya (2022-)",NA,1,14,NA,404,"Eastern Africa","Kenya","Samburu","Samburu Central","Maralal","Maralal",1.0968,36.698,2,"Daily Nation (Kenya); NTV (Kenya); Star (Kenya)","New media-National","Other: On 19 February 2023, suspected Samburu militia surrendered 15 firearms to the police at Kirisia area and five from Lmarmaroi area [coded to county headquarters as Maralal, Samburu Central, Samburu], following the government arms amnesty.",0,NA,1679360211,2282
"239","KEN10948","19 February 2023",2023,1,"Political violence","Battles","Armed clash","Pokot Ethnic Militia (Kenya)","Pastoralists (Kenya)",4,"Police Forces of Kenya (2022-)",NA,1,14,NA,404,"Eastern Africa","Kenya","Turkana","Turkana East","Kapedo","Lomelo",1.5,35.9167,1,"Daily Nation (Kenya); Kenya Standard","National","On 19 February 2023, suspected Pokot militia (believed to have crossed over from Tiaty in Baringo), surrounded a village and a security camp, before opening fire at residents and security officers [coded as police] in Lomelo (Turkana East, Turkana). The security officers managed to repulse the militia. No injuries reported.",0,NA,1679360211,2283
"240","KEN10944","18 February 2023",2023,2,"Political violence","Violence against civilians","Attack","Samburu Ethnic Militia (Kenya)","Pastoralists (Kenya)",4,"Civilians (Kenya)",NA,7,47,"Civilian targeting",404,"Eastern Africa","Kenya","Isiolo","Isiolo","Burat","Loruko",0.5622,37.5209,1,"Daily Nation (Kenya); Star (Kenya)","National","Around 18 February 2023 (as reported), suspected Samburu militia (believed to have come from neighboring Samburu county) attacked and killed two people in Loruko (Isiolo, Isiolo), over unclear reasons.",2,NA,1677528687,2286
"241","KEN10945","18 February 2023",2023,1,"Political violence","Battles","Armed clash","Samburu Ethnic Militia (Kenya)","Pastoralists (Kenya)",4,"Police Forces of Kenya (2022-) National Police Reservists",NA,1,14,NA,404,"Eastern Africa","Kenya","Isiolo","Isiolo","Bula Pesa","Mulango",0.3375,37.5601,1,"Daily Nation (Kenya); K24; NTV (Kenya); Star (Kenya)","New media-National","On 18 February 2023, suspected Samburu militia (believed to have come from neighboring Samburu county), ambushed two herders and shot them dead before clashing and killing a police reservist who tried to repulse them in Mlango (coded as Mulango, Isiolo, Isiolo). The militia made away with the deceased's firearm and 200 camels.",3,NA,1681739330,2289
"242","KEN10943","17 February 2023",2023,1,"Political violence","Violence against civilians","Attack","Pokot Ethnic Militia (Kenya)","Pastoralists (Kenya)",4,"Civilians (Kenya)",NA,7,47,"Civilian targeting",404,"Eastern Africa","Kenya","Samburu","Samburu Central","Porro","Malaso",1.2333,36.5167,2,"Citizen (Kenya); KTN News (Kenya); TUKO","National","On 17 February 2023, suspected armed Pokot militia shot dead 3 people before making away with over 30 goats from Ndikir village, near Malaso (Samburu Central, Samburu).",3,NA,1677528687,2294
"243","KEN10889","11 February 2023",2023,1,"Political violence","Battles","Armed clash","Pokot Ethnic Militia (Kenya)","Pastoralists (Kenya)",4,"Police Forces of Kenya (2022-)",NA,1,14,NA,404,"Eastern Africa","Kenya","Laikipia","Laikipia West","Githiga","Mahua",0.44,36.2678,1,"Daily Nation (Kenya); Kenya Standard","National","On 11 February 2023, suspected Pokot militia raided a village in Kirima sub-county [coded as Mahua, Laikipia West, Laikipia], with the intentions to steal livestock. Police officers intervened and a shootout ensued. One officer was shot dead during the incident.",1,NA,1679360211,2336
"244","KEN10903","11 February 2023",2023,1,"Political violence","Battles","Armed clash","Pokot Ethnic Militia (Kenya)","Pastoralists (Kenya)",4,"Police Forces of Kenya (2022-)",NA,1,14,NA,404,"Eastern Africa","Kenya","Turkana","Kibish","Kaaleng","Kaakong",4.354,35.524,1,"K24","National","On 11 February 2023, suspected Pokot militia (described as bandits) ambushed a multi-security agency (coded as police officers) in Kaakong (Kibish, Turkana). The officers had been dispatched to collect the bodies of other security officers who were attacked and killed on the previous day (coded separately]). The officers managed to flee. One soldier was killed.",1,NA,1681739330,2338
"245","KEN10942","10 February 2023",2023,2,"Political violence","Violence against civilians","Attack","Pokot Ethnic Militia (Kenya)","Pastoralists (Kenya)",4,"Civilians (Kenya)",NA,7,47,"Civilian targeting",404,"Eastern Africa","Kenya","Turkana","Loima","Turkwel","Kakong",3.0225,35.5665,1,"Kenya Standard","National","Around 10 February 2023 (as reported), suspected Pokot militia shot and injured a man at Kakong (Kibish, Turkana).",1,NA,1677528687,2346
"246","KEN10890","10 February 2023",2023,1,"Political violence","Battles","Armed clash","Pokot Ethnic Militia (Kenya)","Pastoralists (Kenya)",4,"Police Forces of Kenya (2022-)",NA,1,14,NA,404,"Eastern Africa","Kenya","Turkana","Kibish","Kaaleng","Kaakong",4.354,35.524,1,"Citizen (Kenya); Daily Nation (Kenya); K24; National Police Service-Kenya","Other-National","On 10 February 2023, suspected Pokot militia ambushed police officers on patrol along the Kitale- Lodwar highway at Kaakong (Kibish, Turkana). Four police officers are among six people [other sources mention 10 people], who were killed and at least 12 other people, including seven police officers, sustained injuries. The militia looted and razed down two police vehicles.",6,NA,1679360211,2347
"247","KEN10020","09 February 2023",2023,1,"Political violence","Violence against civilians","Attack","Unidentified Armed Group (Kenya)",NA,3,"Civilians (Kenya)","Pastoralists (Kenya)",7,37,"Civilian targeting",404,"Eastern Africa","Kenya","Turkana","Kibish","Kaaleng","Kaakong",4.354,35.524,1,"Citizen (Kenya)","National","On 9 February 2023, unidentified militia attacked and killed two people, before making away with more than 150 goats in Kaakong (Kibish, Turkana).",2,NA,1676309784,2354
"248","KEN10004","06 February 2023",2023,1,"Strategic developments","Strategic developments","Other","Civilians (Kenya)","Pokot Ethnic Group (Kenya); Pastoralists (Kenya)",7,NA,NA,0,70,NA,404,"Eastern Africa","Kenya","West Pokot","Pokot Central","Lomut","Chesogon",1.3048,35.6245,2,"Daily Nation (Kenya)","National","Non-violent activity: On 6 February 2023, political leaders from the Pokot community launched a peace caravan in Chesegon and Turkwel [coded as Chesogon, Pokot Central, West Pokot], in an attempt to quell tension in the region, following increased insecurity.",0,NA,1676309784,2365
"249","KEN10941","06 February 2023",2023,1,"Political violence","Battles","Armed clash","Samburu Ethnic Militia (Kenya)","Pastoralists (Kenya)",4,"Unidentified Ethnic Militia (Kenya)","Pastoralists (Kenya)",4,44,NA,404,"Eastern Africa","Kenya","Samburu","Samburu East","Waso","Archers Post",0.644,37.6752,2,"Kenya Standard","National","On 6 February 2023, suspected Samburu militia clashed with unidentified militia (described as Isiolo herders) at Lowan Kichu near Archers Post (Samburu East, Samburu), over grazing land and livestock watering holes. One person was killed, and five others injured during the incident.",1,NA,1677528687,2372
"250","KEN9997","06 February 2023",2023,1,"Political violence","Battles","Armed clash","Pokot Ethnic Militia (Kenya)","Pastoralists (Kenya)",4,"Police Forces of Kenya (2022-) National Police Reservists",NA,1,14,NA,404,"Eastern Africa","Kenya","Turkana","Turkana East","Kapedo","Lomelo",1.5,35.9167,1,"Daily Nation (Kenya); Star (Kenya)","National","On 6 February 2023, suspected Pokot militia (described as bandits from neighboring Tiaty), attacked Lomelo (Turkana East, Turkana). Three people, including a police reservist, were killed and two others injured during the incident.",3,NA,1679360218,2375
"251","KEN10019","04 February 2023",2023,1,"Strategic developments","Strategic developments","Looting/property destruction","Samburu Ethnic Militia (Kenya)","Pastoralists (Kenya)",4,"Civilians (Kenya)",NA,7,47,NA,404,"Eastern Africa","Kenya","Laikipia","Laikipia North","Sosian","Mugie",0.7096,36.5904,1,"Citizen (Kenya); Daily Nation (Kenya); Star (Kenya)","National","Looting: On 4 February 2023, suspected Samburu militia raided Mugie ranch (Laikipia North, Laikipia), and drove away with an unknown number of livestock. The militia was later intercepted by the police, leading to a shoot-out [coded separately].",0,NA,1676309784,2382
"252","KEN9989","04 February 2023",2023,1,"Political violence","Battles","Armed clash","Police Forces of Kenya (2022-)",NA,1,"Samburu Ethnic Militia (Kenya)","Pastoralists (Kenya)",4,14,NA,404,"Eastern Africa","Kenya","Laikipia","Laikipia North","Sosian","Posta",0.6691,36.5415,1,"Citizen (Kenya); Daily Nation (Kenya); Star (Kenya)","National","On 4 February 2023, a multi-agency security team [coded police officers] intercepted suspected Samburu militia, leading to a shoot-out at Relit village within Posta (Laikipia North, Laikipia), after the militia stole livestock from Mugie ranch [coded separately]. Four militias were killed, none of the security personnel injured and stolen livestock was recovered.",4,NA,1679360218,2385
"253","KEN9990","02 February 2023",2023,1,"Political violence","Violence against civilians","Attack","Pokot Ethnic Militia (Kenya)","Pastoralists (Kenya)",4,"Civilians (Kenya)",NA,7,47,"Civilian targeting",404,"Eastern Africa","Kenya","Turkana","Turkana South","Lobokat","Kainuk",1.7745,35.506,2,"Daily Nation (Kenya)","National","On 2 February 2023, suspected Pokot militia opened fire on a public service vehicle traveling from Kitale to Lodwar at Kainuk (Turkana South, Turkana). One passenger was injured during the incident.",0,NA,1676309785,2397
"254","KEN9995","02 February 2023",2023,1,"Political violence","Battles","Armed clash","Pokot Ethnic Militia (Kenya)","Pastoralists (Kenya)",4,"Police Forces of Kenya (2022-)",NA,1,14,NA,404,"Eastern Africa","Kenya","Turkana","Turkana South","Lobokat","Kainuk",1.7745,35.506,2,"Daily Nation (Kenya)","National","On 2 February 2023, suspected Pokot pastoral militia engaged in an armed clash with the police along the Turkwel river near Kainuk (Turkana South, Turkana). At least 200 cattle were shot in the incident. There were no fatalities.",0,NA,1679360218,2400
"255","KEN9960","31 January 2023",2023,1,"Political violence","Violence against civilians","Attack","Pokot Ethnic Militia (Kenya)","Pastoralists (Kenya)",4,"Civilians (Kenya)","Students (Kenya)",7,47,"Civilian targeting",404,"Eastern Africa","Kenya","Turkana","Turkana Central","Lodwar Township","Lokwar",3.1157,35.6042,1,"Citizen (Kenya); Kenya Broadcasting Corporation; Opera News (Kenya)","National","On 31 January 2023, suspected militia (described as coming from Pokot county), shot and injured four people including two students, before setting a blaze Lokwar primary school (Turkana Central, Turkana). Hundreds of residents opted to flee their homes following the attack.",0,NA,1675698502,2408
"256","KEN9961","31 January 2023",2023,1,"Political violence","Violence against civilians","Attack","Pokot Ethnic Militia (Kenya)","Pastoralists (Kenya)",4,"Civilians (Kenya)",NA,7,47,"Civilian targeting",404,"Eastern Africa","Kenya","Turkana","Turkana East","Kapedo","Kamuge",1.7656,36.008,1,"Star (Kenya)","National","On 31 January 2023, overnight, suspected Pokot militia (described as coming from Tiaty, Baringo county) shot one person dead and injured three others, before driving away with an unknown number of goats and camels in Kamuge (Turkana East, Turkana).",1,NA,1675698502,2409
"257","KEN9983","30 January 2023",2023,1,"Political violence","Violence against civilians","Attack","Unidentified Ethnic Militia (Kenya)","Pastoralists (Kenya)",4,"Civilians (Kenya)",NA,7,47,"Civilian targeting",404,"Eastern Africa","Kenya","Samburu","Samburu Central","Loosuk","Pura",1.13,36.5278,1,"Daily Nation (Kenya)","National","On 30 January 2023, unidentified militia (described as bandits) shot dead two people before making away with 30 cattle in Pura (Samburu Central, Samburu).",2,NA,1675698502,2415
"258","KEN9984","30 January 2023",2023,2,"Political violence","Violence against civilians","Attack","Unidentified Ethnic Militia (Kenya)","Pastoralists (Kenya)",4,"Civilians (Kenya)",NA,7,47,"Civilian targeting",404,"Eastern Africa","Kenya","Elgeyo Marakwet","Marakwet East","Endo","Kaben",1.2899,35.6266,1,"Opera News (Kenya)","National","Around 30 January 2023 (as reported), unidentified militia (described as bandits) attacked and killed one person in Keben [coded as Kaben, Marakwet East, Elgeyo Marakwet].",1,NA,1675698502,2416
"259","KEN9963","29 January 2023",2023,1,"Political violence","Violence against civilians","Attack","Pokot Ethnic Militia (Kenya)","Pastoralists (Kenya)",4,"Civilians (Kenya)","Students (Kenya)",7,47,"Civilian targeting",404,"Eastern Africa","Kenya","Turkana","Turkana Central","Lodwar Township","Lokwar",3.1157,35.6042,2,"Star (Kenya)","National","On 29 January 2023, suspected Pokot militia (described as from West Pokot) shot and injured two students before setting a blaze Nakuse primary school near Lokwar (Turkana central, Turkana).",0,NA,1675698502,2422
"260","KEN9951","28 January 2023",2023,1,"Strategic developments","Strategic developments","Looting/property destruction","Pokot Ethnic Militia (Kenya)","Pastoralists (Kenya)",4,"Civilians (Kenya)",NA,7,47,NA,404,"Eastern Africa","Kenya","Turkana","Turkana Central","Lodwar Township","Lokwar",3.1157,35.6042,1,"Star (Kenya)","National","Property destruction: On 28 January 2023, suspected Pokot militia burnt down 7 houses on Lokwar market (Turkana Central, Turkana).",0,NA,1675698502,2426
"261","KEN9952","28 January 2023",2023,1,"Strategic developments","Strategic developments","Change to group/activity","Pokot Ethnic Militia (Kenya)","Pastoralists (Kenya)",4,NA,NA,0,40,NA,404,"Eastern Africa","Kenya","Baringo","Marigat","Mukutani","Arabal",0.5138,36.1756,1,"Citizen (Kenya); Opera News (Kenya); TUKO","National","Movement of forces: On 28 January 2023, suspected Pokot militia were sighted lighting fire at Embosos hills in Arabal (Marigat, Baringo) when Interior CS Kithure Kindiki visited Baringo.",0,NA,1675698502,2427
"262","KEN9958","28 January 2023",2023,1,"Political violence","Violence against civilians","Attack","Pokot Ethnic Militia (Kenya)","Pastoralists (Kenya)",4,"Civilians (Kenya)",NA,7,47,"Civilian targeting",404,"Eastern Africa","Kenya","Turkana","Turkana West","Lokichoggio","Nadapal",4.4051,34.2837,1,"Citizen (Kenya); Opera News (Kenya); TUKO","National","On 28 January 2023, suspected Pokot militia shot and injured three people at Nadapal (Turkana West, Turkana). The incident came a few hours after Pokot 'bandits' lit fires while the Interior CS Kithure Kindiki visited Baringo.",0,NA,1675698502,2428
"263","KEN9972","28 January 2023",2023,1,"Political violence","Violence against civilians","Attack","Samburu Ethnic Militia (Kenya)","Pastoralists (Kenya)",4,"Civilians (Kenya)","Pastoralists (Kenya)",7,47,"Civilian targeting",404,"Eastern Africa","Kenya","Isiolo","Isiolo","Bula Pesa","Mulango",0.3375,37.5601,1,"Daily Nation (Kenya); KTN News (Kenya)","National","On 28 January 2023, suspected Samburu militia (described as cattle rustlers from Samburu county) attacked and killed two people, while another was injured in Mlango [coded as Mulango, Isiolo, Isiolo]. The motive was due to a retaliatory attack.",2,NA,1675698502,2430
"264","KEN9954","27 January 2023",2023,1,"Strategic developments","Strategic developments","Change to group/activity","Pokot Ethnic Militia (Kenya)","Pastoralists (Kenya)",4,NA,NA,0,40,NA,404,"Eastern Africa","Kenya","Turkana","Turkana Central","Lodwar Township","Lokwar",3.1157,35.6042,2,"Star (Kenya)","National","Movement of forces: On 27 January 2023, suspected Pokot militia were sighted in Lokwar and Nakwamoru along the river Turkwel in Kaptir ward [coded as Lokwar, Turkana Central, Turkana]",0,NA,1675698502,2431
"265","KEN9965","27 January 2023",2023,2,"Strategic developments","Strategic developments","Other","Pokot Ethnic Militia (Kenya)","Pastoralists (Kenya)",4,"Turkana Ethnic Militia (Kenya)","Pastoralists (Kenya)",4,44,NA,404,"Eastern Africa","Kenya","Baringo","Tiaty","Tangulbei","Chemolingot",0.6833,36.2,1,"Citizen (Kenya)","National","Other: Around 27 January 2023 (as reported), representatives from Pokot and Turkana pastoral communities met in Chemolingot (Tiaty, Baringo) to end frequent attacks in the Suguta valley.",0,NA,1675698502,2432
"266","KEN9938","27 January 2023",2023,1,"Political violence","Battles","Armed clash","Samburu Ethnic Militia (Kenya)","Pastoralists (Kenya)",4,"Turkana Ethnic Militia (Kenya)","Borana Ethnic Militia (Ethiopia); Somali Ethnic Militia (Kenya)",4,44,NA,404,"Eastern Africa","Kenya","Isiolo","Isiolo","Bula Pesa","Mulango",0.3375,37.5601,1,"Daily Nation (Kenya)","National","On 27 January 2023, suspected Samburu militia (described as cattle rustlers from Samburu county) attempted to raid a grazing reserve for local Turkana, Borana, and Somali communities in Mlango [coded as Mulango, Isiolo, Isiolo]. Two suspects were shot dead during the incident.",2,NA,1676323321,2434
"267","KEN9935","26 January 2023",2023,2,"Political violence","Battles","Armed clash","Unidentified Ethnic Militia (Kenya)",NA,4,"Unidentified Ethnic Militia (Kenya)","Pastoralists (Kenya)",4,44,NA,404,"Eastern Africa","Kenya","Elgeyo Marakwet","Marakwet East","Endo","Tot",1.2,35.65,1,"Star (Kenya)","National","Around 26 January 2023 (as reported), gunmen described as 'bandits' clashed with a group of herders at the Kachamcham area of Kibiriem location [coded as Tot, Marakwet East, Elgeyo Marakwet]. Two of the gunmen were shot dead. A police reservist, who had been held hostage and forced to join the attackers, was also killed. The herders later burnt the bodies.",3,NA,1675108245,2437
"268","KEN9910","24 January 2023",2023,2,"Political violence","Battles","Armed clash","Pokot Ethnic Militia (Kenya)","Pastoralists (Kenya)",4,"Police Forces of Kenya (2022-) National Police Reservists",NA,1,14,NA,404,"Eastern Africa","Kenya","Elgeyo Marakwet","Marakwet East","Endo","Koibirir",1.2278,35.6221,1,"Citizen (Kenya); Star (Kenya)","National","Around 24 January 2023 (as reported), militia (described as bandits from West Pokot) attacked Koibirir (Marakwet East, Elgeyo Marakwet) before making away with hundreds of livestock. Three people, including a police reservist and two herders, were killed during the incident.",3,NA,1679360218,2457
"269","KEN9883","20 January 2023",2023,1,"Political violence","Violence against civilians","Attack","Unidentified Ethnic Militia (Kenya)",NA,4,"Civilians (Kenya)","Pastoralists (Kenya)",7,47,"Civilian targeting",404,"Eastern Africa","Kenya","Marsabit","Saku","Marsabit Central","Marsabit",2.333,37.983,2,"Daily Nation (Kenya); Star (Kenya)","National","On 20 January 2023, unidentified militia attacked and killed a herder at Marsabit catholic shrine area in Saku sub-county [coded as Marsabit, Saku, Marsabit], before making away with an unknown number of cattle and goats.",1,NA,1674487330,2471
"270","KEN9882","20 January 2023",2023,1,"Political violence","Battles","Armed clash","Unidentified Communal Militia (Kenya)","Pastoralists (Kenya)",4,"Police Forces of Kenya (2013-2022) Kenya Wildlife Service Rangers",NA,1,14,NA,404,"Eastern Africa","Kenya","Marsabit","Saku","Marsabit Central","Marsabit",2.333,37.983,2,"Daily Nation (Kenya); Star (Kenya)","National","On 20 January 2023, unidentified militia (described as cattle ruslers) clashed with Kenya wildlife service (KWS) rangers at Bakuli dam near Marsabit Forest [coded as Marsabit, Saku, Marsabit]. One militia was injured and escaped with gunshot wounds.",0,NA,1693870280,2474
"271","KEN9879","19 January 2023",2023,2,"Political violence","Violence against civilians","Attack","Marakwet Ethnic Militia (Kenya)","Pastoralists (Kenya)",4,"Civilians (Kenya)","Pastoralists (Kenya); Labor Group (Kenya)",7,47,"Civilian targeting",404,"Eastern Africa","Kenya","West Pokot","Pokot Central","Lomut","Chesogon",1.3048,35.6245,2,"Daily Nation (Kenya); Kenya Broadcasting Corporation; NTV (Kenya)","New media-National","Around 19 January 2023 (as reported), suspected Marakwet militia attacked Akiriamet village near Chesogon (Pokot Central, West Pokot). One herder and a lorry driver were killed, one person injured and 30 goats stolen during the incident.",2,NA,1674487330,2476
"272","KEN9880","17 January 2023",2023,2,"Political violence","Battles","Armed clash","Isiolo Communal Militia (Kenya)",NA,4,"Unidentified Communal Militia (Kenya)","Pastoralists (Kenya)",4,44,NA,404,"Eastern Africa","Kenya","Garissa","Lagdera","Benane","Benane",0.5,38.6667,1,"Star (Kenya)","National","Around 17 January 2023 (as reported), unidentified armed militia [described as armed bandits and coming from the Isiolo border] attacked Banane [coded as Benane, Lagdera, Garissa] and made away with 70 camels. The owners of the camles and community members pursued the attackers. A gun fight ensued, leading to one person shot dead and 10 camels killed during the incident. The rest of the camels were recovered.",1,NA,1704767706,2498
"273","KEN9881","13 January 2023",2023,2,"Political violence","Battles","Armed clash","Unidentified Communal Militia (Kenya)","Pastoralists (Kenya)",4,"Unidentified Ethnic Militia (Kenya)","Pastoralists (Kenya)",4,44,NA,404,"Eastern Africa","Kenya","Samburu","Samburu North","El Barta","Baragoi",1.7833,36.7833,1,"Citizen (Kenya)","National","Around 13 January 2023 (as reported), unidentified armed militia [described as cattle rustlers] shot and injured two herders at Ngoroshe area of Baragoi (Samburu North, Samburu), before attempting to make away with unknown number of livestock. The residents managed to fight back and recovered the animals. There were no fatalities.",0,NA,1674487330,2510
"274","KEN9953","11 January 2023",2023,1,"Strategic developments","Strategic developments","Looting/property destruction","Pokot Ethnic Militia (Kenya)","Pastoralists (Kenya)",4,"Civilians (Kenya)",NA,7,47,NA,404,"Eastern Africa","Kenya","Turkana","Turkana Central","Lodwar Township","Lorogon",3.1277,35.5978,1,"People Daily","National","Property destruction: On 11 January 2023, suspected Pokot militia destroyed Nadome ECDE classrooms and vandalized people's properties in Lorogon [coded as Lorogon, Turkana Central, Turkana].",0,NA,1675698502,2524
"275","KEN9928","10 January 2023",2023,1,"Political violence","Violence against civilians","Attack","Unidentified Ethnic Militia (Kenya)",NA,4,"Civilians (Kenya)","Pastoralists (Kenya)",7,47,"Civilian targeting",404,"Eastern Africa","Kenya","Turkana","Turkana East","Katilia","Katilia",2.1167,36.1167,2,"Kenya Standard","National","On 10 January 2023, more than 100 gunmen described as 'bandits' attacked the Kakiteitei, Katilia, and Kaimegur areas of Turkana East and South [coded as Katilia, Turkana East, Turkana] and made away with over 1200 goats. Casualties unknown.",0,NA,1698071505,2532
"276","KEN10720","09 January 2023",2023,2,"Strategic developments","Strategic developments","Agreement","Pokot Ethnic Militia (Kenya)","Pastoralists (Kenya)",4,"Ilchamus Ethnic Militia (Kenya)",NA,4,44,NA,404,"Eastern Africa","Kenya","Baringo","Tiaty","Tangulbei","Chepkalacha",0.7501,36.1851,1,"Citizen (Kenya); Opera News (Kenya)","National","Around 9 January 2023 (as reported), members of the Pokot and Ilchanus communities signed a peace agreement in Chepkalacha (Tiaty, Baringo) to unite the two communities after decades of conflict.",0,NA,1676323320,2535
"277","KEN10724","09 January 2023",2023,2,"Political violence","Violence against civilians","Attack","Pokot Ethnic Militia (Kenya)","Pastoralists (Kenya)",4,"Civilians (Kenya)",NA,7,47,"Civilian targeting",404,"Eastern Africa","Kenya","Samburu","Samburu Central","Loosuk","Pura",1.13,36.5278,1,"Opera News (Kenya)","National","Around 9 January 2023 (as reported), suspected Pokot militia (described as armed bandits from Tiaty, Baringo County) shot and killed one person in Pura (Samburu Central, Samburu).",1,NA,1676323320,2536
"278","KEN9829","04 January 2023",2023,2,"Political violence","Violence against civilians","Attack","Unidentified Communal Militia (Kenya)","Pastoralists (Kenya)",4,"Civilians (Kenya)",NA,7,47,"Civilian targeting",404,"Eastern Africa","Kenya","Kitui","Mwingi North","Tseikuru","Kaningo",-0.8167,38.5333,1,"Star (Kenya)","National","Around 4 January 2023 (week of), unidentified militia (described as camel herders) killed a man and gouged his eyes in Kaningo (Mwingi North, Kitui).",1,NA,1673893294,2553
"279","KEN9735","04 January 2023",2023,1,"Political violence","Battles","Armed clash","Unidentified Ethnic Militia (Kenya)","Pastoralists (Kenya)",4,"Police Forces of Kenya (2022-) National Police Reservists",NA,1,14,NA,404,"Eastern Africa","Kenya","Baringo","Marigat","Mochongoi","Lamaiwe",0.3424,36.2457,1,"Citizen (Kenya); NTV (Kenya)","New media-National","On 4 January 2023, militia (described as bandits) clashed with national police reservists officers in Lamaiwe (Marigat, Baringo). 150 cattle were stolen, two people were injured, and five others missing during the incident.",0,NA,1679360218,2557
"280","KEN11305","04 January 2023",2023,1,"Strategic developments","Strategic developments","Other","Government of Kenya (2022-)",NA,1,NA,NA,0,10,NA,404,"Eastern Africa","Kenya","Lamu","Lamu West","Mkomami","Lamu",-2.2717,40.902,3,"Star (Kenya)","National","Other: On 4 January 2023, the government banned non-local herders from Tana River, Garissa, and neighboring counties from entering Lamu county over security concerns (coded to county headquarter as Lamu, Lamu West, Lamu).",0,NA,1680542328,2558
"281","KEN9715","01 January 2023",2023,1,"Political violence","Violence against civilians","Attack","Pokot Ethnic Militia (Kenya)","Pastoralists (Kenya)",4,"Civilians (Kenya)","Women (Kenya)",7,47,"Civilian targeting",404,"Eastern Africa","Kenya","Elgeyo Marakwet","Marakwet East","Endo","Endo",1.2667,35.6167,1,"Daily Nation (Kenya); The Star (Kenya)","National","On 1 January 2023, suspected Pokot pastoral militia shot dead two girls (sisters) before making away with 70 cows in Kotut, Endo (Marakwet East, Elgeyo Marakwet).",2,"women targeted: girls",1673291087,2564
"282","KEN10674","27 December 2022",2022,1,"Strategic developments","Strategic developments","Looting/property destruction","Pokot Ethnic Militia (Kenya)","Pastoralists (Kenya)",4,"Civilians (Kenya)",NA,7,47,NA,404,"Eastern Africa","Kenya","Turkana","Turkana South","Lokichar","Loyapat",2.5775,35.5322,1,"Capital FM; National Police Service-Kenya; Opera News (Kenya)","Other-National","Looting: On 27 December 2022, two-armed suspected Pokot militia confronted herdsmen at Loyapat (Turkana South, Turkana), and made away with 47 goats and sheep. Police officers later recovered all the animals abandoned near Eco Lodge.",0,NA,1676323320,2580
"283","KEN9795","26 December 2022",2022,1,"Political violence","Explosions/Remote violence","Remote explosive/landmine/IED","Military Forces of Kenya (2022-)",NA,1,"Civilians (Kenya)","Pastoralists (Kenya)",7,17,"Civilian targeting",404,"Eastern Africa","Kenya","Baringo","Tiaty","Tirioko","Tiati",1.2972,35.9336,2,"Daily Nation (Kenya)","National","On 26 December 2022, a military explosive device detonated, killing two herders, while another sustained injuries at Lemuyek in Loyamuruk of Tiaty subcounty [coded as Tiati, Tiaty, Baringo], after the herders tinkered with it.",2,NA,1679360218,2583
"284","KEN9792","17 December 2022",2022,2,"Strategic developments","Strategic developments","Agreement","Somali Ethnic Militia (Kenya)",NA,4,"Meru Ethnic Militia (Kenya)","Borana Communal Militia (Kenya); Turkana Ethnic Militia (Kenya)",4,44,NA,404,"Eastern Africa","Kenya","Meru","Igembe North","Antuambui","Ndumuru",0.4617,37.841,1,"Citizen (Kenya); Daily Nation (Kenya); Kenya Broadcasting Corporation","National","Around 17 December 2022 (as reported), representatives from communities living along Isiolo-Meru border, including Meru, Somali, Borana and Turkana signed a peace agreement in Ndumuru (Igembe North, Meru), to end cattle rustling and clashes between farmers and herders.",0,NA,1673291087,2614
"285","KEN9873","15 December 2022",2022,3,"Strategic developments","Strategic developments","Looting/property destruction","Unidentified Ethnic Militia (Kenya)","Farmers (Kenya)",4,"Civilians (Kenya)","Pastoralists (Kenya)",7,47,NA,404,"Eastern Africa","Kenya","Kilifi","Ganze","Bamba","Gede",-3.4521,39.3026,2,"Daily Nation (Kenya)","National","Property destruction: Around 15 December 2022 (month of), unknown assailants allegedly killed a camel in Ndarako village near Gede (Ganze, Kilifi), following a conflict between the farmers and herders over land leasing.",0,NA,1674487330,2623
"286","KEN10764","10 December 2022",2022,1,"Political violence","Explosions/Remote violence","Remote explosive/landmine/IED","Unidentified Armed Group (Kenya)",NA,3,"Civilians (Kenya)","Pastoralists (Kenya)",7,37,"Civilian targeting",404,"Eastern Africa","Kenya","Narok","Narok South","Maji Moto","Maji Moto",-1.3379,35.7094,1,"Citizen (Kenya)","National","On 10 December 2022, two boys were seriously injured by an abandoned explosive in Maji Moto (Maji Moto, Narok South, Narok) while they were looking after their father's goats.",0,NA,1676323320,2645
"287","KEN9813","09 December 2022",2022,1,"Political violence","Violence against civilians","Attack","Somali Ethnic Militia (Kenya)","Pastoralists (Kenya)",4,"Civilians (Kenya)",NA,7,47,"Civilian targeting",404,"Eastern Africa","Kenya","Kitui","Kitui East","Voo","Kasangu",-1.6404,38.4313,2,"K24; Star (Kenya)","National","On 9 December 2022, suspected armed Somali herders shot and killed a man before stabbing another to death in Katumbi sub-location [coded as Kasangu, Kitui East, Kitui], following a dispute over pasture.",2,NA,1673291087,2649
"288","KEN9700","07 December 2022",2022,1,"Political violence","Violence against civilians","Attack","Samburu Ethnic Militia (Kenya)","Pastoralists (Kenya)",4,"Civilians (Kenya)",NA,7,47,"Civilian targeting",404,"Eastern Africa","Kenya","Isiolo","Isiolo","Burat","Burat",0.4271,37.4419,1,"Citizen (Kenya); Daily Nation (Kenya)","National","On 7 December 2022, suspected Samburu militia shot and killed two people riding on a motorcycle at Mlango area of Burat (Isiolo North, Isiolo). The motive of the attack remains unclear.",2,NA,1670859656,2663
"289","KEN9674","05 December 2022",2022,2,"Political violence","Violence against civilians","Attack","Unidentified Communal Militia (Kenya)","Pastoralists (Kenya)",4,"Civilians (Kenya)",NA,7,47,"Civilian targeting",404,"Eastern Africa","Kenya","Marsabit","Laisamis","Laisamis","Laisamis",1.6,37.8,2,"Star (Kenya)","National","Around 5 December 2022 (as reported), unidentified communal militia raided Parchuma village in Laisamis [coded as Laisamis, Laisamis, Marsabit], and shot dead one herder before making away with over 400 herds of cattle towards Sikinite area.",1,NA,1670859656,2670
"290","KEN9677","04 December 2022",2022,1,"Political violence","Violence against civilians","Attack","Samburu Ethnic Militia (Kenya)","Pastoralists (Kenya)",4,"Civilians (Kenya)","Government of Kenya (2022-)",7,47,"Civilian targeting",404,"Eastern Africa","Kenya","Laikipia","Laikipia North","Mugogodo West","Mukogodo",0.4833,36.9333,2,"Daily Nation (Kenya); Kenya Broadcasting Corporation","National","On 4 December 2022, three suspected Samburu militia raided the homestead of a local chief, ransacked his house in Tiamamut village near Mukogodo (Laikipia North, Laikipia), allegedly in search of a firearm and on failing to get the gun, they shot and killed him.",1,"local administrators",1687837292,2678
"291","KEN9702","03 December 2022",2022,2,"Political violence","Violence against civilians","Attack","Unidentified Communal Militia (Kenya)","Pastoralists (Kenya)",4,"Civilians (Kenya)","Pastoralists (Kenya)",7,47,"Civilian targeting",404,"Eastern Africa","Kenya","Marsabit","Laisamis","Laisamis","Laisamis",1.6,37.8,2,"Star (Kenya)","National","Around 3 December 2022 (weekend of), unidentified armed militia raided Kituruni and Ilpus villages in Laisamis [coded as Laisamis, Laisamis, Marsabit], shot and injured one herder before making away with over 180 cows. Police later recovered 110 of the stolen cows.",0,NA,1670859656,2679
"292","KEN9662","30 November 2022",2022,1,"Political violence","Violence against civilians","Attack","Turkana Ethnic Militia (Kenya)","Pastoralists (Kenya)",4,"Civilians (Kenya)","Women (Kenya)",7,47,"Civilian targeting",404,"Eastern Africa","Kenya","Baringo","Tiaty","Tirioko","Tiati",1.2972,35.9336,1,"Citizen (Kenya); Daily Nation (Kenya)","National","On 30 November 2022, suspected Turkana militia shot dead a woman and her daughter, before making away with over 300 goats in Naudo area of Tiati (Tiaty, Baringo). Later, security officers managed to recover more that 200 goats in Nadome area of Turkana East (no clashes reported).",2,"women targeted: girls",1670255295,2684
"293","KEN9655","28 November 2022",2022,1,"Political violence","Explosions/Remote violence","Shelling/artillery/missile attack","Al Shabaab",NA,2,"Civilians (Kenya)","Pastoralists (Kenya)",7,27,"Civilian targeting",404,"Eastern Africa","Kenya","Mandera","Mandera South","Kotulo","Daba Siti",2.6106,40.8863,1,"Kenya Standard","National","On 28 November 2022, an explosive device by suspected Al Shabaab detonated, injuring two herders (minors) at Dabacity [coded as Daba Siti, Mandera South, Mandera], after the herders tinkered with it.",0,NA,1670255295,2696
"294","KEN9669","27 November 2022",2022,2,"Political violence","Violence against civilians","Attack","Samburu Ethnic Militia (Kenya)","Pastoralists (Kenya)",4,"Civilians (Kenya)",NA,7,47,"Civilian targeting",404,"Eastern Africa","Kenya","Samburu","Samburu East","Wamba North","Kalepo Camp",1.381,37.3193,1,"Star (Kenya)","National","Around 27 November 2022 (as reported), suspected armed Samburu herders attacked Kalepo Camp (Samburu East, Samburu). Casualties unknown.",0,NA,1670255295,2702
"295","KEN9645","27 November 2022",2022,1,"Strategic developments","Strategic developments","Other","Pokot Ethnic Militia (Kenya)","Pastoralists (Kenya)",4,"Police Forces of Kenya (2022-)",NA,1,14,NA,404,"Eastern Africa","Kenya","Baringo","Tiaty","Kolowa","Kolowa",1.1833,35.7333,1,"Citizen (Kenya); Kenya Broadcasting Corporation; Star (Kenya)","National","Other: On 27 November 2022, 16 Pokot militia, some sources reporting that 15, have vowed to reform and surrendered six firearms in Kolowa (Tiaty, Baringo), following the recent killing of eight police officers, a chief and two villagers [coded separately].",0,NA,1679360218,2706
"296","KEN9663","26 November 2022",2022,2,"Strategic developments","Strategic developments","Looting/property destruction","Pokot Ethnic Militia (Kenya)","Pastoralists (Kenya)",4,"Civilians (Kenya)",NA,7,47,NA,404,"Eastern Africa","Kenya","Turkana","Turkana East","Katilia","Katilia",2.1167,36.1167,2,"Daily Nation (Kenya)","National","Looting: Around 26 November 2022 (weekend of), suspected Pokot Militia raided and made away with an unknown number of animals in Katilia ward in Turkana East [coded as Katilia, Turkana East, Turkana].",0,NA,1670255295,2708
"297","KEN9640","23 November 2022",2022,2,"Strategic developments","Strategic developments","Other","Civilians (Kenya)","Refugees/IDPs (Kenya)",7,NA,NA,0,70,NA,404,"Eastern Africa","Kenya","Kitui","Mwingi North","Ngomeni","Mandongoi",-0.5197,38.5823,1,"Star (Kenya)","National","Displacement: Around 23 November 2022 (as reported), hundreds of residents of Mandongoi (Mwingi North, Kitui), were displaced into a camp at Mandongoi primary school while others were in the bush, following attacks from Somali herders.",0,NA,1669661987,2725
"298","KEN9654","23 November 2022",2022,1,"Political violence","Violence against civilians","Abduction/forced disappearance","Al Shabaab",NA,2,"Civilians (Kenya)","Government of Kenya (2022-); Pastoralists (Kenya)",7,27,"Civilian targeting",404,"Eastern Africa","Kenya","Mandera","Mandera South","Elwak North","El Wak",2.8094,40.9358,2,"Daily Nation (Kenya); Star (Kenya)","National","On 23 November 2022, three suspected Al Shabaab abducted a herder near the Kenya-Somalia border [coded as El Wak, Mandera South, Mandera], for allegedly being a government informer. He was found at Borehole 11 on 29 November 29 after he had been abandoned by a car, with a chain on his leg.",0,NA,1679360218,2729
"299","KEN9656","23 November 2022",2022,1,"Political violence","Battles","Armed clash","Somali Ethnic Militia (Kenya)","Pastoralists (Kenya)",4,"Police Forces of Kenya (2013-2022) Border Patrol Unit","Police Forces of Kenya (2013-2022) General Service Unit",1,14,NA,404,"Eastern Africa","Kenya","Kitui","Mwingi North","Ngomeni","Mandongoi",-0.5197,38.5823,1,"Star (Kenya)","National","On 23 November 2022, Somali herders clashed with GSU and BPU officers in Mandongoi (Mwingi North, Kitui), as they were trying to raid the Mandongoi trading center. No fatalities.",0,NA,1699319483,2730
"300","KEN9626","22 November 2022",2022,1,"Political violence","Violence against civilians","Attack","Somali Ethnic Militia (Kenya)","Pastoralists (Kenya)",4,"Civilians (Kenya)","Farmers (Kenya)",7,47,"Civilian targeting",404,"Eastern Africa","Kenya","Kitui","Mwingi North","Ngomeni","Mandongoi",-0.5197,38.5823,1,"Kenya Standard; Daily Nation (Kenya)","National","On 22 November 2022, suspected Somali herders opened fire at two farmers in Mandongoi (Mwingi North, Kitui). The farmers dashed into the bush to survive the attack.",0,NA,1669661986,2733
"301","KEN9639","20 November 2022",2022,2,"Political violence","Violence against civilians","Attack","Somali Ethnic Militia (Kenya)","Pastoralists (Kenya)",4,"Civilians (Kenya)",NA,7,47,"Civilian targeting",404,"Eastern Africa","Kenya","Kitui","Mwingi North","Ngomeni","Mandongoi",-0.5197,38.5823,2,"Star (Kenya)","National","Around 20 November 2022 (as reported), Somali herders tortured and beheaded a man at Kamakali village in Mandongoi sub location [coded as Mandongoi, Mwingi North, Kitui], after taking him hostage [coded separately].",1,NA,1669661987,2739
"302","KEN9621","18 November 2022",2022,1,"Political violence","Violence against civilians","Attack","Somali Ethnic Militia (Kenya)","Pastoralists (Kenya)",4,"Civilians (Kenya)",NA,7,47,"Civilian targeting",404,"Eastern Africa","Kenya","Meru","Buuri","Kisima","Maili Saba Meru",0.2686,37.4779,1,"Citizen (Kenya); K24","National","On 18 November 2022, overnight, suspected Somali militia shot dead a man in Maili Saba Meru [Buuri, Meru].",1,NA,1669661986,2756
"303","KEN9586","17 November 2022",2022,1,"Political violence","Violence against civilians","Attack","Pokot Ethnic Militia (Kenya)","Pastoralists (Kenya)",4,"Civilians (Kenya)","Farmers (Kenya)",7,47,"Civilian targeting",404,"Eastern Africa","Kenya","Laikipia","Laikipia North","Segera","Ol Moran",0.4599,36.7556,2,"Citizen (Kenya); Kenya Broadcasting Corporation","National","On 17 November 2022, suspected Pokot militia invaded farms in Gathanji village in Ol Moran division, Laikipia county [coded as Ol Moran, Laikipia North, Laikipia]. One man sustained stab wounds and succumbed to the injuries later in the hospital, while three others sustained minor injuries during the incident.",1,NA,1669661986,2760
"304","KEN9591","16 November 2022",2022,1,"Strategic developments","Strategic developments","Looting/property destruction","Karamajong Ethnic Militia (Uganda)","Pastoralists (Kenya)",4,"Civilians (Kenya)","Pastoralists (Kenya)",7,47,NA,404,"Eastern Africa","Kenya","Turkana","Turkana West","Letea","Loima Hills",3.2501,35.0033,2,"URN (Uganda)","International","Looting: On 16 November 2022, Karimojong militia, coded as Karamajong, attacked unspecified location in Turkana County [coded as Loima Hills, Turkana West, Turkana], and made away with over 300 livestock.",0,NA,1669047689,2765
"305","KEN9623","15 November 2022",2022,1,"Political violence","Violence against civilians","Abduction/forced disappearance","Somali Ethnic Militia (Kenya)","Pastoralists (Kenya)",4,"Civilians (Kenya)",NA,7,47,"Civilian targeting",404,"Eastern Africa","Kenya","Kitui","Mwingi North","Ngomeni","Ngomeni",-0.6492,38.3942,2,"Star (Kenya)","National","On 15 November 2022, armed Somali herdsmen abducted a man in Kanyunyi village in Ngomeni ward [coded as Ngomeni, Mwingi North, Kitui].",0,NA,1669661987,2772
"306","KEN9612","14 November 2022",2022,2,"Strategic developments","Strategic developments","Non-violent transfer of territory","Maasai Ethnic Militia (Kenya)","Pastoralists (Kenya)",4,"Civilians (Kenya)","Farmers (Kenya)",7,47,NA,404,"Eastern Africa","Kenya","Nakuru","Gilgil","Gilgil","Gilgil",-0.4897,36.312,1,"Daily Nation (Kenya)","National","Around 14 November 2022 (as reported), hundreds of suspected Maasai herders invaded farms in Gilgil (GilGil, Nakuru), for grazing their animals.",0,NA,1669047688,2777
"307","KEN9589","14 November 2022",2022,1,"Political violence","Violence against civilians","Attack","Somali Ethnic Militia (Kenya)","Pastoralists (Kenya)",4,"Civilians (Kenya)","Labor Group (Kenya)",7,47,"Civilian targeting",404,"Eastern Africa","Kenya","Kitui","Mwingi Central Sub- County","Kivou","Mwingi",-0.9333,38.0667,1,"Star (Kenya)","National","On 14 November 2022, Somali herders attacked and killed one a cattle seller and injured another, inside the Mwingi game reserve (Mwingi Central, Kitui). The motive of the attack remains unclear.",1,NA,1670285103,2780
"308","KEN10533","14 November 2022",2022,2,"Strategic developments","Strategic developments","Other","Government of Kenya (2022-)","Azimio la Umoja One Kenya Coalition Party; Jubilee Party",1,"Civilians (Kenya)","Pastoralists (Kenya); Pokot Ethnic Group (Kenya); Samburu Ethnic Group (Kenya)",7,17,NA,404,"Eastern Africa","Kenya","Laikipia","Laikipia North","Sosian","Naibor Amani",0.8147,36.679,1,"K24","National","Other: Around 14 November 2022 (as reported), the deputy county commissioner (DCC), area member of parliament (Jubilee) and a former national assembly speaker led peace talks bringing together elders from Samburu and Pokot communities in Naibor Amani primary school (Laikipia North, Laikipia), following recent communal clashes in the area, that led to the killing of two people. [coded separately]",0,NA,1679360211,2782
"309","KEN10516","13 November 2022",2022,2,"Political violence","Battles","Armed clash","Pokot Ethnic Militia (Kenya)","Pastoralists (Kenya)",4,"Police Forces of Kenya (2013-2022) General Service Unit","Police Forces of Kenya (2022-) National Police Reservists",1,14,NA,404,"Eastern Africa","Kenya","Samburu","Samburu Central","Maralal","Lkuroto",1.0745,36.7021,2,"KTN News (Kenya); Opera News (Kenya)","National","Around 13 November 2022 (as reported), suspected Pokot militia attacked Siambu and Lokorsuti villages [coded as Lkuroto, Samburu Central, Samburu]. Police from the GSU and NPRs responded and repulsed the attackers. One person was wounded, two cows killed, and three injured.",0,NA,1699319482,2788
"310","KEN9588","12 November 2022",2022,2,"Political violence","Violence against civilians","Attack","Pokot Ethnic Militia (Kenya)","Pastoralists (Kenya)",4,"Civilians (Kenya)","Students (Kenya)",7,47,"Civilian targeting",404,"Eastern Africa","Kenya","Laikipia","Laikipia North","Segera","Ol Moran",0.4599,36.7556,2,"Kenya Broadcasting Corporation; Kenya Standard","National","Around 12 November 2022 (as reported), suspected Pokot militia shot and injured a grade three student at Githima village near Ol Moran (Laikipia North, Laikipia), before making away with over 200 sheep.",0,NA,1669047688,2790
"311","KEN9590","12 November 2022",2022,1,"Political violence","Violence against civilians","Attack","Somali Ethnic Militia (Kenya)","Pastoralists (Kenya)",4,"Civilians (Kenya)",NA,7,47,"Civilian targeting",404,"Eastern Africa","Kenya","Kitui","Mwingi North","Ngomeni","Mandongoi",-0.5197,38.5823,1,"Star (Kenya)","National","On 12 November 2022, a Somali herder, slashed a man on his back using a sword at Kanyunyi area of Mandongoi (Mwingi North, Kitui), for driving out a herd of 100 camels that had strayed his farm.",0,NA,1669047688,2793
"312","KEN9559","11 November 2022",2022,1,"Political violence","Violence against civilians","Attack","Pokot Ethnic Militia (Kenya)","Pastoralists (Kenya)",4,"Civilians (Kenya)",NA,7,47,"Civilian targeting",404,"Eastern Africa","Kenya","Laikipia","Laikipia North","Sosian","Posta",0.6691,36.5415,1,"Kenya Broadcasting Corporation","National","On 11 November 2022, suspected Pokot militia attacked and killed a man at Posta (Laikipia North, Laikipia).",1,NA,1668446884,2796
"313","KEN9558","10 November 2022",2022,1,"Political violence","Violence against civilians","Attack","Pokot Ethnic Militia (Kenya)","Pastoralists (Kenya)",4,"Civilians (Kenya)","Women (Kenya); Pastoralists (Kenya)",7,47,"Civilian targeting",404,"Eastern Africa","Kenya","Laikipia","Laikipia North","Sosian","Naibor Amani",0.8147,36.679,1,"K24; Star (Kenya)","National","On 10 November 2022, overnight, suspected Pokot militia killed a woman before driving off with 100 sheep and goats in Naibor Amani (Laikipia North, Laikipia).",1,NA,1669047688,2800
"314","KEN9582","09 November 2022",2022,2,"Political violence","Violence against civilians","Attack","Borana Ethnic Militia (Kenya)","Pastoralists (Kenya)",4,"Civilians (Kenya)","Pastoralists (Kenya)",7,47,"Civilian targeting",404,"Eastern Africa","Kenya","Isiolo","Garbatulla","Sericho","Medina",0.5904,38.8313,2,"Daily Nation (Kenya)","National","Around 9 November 2022 (week of), suspected Borana militia attacked Medina and Bulo [coded as Medina, Lagdera, Garissa] and made away with 300 heads of goats and sheep, injuring unknown number of locals during the incident.",0,NA,1669047688,2803
"315","KEN9557","09 November 2022",2022,1,"Political violence","Battles","Armed clash","Pokot Ethnic Militia (Kenya)","Pastoralists (Kenya)",4,"Police Forces of Kenya (2022-)",NA,1,14,NA,404,"Eastern Africa","Kenya","Samburu","Samburu North","Nachola","Suiyan",1.7045,36.7254,1,"K24; Star (Kenya)","National","On 9 November 2022, three armed suspected Pokot militia attacked a police officer, immobilizing him, at Suiyan police post (Samburu North, Samburu), before making away with 4 rifles, 200 bullets.",0,NA,1679360218,2805
"316","KEN9583","09 November 2022",2022,2,"Political violence","Violence against civilians","Attack","Borana Ethnic Militia (Kenya)","Pastoralists (Kenya)",4,"Civilians (Kenya)","Pastoralists (Kenya)",7,47,"Civilian targeting",404,"Eastern Africa","Kenya","Garissa","Lagdera","Benane","Benane",0.5,38.6667,2,"Daily Nation (Kenya)","National","Around 9 November 2022 (week of), suspected Borana militia attacked Bamba near Benane (Lagdera, Garissa) and made away with 80 heads of camels.",0,NA,1704767706,2808
"317","KEN10494","08 November 2022",2022,2,"Political violence","Violence against civilians","Sexual violence","Pokot Ethnic Militia (Kenya)","Pastoralists (Kenya)",4,"Civilians (Kenya)","Women (Kenya)",7,47,"Civilian targeting",404,"Eastern Africa","Kenya","Laikipia","Laikipia North","Segera","Ol Moran",0.4599,36.7556,1,"Kenya Broadcasting Corporation","National","Around 8 November 2022 (as reported), suspected Pokot pastoral militia, stripped an elderly woman and burnt her clothes at Ol Moran (Laikipia North, Laikipia), before grazing their cattle on her plants, when she tried to prevent them.",0,NA,1676323319,2809
"318","KEN9556","08 November 2022",2022,2,"Political violence","Battles","Armed clash","Pokot Ethnic Militia (Kenya)","Pastoralists (Kenya)",4,"Police Forces of Kenya (2022-)",NA,1,14,NA,404,"Eastern Africa","Kenya","Turkana","Turkana Central","Lodwar Township","Lokwar",3.1157,35.6042,1,"Kenya Broadcasting Corporation; Star (Kenya)","National","Around 8 November 2022 (as reported), police officers clashed with 6 suspected Pokot militia who had raided Lokwaal village of Kaptir ward [coded as Lokwar, Turkana Central, Turkana]. 34 goats were recovered.",0,NA,1679360218,2810
"319","KEN9579","08 November 2022",2022,2,"Political violence","Battles","Armed clash","Police Forces of Kenya (2022-)",NA,1,"Unidentified Communal Militia (Kenya)","Pastoralists (Kenya)",4,14,NA,404,"Eastern Africa","Kenya","Isiolo","Garbatulla","Garbatulla","Garba Tula",0.5333,38.52,1,"Star (Kenya)","National","Around 8 November 2022 (as reported), police officers clashed with an unidentified militia in Garbatula [coded as Garba Tula, Garbatulla, Isiolo], and recovered 200 camels and 300 goats. No fatalities.",0,NA,1679360218,2812
"320","KEN9615","08 November 2022",2022,2,"Strategic developments","Strategic developments","Other","Police Forces of Kenya (2022-)",NA,1,"Civilians (Kenya)","Pastoralists (Kenya)",7,17,NA,404,"Eastern Africa","Kenya","Turkana","Turkana South","Lobokat","Kainuk",1.7745,35.506,1,"Star (Kenya)","National","Other: Around 8 November 2022 (as reported), police officers raided the home of Gedion Angala Emojong, a suspected mastermind of militia activities in Kainuk (Turkana South, Turkana). 20 suspected stolen goats and an AK-47 rifle loaded with two rounds of ammunition were recovered.",0,NA,1679360218,2813
"321","KEN9555","07 November 2022",2022,1,"Political violence","Violence against civilians","Attack","Pokot Ethnic Militia (Kenya)","Pastoralists (Kenya)",4,"Civilians (Kenya)","Pastoralists (Kenya)",7,47,"Civilian targeting",404,"Eastern Africa","Kenya","Samburu","Samburu Central","Suguta Marmar","Suguta Marmar",0.902,36.4591,2,"NTV (Kenya); Star (Kenya)","New media-National","On 7 November 2022, suspected Pokot militia attacked and injured at least one person Samburu west constituency [coded as Suguta Marmar, Samburu Central, Samburu], before making away with a family's 200 and goats and sheep.",0,NA,1668446884,2816
"322","KEN9577","07 November 2022",2022,1,"Political violence","Battles","Armed clash","Police Forces of Kenya (2022-)",NA,1,"Pokot Ethnic Militia (Kenya)","Pastoralists (Kenya)",4,14,NA,404,"Eastern Africa","Kenya","Turkana","Turkana Central","Lodwar Township","Lorogon",3.1277,35.5978,1,"Star (Kenya)","National","On 7 November 2022, 20 suspected Pokot militia clashed with the police at Ombolion area of Lorogon (Turkana Central, Turkana). 70 heads of cattle and 150 goats that had been stolen were recovered. No fatalities",0,NA,1679360218,2821
"323","KEN9560","05 November 2022",2022,1,"Strategic developments","Strategic developments","Other","Civilians (Kenya)","Pokot Ethnic Group (Kenya); Ilchamus Ethnic Group (Kenya); Pastoralists (Kenya)",7,NA,NA,0,70,NA,404,"Eastern Africa","Kenya","Baringo","Tiaty","Tangulbei","Tangulbei",0.8065,36.264,1,"Daily Nation (Kenya)","National","Other: On 5 November 2022, Pokot and Ilchamus moran's graduated from training meant to keep them off militia activities at the Ruko sanctuary camping conservancy in Tangulbei (Tiaty, Baringo)",0,NA,1668446884,2826
"324","KEN10517","05 November 2022",2022,1,"Political violence","Violence against civilians","Attack","Turkana Ethnic Militia (Kenya)",NA,4,"Civilians (Kenya)","Pastoralists (Kenya)",7,47,"Civilian targeting",404,"Eastern Africa","Kenya","West Pokot","Pokot North","Alale","Turkwel River",2.3,35.2333,2,"K24","National","On 5 November 2022, suspected Turkana militia shot dead a man and his son, while looking after their livestock near river Malmate [coded as Turkwel River, Pokot North, West Pokot].",2,NA,1676323319,2827
"325","KEN9546","04 November 2022",2022,1,"Political violence","Violence against civilians","Attack","Pokot Ethnic Militia (Kenya)","Pastoralists (Kenya)",4,"Civilians (Kenya)",NA,7,47,"Civilian targeting",404,"Eastern Africa","Kenya","Baringo","Tiaty","Tirioko","Kapedo",1.1692,36.0955,1,"Star (Kenya)","National","On 4 November 2022, suspected pokot militia shot and killed a 15-year-old boy in Kapedo (Tiaty, Baringo).",1,NA,1667850819,2829
"326","KEN9587","04 November 2022",2022,1,"Political violence","Violence against civilians","Attack","Pokot Ethnic Militia (Kenya)","Pastoralists (Kenya)",4,"Civilians (Kenya)","Pastoralists (Kenya)",7,47,"Civilian targeting",404,"Eastern Africa","Kenya","Samburu","Samburu Central","Maralal","Maralal",1.0968,36.698,2,"NTV (Kenya)","New media","On 4 November 2022, suspected Pokot militia attacked and injured a person, before making away with 370 goats in Samburu west constituency [coded as Maralal, Samburu Central, Samburu].",0,NA,1669047688,2830
"327","KEN9554","03 November 2022",2022,1,"Political violence","Violence against civilians","Attack","Rendilles Ethnic Militia (Kenya)","Pastoralists (Kenya)",4,"Civilians (Kenya)",NA,7,47,"Civilian targeting",404,"Eastern Africa","Kenya","Isiolo","Merti","Chari","Dogo Gicha",1.2181,38.4838,2,"Daily Nation (Kenya); KTN News (Kenya)","National","On 3 November 2022, suspected Rendilles militia shot dead two people ferrying livestock feed on a motorbike along the Merti- Dogo gicha [coded as Dogo Gicha, Merti, Isiolo]. The motive of the attack remains unclear.",2,NA,1668446884,2834
"328","KEN9548","29 October 2022",2022,1,"Political violence","Explosions/Remote violence","Shelling/artillery/missile attack","Al Shabaab",NA,2,"Civilians (Kenya)","Pastoralists (Kenya)",7,27,"Civilian targeting",404,"Eastern Africa","Kenya","Mandera","Mandera South","Wargadud","Wargadud",3.1863,40.8677,2,"Kenya Standard; Daily Nation (Kenya)","National","On 29 October 2022, an unexploded rocket-propelled grenade (RPG) fired by suspected Al Shabaab detonated, killing two herders at Corner S settlement, along Elwak Wargadud road [coded as Wargadud, Mandera South, Mandera], after children tinkered with it.",2,NA,1667850818,2845
"329","KEN9543","28 October 2022",2022,2,"Strategic developments","Strategic developments","Looting/property destruction","Somali Ethnic Militia (Kenya)",NA,4,"Civilians (Kenya)","Farmers (Kenya)",7,47,NA,404,"Eastern Africa","Kenya","Kilifi","Magarini","Magarini","Magarini",-3.0333,40.0666,1,"K24","National","Property destruction: Around 28 October 2022 (as reported), suspected Somali herders invaded farms in Magarini (Magarini, Kilifi), for grazing their livestock and destroyed some water points.",0,NA,1667248060,2848
"330","KEN10402","27 October 2022",2022,2,"Political violence","Violence against civilians","Attack","Pokot Ethnic Militia (Kenya)","Pastoralists (Kenya)",4,"Civilians (Kenya)","Students (Kenya)",7,47,"Civilian targeting",404,"Eastern Africa","Kenya","Turkana","Turkana South","Lobokat","Kainuk",1.7745,35.506,1,"Citizen (Kenya)","National","Around 27 October 2022 (as reported), suspected Pokot militia (from west Pokot) shot and injured two students in Kainuk (Turkana South, Turkana).",0,NA,1676323319,2851
"331","KEN9532","26 October 2022",2022,2,"Political violence","Battles","Armed clash","Samburu Ethnic Militia (Kenya)","Pastoralists (Kenya)",4,"Police Forces of Kenya (2022-)",NA,1,14,NA,404,"Eastern Africa","Kenya","Turkana","Turkana Central","Lodwar Township","Lodwar",3.1191,35.5973,2,"Star (Kenya)","National","Around 26 October 2022 (as reported), 3 suspected Samburu militia attacked Komote area and made away with 14 donkeys. Police responded to the attack, and exchange of fire ensued leading to the killing of two militia, arrest of their associate and recovery of the animals at Lentert area [coded to county Headquarters Lodwar, Turkana Central, Turkana]",2,NA,1679360217,2860
"332","KEN9575","24 October 2022",2022,1,"Demonstrations","Protests","Peaceful protest","Protesters (Kenya)",NA,6,NA,NA,0,60,NA,404,"Eastern Africa","Kenya","Kitui","Kitui South","Mutha","Mutha",-1.7951,38.4278,1,"Kenya Standard","National","On 24 October 2022, local residents demonstrated by carrying twigs, blowing vuvuzelas, and waving placards as they marched in Mutha (Kitui South, Kitui), against armed Somali herders who have invaded the area with thousands of camels.",0,"crowd size=no report",1668446884,2866
"333","KEN10452","23 October 2022",2022,1,"Demonstrations","Riots","Violent demonstration","Rioters (Kenya)",NA,5,"Police Forces of Kenya (2022-)",NA,1,15,NA,404,"Eastern Africa","Kenya","Meru","Tigania West","Athwana","Kandebene",0.3075,37.6573,1,"Citizen (Kenya)","National","On 23 October 2022, local residents repulsed police officers in Kandebene (Tigania West, Meru), in demonstration against the killing of a woman by Somali Camel herders [coded separately]. Running battles between the group and police ensued, as police shot in the air to disperse the group. No details on injuries.",0,"crowd size=no report",1679360211,2870
"334","KEN10401","22 October 2022",2022,1,"Political violence","Violence against civilians","Attack","Somali Ethnic Militia (Kenya)","Pastoralists (Kenya)",4,"Civilians (Kenya)","Women (Kenya); Farmers (Kenya)",7,47,"Civilian targeting",404,"Eastern Africa","Kenya","Meru","Tigania West","Athwana","Kandebene",0.3075,37.6573,1,"Citizen (Kenya); Daily Nation (Kenya)","National","On 22 October 2022, overnight, Somali camel herders killed a woman farmer in Kandebene (Tigania West, Meru), after she allegedly blocked them from grazing on her land. Police later arrested 3 suspects, in connection with the killing.",1,NA,1676323319,2878
"335","KEN10349","20 October 2022",2022,2,"Political violence","Battles","Armed clash","Samburu Ethnic Militia (Kenya)","Pastoralists (Kenya); Samburu Ethnic Militia (Kenya)",4,"Unidentified Communal Militia (Kenya)","Farmers (Kenya)",4,44,NA,404,"Eastern Africa","Kenya","Kiambu","Gatundu South","Kiamwangi","Kiriko",-1.0333,36.8833,1,"Kenya Broadcasting Corporation","National","Around 20 October 2022 (as reported), Samburu herders clashed with farmers with spears as they invaded Kiriko village (Laikipia West, Laikipia). 10 people sustained injuries during the incident.",0,NA,1676323319,2885
"336","KEN10364","18 October 2022",2022,1,"Political violence","Violence against civilians","Attack","Pokot Ethnic Militia (Kenya)","Pastoralists (Kenya)",4,"Civilians (Kenya)","Labor Group (Kenya)",7,47,"Civilian targeting",404,"Eastern Africa","Kenya","Samburu","Samburu Central","Porro","Poro",1.2061,36.5629,1,"Citizen (Kenya); KTN News (Kenya)","National","On 18 October 2022, suspected Pokot militia attacked Poro village (Samburu Central, Samburu). One person was killed, two people missing, one of whom is a staff attached to the area member of parliament (MP), and made away with goods of unknown value.",1,NA,1676323319,2896
"337","KEN10375","18 October 2022",2022,2,"Strategic developments","Strategic developments","Other","Government of Kenya (2022-)",NA,1,"Civilians (Kenya)","Pastoralists (Kenya); Somali Ethnic Militia (Kenya)",7,17,NA,404,"Eastern Africa","Kenya","Kitui","Kitui Central","Township","Kitui",-1.3667,38.0167,2,"K24","National","Other: Around 18 October 2022 (as reported), Kitui east member of parliament (MP) issued a five-day ultimatum to Somali herders (assumed armed) to get their camels out of Kitui county [coded as Kitui, Kitui Central, Kitui], following growing tension in the area.",0,NA,1679360210,2899
"338","KEN10363","17 October 2022",2022,1,"Political violence","Violence against civilians","Attack","Pokot Ethnic Militia (Kenya)","Pastoralists (Kenya)",4,"Civilians (Kenya)",NA,7,47,"Civilian targeting",404,"Eastern Africa","Kenya","Samburu","Samburu Central","Porro","Poro",1.2061,36.5629,1,"Kenya Broadcasting Corporation; Kenya Standard","National","On 17 October 2022, suspected Pokot militia attacked Poro village (Samburu Central, Samburu). One person was killed and another injured (some reports mention several injured) before the group made away with over 80 cows.",1,NA,1676323319,2904
"339","KEN10327","15 October 2022",2022,1,"Political violence","Violence against civilians","Attack","Somali Ethnic Militia (Kenya)","Pastoralists (Kenya)",4,"Civilians (Kenya)",NA,7,47,"Civilian targeting",404,"Eastern Africa","Kenya","Kitui","Kitui South","Mutha","Mutha",-1.7951,38.4278,2,"K24","National","On 15 October 2022, Somali herders allegedly hacked to death one person at Kekyaa village, Mutha ward [coded as Mutha, Kitui South, Kitui]",1,NA,1676323319,2913
"340","KEN10328","15 October 2022",2022,1,"Demonstrations","Protests","Peaceful protest","Protesters (Kenya)",NA,6,NA,NA,0,60,NA,404,"Eastern Africa","Kenya","Kitui","Kitui South","Mutha","Mutha",-1.7951,38.4278,1,"K24","National","On 15 October 2022, local residents protested in Mutha (Kitui South, Kitui), against the killing of a man by Somali herders [coded as separately]. The group demanded that the authorities to order the herders out of the region.",0,"crowd size=no report",1676323319,2914
"341","KEN10325","13 October 2022",2022,2,"Political violence","Battles","Armed clash","Police Forces of Kenya (2022-)",NA,1,"Pokot Ethnic Militia (Kenya)","Pastoralists (Kenya)",4,14,NA,404,"Eastern Africa","Kenya","Baringo","Tiaty","Tirioko","Tiati",1.2972,35.9336,2,"Kenya Broadcasting Corporation","National","Around 13 October 2022 (as reported), police officers clashed with suspected Pokot militia in Tiaty constituency [coded as Tiati, Tiaty, Baringo] and recovered five firearms belonging to eight security officers killed alongside a local chief and two civilians by the group [coded separately].",0,NA,1679360210,2929
"342","KEN9514","08 October 2022",2022,2,"Political violence","Violence against civilians","Attack","Somali Ethnic Militia (Kenya)","Pastoralists (Kenya)",4,"Civilians (Kenya)","Women (Kenya)",7,47,"Civilian targeting",404,"Eastern Africa","Kenya","Kitui","Kitui South","Mutha","Mutha",-1.7951,38.4278,2,"Star (Kenya); Daily Nation (Kenya)","National","Around 8 October 2022 (as reported), suspected Somali camel herders assaulted a woman and torched her house in Kekyaa village in Mutha ward [coded as Mutha, Kitui South, Kitui].",0,NA,1666650597,2952
"343","KEN10296","08 October 2022",2022,2,"Strategic developments","Strategic developments","Other","Government of Kenya (2022-)",NA,1,NA,NA,0,10,NA,404,"Eastern Africa","Kenya","Kitui","Kitui Central","Township","Kitui",-1.3667,38.0167,2,"K24","National","Other: Around 8 October 2022 (as reported), the county commissioner set new measures to end conflict along the Kitui and Tana River border by forming peace committees comprising of elders from both the Kamba farmers and camel herders [coded as Kitui, Kitui Central, Kitui].",0,NA,1679360210,2955
"344","KEN9488","04 October 2022",2022,1,"Political violence","Violence against civilians","Attack","Pokot Ethnic Militia (Kenya)","Pastoralists (Kenya)",4,"Civilians (Kenya)","Pastoralists (Kenya)",7,47,"Civilian targeting",404,"Eastern Africa","Kenya","Turkana","Turkana South","Katilu","Kalemngorok",2.1339,35.4952,2,"Citizen (Kenya)","National","On 4 October 2022, over 200 suspected Pokot pastoral militia attacked Ekoropus and Kangirega villages near Kalemngorok (Turkana South, Turkana), and made away with 500 camels.",0,NA,1665519450,2978
"345","KEN10403","03 October 2022",2022,2,"Strategic developments","Strategic developments","Other","Civilians (Kenya)","Pastoralists (Kenya); Samburu Ethnic Group (Kenya); Turkana Ethnic Group (Kenya)",7,NA,NA,0,70,NA,404,"Eastern Africa","Kenya","Samburu","Samburu North","El Barta","Baragoi",1.7833,36.7833,1,"Citizen (Kenya)","National","Other: Around 3 October 2022 (as reported), political leaders from the Samburu and Turkana pastoral communities convened a peace meeting in Baragoi (Samburu North, Samburu). The two communities vowed to embrace peaceful co-existence.",0,NA,1676323319,2990
"346","KEN10205","26 September 2022",2022,1,"Political violence","Violence against civilians","Attack","Somali Ethnic Militia (Kenya)",NA,4,"Civilians (Kenya)","Pastoralists (Kenya)",7,47,"Civilian targeting",404,"Eastern Africa","Kenya","Isiolo","Garbatulla","Garbatulla","Garba Tula",0.5333,38.52,2,"Daily Nation (Kenya); K24","National","On 26 September 2022, suspected Somalia militia hit a herder with a blunt wooden stick to death, before making away with 250 goats between Garbatula and Benane [coded as Garba Tula, Garbatulla, Isiolo]",1,NA,1676323318,3017
"347","KEN10196","24 September 2022",2022,1,"Political violence","Violence against civilians","Attack","Pokot Ethnic Militia (Kenya)","Pastoralists (Kenya)",4,"Civilians (Kenya)",NA,7,47,"Civilian targeting",404,"Eastern Africa","Kenya","Turkana","Turkana East","Katilia","Suguta Valley",2.1667,36.5167,2,"Capital FM; Daily Nation (Kenya)","National","On 24 September 2022, pokot militia attacked Riet village [coded as Suguta Valley, Turkana East, Turkana]. One person was killed, another injured as the militia made away with unknown number of livestock.",1,NA,1676323318,3025
"348","KEN10195","24 September 2022",2022,1,"Political violence","Battles","Armed clash","Pokot Ethnic Militia (Kenya)","Pastoralists (Kenya)",4,"Police Forces of Kenya (2022-)",NA,1,14,NA,404,"Eastern Africa","Kenya","Turkana","Turkana East","Katilia","Suguta Valley",2.1667,36.5167,2,"Capital FM; Daily Nation (Kenya)","National","On 24 September 2022, Pokot militia clashed with the police at Namariat [coded as Suguta Valley, Turkana East, Turkana]. Eight police officers, a local chief and two civilians were killed, while two others sustained injuries.",11,NA,1679360210,3026
"349","KEN10742","24 September 2022",2022,1,"Political violence","Battles","Armed clash","Pokot Ethnic Militia (Kenya)","Pastoralists (Kenya)",4,"Police Forces of Kenya (2022-)",NA,1,14,NA,404,"Eastern Africa","Kenya","Turkana","Turkana East","Kapedo","Kapedo",1.183,36.1039,2,"TUKO","National","On 24 September 2022, a group of suspected Pokot militia exchanged fire with police officers in Kapedo (Kapedo, Turkana East, Turkana) after they raided a village in Turkana East where they stole livestock (coded separately). 8 police officers and 3 civilians were shot dead.",11,NA,1682451266,3027
"350","KEN9749","19 September 2022",2022,1,"Strategic developments","Strategic developments","Other","Civilians (Kenya)","Samburu Ethnic Group (Kenya); Pastoralists (Kenya)",7,NA,NA,0,70,NA,404,"Eastern Africa","Kenya","Samburu","Samburu Central","Maralal","Maralal",1.0968,36.698,2,"Citizen (Kenya)","National","Other: On 19 September 2022, more than 2000 elders from Samburu community's nine clans have met at Yamo area within Maralal (Samburu Central, Samburu), where they have jointly agreed to impose a curse upon youths who engage in criminal activities in the region",0,NA,1673291087,3052
"351","KEN9410","16 September 2022",2022,2,"Political violence","Violence against civilians","Attack","Somali Ethnic Militia (Kenya)","Pastoralists (Kenya)",4,"Civilians (Kenya)","Farmers (Kenya)",7,47,"Civilian targeting",404,"Eastern Africa","Kenya","Kitui","Mwingi North","Tseikuru","Tseikuru",-0.1667,38.2333,1,"Star (Kenya)","National","Around 16 September 2022 (as reported), suspected Somali Camel herders hacked and injured two farmers in Masungwa area of Tseikuru (Mwingi North, Kitui) in a row over grazing land and watering points.",0,NA,1663620421,3066
"352","KEN9409","15 September 2022",2022,1,"Political violence","Violence against civilians","Attack","Samburu Ethnic Militia (Kenya)","Pastoralists (Kenya)",4,"Civilians (Kenya)",NA,7,47,"Civilian targeting",404,"Eastern Africa","Kenya","Samburu","Samburu Central","Maralal","Maralal",1.0968,36.698,1,"Citizen (Kenya)","National","On 15 September 2022, suspected Samburu militia shot and injured a man at Nkutoto in Maralal (Samburu Central, Samburu), before making away with seven cows.",0,NA,1663620420,3069
"353","KEN10266","15 September 2022",2022,2,"Political violence","Violence against civilians","Attack","Unidentified Ethnic Militia (Kenya)","Pastoralists (Kenya)",4,"Civilians (Kenya)","Pastoralists (Kenya)",7,47,"Civilian targeting",404,"Eastern Africa","Kenya","Marsabit","Saku","Marsabit Central","Marsabit",2.333,37.983,3,"National Police Service-Kenya","Other","Around 15 September 2022 (as reported), an unidentified pastoral militia attacked herders in Marsabit County (Marsabit Central, Saku, Marsabit). The militia made away with 600 cows. There were no fatalities.",0,NA,1699385307,3074
"354","KEN9411","14 September 2022",2022,2,"Strategic developments","Strategic developments","Non-violent transfer of territory","Somali Ethnic Militia (Kenya)",NA,4,"Civilians (Kenya)","Farmers (Kenya)",7,47,NA,404,"Eastern Africa","Kenya","Kitui","Mwingi North","Ngomeni","Ngomeni",-0.6492,38.3942,1,"Star (Kenya)","National","Around 14 September 2022 (as reported), suspected Somali herders invaded farms in Ngomeni (Mwingi North, Kitui), for grazing their with camels.",0,NA,1663620421,3077
"355","KEN9408","13 September 2022",2022,2,"Strategic developments","Strategic developments","Non-violent transfer of territory","Somali Ethnic Militia (Kenya)",NA,4,"Civilians (Kenya)","Farmers (Kenya)",7,47,NA,404,"Eastern Africa","Kenya","Meru","Tigania East","Mikinduri","Athwana",0.1119,37.8503,1,"Star (Kenya)","National","Around 13 September 2022 (as reported), suspected armed Somali herders invaded farms at KK Nkengechia and Kandebene areas within Athwana (Tigania West, Meru), for grazing their with camels.",0,NA,1663706908,3079
"356","KEN9405","08 September 2022",2022,1,"Strategic developments","Strategic developments","Looting/property destruction","Samburu Ethnic Militia (Kenya)","Pastoralists (Kenya)",4,"Civilians (Kenya)",NA,7,47,NA,404,"Eastern Africa","Kenya","Samburu","Samburu Central","Maralal","Maralal",1.0968,36.698,1,"Daily Nation (Kenya); Kenya Broadcasting Corporation","National","Looting: On 8 September 2022, suspected Samburu militia made away with 300 goats in Maralal (Samburu Central, Samburu).",0,NA,1663620420,3086
"357","KEN9406","07 September 2022",2022,2,"Strategic developments","Strategic developments","Looting/property destruction","Unidentified Communal Militia (Kenya)","Pastoralists (Kenya)",4,"Civilians (Kenya)",NA,7,47,NA,404,"Eastern Africa","Kenya","Isiolo","Garbatulla","Garbatulla","Garba Tula",0.5333,38.52,1,"Daily Nation (Kenya)","National","Looting: Around 7 September 2022 (week of), an unidentified pastoral communal militia made away with 900 animals in Bilgis, within Garba Tula (Garbatulla, Isiolo).",0,NA,1663620420,3090
"358","KEN9295","06 September 2022",2022,1,"Political violence","Battles","Armed clash","Samburu Ethnic Militia (Kenya)","Pastoralists (Kenya)",4,"Police Forces of Kenya (2013-2022)",NA,1,14,NA,404,"Eastern Africa","Kenya","Isiolo","Merti","Cherab","Merti",1.0667,38.6667,1,"Star (Kenya)","National","On 6 September 2022, police officers clashed with a group of 20 suspected Samburu militia in Merti (Merti, Isiolo). A herder and one of the gunmen sustained gunshot wounds as police recovered 398 of 400 stolen animals.",0,NA,1679360217,3094
"359","KEN9407","05 September 2022",2022,1,"Political violence","Battles","Armed clash","Pokot Ethnic Militia (Kenya)","Pastoralists (Kenya)",4,"Police Forces of Kenya (2013-2022)",NA,1,14,NA,404,"Eastern Africa","Kenya","Turkana","Turkana South","Lobokat","Kainuk",1.7745,35.506,2,"Daily Nation (Kenya)","National","On 5 September 2022, police officers from the anti-stock theft unit repulsed suspected Pokot militia who wanted to steal livestock in Naregaekamar, near Kainuk (Turkana South, Turkana). Casualties unknown.",0,NA,1679360217,3096
"360","KEN9292","02 September 2022",2022,1,"Demonstrations","Protests","Peaceful protest","Protesters (Kenya)","Borana Ethnic Group (Kenya); Gabra Ethnic Group (Kenya); Pastoralists (Kenya)",6,NA,NA,0,60,NA,404,"Eastern Africa","Kenya","Marsabit","North Horr","Maikona","Turbi",3.3009,38.3655,2,"Daily Nation (Kenya)","National","On 2 September 2022, members of the Borana and Garbra demonstrated by wearing white outfits and chanting peace messages as they marched along the Moyale-Marsabit highway [coded as Turbi, North Horr, Marsabit], in support of the peaceful coexistence between the two communities.",0,"crowd size=no report",1663026145,3101
"361","KEN9294","02 September 2022",2022,1,"Political violence","Violence against civilians","Attack","Pokot Ethnic Militia (Kenya)","Pastoralists (Kenya)",4,"Civilians (Kenya)","Women (Kenya)",7,47,"Civilian targeting",404,"Eastern Africa","Kenya","Laikipia","Laikipia West","Rumuruti Township","Ngarua",0.3696,36.449,2,"Citizen (Kenya); Kenya Broadcasting Corporation","National","On 2 September 2022, suspected Pokot militia shot and injured a woman in Mbogo-ine village, near Ngarua (Laikipia West, Laikipia).",0,NA,1676323321,3102
"362","KEN9332","30 August 2022",2022,2,"Strategic developments","Strategic developments","Other","Civilians (Kenya)","Samburu Ethnic Group (Kenya); Pastoralists (Kenya)",7,"Civilians (Kenya)","Turkana Ethnic Group (Kenya)",7,77,NA,404,"Eastern Africa","Kenya","Samburu","Samburu North","El Barta","Baragoi",1.7833,36.7833,1,"Kenya Standard","National","Other: Around 30 August 2022 (as reported), Samburu and Turkana pastoral communities met in Baragoi (Samburu North, Samburu) and agreed to promote peace in the region.",0,NA,1699385307,3115
"363","KEN9325","28 August 2022",2022,1,"Political violence","Riots","Mob violence","Rioters (Kenya)","Pastoralists (Kenya)",5,"Civilians (Kenya)","Farmers (Kenya)",7,57,"Civilian targeting",404,"Eastern Africa","Kenya","Lamu","Lamu West","Witu","Witu",-2.3889,40.4382,1,"Daily Nation (Kenya)","National","On 28 August 2022, a group of herders armed with knives and clubs attacked farmers in Witu (Lamu West, Lamu) for allegedly refusing to allow them to graze their herd on their farm. A woman and her son were injured during the incident.",0,"crowd size=no report",1663026145,3133
"364","KEN9370","21 August 2022",2022,1,"Political violence","Violence against civilians","Attack","Somali Ethnic Militia (Kenya)","Pastoralists (Kenya)",4,"Civilians (Kenya)",NA,7,47,"Civilian targeting",404,"Eastern Africa","Kenya","Kitui","Kitui South","Mutha","Kalambani",-1.5621,38.7764,1,"Kenya Broadcasting Corporation","National","On 21 August 2022, suspected Somali pastoral militia shot and killed a six -year old boy in Kalambani (Kitui South, Kitui).",0,NA,1676323321,3154
"365","KEN9339","17 August 2022",2022,2,"Strategic developments","Strategic developments","Looting/property destruction","Pokot Ethnic Militia (Kenya)","Pastoralists (Kenya)",4,"Civilians (Kenya)",NA,7,47,NA,404,"Eastern Africa","Kenya","Turkana","Turkana South","Lokichar","Loyapat",2.5775,35.5322,2,"Daily Nation (Kenya)","National","Property destruction: Around 17 August 2022 (week of), suspected Pokot pastoral militia torched 150 grass-thatched houses and damaged 20 semi-permanent ones by removing iron sheets in Kaalebu village, near Loyapat (Turkana South, Turkana), displacing more than 200 people.",0,NA,1663026145,3163
"366","KEN9374","09 August 2022",2022,1,"Political violence","Battles","Armed clash","Police Forces of Kenya (2013-2022)",NA,1,"Pokot Ethnic Militia (Kenya)","Pastoralists (Kenya)",4,14,NA,404,"Eastern Africa","Kenya","Baringo","Marigat","Marigat","Chemoe",0.3167,35.8833,1,"Daily Nation (Kenya)","National","On 9 August 2022, police officers clashed with suspected Pokot pastoral militia and recovered more than 200 stolen livestock in Chemoe (Marigat, Baringo).",0,NA,1679360217,3235
"367","KEN9290","07 August 2022",2022,1,"Political violence","Battles","Armed clash","Borana Ethnic Militia (Kenya)","Pastoralists (Kenya)",4,"Degodia Ethnic Militia (Kenya)","Pastoralists (Kenya)",4,44,NA,404,"Eastern Africa","Kenya","Isiolo","Merti","Chari","Dogo Gicha",1.2181,38.4838,1,"Daily Nation (Kenya)","National","On 7 August 2022, suspected Borana and Degodia herders clashed with each other at the Dogo Gicha grazing field (Merti, Isiolo). Five people were killed, and four others were injured during the incident.",5,NA,1660592736,3255
"368","KEN9248","06 August 2022",2022,1,"Political violence","Violence against civilians","Attack","Samburu Ethnic Militia (Kenya)","Pastoralists (Kenya)",4,"Civilians (Kenya)","Pastoralists (Kenya)",7,47,"Civilian targeting",404,"Eastern Africa","Kenya","Isiolo","Merti","Cherab","Yamicha",1.905,38.8257,1,"Daily Nation (Kenya)","National","On 6 August 2022, suspected Samburu militia shot dead a herder in Yamicha (Isiolo North, Isiolo).",1,NA,1681253927,3274
"369","KEN9188","01 August 2022",2022,1,"Political violence","Violence against civilians","Attack","Pokot Ethnic Militia (Kenya)","Pastoralists (Kenya)",4,"Civilians (Kenya)",NA,7,47,"Civilian targeting",404,"Eastern Africa","Kenya","Turkana","Turkana Central","Lodwar Township","Lokwar",3.1157,35.6042,1,"Star (Kenya)","National","On 1 August 2022, suspected Pokot militia staged a foiled attack on Lokwar village (Turkana Central, Turkana), in an attempt to steal animals. There were no casualities.",0,NA,1659980429,3300
"370","KEN9181","01 August 2022",2022,1,"Political violence","Battles","Armed clash","Pokot Ethnic Militia (Kenya)","Pastoralists (Kenya)",4,"Police Forces of Kenya (2013-2022)",NA,1,14,NA,404,"Eastern Africa","Kenya","Turkana","Turkana Central","Lodwar Township","Lokwar",3.1157,35.6042,1,"Star (Kenya)","National","On 1 August 2022, suspected Pokot militia clashed with the police in Lokwar village (Turkana Central, Turkana). Four militia were killed while 2 managed to escape.",4,NA,1679360217,3302
"371","KEN9187","31 July 2022",2022,1,"Political violence","Violence against civilians","Attack","Pokot Ethnic Militia (Kenya)","Pastoralists (Kenya)",4,"Civilians (Kenya)",NA,7,47,"Civilian targeting",404,"Eastern Africa","Kenya","Laikipia","Laikipia West","Salama","Muruku",0.0955,36.5503,1,"Citizen (Kenya); K24","National","On 31 July 2022, suspected Pokot militia attacked and injured a man in Muruku (Laikipia West, Laikipia). The militia made away with 70 goats, which were later recovered.",0,NA,1659980428,3306
"372","KEN9358","31 July 2022",2022,2,"Political violence","Violence against civilians","Attack","Pokot Ethnic Militia (Kenya)","Pastoralists (Kenya)",4,"Civilians (Kenya)",NA,7,47,"Civilian targeting",404,"Eastern Africa","Kenya","Turkana","Turkana South","Lokichar","Loyapat",2.5775,35.5322,2,"Daily Nation (Kenya)","National","Around 31 July 2022 (as reported), suspected Pokot militia attacked Kaalebu village near Loyapat (Turkana South, Turkana). The militia killed one person and looted property of unknown value.",1,NA,1663026145,3307
"373","KEN9185","31 July 2022",2022,1,"Political violence","Violence against civilians","Attack","Pokot Ethnic Militia (Kenya)","Pastoralists (Kenya)",4,"Civilians (Kenya)",NA,7,47,"Civilian targeting",404,"Eastern Africa","Kenya","Turkana","Turkana East","Kapedo","Napeitom",1.7323,36.0401,1,"Citizen (Kenya); Daily Nation (Kenya); Star (Kenya)","National","On 31 July 2022, suspected Pokot militia burnt to death seven individuals including five children (some reports mention other numbers) in their homesteads and abducted a minor at Napeitom (Kapedo, Turkana East, Turkana). 101 houses were burned and 2 people were seriously injured.",7,NA,1676323321,3308
"374","KEN9180","28 July 2022",2022,1,"Political violence","Battles","Armed clash","Pokot Ethnic Militia (Kenya)","Pastoralists (Kenya)",4,"Police Forces of Kenya (2013-2022)",NA,1,14,NA,404,"Eastern Africa","Kenya","Turkana","Turkana South","Lokichar","Lokichar",2.3833,35.65,2,"Daily Nation (Kenya); Star (Kenya)","National","On 28 July 2022, suspected Pokot militia clashed with the police along the Kainuk-Lokichar road (coded to Lokichar, Turkana South, Turkana). Two officers sustained gunshot wounds.",0,NA,1679360217,3337
"375","KEN9216","20 July 2022",2022,2,"Demonstrations","Protests","Peaceful protest","Protesters (Kenya)","Pastoralists (Kenya)",6,NA,NA,0,60,NA,404,"Eastern Africa","Kenya","Turkana","Turkana East","Lokori","Lopii",2.1062,35.8934,1,"Daily Nation (Kenya)","National","Around 20 July 2022 (week of), a section of pastoralists demonstrated in Lopii (Turkana East, Turkana), against increased insecurity. The pastoralists demanded the government to dispatch more police reservists to the area.",0,"crowd size=no report",1659980428,3367
"376","KEN9186","19 July 2022",2022,1,"Political violence","Violence against civilians","Attack","Pokot Ethnic Militia (Kenya)","Pastoralists (Kenya)",4,"Civilians (Kenya)",NA,7,47,"Civilian targeting",404,"Eastern Africa","Kenya","Turkana","Turkana East","Lokori","Lopii",2.1062,35.8934,1,"Daily Nation (Kenya)","National","On 19 July 2022, suspected heavily armed Pokot militia attacked pastoralists in Lopii (Turkana East, Turkana). There were no casualties. Unknown number of livestock were stolen.",0,NA,1698071505,3373
"377","KEN9131","18 July 2022",2022,1,"Political violence","Violence against civilians","Attack","Unidentified Ethnic Militia (Kenya)",NA,4,"Civilians (Kenya)","Pastoralists (Kenya)",7,47,"Civilian targeting",404,"Eastern Africa","Kenya","Marsabit","Laisamis","Laisamis","Laisamis",1.6,37.8,1,"Daily Nation (Kenya)","National","On 18 July 2022, unidentified militia attacked and killed two herders aged 17 and 12 in Laisamis (Laisamis, Marsabit).",2,NA,1658772268,3374
"378","KEN10265","16 July 2022",2022,1,"Political violence","Battles","Armed clash","Unidentified Ethnic Militia (Kenya)","Pastoralists (Kenya)",4,"Police Forces of Kenya (2013-2022)",NA,1,14,NA,404,"Eastern Africa","Kenya","Laikipia","Laikipia North","Segera","Laikipia",0.4167,36.75,3,"National Police Service-Kenya","Other","On 16 July 2022, an unidentified pastoral militia attacked 3 young herders in Loniek, in Kirima sub county, near Laikipia, (Segera, Laikipia North, Laikipia) stealing 20 goats. Police officers pursued them and recovered all the goats. There were no fatalities.",0,NA,1699385307,3392
"379","KEN9112","13 July 2022",2022,1,"Political violence","Violence against civilians","Attack","Unidentified Communal Militia (Kenya)",NA,4,"Civilians (Kenya)","Pastoralists (Kenya)",7,47,"Civilian targeting",404,"Eastern Africa","Kenya","Marsabit","Saku","Karare","Kituruni",2.1764,37.9302,2,"Star (Kenya)","National","On 13 July 2022, unidentified communal militia shot and injured a man at El Qarsa, near Kituruni (Saku, Marsabit). The militia made away with 40 cows during the incident.",0,NA,1658175952,3407
"380","KEN9118","13 July 2022",2022,1,"Political violence","Battles","Armed clash","Samburu Ethnic Militia (Kenya)","Pastoralists (Kenya)",4,"Police Forces of Kenya (2013-2022)",NA,1,14,NA,404,"Eastern Africa","Kenya","Samburu","Samburu East","Waso","Ndonyo Wasin",1.3485,37.4336,2,"The Star","International","On 13 July 2022, about 50 suspected Samburu militia clashed with the police long the Ndonyo Wasin - Sereolipi road (coded to Ndonyo Wasin, Samburu East, Samburu). Unknown number of the militia sustained gunshot wounds.",0,NA,1679360217,3414
"381","KEN9083","11 July 2022",2022,1,"Political violence","Battles","Armed clash","Pokot Ethnic Militia (Kenya)","Pastoralists (Kenya)",4,"Samburu Ethnic Militia (Kenya)","Pastoralists (Kenya)",4,44,NA,404,"Eastern Africa","Kenya","Samburu","Samburu Central","Maralal","Maralal",1.0968,36.698,1,"K24","National","On 11 July 2022, Pokot pastoral militia clashed with Samburu pastoral militia in Maralal (Samburu Central, Samburu). One person was killed, and two minors sustained gunshot wounds during the incident. 20 of the 100 stolen livestock were recovered.",1,NA,1658175951,3421
"382","KEN9099","11 July 2022",2022,1,"Strategic developments","Strategic developments","Other","Government of Kenya (2013-2022)",NA,1,"Civilians (Kenya)","Pastoralists (Kenya); Samburu Ethnic Group (Kenya)",7,17,NA,404,"Eastern Africa","Kenya","Nakuru","Gilgil","Gilgil","Gilgil",-0.4897,36.312,1,"Daily Nation (Kenya)","National","Other: On 11 July 2022, government gave the Samburu pastoral community a 7-day ultimatum to leave the private farms in Gilgil (Gilgil, Nakuru) following growing tension in the area.",0,NA,1679360217,3424
"383","KEN9084","10 July 2022",2022,1,"Strategic developments","Strategic developments","Looting/property destruction","Rendilles Ethnic Militia (Kenya)","Pastoralists (Kenya)",4,"Civilians (Kenya)","Borana Ethnic Group (Kenya); Pastoralists (Kenya)",7,47,NA,404,"Eastern Africa","Kenya","Marsabit","Saku","Marsabit Central","Saku",2.3333,37.9833,2,"Star (Kenya)","National","Looting: On 10 July 2022, Rendilles pastoral militia stole 99 goats from the Borana pastoral community in Olla Ginda area in Saku constituency (coded as Saku, Saku, Marsabit). 48 goats were later recovered by the elders.",0,NA,1658175952,3429
"384","KEN10102","08 July 2022",2022,1,"Political violence","Violence against civilians","Abduction/forced disappearance","Unidentified Armed Group (Kenya)",NA,3,"Civilians (Kenya)","Labor Group (Kenya); Pastoralists (Kenya); Samburu Ethnic Group (Kenya)",7,37,"Civilian targeting",404,"Eastern Africa","Kenya","Nairobi","Dagoretti North",NA,"Nairobi - Dagoretti North",-1.2793,36.7789,1,"Citizen (Kenya)","National","On 8 July 2022, unidentified individuals abducted a businessman from the Samburu ethnic group in Kileleshwa (Dagoretti North, Nairobi). He is yet to be found.",0,NA,1701131260,3437
"385","KEN9048","05 July 2022",2022,2,"Political violence","Violence against civilians","Attack","Turkana Ethnic Militia (Kenya)","Pastoralists (Kenya)",4,"Civilians (Kenya)","Pastoralists (Kenya)",7,47,"Civilian targeting",404,"Eastern Africa","Kenya","Samburu","Samburu North","El Barta","Baragoi",1.7833,36.7833,1,"Kenya Standard","National","Around 5 July 2022 (as reported), suspected Turkana pastoral militia shot and injured one person in Baragoi (Samburu North, Samburu). The militia made away with more than 50 goats.",0,NA,1699385307,3464
"386","KEN9026","02 July 2022",2022,1,"Political violence","Battles","Armed clash","Samburu Ethnic Militia (Kenya)","Pastoralists (Kenya)",4,"Police Forces of Kenya (2013-2022) Kenya Wildlife Service Rangers",NA,1,14,NA,404,"Eastern Africa","Kenya","Isiolo","Isiolo","Oldonyiro","Oldonyiro",0.6251,36.9763,1,"Citizen (Kenya); Daily Nation (Kenya)","National","On 2 July 2022, suspected Samburu militia attacked a Kenya wildlife service (KWS) field station in Oldonyiro (Isiolo, Isiolo). One officer was killed and another injured, as the militia made away with three firearms and several assorted rounds of ammunition.",1,NA,1693870280,3486
"387","KEN9047","02 July 2022",2022,1,"Political violence","Violence against civilians","Attack","Borana Ethnic Militia (Kenya)",NA,4,"Civilians (Kenya)","Pastoralists (Kenya)",7,47,"Civilian targeting",404,"Eastern Africa","Kenya","Garissa","Lagdera","Benane","Benane",0.5,38.6667,2,"Ebru Television; Kenya Broadcasting Corporation","National","On 2 July 2022, suspected Borana militia attacked Kombola and Gilbish areas within Banane (coded to Benane, Lagdera, Garissa). Two people were killed and several hundreds of livestock were stolen during the incident.",2,NA,1704767706,3488
"388","KEN8910","18 June 2022",2022,1,"Political violence","Violence against civilians","Attack","Samburu Ethnic Militia (Kenya)","Pastoralists (Kenya)",4,"Civilians (Kenya)","Women (Kenya)",7,47,"Civilian targeting",404,"Eastern Africa","Kenya","Isiolo","Merti","Chari","Dogo Gicha",1.2181,38.4838,2,"Citizen (Kenya); Star (Kenya); Kenya Standard","National","On 18 June 2022, suspected Samburu pastoral militia shot and killed a woman and her two children (aged 3 and 10) in Aliomatuma village near Dogo Gicha (Merti, Isiolo). The militia injured the father and made away with over 1000 livestock.",3,NA,1656362220,3562
"389","KEN8911","18 June 2022",2022,1,"Political violence","Battles","Armed clash","Samburu Ethnic Militia (Kenya)","Pastoralists (Kenya)",4,"Police Forces of Kenya (2013-2022)","Police Forces of Kenya (2013-2022) National Police Reservists",1,14,NA,404,"Eastern Africa","Kenya","Isiolo","Merti","Chari","Dogo Gicha",1.2181,38.4838,1,"Citizen (Kenya); Kenya Standard; Star (Kenya)","National","On 18 June 2022, suspected Samburu militia clashed with the police and NPRs in Dogo Gicha (Merti, Isiolo). Three people were killed, seven injured and 78 camels out of the 1000 stolen livestock stolen during another incident (coded separately) were recovered during the incident.",3,NA,1679360217,3565
"390","KEN10153","16 June 2022",2022,1,"Demonstrations","Protests","Peaceful protest","Protesters (Kenya)","Pastoralists (Kenya)",6,NA,NA,0,60,NA,404,"Eastern Africa","Kenya","Nakuru","Naivasha","Lake View","Naivasha",-0.7202,36.4285,2,"People Daily","National","On 16 June 2022, a section of pastoralists blocked (through unspecified means) the Naivasha-Mai Mahiu Road, near Oasis primary school (coded to Naivasha, Naivasha, Nakuru) against the killing of livestock in a road crash. The group demanded for speed bumps to be erected on the road.",0,"crowd size=no report",1676323318,3572
"391","KEN8895","15 June 2022",2022,1,"Political violence","Violence against civilians","Attack","Pokot Ethnic Militia (Kenya)","Pastoralists (Kenya)",4,"Civilians (Kenya)","Women (Kenya)",7,47,"Civilian targeting",404,"Eastern Africa","Kenya","Samburu","Samburu Central","Suguta Marmar","Longewan",0.858,36.5422,1,"Citizen (Kenya); Kenya Broadcasting Corporation","National","On 15 June 2022, suspected Pokot pastoral militia shot and killed a woman in Longewan (Samburu Central, Samburu). The militia made away with 15 goats.",1,NA,1676323321,3575
"392","KEN10263","12 June 2022",2022,2,"Political violence","Battles","Armed clash","Unidentified Ethnic Militia (Kenya)","Pastoralists (Kenya)",4,"Police Forces of Kenya (2013-2022)",NA,1,14,NA,404,"Eastern Africa","Kenya","Laikipia","Laikipia North","Segera","Laikipia",0.4167,36.75,3,"National Police Service-Kenya","Other","Around 12 June 2022 (as reported), an unidentified pastoral militia attacked a private farm in Mutharakwa, Kirima sub county, near Laikipia (Segera, Laikipia North, Laikipia) and stole 19 heads of cattle. They were pursued by the multi-agency security team and escaped leaving all the cattle behind.",0,NA,1699385307,3596
"393","KEN10264","12 June 2022",2022,1,"Political violence","Battles","Armed clash","Unidentified Ethnic Militia (Kenya)","Pastoralists (Kenya)",4,"Police Forces of Kenya (2013-2022)",NA,1,14,NA,404,"Eastern Africa","Kenya","Marsabit","Saku","Marsabit Central","Marsabit",2.333,37.983,2,"National Police Service-Kenya","Other","On 12 June 2022, an unidentified pastoral militia attacked herders near the Marsabit Forest (Marsabit Central, Saku, Marsabit). They stole 60 cows and escaped towards Marsabit Forest. Police officers pursued the group and recovered all the cows. There were no fatalities.",0,NA,1699385307,3597
"394","KEN8864","06 June 2022",2022,1,"Political violence","Battles","Armed clash","Unidentified Ethnic Militia (Kenya)","Pastoralists (Kenya)",4,"Police Forces of Kenya (2013-2022)","Police Forces of Kenya (2013-2022) National Police Reservists",1,14,NA,404,"Eastern Africa","Kenya","Laikipia","Laikipia North","Segera","Kimugandura",0.1601,37.0429,1,"Daily Nation (Kenya)","National","On 6 June 2022, unidentified pastoral militia clashed with the police and the national police reservists in a private farm in Kimugandura (Laikipia North, Laikipia). A 17-year-old herder was killed during the incident.",1,NA,1679360217,3643
"395","KEN8787","01 June 2022",2022,1,"Political violence","Battles","Armed clash","Pokot Ethnic Militia (Kenya)","Pastoralists (Kenya)",4,"Police Forces of Kenya (2013-2022)",NA,1,14,NA,404,"Eastern Africa","Kenya","Baringo","Baringo North","Saimo","Kosile",0.7507,35.9401,1,"Daily Nation (Kenya)","National","On 1 June 2022, suspected Pokot militia clashed with the police in Kosile (Baringo North, Baringo). Two people, including a militia, were killed and a police officer injured, as the militia made away with unknown number of livestock.",2,NA,1679360217,3662
"396","KEN8788","29 May 2022",2022,1,"Political violence","Violence against civilians","Attack","Pokot Ethnic Militia (Kenya)","Pastoralists (Kenya)",4,"Civilians (Kenya)","Pastoralists (Kenya); Students (Kenya)",7,47,"Civilian targeting",404,"Eastern Africa","Kenya","Elgeyo Marakwet","Marakwet East","Endo","Tot",1.2,35.65,1,"Daily Nation (Kenya); Star (Kenya)","National","On 29 May 2022, suspected Pokot militia attacked Kapkoros area of Tot (Marakwet East, Elgeyo Marakwet). Three students (aged between 7 and 12-years-old) and a herder were killed, while six other people were injured. The militia made away with unknown number of livestock.",4,NA,1655155233,3682
"397","KEN8778","24 May 2022",2022,1,"Political violence","Violence against civilians","Attack","Pokot Ethnic Militia (Kenya)","Pastoralists (Kenya)",4,"Civilians (Kenya)",NA,7,47,"Civilian targeting",404,"Eastern Africa","Kenya","Elgeyo Marakwet","Marakwet East","Endo","Kabetwa",1.15,35.6245,2,"Star (Kenya)","National","On 24 May 2022, suspected Pokot militia shot and killed three people at Arror and Kabetwa areas (coded as Kabetwa, Marakwet East, Elgeyo Marakwet).",3,NA,1653947723,3700
"398","KEN8773","23 May 2022",2022,1,"Political violence","Violence against civilians","Attack","Pokot Ethnic Militia (Kenya)","Pastoralists (Kenya)",4,"Civilians (Kenya)","Women (Kenya)",7,47,"Civilian targeting",404,"Eastern Africa","Kenya","Baringo","Baringo North","Bartabwa","Kapturo",0.9584,35.8117,1,"Ebru Television","National","On 23 May 2022, suspected Pokot militia shot and injured a woman and her daughter (age unknown) in Kapturo (Baringo North, Baringo). The militia made away with unknown number of animals.",0,NA,1676323321,3709
"399","KEN8772","23 May 2022",2022,1,"Political violence","Violence against civilians","Attack","Pokot Ethnic Militia (Kenya)","Pastoralists (Kenya)",4,"Civilians (Kenya)","Taxi Drivers (Kenya); Pastoralists (Kenya)",7,47,"Civilian targeting",404,"Eastern Africa","Kenya","Elgeyo Marakwet","Marakwet West","Arror","Tunyo",1.0115,35.6158,2,"Citizen (Kenya); Star (Kenya)","National","On 23 May 2022, 10 suspected Pokot militia shot and killed a herdsman and a boda boda taxi operator along Arror-Tunyo road at Chesuman near Tunyo (Marakwet East, Elgeyo Marakwet).",2,NA,1699385307,3710
"400","KEN8777","22 May 2022",2022,1,"Political violence","Violence against civilians","Attack","Pokot Ethnic Militia (Kenya)","Pastoralists (Kenya)",4,"Civilians (Kenya)",NA,7,47,"Civilian targeting",404,"Eastern Africa","Kenya","Turkana","Turkana South","Lobokat","Kainuk",1.7745,35.506,2,"Daily Nation (Kenya)","National","On 22 May 2022, suspected Pokot militia attacked villages near Kainuk health center (Turkana South, Turkana). The militia made away with an unknown number of livestock.",0,NA,1653947722,3712
"401","KEN8770","21 May 2022",2022,1,"Political violence","Violence against civilians","Attack","Pokot Ethnic Militia (Kenya)","Pastoralists (Kenya)",4,"Civilians (Kenya)","Pastoralists (Kenya)",7,47,"Civilian targeting",404,"Eastern Africa","Kenya","Turkana","Turkana South","Lobokat","Kainuk",1.7745,35.506,1,"Daily Nation (Kenya)","National","On 21 May 2022, suspected Pokot militia shot and injured an elderly herdsman in Kainuk (Turkana South, Turkana). The militia made away with unknown number of livestock.",0,NA,1653947722,3713
"402","KEN8720","19 May 2022",2022,1,"Political violence","Violence against civilians","Attack","Pokot Ethnic Militia (Kenya)","Pastoralists (Kenya)",4,"Civilians (Kenya)","Pastoralists (Kenya)",7,47,"Civilian targeting",404,"Eastern Africa","Kenya","Turkana","Turkana South","Lokichar","Lokichar",2.3833,35.65,1,"Citizen (Kenya)","National","On 19 May 2022, suspected armed Pokot militia attacked a livestock vaccination centre in Lokwamosing, within Lokichar (Turkana South, Turkana). One person was killed and scores injured, including a 13-year-old girl. The militia made away with more than 2000 livestock.",1,NA,1653346608,3721
"403","KEN8779","19 May 2022",2022,2,"Political violence","Violence against civilians","Attack","Somali Ethnic Militia (Kenya)","Pastoralists (Kenya)",4,"Civilians (Kenya)","Farmers (Kenya)",7,47,"Civilian targeting",404,"Eastern Africa","Kenya","Kitui","Kitui South","Mutha","Kalambani",-1.5621,38.7764,2,"Star (Kenya)","National","Around 19 May 2022 (as reported), suspected armed Somali camel herders shot incessantly in Kalambani and Ikandani areas (coded as Kalabani, Kitui South, Kitui) to force residents from their farms and homes. Unknown number of locals have fled the area.",0,NA,1653947723,3722
"404","KEN8718","16 May 2022",2022,1,"Political violence","Violence against civilians","Attack","Pokot Ethnic Militia (Kenya)","Pastoralists (Kenya)",4,"Civilians (Kenya)","Turkana Ethnic Group (Kenya); Pastoralists (Kenya)",7,47,"Civilian targeting",404,"Eastern Africa","Kenya","Baringo","Tiaty","Tirioko","Kapedo",1.1692,36.0955,1,"Daily Nation (Kenya); NTV","National-International","On 16 May 2022, suspected Pokot militia attacked herders (believed to be of Turkana ethnicity) in Kapedo (Tiaty, Baringo). One herder was killed and another sustained gunshot wounds. The militia made away with an unknown number of livestock.",1,NA,1653346607,3738
"405","KEN8774","16 May 2022",2022,1,"Strategic developments","Strategic developments","Other","Government of Kenya (2013-2022)",NA,1,"Civilians (Kenya)","Pastoralists (Kenya); Pokot Ethnic Group (Kenya)",7,17,NA,404,"Eastern Africa","Kenya","Turkana","Turkana South","Lobokat","Kainuk",1.7745,35.506,1,"Daily Nation (Kenya)","National","Other: On 16 May 2022, government gave the Pokot community a 7-day ultimatum to leave the South Turkana National Reserve within Kainuk (Turkana South, Turkana) following an increase in lifestock theft.",0,NA,1679360217,3740
"406","KEN8719","16 May 2022",2022,1,"Political violence","Violence against civilians","Attack","Pokot Ethnic Militia (Kenya)","Pastoralists (Kenya)",4,"Civilians (Kenya)","Government of Kenya (2013-2022)",7,47,"Civilian targeting",404,"Eastern Africa","Kenya","Turkana","Turkana South","Lobokat","Kainuk",1.7745,35.506,1,"Daily Nation (Kenya)","National","On 16 May 2022, suspected Pokot militia shot and injured an assistant chief and two other people in the Kenya wildlife service (KWS) area, within Kainuk (Turkana South, Turkana).",0,"local administrators",1687837292,3741
"407","KEN8717","13 May 2022",2022,1,"Political violence","Battles","Armed clash","Pokot Ethnic Militia (Kenya)","Pastoralists (Kenya)",4,"Police Forces of Kenya (2013-2022)",NA,1,14,NA,404,"Eastern Africa","Kenya","Turkana","Turkana South","Lobokat","Kainuk",1.7745,35.506,1,"Daily Nation (Kenya)","National","On 13 May 2022, suspected Pokot militia clashed with the police in the Kenya wildlife service (KWS) area, within Kainuk (Turkana South, Turkana). One police officer was injured during the incident.",0,NA,1679360217,3758
"408","KEN8716","11 May 2022",2022,1,"Political violence","Violence against civilians","Attack","Pokot Ethnic Militia (Kenya)","Pastoralists (Kenya)",4,"Civilians (Kenya)","Students (Kenya)",7,47,"Civilian targeting",404,"Eastern Africa","Kenya","Baringo","Marigat","Mukutani","Arabal",0.5138,36.1756,2,"Star (Kenya)","National","On 11 May 2022, suspected Pokot militia shot and killed two students in Chebinginy village, near Arabal (Marigat, Baringo). The militia made away with more than 40 animals during the incident.",2,NA,1653346610,3763
"409","KEN8673","10 May 2022",2022,1,"Political violence","Violence against civilians","Attack","Pokot Ethnic Militia (Kenya)","Pastoralists (Kenya)",4,"Civilians (Kenya)","Teachers (Kenya)",7,47,"Civilian targeting",404,"Eastern Africa","Kenya","Elgeyo Marakwet","Marakwet East","Endo","Chesongoch",1.1333,35.6333,1,"Kenya Standard","National","On 10 May 2022, suspected Pokot pastoral militia shot and killed a teacher at Toroko area within Chesongoch (Marakwet East, Elgeyo Marakwet).",1,NA,1652725047,3772
"410","KEN8674","09 May 2022",2022,2,"Political violence","Violence against civilians","Attack","Pokot Ethnic Militia (Kenya)","Pastoralists (Kenya)",4,"Civilians (Kenya)",NA,7,47,"Civilian targeting",404,"Eastern Africa","Kenya","Turkana","Turkana South","Lobokat","Kainuk",1.7745,35.506,1,"Citizen (Kenya)","National","Around 9 May 2022 (as reported), suspected Pokot militia shot and injured two people in Kainuk (Turkana South, Turkana). The motive was due to retaliatory attack.",0,NA,1652725047,3776
"411","KEN8695","08 May 2022",2022,1,"Political violence","Violence against civilians","Sexual violence","Borana Ethnic Militia (Kenya)","Pastoralists (Kenya)",4,"Civilians (Kenya)","Men (Kenya)",7,47,"Civilian targeting",404,"Eastern Africa","Kenya","Garissa","Lagdera","Modogashe","Modikare",0.402,38.8944,2,"NTV (Kenya)","New media","On 8 May 2022, presumed Borana militia sexually assaulted a man (stripped naked and beat) in Lagdera near Modikare (Lagdera, Garissa). The militia made away with over 2000 livestock.",0,NA,1652725048,3781
"412","KEN10879","07 May 2022",2022,2,"Political violence","Violence against civilians","Attack","Pokot Ethnic Militia (Kenya)","Pastoralists (Kenya)",4,"Civilians (Kenya)",NA,7,47,"Civilian targeting",404,"Eastern Africa","Kenya","Turkana","Turkana South","Lobokat","Kainuk",1.7745,35.506,2,"Opera News (Kenya)","National","Around 7 May 2022 (as reported), suspected Pokot launched an attack on the neighboring villages in Kainuk (Lobokat, Turkana South, Turkana) and made away with many goats. No casualties were reported.",0,NA,1676323320,3783
"413","KEN8686","07 May 2022",2022,1,"Political violence","Battles","Armed clash","Turkana Ethnic Militia (Kenya)","Pastoralists (Kenya)",4,"Police Forces of Kenya (2013-2022)",NA,1,14,NA,404,"Eastern Africa","Kenya","West Pokot","Pokot Central","Sekerr","Sarmach",1.7667,35.4667,1,"Daily Nation (Kenya); K24","National","On 7 May 2022, suspected Turkana militia clashed with the police after orchestrating an attack in Sarmach (Pokot Central, West Pokot). One herder was killed, and three others injured, as the militia made away with hundreds of livestock during the incident.",1,NA,1679360217,3786
"414","KEN8617","06 May 2022",2022,1,"Demonstrations","Protests","Peaceful protest","Protesters (Kenya)",NA,6,NA,NA,0,60,NA,404,"Eastern Africa","Kenya","Tharaka-Nithi","Igambang'ombe","Mariani","Mariani",-0.3261,37.7027,2,"Daily Nation (Kenya)","National","On 6 May 2022, a section of local residents demonstrated by carrying twigs and singings in Kairini near Mariani (Igambang'ombe, Tharaka-Nithi) against alleged invasion of Somali herders. The group demanded their chief and sub-chief to urgently address the matter.",0,"crowd size=no report",1652126672,3789
"415","KEN8615","06 May 2022",2022,1,"Political violence","Violence against civilians","Attack","Marakwet Ethnic Militia (Kenya)","Pastoralists (Kenya)",4,"Civilians (Kenya)","UDA: United Democratic Alliance",7,47,"Civilian targeting",404,"Eastern Africa","Kenya","Baringo","Baringo North","Bartabwa","Kinyach",0.9333,35.6833,1,"Opera News (Kenya)","National","On 6 May 2022, suspected armed Marakwet militia attacked a funeral service, attended by a UDA governor nominee in Kobot village, within Kinyach (Baringo North, Baringo). Casualties unknown",0,NA,1676323321,3791
"416","KEN8684","04 May 2022",2022,1,"Political violence","Violence against civilians","Attack","Toposa Ethnic Militia (South Sudan)",NA,4,"Civilians (Kenya)","Pastoralists (Kenya)",7,47,"Civilian targeting",404,"Eastern Africa","Kenya","Turkana","Turkana West","Lokichoggio","Natumamong",4.2,34.3333,1,"Kenya Standard","National","On 4 May 2022, suspected armed Toposa militia attacked Natumamong area (Turkana West, Turkana). The militia abducted two herders who were later released and made away with 125 goats, 11 donkeys, and sheep.",0,NA,1652725047,3798
"417","KEN10753","04 May 2022",2022,2,"Political violence","Violence against civilians","Attack","Unidentified Armed Group (Kenya)",NA,3,"Civilians (Kenya)","Pastoralists (Kenya)",7,37,"Civilian targeting",404,"Eastern Africa","Kenya","Turkana","Turkana South","Lobokat","Kainuk",1.7745,35.506,2,"TUKO","National","Around 4 May 2022 (as reported), an unidentified armed group raided an area near Kainuk (Lobokat, Turkana South, Turkana). They shot at vehicles along the Lodwar-Kitale highway, 8 people got injured and 238 herds of livestock were stolen.",0,NA,1676323320,3800
"418","KEN8583","01 May 2022",2022,1,"Political violence","Violence against civilians","Attack","Pokot Ethnic Militia (Kenya)","Pastoralists (Kenya)",4,"Civilians (Kenya)","Taxi Drivers (Kenya)",7,47,"Civilian targeting",404,"Eastern Africa","Kenya","Turkana","Turkana South","Lobokat","Kainuk",1.7745,35.506,1,"Kenya Standard; Citizen (Kenya)","National","On 1 May 2022, suspected Pokot militia attacked a public service vehicle (matatu), plying the Lodwar-Kapenguria road in Kainuk (Turkana South, Turkana). Eight passengers and the driver sustained gunshot wounds. The militia made away with cash, mobile phones and other belongings of unknown value.",0,NA,1652126671,3812
"419","KEN8591","01 May 2022",2022,1,"Political violence","Battles","Armed clash","Marakwet Ethnic Militia (Kenya)","Pastoralists (Kenya)",4,"Police Forces of Kenya (2013-2022)",NA,1,14,NA,404,"Eastern Africa","Kenya","Baringo","Baringo North","Bartabwa","Kinyach",0.9333,35.6833,1,"Daily Nation (Kenya); Star (Kenya)","National","On 1 May 2022, suspected Marakwet militia clashed with the police in Kobot village within Kinyach (Baringo North, Baringo) after the militia attacked the village. One herder was killed and more than 125 cows stolen during the incident.",1,NA,1679360217,3813
"420","KEN8664","28 April 2022",2022,1,"Political violence","Violence against civilians","Attack","Pokot Ethnic Militia (Kenya)","Pastoralists (Kenya)",4,"Civilians (Kenya)","Tugen Ethnic Group (Kenya); Pastoralists (Kenya)",7,47,"Civilian targeting",404,"Eastern Africa","Kenya","Baringo","Tiaty","Loiyamorok","Loruk",0.7109,36.0273,2,"Star (Kenya); Daily Nation (Kenya)","National","On 28 April 2022, suspected Pokot militia attacked herders (believed to be of Tugen ethnicity) at Chebilat near Loruk (Tiaty, North, Baringo). Two herders were killed during the incident.",2,NA,1652126671,3822
"421","KEN8655","28 April 2022",2022,1,"Political violence","Violence against civilians","Attack","Gabra Ethnic Militia (Kenya)","Pastoralists (Kenya)",4,"Civilians (Kenya)","Government of Kenya (2013-2022); Rendilles Ethnic Group (Kenya)",7,47,"Civilian targeting",404,"Eastern Africa","Kenya","Marsabit","North Horr","North Horr","North Horr",3.3167,37.0667,2,"Citizen (Kenya); Kenya Standard; Star (Kenya)","National","On 28 April 2022, suspected Gabra militia shot and killed 5 people, including 2 government administrators (believed to be from the Rendile ethnic group), within Awaye, near North Horr (North Horr, Marsabit). Twelve other people, including a member of county assembly went missing following the incident.",5,"local administrators",1687837292,3830
"422","KEN8662","27 April 2022",2022,1,"Political violence","Violence against civilians","Attack","Pokot Ethnic Militia (Kenya)","Pastoralists (Kenya)",4,"Civilians (Kenya)","Tugen Ethnic Group (Kenya); Pastoralists (Kenya)",7,47,"Civilian targeting",404,"Eastern Africa","Kenya","Baringo","Baringo North","Saimo","Ngaratuko",0.7299,35.9763,2,"Star (Kenya); Daily Nation (Kenya)","National","On 27 April 2022, suspected Pokot militia attacked herders (believed to be of Tugen ethnicity) at Lemuyek, near Ngaratuko (Baringo North, Baringo). One herder was killed, another sustained gunshot injuries and the assailants made away with 34 heads of cattle and 55 goats.",1,NA,1652126671,3833
"423","KEN10754","26 April 2022",2022,1,"Political violence","Violence against civilians","Attack","Pokot Ethnic Militia (Kenya)","Pastoralists (Kenya)",4,"Civilians (Kenya)",NA,7,47,"Civilian targeting",404,"Eastern Africa","Kenya","Baringo","Baringo North","Saimo","Ngaratuko",0.7299,35.9763,1,"TUKO","National","On 26 April 2022, suspected Pokot militia attacked and killed a man in Ngaratuko (Saimo, Baringo North, Baringo) over unclear motive. He was tortured for six hours before being killed.",1,NA,1676323320,3839
"424","KEN8627","16 April 2022",2022,1,"Political violence","Battles","Armed clash","Pokot Ethnic Militia (Kenya)","Pastoralists (Kenya)",4,"Police Forces of Kenya (2013-2022) National Police Reservists",NA,1,14,NA,404,"Eastern Africa","Kenya","Laikipia","Laikipia West","Githiga","Kinamba",0.419,36.3274,2,"Kenya Broadcasting Corporation; KTN News (Kenya)","National","On 16 April 2022, at least 8 suspected Pokot militiamen clashed with the National Police Reservist (NPR) in Kieni village, near Kinamba (Laikipia West, Laikipia). One herder was killed, an NPR officer sustained gunshot wounds, and 30 goats were stolen during the incident.",1,NA,1699385307,3920
"425","KEN8503","14 April 2022",2022,1,"Political violence","Battles","Armed clash","Pokot Ethnic Militia (Kenya)","Pastoralists (Kenya)",4,"Police Forces of Kenya (2013-2022) General Service Unit",NA,1,14,NA,404,"Eastern Africa","Kenya","Elgeyo Marakwet","Marakwet East","Endo","Endo",1.2667,35.6167,2,"Daily Nation (Kenya)","National","On 14 April 2022, suspected Pokot militia shot and killed a herder and injured four others in the Koitumo grazing field, near Endo (Marakwet East, Elgeyo Marakwet). GSU officers on patrol responded immediately and managed to repulse the militia. The attack delayed the opening of polling centers for the UDA party primaries.",1,NA,1699319483,3939
"426","KEN8507","12 April 2022",2022,1,"Political violence","Violence against civilians","Attack","Unidentified Armed Group (Kenya)",NA,3,"Civilians (Kenya)","Pastoralists (Kenya)",7,37,"Civilian targeting",404,"Eastern Africa","Kenya","Marsabit","Saku","Marsabit Central","Marsabit",2.333,37.983,2,"Star (Kenya)","National","On 12 April 2022, unidentified armed group shot and killed a herder at Ola ginda/ Olla Ginda grazing field, [coded to nearest town, Marsabit, Saku, Marsabit).",1,NA,1650311549,3956
"427","KEN10733","11 April 2022",2022,2,"Political violence","Violence against civilians","Attack","Pokot Ethnic Militia (Kenya)","Pastoralists (Kenya)",4,"Civilians (Kenya)","UDA: United Democratic Alliance; Kenya Kwanza Alliance",7,47,"Civilian targeting",404,"Eastern Africa","Kenya","Elgeyo Marakwet","Marakwet West","Arror","Arror",0.933,35.6173,1,"Opera News (Kenya)","National","Around 11 April 2022 (as reported), suspected Pokot militia (described as bandits from neighbouring county), fired at a convoy of the UDA-Kenya kwanza women representative aspirant in Arror (Marakwet West, Elgeyo Marakwet). The aspirant sustained injuries during the incident.",0,NA,1676323320,3960
"428","KEN8458","08 April 2022",2022,1,"Political violence","Violence against civilians","Attack","Samburu Ethnic Militia (Kenya)","Pastoralists (Kenya)",4,"Civilians (Kenya)","Pastoralists (Kenya)",7,47,"Civilian targeting",404,"Eastern Africa","Kenya","Isiolo","Isiolo","Burat","Leparua",0.38,37.4473,1,"Daily Nation (Kenya)","National","On 8 April 2022, suspected Samburu pastoral militia shot and killed 9 people, including 6 camel herders, while four others sustained gunshot wounds at the Livestock Marketing Division (LMD) area within Leparua (Isiolo, Isiolo).",9,NA,1649703525,3985
"429","KEN8654","06 April 2022",2022,2,"Strategic developments","Strategic developments","Looting/property destruction","Pokot Ethnic Militia (Kenya)","Pastoralists (Kenya)",4,"Civilians (Kenya)",NA,7,47,NA,404,"Eastern Africa","Kenya","Baringo","Marigat","Mukutani","Arabal",0.5138,36.1756,1,"Daily Nation (Kenya)","National","Property destruction: Around 6 April 2022 (week of), suspected pokot militia attacked a primary school in Arabal (Marigat, Baringo) and vandalised structures and destroyed learning materials worth millions of shillings.",0,NA,1652126672,3998
"430","KEN8445","06 April 2022",2022,1,"Political violence","Battles","Armed clash","Pokot Ethnic Militia (Kenya)","Pastoralists (Kenya)",4,"Police Forces of Kenya (2013-2022) General Service Unit",NA,1,14,NA,404,"Eastern Africa","Kenya","Elgeyo Marakwet","Marakwet East","Endo","Kabetwa",1.15,35.6245,1,"Daily Nation (Kenya); TUKO","National","On 6 April 2022, suspected pokot militia clashed with the police from the general service unit in Kabetwa (Marakwet East, Elgeyo Marakwet). The militia had ambushed the area member of parliament (MP) and hundreds of locals attending a campaign rally. Two people were injured during the incident.",0,NA,1699319483,4001
"431","KEN8422","30 March 2022",2022,1,"Political violence","Violence against civilians","Attack","Meru Ethnic Militia (Kenya)",NA,4,"Civilians (Kenya)","Somali Ethnic Group (Kenya); Pastoralists (Kenya)",7,47,"Civilian targeting",404,"Eastern Africa","Kenya","Meru","Tigania West","Akithii","Tigania East",0.2,37.7833,1,"Citizen (Kenya); Daily Nation (Kenya)","National","On 30 March 2022, suspected Meru ethnic militia shot and killed a 15 year old herder (believed to be of Somali) for allegedly crossing the border at Kiambogo area in Tigania east (Tigania West, Meru).",1,NA,1649098462,4029
"432","KEN8415","30 March 2022",2022,1,"Political violence","Battles","Armed clash","Pokot Ethnic Militia (Kenya)","Pastoralists (Kenya)",4,"Tugen Ethnic Militia (Kenya)","Pastoralists (Kenya)",4,44,NA,404,"Eastern Africa","Kenya","Laikipia","Laikipia West","Ol-moran","Ol-moran",0.5368,36.488,2,"Daily Nation (Kenya)","National","On 30 March 2022, Pokot militia clashed with Tugen militia in Kamwenje area, near Ol-moran town (Laikipia West, Laikipia). Casualties unknown.",0,NA,1649098463,4030
"433","KEN8406","30 March 2022",2022,1,"Political violence","Violence against civilians","Attack","Pokot Ethnic Militia (Kenya)","Pastoralists (Kenya)",4,"Civilians (Kenya)",NA,7,47,"Civilian targeting",404,"Eastern Africa","Kenya","Baringo","Mogotio","Kisanana","Mochongoi",0.0167,36.1,2,"Citizen (Kenya); Kenya Broadcasting Corporation","National","On 30 March 2022, suspected Pokot pastoral militia shot and killed three men, while three others sustained gunshot injuries, in Tandar village within Muchongoi ward (event coded to Mochongoi (Mogotio, Baringo).",3,NA,1676323321,4032
"434","KEN8390","26 March 2022",2022,1,"Political violence","Battles","Armed clash","Pokot Ethnic Militia (Kenya)","Pastoralists (Kenya)",4,"Police Forces of Kenya (2013-2022) National Police Reservists",NA,1,14,NA,404,"Eastern Africa","Kenya","Laikipia","Laikipia West","Githiga","Kinamba",0.419,36.3274,2,"Kenya Broadcasting Corporation","National","On 26 March 2022, at least 30 suspected Pokot militiamen clashed with the National Police Reservist (NPR), in Village-18 near Kinamba (Laikipia West, Laikipia). One NPR and a civilian sustained gunshot wounds during the incident.",0,NA,1679360217,4050
"435","KEN8428","25 March 2022",2022,1,"Demonstrations","Protests","Peaceful protest","Protesters (Kenya)",NA,6,NA,NA,0,60,NA,404,"Eastern Africa","Kenya","Isiolo","Merti","Chari","Kom",1.0833,38.0333,1,"Daily Nation (Kenya)","National","On 25 March 2022, youth staged a protest in Kom Durte (Merti, Isiolo) against the rising cases of insecurity in the area. The group demanded the government to remove armed herders and enhance security along the Losesia-Kom route.",0,"crowd size=no report",1649098463,4054
"436","KEN8391","25 March 2022",2022,1,"Political violence","Violence against civilians","Attack","Samburu Ethnic Militia (Kenya)","Pastoralists (Kenya)",4,"Civilians (Kenya)",NA,7,47,"Civilian targeting",404,"Eastern Africa","Kenya","Isiolo","Merti","Chari","Kom",1.0833,38.0333,2,"Daily Nation (Kenya)","National","On 25 March 2022, suspected Samburu pastoral militia shot and killed one person while two others sustained gunshot wounds at Kom Durte (coded as Kom, Merti, Isiolo).",1,NA,1693863642,4057
"437","KEN8379","20 March 2022",2022,2,"Political violence","Violence against civilians","Attack","Pokot Ethnic Militia (Kenya)","Pastoralists (Kenya)",4,"Civilians (Kenya)",NA,7,47,"Civilian targeting",404,"Eastern Africa","Kenya","Elgeyo Marakwet","Marakwet East","Kapyego","Kapyego",1.1465,35.4789,2,"Kenya Standard","National","Around 20 March 2022 (as reported), suspected Pokot militia attacked the Kapyego ward (Marakwet East, Elgeyo Marakwet), resulting in two men injured.",0,NA,1648497327,4076
"438","KEN8367","20 March 2022",2022,1,"Political violence","Violence against civilians","Attack","Pokot Ethnic Militia (Kenya)","Pastoralists (Kenya)",4,"Civilians (Kenya)","Christian Group (Kenya); Pastoralists (Kenya)",7,47,"Civilian targeting",404,"Eastern Africa","Kenya","Elgeyo Marakwet","Marakwet West","Arror","Tunyo",1.0115,35.6158,2,"Daily Nation (Kenya); Kenya Broadcasting Corporation; Kenya Standard; Opera News (Kenya)","National","On 20 March 2022, suspected Pokot pastoral militia, dressed in police attire, attacked Koitialal village near Tunyo (Marakwet West, Elgeyo Marakwet). Two people were killed including a pastor, and seven others injured. Over 100 animals were stolen, and unknown amount of property destroyed.",2,NA,1676323321,4080
"439","KEN8359","19 March 2022",2022,1,"Political violence","Violence against civilians","Sexual violence","Samburu Ethnic Militia (Kenya)","Pastoralists (Kenya)",4,"Civilians (Kenya)","Turkana Ethnic Group (Kenya); Women (Kenya)",7,47,"Civilian targeting",404,"Eastern Africa","Kenya","Isiolo","Isiolo","Ngare Mara","Ngeramara",0.5965,37.623,2,"Citizen (Kenya); Daily Nation (Kenya)","National","On 19 March 2022, suspected Samburu pastoral militia attacked Aregae neighborhood near Ngeramara town (Isiolo, Isiolo). The militia raped a 50-year-old woman (believed to be Turkana in ethnicity), before making away with more than 500 goats and 11 cows.",0,NA,1648497327,4083
"440","KEN10800","19 March 2022",2022,1,"Political violence","Violence against civilians","Sexual violence","Unidentified Communal Militia (Kenya)",NA,4,"Civilians (Kenya)","Pastoralists (Kenya); Women (Kenya)",7,47,"Civilian targeting",404,"Eastern Africa","Kenya","Isiolo","Isiolo","Bula Pesa","Isiolo",0.3546,37.5822,1,"Citizen (Kenya)","National","On 19 March 2022, unidentified armed men abducted and raped a 50-year-old woman in Isiolo (Bula Pesa, Isiolo, Isiolo). They stole 25 cows and over 700 goats before making it away.",0,NA,1676323320,4086
"441","KEN8368","19 March 2022",2022,1,"Political violence","Violence against civilians","Attack","Pokot Ethnic Militia (Kenya)","Pastoralists (Kenya)",4,"Civilians (Kenya)","Pastoralists (Kenya)",7,47,"Civilian targeting",404,"Eastern Africa","Kenya","Elgeyo Marakwet","Marakwet West","Arror","Tunyo",1.0115,35.6158,2,"Daily Nation (Kenya)","National","On 19 March 2022, suspected Pokot militia attacked Koitialal village near Tunyo (Marakwet West, Elgeyo Marakwet). There were no casualties. Unknown number of animals were stolen. Hundreds of residents of Koitialal village were displaced into the hilly Elgeyo escarpment, following attacks from suspected Pokot militia.",0,NA,1698071505,4088
"442","KEN8339","17 March 2022",2022,1,"Political violence","Violence against civilians","Attack","Pokot Ethnic Militia (Kenya)","Pastoralists (Kenya)",4,"Civilians (Kenya)","Civilians (Spain); Taxi Drivers (Kenya)",7,47,"Civilian targeting",404,"Eastern Africa","Kenya","Turkana","Turkana South","Lobokat","Kainuk",1.7745,35.506,2,"K24; Kenyans.co","National","On 17 March 2022, suspected Pokot militia attacked a taxi vehicle, plying the Lodwar-Kitale road, near Kainuk (Lobokat, Turkana). The driver and one passenger, a Spanish national, sustained bullet wounds.",0,NA,1676323321,4099
"443","KEN10878","17 March 2022",2022,2,"Political violence","Battles","Armed clash","Pokot Ethnic Militia (Kenya)","Pastoralists (Kenya)",4,"Police Forces of Kenya (2013-2022)",NA,1,14,NA,404,"Eastern Africa","Kenya","Turkana","Turkana South","Lobokat","Kainuk",1.7745,35.506,2,"Opera News (Kenya)","National","Around 17 March 2022 (as reported), suspected Pokot militia clashed with the police around the Kenya Wildlife Service Camp in Kainuk area, coded to Kainu (Lobokat, Turkana South, Turkana). The militia opened fire on a convoy of two passenger vehicles heading to Kitale from Lodwar. They exchanged gunshots with the police as they tried to prevent them from rescuing the victims. No casualties were reported.",0,NA,1679360211,4101
"444","KEN8336","15 March 2022",2022,1,"Political violence","Battles","Armed clash","Samburu Ethnic Militia (Kenya)","Pastoralists (Kenya)",4,"Police Forces of Kenya (2013-2022)",NA,1,14,NA,404,"Eastern Africa","Kenya","Samburu","Samburu Central","Maralal","Maralal",1.0968,36.698,2,"People Daily; Star (Kenya)","National","On 15 March 2022, suspected Samburu pastoralists attacked Lodokojek police post near Maralal town (Samburu), and shot one police officer dead. The militia made away with four rifles and 200 bullets.",1,NA,1679360217,4110
"445","KEN8316","11 March 2022",2022,1,"Political violence","Battles","Armed clash","Pokot Ethnic Militia (Kenya)","Pastoralists (Kenya)",4,"Police Forces of Kenya (2013-2022)",NA,1,14,NA,404,"Eastern Africa","Kenya","Baringo","Mogotio","Kisanana","Mochongoi",0.0167,36.1,2,"Star (Kenya)","National","On 11 March 2022, suspected Pokot militia ambushed police officers on patrol at Kapkechir Ridge in Mochongoi (Mogotio, Baringo) leading to an armed clash. One officer was shot dead, while 3 others sustained injuries. The militants took away a G3 rifle, 60 bullets, body armor, and a ballistic helmet from the slain officer.",1,NA,1679360217,4127
"446","KEN8309","09 March 2022",2022,1,"Political violence","Violence against civilians","Attack","Pokot Ethnic Militia (Kenya)","Pastoralists (Kenya)",4,"Civilians (Kenya)","Pastoralists (Kenya)",7,47,"Civilian targeting",404,"Eastern Africa","Kenya","Baringo","Baringo North","Saimo","Ngaratuko",0.7299,35.9763,1,"Kenya Standard","National","On 9 March 2022, more than 10 suspected Pokot pastoralist militia attacked Ngaratuko village (Baringo North, Baringo), and made away with unknown number of livestock beloging to 3 families. There were no fatalities.",0,NA,1647287810,4134
"447","KEN8322","09 March 2022",2022,1,"Political violence","Violence against civilians","Attack","Pokot Ethnic Militia (Kenya)","Pastoralists (Kenya)",4,"Civilians (Kenya)","Pastoralists (Kenya); Marakwet Ethnic Group (Kenya)",7,47,"Civilian targeting",404,"Eastern Africa","Kenya","Elgeyo Marakwet","Marakwet West","Arror","Kombases",1.0916,35.6289,1,"Daily Nation (Kenya)","National","On 9 March 2022, suspected Pokot pastoral militia attacked Kombases village (Marakwet West, Elgeyo Marakwet). The militia injured one man from the Marakwet pastoral ethnic group, before making away with an unknown number of livestock.",0,NA,1650311549,4137
"448","KEN8283","05 March 2022",2022,1,"Political violence","Violence against civilians","Attack","Pokot Ethnic Militia (Kenya)","Pastoralists (Kenya)",4,"Civilians (Kenya)",NA,7,47,"Civilian targeting",404,"Eastern Africa","Kenya","Baringo","Mogotio","Kisanana","Mochongoi",0.0167,36.1,2,"Star (Kenya); Daily Nation (Kenya)","National","On 5 March 2022, suspected Pokot militia attacked Duka Moja village, near Mochongoi (Kisanana, Baringo). One person was killed while two others sustained gunshot injuries during the incident.",1,NA,1647897722,4155
"449","KEN8292","05 March 2022",2022,1,"Demonstrations","Protests","Peaceful protest","Protesters (Kenya)","Pastoralists (Kenya)",6,NA,NA,0,60,NA,404,"Eastern Africa","Kenya","Baringo","Mogotio","Kisanana","Mochongoi",0.0167,36.1,1,"Kenya Standard","National","On 5 March 2022, local pastoralists staged a peaceful protest in Mochongoi (Mogotio, Baringo county), decrying the increased rate of insecurity in the area. No further information.",0,"crowd size=no report",1699385307,4158
"450","KEN8323","04 March 2022",2022,1,"Strategic developments","Strategic developments","Looting/property destruction","Pokot Ethnic Militia (Kenya)","Pastoralists (Kenya)",4,"Civilians (Kenya)","Pastoralists (Kenya); Marakwet Ethnic Group (Kenya)",7,47,NA,404,"Eastern Africa","Kenya","Elgeyo Marakwet","Marakwet East","Endo","Chesongoch",1.1333,35.6333,1,"Daily Nation (Kenya)","National","Property destruction: On 4 March 2022, suspected Pokot militia vandalized equipment and raided animals in the Chesongoch livestock breeding centre in Chesongoch (Marakwet East, Elgeyo Marakwet). 68 pedigree gala goats were raided, though some were recovered later.",0,NA,1647897722,4159
"451","KEN8276","04 March 2022",2022,1,"Political violence","Violence against civilians","Attack","Pokot Ethnic Militia (Kenya)","Pastoralists (Kenya)",4,"Civilians (Kenya)","Pastoralists (Kenya)",7,47,"Civilian targeting",404,"Eastern Africa","Kenya","Baringo","Marigat","Mochongoi","Kasiela",0.4279,36.2146,1,"Opera News (Kenya)","National","On 4 March 2022, suspected Pokot ethnic militia shot and killed 4 civilian pastoralist and stole unknown number of livestock in Kasiela (Marigat, Baringo county). No further information.",4,NA,1676323321,4162
"452","KEN8308","03 March 2022",2022,1,"Political violence","Violence against civilians","Attack","Borana Ethnic Militia (Kenya)","Pastoralists (Kenya)",4,"Civilians (Kenya)","Degodia Ethnic Group (Kenya); Labor Group (Kenya)",7,47,"Civilian targeting",404,"Eastern Africa","Kenya","Samburu","Samburu East","Waso","Archers Post",0.644,37.6752,2,"Daily Nation (Kenya); NTV (Kenya)","New media-National","On 3 March 2022, suspected Borana ethnic militia shot and killed one ethnic Degodia lorry driver near Archers Post (Samburu East, Samburu county). The motive was due to retaliatory attack.",1,NA,1647897722,4168
"453","KEN8290","02 March 2022",2022,1,"Political violence","Violence against civilians","Attack","Borana Ethnic Militia (Kenya)","Pastoralists (Kenya)",4,"Civilians (Kenya)","Degodia Ethnic Group (Kenya); Pastoralists (Kenya)",7,47,"Civilian targeting",404,"Eastern Africa","Kenya","Isiolo","Isiolo","Ngare Mara","Ngeramara",0.5965,37.623,1,"Daily Nation (Kenya)","National","On 2 March 2022, suspected Borana ethnic militia shot and killed two ethnic Degodia pastoralists in the Attan area of Ngeramara (Isiolo). The motive was due to retaliatory attack",2,NA,1647287810,4177
"454","KEN8268","02 March 2022",2022,2,"Political violence","Violence against civilians","Attack","Pokot Ethnic Militia (Kenya)","Pastoralists (Kenya)",4,"Civilians (Kenya)","Students (Kenya)",7,47,"Civilian targeting",404,"Eastern Africa","Kenya","Baringo","Marigat","Mochongoi","Sinoni",0.4074,36.2005,2,"Citizen (Kenya); Kenya Broadcasting Corporation; NTV (Kenya)","New media-National","Around 2 March 2022 (as reported), suspected Pokot militia attacked Sinoni area (Marigat, Baringo county). One person, a 16-year-old, form 3 student was killed and unknown number of animals stolen.",1,NA,1676323321,4179
"455","KEN8259","28 February 2022",2022,1,"Political violence","Violence against civilians","Attack","Degodia Ethnic Militia (Kenya)","Pastoralists (Kenya)",4,"Civilians (Kenya)","Borana Ethnic Group (Kenya)",7,47,"Civilian targeting",404,"Eastern Africa","Kenya","Isiolo","Merti","Cherab","Merti",1.0667,38.6667,1,"Daily Nation (Kenya)","National","On 28 February 2022, suspected Degodia pastoral militia ambushed and killed two men from the Borana ethnic group at Lakole village in Merti (Merti, Isiolo county). The motive of the attack remains unknown.",2,NA,1647287810,4188
"456","KEN8234","26 February 2022",2022,1,"Political violence","Battles","Armed clash","Marakwet Ethnic Militia (Kenya)","Pastoralists (Kenya)",4,"Pokot Ethnic Militia (Kenya)","Pastoralists (Kenya)",4,44,NA,404,"Eastern Africa","Kenya","Elgeyo Marakwet","Marakwet East","Endo","Chesongoch",1.1333,35.6333,2,"Daily Nation (Kenya); Star (Kenya)","National","On 26 February 2022, suspected Marakwet militia ambushed Pokot militia at Siromet grazing fields near Chesongoch (Marakwet East, Elgeyo Marakwet). The attackers made away with unknown number of animals. 8 people were killed, including two students.",8,NA,1646691987,4194
"457","KEN8207","23 February 2022",2022,2,"Political violence","Violence against civilians","Attack","Pokot Ethnic Militia (Kenya)","Pastoralists (Kenya)",4,"Civilians (Kenya)","Pastoralists (Kenya)",7,47,"Civilian targeting",404,"Eastern Africa","Kenya","Elgeyo Marakwet","Marakwet East","Endo","Kabetwa",1.15,35.6245,2,"Kenya Standard","National","Around 23 February 2022 (as reported), suspected Pokot militia opened fire on herders, killing 3, near Kabetwa (Marakwet East, Elgeyo Marakwet). 2 herders sustained gunshot wounds.",3,NA,1646090678,4205
"458","KEN8195","19 February 2022",2022,1,"Political violence","Violence against civilians","Attack","Pokot Ethnic Militia (Kenya)","Pastoralists (Kenya)",4,"Civilians (Kenya)","Teachers (Kenya); Catholic Christian Group (Kenya)",7,47,"Civilian targeting",404,"Eastern Africa","Kenya","Elgeyo Marakwet","Marakwet West","Arror","Tunyo",1.0115,35.6158,2,"Star (Kenya)","National","On 19 February 2022, suspected armed Pokot militia shot and killed a teacher on his way home from a Sunday service at Kipyebo Catholic church near Tunyo (Marakwet East, Elgeyo Marakwet county) where he also served as a catechist.",1,NA,1646090678,4227
"459","KEN8158","17 February 2022",2022,1,"Political violence","Violence against civilians","Attack","Pokot Ethnic Militia (Kenya)","Pastoralists (Kenya)",4,"Civilians (Kenya)","Students (Kenya); Teachers (Kenya); Labor Group (Kenya)",7,47,"Civilian targeting",404,"Eastern Africa","Kenya","Elgeyo Marakwet","Marakwet West","Arror","Tunyo",1.0115,35.6158,2,"Daily Nation (Kenya); K24; NTV (Kenya); People Daily; TUKO","New media-National","On 17 February 2022, suspected Pokot militia attacked a school bus carrying students from Tot High School, from an academic trip along Arror-Tot road at Chesuman near Tunyo (Marakwet West, Elgeyo Marakwet). The driver was shot dead while 13 students and 2 teachers sustained gunshot wounds.",1,NA,1676323320,4236
"460","KEN8194","15 February 2022",2022,1,"Political violence","Violence against civilians","Attack","Pokot Ethnic Militia (Kenya)","Pastoralists (Kenya)",4,"Civilians (Kenya)","Pastoralists (Kenya)",7,47,"Civilian targeting",404,"Eastern Africa","Kenya","Baringo","Baringo North","Saimo","Ngaratuko",0.7299,35.9763,1,"Star (Kenya)","National","On 15 February 2022, suspected Pokot militia attacked Ng'aratuko village [coded to Ngaratuko, Baringo North, Baringo county], killing one man and stealing 341 animals in a suspected retaliation attack in Loruk (coded separately).",1,NA,1646090678,4248
"461","KEN8160","12 February 2022",2022,1,"Political violence","Battles","Armed clash","Pokot Ethnic Militia (Kenya)","Pastoralists (Kenya)",4,"Private Security Forces (Kenya)",NA,8,48,NA,404,"Eastern Africa","Kenya","Laikipia","Laikipia West","Ol-moran","Ol Ari Nyiro",0.5699,36.3982,1,"Star (Kenya)","National","On 12 February 2022, over 10 suspected Pokot militia ambushed private security rangers in the Laikipia Nature and Conservancy, also known as Ol Ari Nyiro (Laikipia West, Laikipia county). One ranger was killed, and another injured during the incident",1,NA,1645475953,4256
"462","KEN8157","12 February 2022",2022,1,"Political violence","Violence against civilians","Attack","Pokot Ethnic Militia (Kenya)","Pastoralists (Kenya)",4,"Civilians (Kenya)","Pastoralists (Kenya); Turkana Ethnic Group (Kenya)",7,47,"Civilian targeting",404,"Eastern Africa","Kenya","Turkana","Turkana South","Lobokat","Kainuk",1.7745,35.506,1,"Kenya Standard; Opera News (Kenya)","National","On 12 February 2022, suspected Pokot pastoralist militia ambushed Turkana herders grazing livestock in Kainuk (Turkana South, Turkana County). One herder was shot dead and another one injured during the incident, as the militia made away with over 20 goats",1,NA,1676323320,4257
"463","KEN8145","10 February 2022",2022,1,"Political violence","Battles","Armed clash","Samburu Ethnic Militia (Kenya)","Pastoralists (Kenya)",4,"Police Forces of Kenya (2013-2022)",NA,1,14,NA,404,"Eastern Africa","Kenya","Isiolo","Isiolo","Burat","Shab Hills",0.3971,37.5027,2,"Daily Nation (Kenya)","National","On 10 February 2022, suspected Samburu militia ambushed police within Sarova Shaba national game reserve area (coded as Shab Hills, Isiolo, Isiolo county). A 45-year-old man was arrested. Some militia escaped with gunshot wounds. No fatalities reported.",0,NA,1679360216,4264
"464","KEN8218","09 February 2022",2022,2,"Strategic developments","Strategic developments","Looting/property destruction","Tugen Ethnic Militia (Kenya)","Pastoralists (Kenya)",4,"Civilians (Kenya)",NA,7,47,NA,404,"Eastern Africa","Kenya","Baringo","Tiaty","Loiyamorok","Loruk",0.7109,36.0273,1,"Star (Kenya)","National","Looting: Around 9 February 2022 (week of), suspected Tugen militia ambushed a lorry belonging to traders at Loruk (Tiaty, Baringo county) and stole an unknown number of goats.",0,NA,1646090678,4266
"465","KEN8127","09 February 2022",2022,1,"Political violence","Battles","Armed clash","Pokot Ethnic Militia (Kenya)","Pastoralists (Kenya)",4,"Police Forces of Kenya (2013-2022)",NA,1,14,NA,404,"Eastern Africa","Kenya","Laikipia","Laikipia North","Segera","Ol Moran",0.4599,36.7556,2,"Kenyans.co; NTV (Kenya); Star (Kenya)","New media-National","On 9 February 2022, suspected Pokot militia (believed to have stolen animals), clashed with police in Mlima Jangili camp near Ol Moran (Laikipia North, Laikipia County). One police officer died, another seriously wounded.",1,NA,1699385307,4270
"466","KEN8138","08 February 2022",2022,1,"Political violence","Battles","Armed clash","Pokot Ethnic Militia (Kenya)","Pastoralists (Kenya)",4,"Police Forces of Kenya (2013-2022)",NA,1,14,NA,404,"Eastern Africa","Kenya","Samburu","Samburu Central","Maralal","Maralal",1.0968,36.698,1,"Daily Nation (Kenya)","National","On 8 February 2022, police repulsed suspected Pokot militia, as they attempted to steal cattle in Maralal (Samburu central, Samburu county). The incident left one person seriously injured as the militia made away with property of unknown value.",0,NA,1679360216,4273
"467","KEN8129","05 February 2022",2022,1,"Political violence","Violence against civilians","Attack","Turkana Ethnic Militia (Kenya)",NA,4,"Civilians (Kenya)","Pastoralists (Kenya)",7,47,"Civilian targeting",404,"Eastern Africa","Kenya","West Pokot","Pokot North","Alale","Turkwel River",2.3,35.2333,2,"Kenya Broadcasting Corporation","National","On 5 February 2022, suspected Turkana militia staged a retaliatory attack against the Pokot community in Lokeke village near Turkwel River (Pokot North, West Pokot) and made away with more than 100 goats. Casualties unknown.",0,NA,1676323320,4280
"468","KEN8124","05 February 2022",2022,1,"Political violence","Violence against civilians","Attack","Pokot Ethnic Militia (Kenya)","Pastoralists (Kenya)",4,"Civilians (Kenya)","Taxi Drivers (Kenya)",7,47,"Civilian targeting",404,"Eastern Africa","Kenya","Baringo","Tiaty","Tirioko","Kapedo",1.1692,36.0955,2,"Citizen (Kenya)","National","On 5 February 2022, suspected Pokot militia shot and killed a motorcycle rider (boda boda) along the Lomelo-Kapedo road, near Kapendo (Tiaty, Baringo county).",1,NA,1699385307,4282
"469","KEN8122","04 February 2022",2022,1,"Political violence","Violence against civilians","Attack","Pokot Ethnic Militia (Kenya)","Pastoralists (Kenya)",4,"Civilians (Kenya)","Women (Kenya)",7,47,"Civilian targeting",404,"Eastern Africa","Kenya","Laikipia","Laikipia North","Mugogodo West","Mukogodo",0.4833,36.9333,2,"Citizen (Kenya); K24","National","On 4 February 2022, presumed Pokot militia attacked Ewaso centre near Mukogodo (Laikipia North, Laikipia), killing one woman.",1,NA,1699385307,4287
"470","KEN8118","03 February 2022",2022,1,"Political violence","Battles","Armed clash","Pokot Ethnic Militia (Kenya)","Pastoralists (Kenya)",4,"Police Forces of Kenya (2013-2022)",NA,1,14,NA,404,"Eastern Africa","Kenya","Turkana","Turkana East","Kapedo","Napeitom",1.7323,36.0401,1,"Citizen (Kenya); Daily Nation (Kenya)","National","On 3 February 2022, about 20 suspected Pokot pastoralist militia overpowered the police in a shoot out, as they attacked Napeitom village (Turkana East, Turkana county). A 30-year-old woman and a seven-year-old boy (grade 2 student) were killed and over 130 sheep and goats stolen during the incident.",2,NA,1679360216,4290
"471","KEN8116","03 February 2022",2022,1,"Political violence","Violence against civilians","Attack","Pokot Ethnic Militia (Kenya)","Pastoralists (Kenya)",4,"Civilians (Kenya)","Pastoralists (Kenya)",7,47,"Civilian targeting",404,"Eastern Africa","Kenya","Turkana","Turkana South","Lobokat","Kainuk",1.7745,35.506,2,"Citizen (Kenya)","National","On 3 February 2022, about 20 suspected Pokot pastoralist militia attacked Karenyang and Ecolodge villages in Kainuk (Turkana South, Turkana). More than 3000 livestock were stolen and several people sustained injuries during the incident.",0,NA,1699385307,4292
"472","KEN8110","01 February 2022",2022,1,"Political violence","Violence against civilians","Attack","Pokot Ethnic Militia (Kenya)","Pastoralists (Kenya)",4,"Civilians (Kenya)",NA,7,47,"Civilian targeting",404,"Eastern Africa","Kenya","Baringo","Marigat","Mochongoi","Sinoni",0.4074,36.2005,1,"Star (Kenya)","National","On 1 February 2022, suspected Pokot militia attacked Sinoni village (Marigat, Baringo county), killing two brothers aged 29 and 26 years.",2,NA,1644260439,4297
"473","KEN8266","01 February 2022",2022,1,"Political violence","Violence against civilians","Attack","Toposa Ethnic Militia (South Sudan)",NA,4,"Civilians (Kenya)","Pastoralists (Kenya); Turkana Ethnic Group (Kenya)",7,47,"Civilian targeting",404,"Eastern Africa","Kenya","Turkana","Turkana West","Nanaam","Nanam",4.3,34.68,2,"Star (Kenya)","National","On 1 February 2022, presumed Toposa militia from South Sudan, attacked members of the Turkana ethnic group in Kapetadie within Nanam ward, coded as Nanam (Turkana West, Turkana county). 4 people were killed and 2 others injured, during the incident.",4,NA,1647287810,4299
"474","KEN8111","01 February 2022",2022,1,"Political violence","Battles","Armed clash","Police Forces of Kenya (2013-2022)",NA,1,"Pokot Ethnic Militia (Kenya)","Pastoralists (Kenya)",4,14,NA,404,"Eastern Africa","Kenya","Baringo","Marigat","Mukutani","Kapindasum",0.4811,36.1793,1,"Star (Kenya)","National","On 1 February 2022, police engaged suspected pokot pastoralist militia in an armed clash in Kapindasum (Marigat, Baringo county). Fatalities unknown, while 40 head of cattle previously stolen at Arabal river were recovered with the help of local residents.",0,NA,1679360216,4301
"475","KEN8106","31 January 2022",2022,1,"Political violence","Violence against civilians","Attack","Pokot Ethnic Militia (Kenya)","Pastoralists (Kenya)",4,"Civilians (Kenya)","Pastoralists (Kenya)",7,47,"Civilian targeting",404,"Eastern Africa","Kenya","Baringo","Marigat","Marigat","Marigat",0.4667,35.9833,2,"Star (Kenya)","National","On 31 January 2022, suspected Pokot pastoralist militia, attacked herders watering animals at Arabal river near Marigat (Marigat, Baringo county). One person was killed; two others injured and close to 40 cattle stolen during the incident",1,NA,1644260439,4305
"476","KEN8107","31 January 2022",2022,1,"Strategic developments","Strategic developments","Looting/property destruction","Pokot Ethnic Militia (Kenya)","Pastoralists (Kenya)",4,"Civilians (Kenya)","Pastoralists (Kenya)",7,47,NA,404,"Eastern Africa","Kenya","Laikipia","Laikipia North","Mugogodo East","Lokusero",0.308,37.2941,1,"Star (Kenya)","National","Looting: On 31 January 2022, suspected Pokot pastoralists (allegedly from a neighboring county) raided the Lokusero Secondary School (Laikipia North, Laikipia County) and stole 23 sheep.",0,NA,1644260439,4306
"477","KEN8108","31 January 2022",2022,1,"Political violence","Battles","Armed clash","Samburu Ethnic Militia (Kenya)","Pastoralists (Kenya)",4,"Police Forces of Kenya (2013-2022)",NA,1,14,NA,404,"Eastern Africa","Kenya","Isiolo","Isiolo","Burat","Loruko",0.5622,37.5209,1,"Daily Nation (Kenya)","National","On 31 January 2022, suspected Samburu pastoralists attacked Loruko police post (Isiolo county), and shot one police officer dead. The militia made away with food items of unknown value as well as two rifles and rounds of ammunition.",1,NA,1679360216,4310
"478","KEN8100","30 January 2022",2022,1,"Political violence","Battles","Armed clash","Samburu Ethnic Militia (Kenya)","Pastoralists (Kenya)",4,"Police Forces of Kenya (2013-2022)",NA,1,14,NA,404,"Eastern Africa","Kenya","Marsabit","Laisamis","Laisamis","Laisamis",1.6,37.8,2,"Daily Nation (Kenya)","National","On 30 January 2022, police repulsed over 20 presumed Samburu ethnic militias at Malgis area near Laisamis (Laisamis, Marsabit county). The militia had attempted to steal cows by laying ambush to a lorry transporting about 40 cows from Moyale bound for a slaughterhouse in Nairobi. Casualities unknown.",0,NA,1679360216,4313
"479","KEN8098","29 January 2022",2022,1,"Political violence","Battles","Armed clash","Pokot Ethnic Militia (Kenya)","Pastoralists (Kenya)",4,"Police Forces of Kenya (2013-2022)",NA,1,14,NA,404,"Eastern Africa","Kenya","Baringo","Mogotio","Kisanana","Mochongoi",0.0167,36.1,2,"Citizen (Kenya); NTV (Kenya)","New media-National","On 29 January 2022, police repulsed presumed Pokot pastoralist militia, as they attempted to attack Lamaiywe village in Mochongoi area (Mogotio, Baringo). Two people were critically injured during the incident.",0,NA,1699385307,4314
"480","KEN8084","28 January 2022",2022,1,"Political violence","Violence against civilians","Attack","Pokot Ethnic Militia (Kenya)","Pastoralists (Kenya)",4,"Civilians (Kenya)",NA,7,47,"Civilian targeting",404,"Eastern Africa","Kenya","Elgeyo Marakwet","Marakwet East","Sambirir","Chesoi",1.0708,35.5788,2,"Citizen (Kenya); Kenya Standard; Facebook","New media-National","On 28 January 2022, suspected Pokot pastoralist militias shot and killed one man, near Chesoi, lower Sambirir ward (Marakwet East, Elgeyo Marakwet county). The motive of the killing remains unknown.",1,NA,1650311548,4317
"481","KEN8086","28 January 2022",2022,1,"Political violence","Violence against civilians","Attack","Pokot Ethnic Militia (Kenya)","Pastoralists (Kenya)",4,"Civilians (Kenya)","Women (Kenya)",7,47,"Civilian targeting",404,"Eastern Africa","Kenya","Elgeyo Marakwet","Marakwet East","Endo","Kaben",1.2899,35.6266,2,"Facebook; Kenya Standard; Citizen (Kenya)","New media-National","On 28 January 2022, suspected Pokot pastoralist militias shot and killed two women in Chemwonyo village, within Kaben ward (Marakwet East, Elgeyo Marakwet county). The motive of the killing remains unknown.",2,NA,1650311548,4318
"482","KEN8085","28 January 2022",2022,1,"Political violence","Battles","Armed clash","Pokot Ethnic Militia (Kenya)","Pastoralists (Kenya)",4,"Police Forces of Kenya (2013-2022)",NA,1,14,NA,404,"Eastern Africa","Kenya","Elgeyo Marakwet","Marakwet East","Endo","Chesongoch",1.1333,35.6333,2,"Citizen (Kenya); Facebook; Kenya Standard","New media-National","On 28 January 2022, suspected Pokot pastoralists attacked Lukuget Secondary School, near Chesongoch (Marakwet East, Elgeyo Marakwet county), with the motive of stealing school goats. Police reservists, manning the school together with locals, managed to repulse the attackers.",0,NA,1679360216,4319
"483","KEN8097","28 January 2022",2022,2,"Political violence","Battles","Armed clash","Pokot Ethnic Militia (Kenya)","Pastoralists (Kenya)",4,"Police Forces of Kenya (2013-2022)",NA,1,14,NA,404,"Eastern Africa","Kenya","Laikipia","Laikipia North","Mugogodo West","Mukogodo",0.4833,36.9333,2,"Citizen (Kenya)","National","Around 28 January 2022 (week of), suspected Pokot militia engaged the police in an armed clash at Eawso Police station near Mukogodo (Laikipia North, Laikipia county). The militia took off with a rifle. There were no fatalities.",0,NA,1699385307,4320
"484","KEN8081","27 January 2022",2022,1,"Political violence","Violence against civilians","Attack","Pokot Ethnic Militia (Kenya)","Pastoralists (Kenya)",4,"Civilians (Kenya)","Pastoralists (Kenya)",7,47,"Civilian targeting",404,"Eastern Africa","Kenya","Elgeyo Marakwet","Marakwet East","Endo","Chesongoch",1.1333,35.6333,2,"Daily Nation (Kenya)","National","On 27 January 2022, suspected pokot pastoralist militias attacked Koibirir and Mogil areas near Chesongoch (Marakwet East, Elgeyo Marakwet County). On person was killed and an unknown number of livestock stolen.",1,NA,1643658995,4322
"485","KEN8079","26 January 2022",2022,1,"Political violence","Violence against civilians","Attack","Pokot Ethnic Militia (Kenya)","Pastoralists (Kenya)",4,"Civilians (Kenya)","Pastoralists (Kenya)",7,47,"Civilian targeting",404,"Eastern Africa","Kenya","Elgeyo Marakwet","Marakwet East","Kapyego","Kapsowar",1.1,35.5575,2,"Daily Nation (Kenya)","National","On 26 January 2022, suspected pokot pastoralist militias attacked herders at the Koboilat area near Kapsowar (Marakwet East, Elgeyo Marakwet County). One person was killed during the incident.",1,NA,1643658995,4324
"486","KEN8074","24 January 2022",2022,1,"Strategic developments","Strategic developments","Looting/property destruction","Pokot Ethnic Militia (Kenya)","Pastoralists (Kenya)",4,"Civilians (Kenya)","Pastoralists (Kenya)",7,47,NA,404,"Eastern Africa","Kenya","Laikipia","Laikipia West","Githiga","Kinamba",0.419,36.3274,2,"Kenya Standard","National","Looting: On 24 January 2022, suspected Pokot ethnic militias (pastoralists) attacked Rubere village near Kinamba (Githiga, Laikipia West, Laikipia). Three houses were burnt, and 50 cattle stolen during the incident.",0,NA,1643658995,4334
"487","KEN8070","22 January 2022",2022,1,"Political violence","Battles","Armed clash","Pokot Ethnic Militia (Kenya)","Pastoralists (Kenya)",4,"Police Forces of Kenya (2013-2022)",NA,1,14,NA,404,"Eastern Africa","Kenya","Baringo","Tiaty","Tirioko","Kapedo",1.1692,36.0955,1,"Kenya Standard","National","On 22 January 2022, police repulsed an attack by suspected pokot militia in Kapedo village (Tiaty, Baringo county). Casualties unknown.",0,NA,1679360216,4343
"488","KEN8066","18 January 2022",2022,1,"Political violence","Violence against civilians","Attack","Pokot Ethnic Militia (Kenya)","Pastoralists (Kenya)",4,"Civilians (Kenya)","Pastoralists (Kenya)",7,47,"Civilian targeting",404,"Eastern Africa","Kenya","Baringo","Baringo North","Saimo","Ngaratuko",0.7299,35.9763,2,"Daily Nation (Kenya)","National","On 18 January 2022, suspected Pokot pastoralist militia attacked Kagir village near Ngaratuko (Baringo North, Baringo), and made away with more than 460 goats belonging to 10 families. There were no fatalities.",0,NA,1643658995,4351
"489","KEN8054","14 January 2022",2022,1,"Political violence","Violence against civilians","Attack","Pokot Ethnic Militia (Kenya)","Pastoralists (Kenya)",4,"Civilians (Kenya)","Pastoralists (Kenya)",7,47,"Civilian targeting",404,"Eastern Africa","Kenya","Baringo","Mogotio","Kisanana","Mochongoi",0.0167,36.1,2,"Kenya Broadcasting Corporation","National","On 14 January 2022, presumed Pokot militia attacked civilian pastoralists in Lamaiywe in the Mochongoi area (Mogotio, Baringo), killing one man before setting his body and motorbike on fire. Several houses were also torched, forcing many residents to flee the area.",1,NA,1676323320,4362
"490","KEN8026","11 January 2022",2022,1,"Political violence","Violence against civilians","Attack","Pokot Ethnic Militia (Kenya)","Pastoralists (Kenya)",4,"Civilians (Kenya)","Pastoralists (Kenya)",7,47,"Civilian targeting",404,"Eastern Africa","Kenya","Baringo","Baringo North","Saimo","Ngaratuko",0.7299,35.9763,2,"Star (Kenya)","National","On 11 January 2022, suspected Pokot pastoral militia attacked Kagir village near Ngaratuko (Baringo North, Baringo), and made away with at least 242 goats. There were no fatalities.",0,NA,1642443563,4373
"491","KEN8006","07 January 2022",2022,1,"Political violence","Violence against civilians","Attack","Pokot Ethnic Militia (Kenya)","Pastoralists (Kenya)",4,"Civilians (Kenya)","Pastoralists (Kenya)",7,47,"Civilian targeting",404,"Eastern Africa","Kenya","Baringo","Baringo North","Bartabwa","Bartabwa",0.8378,35.8099,2,"Citizen (Kenya); Facebook","New media-National","On 7 January 2022, suspected Pokot armed militia raided Kesumet village near Bartabwa (Baringo North, Baringo) and killed one person and stole an unknown number of livestock.",1,NA,1650311548,4392
"492","KEN8011","07 January 2022",2022,1,"Political violence","Violence against civilians","Attack","Pokot Ethnic Militia (Kenya)","Pastoralists (Kenya)",4,"Civilians (Kenya)",NA,7,47,"Civilian targeting",404,"Eastern Africa","Kenya","Elgeyo Marakwet","Marakwet East","Endo","Tot",1.2,35.65,2,"Facebook; Citizen (Kenya)","New media-National","On 7 January 2022, suspected Pokot militia raided Murkutwa village near Tot (Marakwet East, Elgeyo Marakwet) and killed one person. An unknown number of livestock was stolen.",1,NA,1650311548,4393
"493","KEN8002","05 January 2022",2022,2,"Political violence","Violence against civilians","Attack","Pokot Ethnic Militia (Kenya)","Pastoralists (Kenya)",4,"Civilians (Kenya)","Students (Kenya)",7,47,"Civilian targeting",404,"Eastern Africa","Kenya","Elgeyo Marakwet","Marakwet West","Arror","Tunyo",1.0115,35.6158,2,"Star (Kenya)","National","Around 5 January 2022 (as reported), presumed Pokot pastoralists attacked villages near Tunyo (Marakwet West, Elgeyo Marakwet). Three people were seriously injured, including 2 students and were taken to the hospital.",0,NA,1641863888,4400
"494","KEN8001","05 January 2022",2022,1,"Strategic developments","Strategic developments","Looting/property destruction","Pokot Ethnic Militia (Kenya)","Pastoralists (Kenya)",4,"Civilians (Kenya)",NA,7,47,NA,404,"Eastern Africa","Kenya","Laikipia","Laikipia North","Mugogodo West","Mukogodo",0.4833,36.9333,2,"Kenya Broadcasting Corporation","National","Looting: On 5 January 2022, suspected Pokot pastoralists (allegedly from a neighboring county) raided a school near Mukogodo (Laikipia North, Laikipia County) and stole 9 animals. Security personnel helped recover seven of the animals at Mukogodo forest.",0,NA,1676323320,4401
"495","KEN8004","05 January 2022",2022,1,"Political violence","Violence against civilians","Attack","Somali Ethnic Militia (Kenya)",NA,4,"Civilians (Kenya)","Meru Ethnic Group (Kenya); Pastoralists (Kenya)",7,47,"Civilian targeting",404,"Eastern Africa","Kenya","Meru","Tigania West","Akithii","Mweronkoro",0.2343,37.6211,2,"Daily Nation (Kenya); Kenyans.co","National","On 5 January 2022, suspected Somali ethnic militia staged a retaliatory attack in Mweronkoro village in Mwonzora area (coded as Mweronkoro, Akith, Tigania West, Meru) after Meru herders had driven their camels away from their farms. 7 people were killed.",7,NA,1676323320,4402
"496","KEN8095","04 January 2022",2022,1,"Political violence","Violence against civilians","Attack","Pokot Ethnic Militia (Kenya)","Pastoralists (Kenya)",4,"Civilians (Kenya)","Pastoralists (Kenya)",7,47,"Civilian targeting",404,"Eastern Africa","Kenya","Baringo","Baringo North","Saimo","Yatya",0.7879,35.9108,1,"Star (Kenya)","National","On 4 January 2022, suspected Pokot pastoralist militia attacked Yatya (Yatia) village, Saimo (Baringo North, Baringo county), killing a 24-year-old herder.",1,NA,1644260439,4406
"497","KEN7992","03 January 2022",2022,1,"Demonstrations","Protests","Peaceful protest","Protesters (Kenya)","Pokot Ethnic Group (Kenya); Pastoralists (Kenya)",6,NA,NA,0,60,NA,404,"Eastern Africa","Kenya","West Pokot","West Pokot","Kapenguria","Kapenguria",1.2333,35.1167,1,"K24","National","On 3 January 2022, a group of Pokot professionals staged a peaceful demonstration in Kapenguria town (West Pokot, West Pokot county). The group decried increased insecurity in their home area of Cheptulel, as a result of constant bandit attacks allegedly from the neighbouring Marakwet community.",0,"crowd size=no report",1650311549,4411
"498","KEN7989","02 January 2022",2022,1,"Political violence","Battles","Armed clash","Samburu Ethnic Militia (Kenya)","Pastoralists (Kenya)",4,"Police Forces of Kenya (2013-2022)",NA,1,14,NA,404,"Eastern Africa","Kenya","Samburu","Samburu East","Waso","Archers Post",0.644,37.6752,1,"Kenyans.co","National","On 2 January 2022, suspected Samburu pastoralists attacked a police station at Archers Post (Samburu East, Samburu), killing one police officer. It is alleged that the attack was a revenge against the security officers, following heightened operations in the area, where stolen livestock were recovered from the morans.",1,NA,1679360216,4413
"499","KEN7990","02 January 2022",2022,1,"Political violence","Battles","Armed clash","Police Forces of Kenya (2013-2022)",NA,1,"Turkana Ethnic Militia (Kenya)","Pastoralists (Kenya)",4,14,NA,404,"Eastern Africa","Kenya","Isiolo","Isiolo","Bula Pesa","Isiolo",0.3546,37.5822,2,"K24","National","On 2 January 2022, a suspected armed Turkana cattle rustler, allegedly on a revenge mission, was killed by the police at Kasarani Village near Isiolo (Isiolo, Isiolo County).",1,NA,1679360216,4414
"500","KEN7987","01 January 2022",2022,1,"Political violence","Violence against civilians","Attack","Marakwet Ethnic Militia (Kenya)","Pastoralists (Kenya)",4,"Civilians (Kenya)",NA,7,47,"Civilian targeting",404,"Eastern Africa","Kenya","West Pokot","Pokot Central","Lomut","Cheptulel",1.3223,35.607,1,"NTV (Kenya)","New media","On 1 January 2022, suspected Marakwet cattle rustlers attacked Cheptulel village (Pokot Central, West Pokot County). Four people were killed. No further details.",4,NA,1650311549,4415
"501","KEN10120","24 December 2021",2021,1,"Political violence","Violence against civilians","Attack","Pokot Ethnic Militia (Kenya)","Pastoralists (Kenya)",4,"Civilians (Kenya)",NA,7,47,"Civilian targeting",404,"Eastern Africa","Kenya","Samburu","Samburu Central","Porro","Poro",1.2061,36.5629,1,"Capital FM","National","On 24 December 2021, suspected Pokot militia shot dead one man in Poro (Samburu Central, Samburu), before making away with property of unknown value.",1,NA,1676323318,4428
"502","KEN7981","24 December 2021",2021,1,"Political violence","Battles","Armed clash","Samburu Ethnic Militia (Kenya)","Pastoralists (Kenya)",4,"Police Forces of Kenya (2013-2022)",NA,1,14,NA,404,"Eastern Africa","Kenya","Samburu","Samburu Central","Porro","Poro",1.2061,36.5629,1,"Capital FM; NTV (Kenya)","New media-National","On 24 December 2021, militia allegedly from the Samburu community attacked and killed a police officer in Poro (Samburu Central, Samburu). The reason for the attack is unknown.",1,NA,1679360216,4431
"503","KEN7976","22 December 2021",2021,1,"Political violence","Violence against civilians","Attack","Degodia Ethnic Militia (Kenya)","Pastoralists (Kenya)",4,"Civilians (Kenya)","Borana Ethnic Group (Kenya); Pastoralists (Kenya)",7,47,"Civilian targeting",404,"Eastern Africa","Kenya","Isiolo","Merti","Cherab","Merti",1.0667,38.6667,2,"Capital FM; Star (Kenya)","National","On 22 December 2021, suspected armed Degodia pastoral militia attacked a village near Merti (Merit, Isiolo County). Two Borana herders were killed and an unknown number of livestock stolen.",2,NA,1674487330,4435
"504","KEN7970","18 December 2021",2021,1,"Political violence","Battles","Armed clash","Unidentified Ethnic Militia (Kenya)","Pastoralists (Kenya)",4,"Police Forces of Kenya (2013-2022)",NA,1,14,NA,404,"Eastern Africa","Kenya","Marsabit","North Horr","Dukana","Jaldesa",4.1935,37.0775,2,"Capital FM","National","On 18 December 2021, suspected ethnic militia attacked a manyatta (homestead) in Jaldesa area (Dukana, Noth Horr, Marsabit County) and made away with 1,000 heads of cattle and 300 goats and sheep. Police forces chased and clashed with them, resulting in 8 fatalities and 3 injuries. All the stolen livestock was recovered.",8,NA,1679360216,4442
"505","KEN7969","17 December 2021",2021,1,"Political violence","Violence against civilians","Attack","Pokot Ethnic Militia (Kenya)","Pastoralists (Kenya)",4,"Civilians (Kenya)","Students (Kenya)",7,47,"Civilian targeting",404,"Eastern Africa","Kenya","Elgeyo Marakwet","Marakwet East","Endo","Embobut",1.2167,35.6333,2,"Citizen (Kenya)","National","On 17 December 2021, suspected Pokot pastoralists attacked Chemisto area in Embobut ward (Endo, Marakwet East, Elgeyo Marakwet). One student was killed.",1,NA,1650311549,4446
"506","KEN7967","16 December 2021",2021,1,"Political violence","Violence against civilians","Attack","Pokot Ethnic Militia (Kenya)","Pastoralists (Kenya)",4,"Civilians (Kenya)",NA,7,47,"Civilian targeting",404,"Eastern Africa","Kenya","Laikipia","Laikipia West","Githiga","Kinamba",0.419,36.3274,2,"Citizen (Kenya); Kenya Broadcasting Corporation","National","On 16 December 2021, suspected Pokot pastoralists attacked Matuiku, Rubere and village Eighteen in Kinamba (Githiga, Laikipia West, Laikipia). Some 106 pupils and 28 parents were displaced and were seeking refuge at Lobere primary school.",0,NA,1676323320,4448
"507","KEN7966","15 December 2021",2021,1,"Political violence","Violence against civilians","Attack","Marakwet Ethnic Militia (Kenya)","Pastoralists (Kenya)",4,"Civilians (Kenya)","Farmers (Kenya)",7,47,"Civilian targeting",404,"Eastern Africa","Kenya","West Pokot","Pokot Central","Lomut","Chesogon",1.3048,35.6245,2,"The Star (Kenya)","National","On 15 December 2021, suspected Marakwet cattle rustlers raided Cheptulel centre in Chesogon (Pokot Central, West Pokot). Two people were injured while working on their farm, and 14 goats stolen.",0,NA,1641863888,4449
"508","KEN7959","12 December 2021",2021,1,"Political violence","Battles","Armed clash","Pokot Ethnic Militia (Kenya)","Pastoralists (Kenya)",4,"Police Forces of Kenya (2013-2022)",NA,1,14,NA,404,"Eastern Africa","Kenya","Baringo","Baringo North","Bartabwa","Chepkesin",0.8917,35.8851,2,"Kenyan Television NTV; Star (Kenya)","National","On 12 December 2021, suspected Pokot pastoralists raided two villages near Chepkesin (Baringo North, Baringo County). One police officer was killed and locals were forced to flee to a nearby primary school. Journalists were also targeted.",1,NA,1679360216,4458
"509","KEN7958","11 December 2021",2021,1,"Political violence","Violence against civilians","Attack","Pokot Ethnic Militia (Kenya)","Pastoralists (Kenya)",4,"Civilians (Kenya)",NA,7,47,"Civilian targeting",404,"Eastern Africa","Kenya","Laikipia","Laikipia North","Segera","Ol Moran",0.4599,36.7556,2,"Kenya Standard","National","On 11 December 2021, suspected Pokot pastoralists attacked the Ol Moran area (Segera, Laikipia West, Laikipia County). One man was injured during the incident.",0,NA,1641863886,4460
"510","KEN7955","11 December 2021",2021,1,"Political violence","Violence against civilians","Attack","Pokot Ethnic Militia (Kenya)","Pastoralists (Kenya)",4,"Civilians (Kenya)",NA,7,47,"Civilian targeting",404,"Eastern Africa","Kenya","Elgeyo Marakwet","Marakwet East","Endo","Chesongoch",1.1333,35.6333,2,"Citizen (Kenya)","National","On 11 December 2021, one person was shot dead and another injured by suspected Pokot pastoralists along the Mogil-Arror road, near Chesongoch (Endo, Marakwet East, Elgeyo Marakwet County). The injured was taken to the hospital for emergency treatment. No further details.",1,NA,1650311549,4462
"511","KEN7924","27 November 2021",2021,1,"Political violence","Violence against civilians","Attack","Pokot Ethnic Militia (Kenya)","Pastoralists (Kenya)",4,"Civilians (Kenya)","Pastoralists (Kenya)",7,47,"Civilian targeting",404,"Eastern Africa","Kenya","Elgeyo Marakwet","Marakwet East","Endo","Tot",1.2,35.65,2,"Daily Nation (Kenya)","National","On 27 November 2021, over 60 heavily armed suspected Pokot militia attacked pastoralists at Kapkobil grazing field near Tot town (Marakwet East, Elgeyo Marakwet). Four people were killed and several others injured. Hundreds of livestock were stolen.",4,NA,1638831648,4494
"512","KEN7923","23 November 2021",2021,1,"Political violence","Violence against civilians","Attack","Pokot Ethnic Militia (Kenya)","Pastoralists (Kenya)",4,"Civilians (Kenya)","Pastoralists (Kenya)",7,47,"Civilian targeting",404,"Eastern Africa","Kenya","Elgeyo Marakwet","Marakwet East","Endo","Tot",1.2,35.65,2,"Daily Nation (Kenya)","National","On 23 November 2021, over 40 heavily armed suspected Pokot militia attacked pastoralists in Kaptora area near Tot town (Marakwet East, Elgeyo Marakwet). There were no causalities. Over 43 animals were stolen.",0,NA,1638831648,4499
"513","KEN7911","10 November 2021",2021,1,"Political violence","Battles","Armed clash","Pokot Ethnic Militia (Kenya)","Pastoralists (Kenya)",4,"Police Forces of Kenya (2013-2022) General Service Unit","Military Forces of Kenya (2013-2022)",1,14,NA,404,"Eastern Africa","Kenya","Laikipia","Laikipia West","Ol-moran","Ol-moran",0.5368,36.488,2,"Daily Nation (Kenya); Kenya Standard","National","On 10 November 2021, armed pokot militia attacked General Service Unit and KDF officers digging a trench around Laikipia Nature Conservancy in Kamwenje area near Ol-moran town (Laikipia West, Laikipia). Four soldiers were killed and one other was injured.",4,NA,1699319483,4524
"514","KEN7895","04 November 2021",2021,1,"Political violence","Battles","Armed clash","Turkana Ethnic Militia (Kenya)","Pastoralists (Kenya)",4,"Samburu Ethnic Militia (Kenya)","Pastoralists (Kenya)",4,44,NA,404,"Eastern Africa","Kenya","Samburu","Samburu North","El Barta","Suyan",1.4425,36.8467,1,"Daily Nation (Kenya)","National","On 4 November 2021, suspected armed Turkana militia continued to attack and clashed with pastoralists from Samburu in in Suyan village (Samburu North, Samburu). Nine militia, five herders were killed, five other people injured and 1000 heads of cattle stolen.",14,NA,1676309785,4541
"515","KEN7897","03 November 2021",2021,1,"Political violence","Battles","Armed clash","Turkana Ethnic Militia (Kenya)","Pastoralists (Kenya)",4,"Samburu Ethnic Militia (Kenya)","Pastoralists (Kenya)",4,44,NA,404,"Eastern Africa","Kenya","Samburu","Samburu North","El Barta","Suyan",1.4425,36.8467,1,"Daily Nation (Kenya)","National","On 3 November 2021, armed Turkana pastoralists attacked and clashed with pastoralists from Samburu in Suyan village (Samburu North, Samburu), stealing about 1,000 heads of cattle. At least 14 people were killed.",14,NA,1636405422,4542
"516","KEN8250","27 October 2021",2021,2,"Political violence","Violence against civilians","Attack","Toposa Ethnic Militia (South Sudan)",NA,4,"Civilians (Kenya)","Turkana Ethnic Group (Kenya); Pastoralists (Kenya)",7,47,"Civilian targeting",404,"Eastern Africa","Kenya","Turkana","Turkana West","Nanaam","Mogila",4.4855,34.3675,2,"Kenya Standard","National","Around 27 October 2021 (as reported), Toposa militants from South Sudan attacked Turkana pastoralists at Kaamuny Napas in Mogila (Turkana West, Turkana county). One herder was killed and two others injured as the attackers made away with unknown number of cattle.",1,NA,1646691988,4564
"517","KEN7891","27 October 2021",2021,1,"Political violence","Battles","Armed clash","Pokot Ethnic Militia (Kenya)","Pastoralists (Kenya)",4,"Police Forces of Kenya (2013-2022) General Service Unit",NA,1,14,NA,404,"Eastern Africa","Kenya","Laikipia","Laikipia West","Ol-moran","Ol-moran",0.5368,36.488,1,"Citizen (Kenya); Kenya Standard","National","On 27 October 2021, armed Pokot militia ambushed police officers from the General Service Unit on patrol in Kenya Mpya area in Ol-moran (Laikipia West, Laikipia). Three officer were killed and two others were injured. The GSU officers were deployed to provide security in Laikipia conservancy.",3,NA,1699319483,4566
"518","KEN10717","16 October 2021",2021,2,"Political violence","Violence against civilians","Attack","Pokot Ethnic Militia (Kenya)","Pastoralists (Kenya)",4,"Civilians (Kenya)",NA,7,47,"Civilian targeting",404,"Eastern Africa","Kenya","Elgeyo Marakwet","Keiyo North","Kapchemutwa","Iten",0.6702,35.5077,2,"K24","National","Around 16 October 2021 (weekend of), militia (described as bandits from West Pokot) shot and killed four people in an unknown location in Elgeyo Marakwet county [coded to county headquarters as Iten, Keiyo North, Elgeyo Marakwet].",4,NA,1676323320,4598
"519","KEN7877","15 October 2021",2021,1,"Political violence","Violence against civilians","Attack","Pokot Ethnic Militia (Kenya)","Pastoralists (Kenya)",4,"Civilians (Kenya)","Labor Group (Kenya)",7,47,"Civilian targeting",404,"Eastern Africa","Kenya","Elgeyo Marakwet","Marakwet East","Endo","Kapkobil",1.1825,35.6525,1,"Kenya Standard","National","On 15 October 2021, an unidentified armed group (suspected to be from Tiaty, formerly known as East Pokot District) shot and killed an agricultural extension officer along Tot-Chesongoch road in Kapkobil village (Marakwet East, Elgeyo Marakwet). The motive for the killing is unknown.",1,NA,1675108245,4601
"520","KEN7873","13 October 2021",2021,1,"Political violence","Battles","Armed clash","Police Forces of Kenya (2013-2022)",NA,1,"Samburu Ethnic Militia (Kenya)","Pastoralists (Kenya)",4,14,NA,404,"Eastern Africa","Kenya","Samburu","Samburu Central","Suguta Marmar","Longewan",0.858,36.5422,1,"Daily Nation (Kenya)","National","On 13 October 2021, police officers from Anti-Stock Theft Unit (ASTU) conducted an operation and killed a suspected cattle rustler from the Samburu militias and recovered 27 stolen livestock and M16 rifle in Longewan town (Samburu Central, Samburu).",1,NA,1679360216,4603
"521","KEN7870","10 October 2021",2021,1,"Political violence","Violence against civilians","Attack","Pokot Ethnic Militia (Kenya)","Pastoralists (Kenya)",4,"Civilians (Kenya)","Fishers (Kenya); Pastoralists (Kenya)",7,47,"Civilian targeting",404,"Eastern Africa","Kenya","Laikipia","Laikipia North","Segera","Laikipia",0.4167,36.75,2,"Star (Kenya)","National","On 10 October 2021, suspected Pokot militia shot and killed three people and injured another while fishing at a dam in Mbogoini near Laikipia (Laikipia West, Laikipia). The group also stole 32 cows.",3,NA,1634581157,4607
"522","KEN7869","05 October 2021",2021,1,"Political violence","Violence against civilians","Attack","Samburu Ethnic Militia (Kenya)","Pastoralists (Kenya)",4,"Civilians (Kenya)","Pastoralists (Kenya)",7,47,"Civilian targeting",404,"Eastern Africa","Kenya","Samburu","Samburu Central","Porro","Poro",1.2061,36.5629,1,"Kenya Standard","National","On 5 October 2021, seven armed Samburu ethnic militia shot and killed a father and his son near market in Poro village (Samburu Central, Samburu) and stole an unknown number of goats.",2,NA,1633983690,4612
"523","KEN10036","01 October 2021",2021,1,"Political violence","Battles","Armed clash","Pokot Ethnic Militia (Kenya)","Pastoralists (Kenya)",4,"Police Forces of Kenya (2013-2022) National Police Reservists",NA,1,14,NA,404,"Eastern Africa","Kenya","Laikipia","Laikipia North","Segera","Ol Moran",0.4599,36.7556,2,"Kenya Broadcasting Corporation","National","On 1 October 2021, suspected Pokot militia shot and wounded two national police reservists (NPRs) in Ngarenarok near Ol Moran (Laikipia North, Laikipia).",0,NA,1679360210,4620
"524","KEN7867","30 September 2021",2021,1,"Political violence","Battles","Armed clash","Pokot Ethnic Militia (Kenya)","Pastoralists (Kenya)",4,"Police Forces of Kenya (2013-2022)",NA,1,14,NA,404,"Eastern Africa","Kenya","Laikipia","Laikipia West","Ol-moran","Ol-moran",0.5368,36.488,1,"Daily Nation (Kenya)","National","On 30 September 2021, a suspected Pokot pastoralist clashed with two police reservists guarding Tumaini primary school in Ol-moran town (Laikipia West, Laikipia). One police officer was killed after he succumbed to his wounds two days later.",1,NA,1679360216,4622
"525","KEN7866","29 September 2021",2021,1,"Political violence","Battles","Armed clash","Police Forces of Kenya (2013-2022)",NA,1,"Pokot Ethnic Militia (Kenya)","Pastoralists (Kenya)",4,14,NA,404,"Eastern Africa","Kenya","Laikipia","Laikipia West","Ol-moran","Ol-moran",0.5368,36.488,1,"Daily Nation (Kenya)","National","On 29 September 2021, police forces conducted operations against and recovered 20 goats stolen by Pokot ethnic militia in Ol-moran town (Laikipia West, Laikipia). One militiaman was killed.",1,NA,1679360216,4624
"526","KEN7852","23 September 2021",2021,1,"Political violence","Violence against civilians","Attack","Pokot Ethnic Militia (Kenya)","Pastoralists (Kenya)",4,"Civilians (Kenya)","Pastoralists (Kenya)",7,47,"Civilian targeting",404,"Eastern Africa","Kenya","Uasin Gishu","Soy","Kapkures","Lamaiywet",0.8343,35.156,2,"Citizen (Kenya)","National","On 23 September 2021, suspected Pokot militia killed two pastoralists and raided several villages stealing over a thousand heads of cattle from pastoralists near Lamaiywet village (Soy, Uasin Gishu).",2,NA,1632770111,4639
"527","KEN7853","23 September 2021",2021,1,"Political violence","Violence against civilians","Attack","Pokot Ethnic Militia (Kenya)","Pastoralists (Kenya)",4,"Civilians (Kenya)","Pastoralists (Kenya)",7,47,"Civilian targeting",404,"Eastern Africa","Kenya","Laikipia","Laikipia West","Ol-moran","Ol-moran",0.5368,36.488,1,"Citizen (Kenya)","National","On 23 September 2021, suspected Pokot militia shot and killed a civilian pastoralist in Ol-moran village (Laikipia West, Laikipia). The group stole 30 cattle.",1,NA,1632770111,4640
"528","KEN7856","23 September 2021",2021,1,"Political violence","Violence against civilians","Attack","Samburu Ethnic Militia (Kenya)","Pastoralists (Kenya)",4,"Civilians (Kenya)","Pastoralists (Kenya); Borana Ethnic Group (Kenya)",7,47,"Civilian targeting",404,"Eastern Africa","Kenya","Marsabit","Laisamis","Loiyangalani","Arapal",2.787,37.0079,2,"Daily Nation (Kenya)","National","On 23 September 2021, suspected Samburu pastoralists attacked pastoralists from the Borana group near Arapal village (Laisamis, Marsabit). Two people were killed.",2,NA,1633377347,4641
"529","KEN10463","19 September 2021",2021,1,"Demonstrations","Protests","Peaceful protest","Protesters (Kenya)","Samburu Ethnic Group (Kenya); Pastoralists (Kenya)",6,NA,NA,0,60,NA,404,"Eastern Africa","Kenya","Laikipia","Laikipia North","Segera","Laikipia",0.4167,36.75,1,"KTN News (Kenya)","National","On 19 September 2021, a section of Samburu pastoral community members demonstrated by waving twigs and carrying sticks in Laikipia (Laikipia North, Laikipia), against the government's move to deploy APC vehicles to beef up security in the area. The group called on the president to help address the matter.",0,"crowd size=no report",1676323319,4653
"530","KEN7837","14 September 2021",2021,1,"Demonstrations","Riots","Violent demonstration","Rioters (Kenya)","Farmers (Kenya)",5,"Rioters (Kenya)","Pastoralists (Kenya)",5,55,NA,404,"Eastern Africa","Kenya","Laikipia","Laikipia West","Rumuruti Township","Rumuruti",0.2707,36.5454,1,"Daily Nation (Kenya)","National","On 14 September 2021, farmers clashed with pastoralists in Rumuruti town (Laikipia West, Laikipia). The farmers barricaded the main roads by burning tires and accused the pastoralists of grazing livestock's illegally on their farms. A motorcycle belonging to a local farmer was set ablaze.",0,"crowd size=no report",1632166487,4666
"531","KEN7827","09 September 2021",2021,1,"Strategic developments","Strategic developments","Looting/property destruction","Pokot Ethnic Militia (Kenya)","Pastoralists (Kenya)",4,"Civilians (Kenya)",NA,7,47,NA,404,"Eastern Africa","Kenya","Laikipia","Laikipia North","Segera","Dam Samaki Village",0.4414,36.822,1,"Citizen (Kenya)","National","Property destruction: On 9 September 2021, pokot militia burnt eight houses in Dam Samaki Village (Laikipia North, Laikipia).",0,NA,1650311549,4677
"532","KEN7831","07 September 2021",2021,1,"Political violence","Violence against civilians","Attack","Samburu Ethnic Militia (Kenya)","Pastoralists (Kenya)",4,"Civilians (Kenya)","Borana Ethnic Group (Kenya); Pastoralists (Kenya)",7,47,"Civilian targeting",404,"Eastern Africa","Kenya","Isiolo","Merti","Chari","Kom",1.0833,38.0333,2,"Daily Nation (Kenya)","National","On 7 September 2021, Samburu pastoralist militia attacked civilian pastoralists (presumed from the Borana Ethnic Group) along the Isiolo-Samburu border at the Hare Dida area near Kom village (Merti, Isiolo). One person was killed and five others were injured.",1,NA,1632166487,4689
"533","KEN7825","07 September 2021",2021,1,"Political violence","Battles","Armed clash","Pokot Ethnic Militia (Kenya)","Pastoralists (Kenya)",4,"Police Forces of Kenya (2013-2022) General Service Unit",NA,1,14,NA,404,"Eastern Africa","Kenya","Laikipia","Laikipia West","Ol-moran","Ol-moran",0.5368,36.488,2,"Daily Nation (Kenya)","National","On 7 September 2021, pokot militia clashed with police forces from the General Service Unit in an area near Ol-moran town (Laikipia West, Laikipia). The group burnt Mirigwiti Primary School before engaging in an armed clash with the GSU. The government imposed a curfew on restive areas of Laikipia Nature Conservancy. No injuries and/or fatalities reported.",0,NA,1699319483,4691
"534","KEN7821","05 September 2021",2021,1,"Strategic developments","Strategic developments","Looting/property destruction","Pokot Ethnic Militia (Kenya)","Pastoralists (Kenya)",4,"Civilians (Kenya)",NA,7,47,NA,404,"Eastern Africa","Kenya","Laikipia","Laikipia West","Ol-moran","Ol-moran",0.5368,36.488,2,"Citizen (Kenya)","National","Property destruction: On 5 September 2021, pokot militia burnt 40 houses in an area near Ol-moran town (Laikipia West, Laikipia). Hundreds of residents fled the area. Two members of the militia were arrested by security forces.",0,NA,1650311549,4695
"535","KEN10212","01 September 2021",2021,1,"Demonstrations","Protests","Peaceful protest","Protesters (Kenya)","Pastoralists (Kenya)",6,NA,NA,0,60,NA,404,"Eastern Africa","Kenya","Kajiado","Kajiado Central","Ildamat","Kajiado",-1.85,36.7833,2,"K24","National","On 1 September 2021, local residents protested in Luuwaje village near Kajiado (, Kajiado Central, Kajiado), against the high number of camels in the area are spreading diseases to their livestock. The group demanded the camel owners to relocate from the area within 7 days.",0,"crowd size=no report",1676323318,4705
"536","KEN7778","29 August 2021",2021,1,"Political violence","Violence against civilians","Attack","Pokot Ethnic Militia (Kenya)","Pastoralists (Kenya)",4,"Civilians (Kenya)","Marakwet Ethnic Group (Kenya)",7,47,"Civilian targeting",404,"Eastern Africa","Kenya","West Pokot","Pokot Central","Lomut","Chesogon",1.3048,35.6245,1,"Daily Nation (Kenya)","National","On 29 August 2021, suspected Pokot ethnic militia shot and killed three civilians from the Marakwet ethnic group from Lomut market, who were heading to Sokouto area at the Cheptulel area in Chesogon village (Pokot Central, West Pokot).",3,NA,1630980851,4708
"537","KEN10400","21 August 2021",2021,1,"Strategic developments","Strategic developments","Looting/property destruction","Pokot Ethnic Militia (Kenya)","Pastoralists (Kenya)",4,"Civilians (Kenya)",NA,7,47,NA,404,"Eastern Africa","Kenya","Laikipia","Laikipia West","Ol-moran","Ol Ari Nyiro",0.5699,36.3982,1,"Kenyans.co","National","Property destruction: On 21 August 2021, over 20 suspected Pokot armed militia set ablaze a school inside the Laikipia nature conservancy, also known as Ol Ari Nyiro (Laikipia West, Laikipia).",0,NA,1676323319,4726
"538","KEN7805","13 August 2021",2021,1,"Political violence","Battles","Armed clash","Pokot Ethnic Militia (Kenya)","Pastoralists (Kenya)",4,"Police Forces of Kenya (2013-2022) General Service Unit",NA,1,14,NA,404,"Eastern Africa","Kenya","Laikipia","Laikipia West","Ol-moran","Sipili",0.435,36.3828,2,"K24; NTV (Kenya)","New media-National","On 13 August 2021, suspected Pokot Militia attacked police forces (GSU) at a camp in Laikipia conservancy area near Sipili town (Ol-moran, Laikipia West, Laikipia). Four officers were injured.",0,NA,1699319483,4735
"539","KEN7798","07 August 2021",2021,1,"Political violence","Riots","Mob violence","Rioters (Kenya)","Vigilante Group (Kenya); Pastoralists (Kenya)",5,"Civilians (Kenya)",NA,7,57,"Civilian targeting",404,"Eastern Africa","Kenya","Kajiado","Kajiado East","Kitengela","Kitengela",-1.4761,36.9614,1,"Citizen (Kenya)","National","On 7 August 2021, local residents, including pastoralists, lynched four people on suspicion of being cattle and motorbike thieves in Kitengela town (Kitengela, Kajiado East, Kajiado).",4,"crowd size=no report",1630983495,4749
"540","KEN7791","05 August 2021",2021,1,"Political violence","Violence against civilians","Attack","Unidentified Communal Militia (Kenya)","Pastoralists (Kenya)",4,"Civilians (Kenya)","Pastoralists (Kenya)",7,47,"Civilian targeting",404,"Eastern Africa","Kenya","Baringo","Marigat","Mukutani","Arabal",0.5138,36.1756,1,"Daily Nation (Kenya)","National","On 5 August 2021, an unidentified communal militia shot and killed a pastoralist in the Embosos area in Arabal village (Mukutani, Marigat, Baringo). At least 38 cattle were stolen. The pastoralists were in search of pasture and water.",1,NA,1630983496,4753
"541","KEN7797","05 August 2021",2021,1,"Political violence","Violence against civilians","Attack","Pokot Ethnic Militia (Kenya)","Pastoralists (Kenya)",4,"Civilians (Kenya)","Pastoralists (Kenya)",7,47,"Civilian targeting",404,"Eastern Africa","Kenya","Baringo","Marigat","Mochongoi","Kasiela",0.4279,36.2146,1,"Star (Kenya)","National","On 5 August 2021, suspected Pokot ethnic militia shot and killed a civilian pastoralist and stole 38 cows in Kasiela town (Mochongoi, Marigat, Baringo). The group also surrounded a security camp in the area. The group drove the animals towards Chepkalacha in Tiaty (Pokot inhabited area).",1,NA,1630983498,4754
"542","KEN7790","05 August 2021",2021,1,"Political violence","Battles","Armed clash","Unidentified Communal Militia (Kenya)","Pastoralists (Kenya)",4,"Police Forces of Kenya (2013-2022)",NA,1,14,NA,404,"Eastern Africa","Kenya","Baringo","Marigat","Mukutani","Arabal",0.5138,36.1756,1,"Daily Nation (Kenya)","National","On 5 August 2021, an unidentified communal pastoralist militia attacked a police camp at the Arabal primary school in Arabal village (Mukutani, Marigat, Baringo). No fatalities and/or injuries reported.",0,NA,1679360216,4756
"543","KEN10637","02 August 2021",2021,2,"Strategic developments","Strategic developments","Agreement","Gabra Ethnic Militia (Kenya)",NA,4,"Borana Ethnic Militia (Kenya)","Rendilles Ethnic Militia (Kenya); Pastoralists (Kenya)",4,44,NA,404,"Eastern Africa","Kenya","Laikipia","Laikipia East","Thingithu","Nanyuki",0.0167,37.0667,1,"Kenya Broadcasting Corporation","National","Around 2 August 2021 (as reported), elders from Borana, Gabra and Rendille met in Nanyuki (Laikipia East, Laikipia), and agreed to end long-time conflict in Mandera county.",0,NA,1676323319,4762
"544","KEN7786","31 July 2021",2021,1,"Political violence","Battles","Armed clash","Pokot Ethnic Militia (Kenya)","Pastoralists (Kenya)",4,"Police Forces of Kenya (2013-2022)",NA,1,14,NA,404,"Eastern Africa","Kenya","Laikipia","Laikipia West","Ol-moran","Wangwachi",0.451,36.3442,1,"Citizen (Kenya)","National","On 31 July 2021, suspected Pokot militias from Barigo clashed with police from the Anti-Stock Theft unit at the Laikipia Nature Conservancy in Wangwachi village in Ol-Moran town (Ol-moran, Laikipia West, Laikipia). One officer was killed. The militias invaded several ranches in the conservancy in search of pasture and water.",1,NA,1679360216,4768
"545","KEN7782","29 July 2021",2021,1,"Political violence","Violence against civilians","Attack","Pokot Ethnic Militia (Kenya)","Pastoralists (Kenya)",4,"Civilians (Kenya)","Farmers (Kenya)",7,47,"Civilian targeting",404,"Eastern Africa","Kenya","Laikipia","Laikipia West","Ol-moran","Wangwachi",0.451,36.3442,1,"Citizen (Kenya)","National","On 29 July 2021, suspected Pokot militias from Barigo shot and killed a civilian at the Laikipia Nature Conservancy in Wangwachi village in Ol-Moran town (Ol-moran, Laikipia West, Laikipia). The militia invaded eight homes and farms in search of pasture and water.",1,NA,1650311549,4772
"546","KEN9768","21 July 2021",2021,2,"Strategic developments","Strategic developments","Agreement","Pokot Ethnic Militia (Kenya)","Pastoralists (Kenya)",4,"Turkana Ethnic Militia (Kenya)","Pastoralists (Kenya)",4,44,NA,404,"Eastern Africa","Kenya","West Pokot","Pokot Central","Sekerr","Orwa",1.6667,35.4667,1,"Star (Kenya)","National","Around 21 July 2021 (as reported), Pokot, Turkana elders signed a border peace agreement in Orwa (Pokot Central, West Pokot), aimed at helping to unite the two communities.",0,NA,1673291087,4782
"547","KEN7769","20 July 2021",2021,1,"Political violence","Battles","Armed clash","Pokot Ethnic Militia (Kenya)","Pastoralists (Kenya)",4,"Marakwet Ethnic Militia (Kenya)","Pastoralists (Kenya)",4,44,NA,404,"Eastern Africa","Kenya","Elgeyo Marakwet","Marakwet East","Kapyego","Kapsowar",1.1,35.5575,2,"Daily Nation (Kenya)","National","On 20 July 2021, about 100 Pokot ethnic militia clashed with the Marakwet ethnic militia who were herding along the border at Chepkorowo grazing field near Kapsowar town (Kapyego, Marakwet East, Elgeyo Marakwet). Five people were killed and five others were injured.",5,NA,1627328512,4784
"548","KEN10261","20 July 2021",2021,1,"Political violence","Violence against civilians","Attack","Samburu Ethnic Militia (Kenya)","Pastoralists (Kenya)",4,"Civilians (Kenya)","Pastoralists (Kenya)",7,47,"Civilian targeting",404,"Eastern Africa","Kenya","Isiolo","Merti","Cherab","Gotu",1.1167,38.7333,2,"Citizen (Kenya)","National","On 20 July 2021, suspected Samburu militia shot and killed two people, before making away with 300 livestock along the Isiolo and Samburu border [coded as Gotu, Merti, Isiolo]",2,NA,1676323318,4786
"549","KEN10262","20 July 2021",2021,1,"Political violence","Violence against civilians","Attack","Samburu Ethnic Militia (Kenya)","Pastoralists (Kenya)",4,"Civilians (Kenya)",NA,7,47,"Civilian targeting",404,"Eastern Africa","Kenya","Isiolo","Merti","Cherab","Merti",1.0667,38.6667,1,"Citizen (Kenya)","National","On 20 July 2021, suspected Samburu militia shot and killed one person at Urura area of Merti (Merti, Isiolo).",1,NA,1676323318,4787
"550","KEN10865","20 July 2021",2021,2,"Political violence","Violence against civilians","Attack","Unidentified Communal Militia (Kenya)",NA,4,"Civilians (Kenya)","Pastoralists (Kenya)",7,47,"Civilian targeting",404,"Eastern Africa","Kenya","Samburu","Samburu North","El Barta","Baragoi",1.7833,36.7833,1,"Opera News (Kenya)","National","Around 20 July 2021 (as reported), unidentified militia (described as cattle rustlers) raided livestock in Baragoi (Samburu North, Samburu) and killed two people.",2,NA,1676323320,4788
"551","KEN7767","19 July 2021",2021,1,"Political violence","Violence against civilians","Attack","Degodia Ethnic Militia (Kenya)","Pastoralists (Kenya)",4,"Civilians (Kenya)","Borana Ethnic Group (Kenya); Pastoralists (Kenya)",7,47,"Civilian targeting",404,"Eastern Africa","Kenya","Isiolo","Merti","Cherab","Merti",1.0667,38.6667,2,"Daily Nation (Kenya)","National","On 19 July 2021, herders suspectedly from the Degodia ethnic militia attacked herders from the Borana ethnic group in Urura village near Merti town (Cherab, Merti, Isiolo). Two people were killed and unknown number of goats were stolen.",2,NA,1627328512,4789
"552","KEN7765","18 July 2021",2021,1,"Political violence","Violence against civilians","Attack","Borana Ethnic Militia (Kenya)",NA,4,"Civilians (Kenya)","Samburu Ethnic Group (Kenya); Pastoralists (Kenya)",7,47,"Civilian targeting",404,"Eastern Africa","Kenya","Samburu","Samburu North","Nachola","Marti",1.4771,36.7236,1,"Daily Nation (Kenya)","National","On 18 July 2021, Borana ethnic militia attacked herders from Samburu ethnic group in Marti village (Nachola, Samburu North, Samburu). Two people were killed and over 500 animals stolen.",2,NA,1627328512,4791
"553","KEN7764","18 July 2021",2021,1,"Political violence","Violence against civilians","Attack","Pokot Ethnic Militia (Kenya)","Pastoralists (Kenya)",4,"Civilians (Kenya)","Marakwet Ethnic Group (Kenya); Pastoralists (Kenya)",7,47,"Civilian targeting",404,"Eastern Africa","Kenya","Elgeyo Marakwet","Marakwet East","Endo","Kabetwa",1.15,35.6245,1,"Kenya News Agency","National","On 18 July 2021, suspected Pokot ethnic militia shot and killed a civilian from the Marakwet ethnic group when they raided Kabetwa village (Endo, Marakwet East, Elgeyo Marakwet).",1,NA,1627328512,4792
"554","KEN7761","15 July 2021",2021,1,"Political violence","Violence against civilians","Attack","Borana Ethnic Militia (Kenya)","Pastoralists (Kenya)",4,"Civilians (Kenya)","Samburu Ethnic Group (Kenya); Pastoralists (Kenya)",7,47,"Civilian targeting",404,"Eastern Africa","Kenya","Samburu","Samburu North","Nachola","Marti",1.4771,36.7236,1,"Daily Nation (Kenya)","National","On 15 July 2021, Borana ethnic militia rustlers raided Marti village (Nachola, Samburu North, Samburu), stole more than 200 goats and injured a herder.",0,NA,1627328512,4797
"555","KEN7760","15 July 2021",2021,1,"Political violence","Battles","Armed clash","Marakwet Ethnic Militia (Kenya)","Pastoralists (Kenya)",4,"Pokot Ethnic Militia (Kenya)","Pastoralists (Kenya)",4,44,NA,404,"Eastern Africa","Kenya","Elgeyo Marakwet","Keiyo North","Tambach","Keiyo Valley",0.659,35.5834,1,"Kenya Standard","National","On 15 July 2021, herders from the Marakwet ethnic militia clashed with herders from the Pokot ethnic militia at a grazing field near Kerio river in Keiyo Valley (Tambach, Keiyo North, Elgeyo Marakwet). Two people were killed.",2,NA,1627328512,4798
"556","KEN7756","14 July 2021",2021,1,"Political violence","Violence against civilians","Attack","Borana Ethnic Militia (Kenya)",NA,4,"Civilians (Kenya)","Degodia Ethnic Group (Kenya); Pastoralists (Kenya)",7,47,"Civilian targeting",404,"Eastern Africa","Kenya","Wajir","Wajir West","Hadado Athibohol","Hadado",1.4705,39.2909,2,"VOA","International","On 14 July 2021, Borana ethnic militia attacked civilian pastoralists from the Degodia ethnic group near Hadado town (Hadado, Wajir West, Wajir). Eight people were killed. The motive was a retaliatory attack between the communities.",8,NA,1626727060,4802
"557","KEN7755","10 July 2021",2021,1,"Political violence","Violence against civilians","Attack","Marakwet Ethnic Militia (Kenya)","Pastoralists (Kenya)",4,"Civilians (Kenya)","Pokot Ethnic Group (Kenya); Pastoralists (Kenya); Students (Kenya)",7,47,"Civilian targeting",404,"Eastern Africa","Kenya","Elgeyo Marakwet","Keiyo North","Tambach","Keiyo Valley",0.659,35.5834,1,"Kenya Standard; Daily Nation (Kenya)","National","On 10 July 2021, Marakwet ethnic militia attacked civilian pastoralists from the Pokot ethnic group in Keiyo Valley village (Tambach, Keiyo North, Elgeyo Marakwet). Five people were killed, including a university student, and over 300 animals were stolen in a revenge attack.",5,NA,1626727058,4805
"558","KEN7733","04 July 2021",2021,1,"Political violence","Violence against civilians","Attack","Pokot Ethnic Militia (Kenya)","Pastoralists (Kenya)",4,"Civilians (Kenya)","Marakwet Ethnic Group (Kenya); Pastoralists (Kenya)",7,47,"Civilian targeting",404,"Eastern Africa","Kenya","Elgeyo Marakwet","Keiyo North","Tambach","Keiyo Valley",0.659,35.5834,1,"The Star (Kenya)","National","On 4 July 2021, Pokot ethnic militia attacked civilian pastoralists from Marakwet ethnic group in Keiyo Valley village (Tambach, Keiyo North, Elgeyo Marakwet) in a revenge attack. Five people were killed and hundreds of livestock stolen.",5,NA,1626118833,4818
"559","KEN7731","03 July 2021",2021,1,"Political violence","Violence against civilians","Attack","Pokot Ethnic Militia (Kenya)","Pastoralists (Kenya)",4,"Civilians (Kenya)","Marakwet Ethnic Group (Kenya); Students (Kenya); Aid Workers (Kenya)",7,47,"Civilian targeting",404,"Eastern Africa","Kenya","Elgeyo Marakwet","Keiyo North","Tambach","Keiyo Valley",0.659,35.5834,1,"The Star (Kenya)","National","On 3 July 2021, Pokot ethnic militia shot and killed two civilians, including a well-known peace worker and a standard four pupil from the Marakwet ethnic group, in Keiyo Valley village (Tambach, Keiyo North, Elgeyo Marakwet). The attack was reported as a retaliatory attack.",2,NA,1626118833,4820
"560","KEN8044","01 July 2021",2021,1,"Political violence","Violence against civilians","Attack","Samburu Ethnic Militia (Kenya)","Pastoralists (Kenya)",4,"Civilians (Kenya)","Pastoralists (Kenya)",7,47,"Civilian targeting",404,"Eastern Africa","Kenya","Isiolo","Isiolo","Burat","Erimet",0.4164,37.5594,1,"Daily Nation (Kenya)","National","On 1 July 2021, suspected Samburu militia attacked civilian pastoralists in Aremiet (Erimet) (Isiolo, Isiolo county) and killed four people and injured two others.",4,NA,1643045661,4823
"561","KEN7722","22 June 2021",2021,2,"Political violence","Battles","Armed clash","Nakuru Communal Militia (Kenya)","Pastoralists (Kenya)",4,"Nakuru Communal Militia (Kenya)","Pastoralists (Kenya)",4,44,NA,404,"Eastern Africa","Kenya","Nakuru","Nakuru North","Kabatini","Nakuru",-0.2441,36.142,1,"Facebook","New media","Around 22 June 2021 (as reported), armed communal groups clashed at Longamani Forest in Nakuru (Nakuru North, Nakuro) allegedly over cattle disputes. Three people were killed and two injured.",3,NA,1653949487,4835
"562","KEN7716","20 June 2021",2021,1,"Political violence","Violence against civilians","Attack","Unidentified Communal Militia (Kenya)",NA,4,"Civilians (Kenya)","Pastoralists (Kenya)",7,47,"Civilian targeting",404,"Eastern Africa","Kenya","Isiolo","Isiolo","Bula Pesa","Isiolo",0.3546,37.5822,2,"BBC News; Citizen (Kenya); Opera News (Kenya); The Star (Kenya)","National-International","On 20 June 2021, around 70 unidentified militia (described as bandits and suspected to be from Wajir) attacked Bassa and Mado villages, coded to Isiolo (Isiolo). At least five people were killed, women were taken hostage, and an unidentified number of livestock were stolen. Police were deployed to restore calm in the area.",5,NA,1676323320,4842
"563","KEN7708","12 June 2021",2021,1,"Political violence","Battles","Armed clash","Samburu Ethnic Militia (Kenya)","Pastoralists (Kenya)",4,"Turkana Ethnic Militia (Kenya)","Pastoralists (Kenya)",4,44,NA,404,"Eastern Africa","Kenya","Isiolo","Isiolo","Ngare Mara","Ngeramara",0.5965,37.623,2,"Daily Nation (Kenya)","National","On 12 June 2021, over a hundred suspected Samburu herders ambushed Turkana herders who were grazing over 800 goats near the Isiolo-Samburu border near Ngeramara village (Ngare Mara, Isiolo). A fire-exchange was reported. Six people were killed.",6,NA,1624310472,4855
"564","KEN7706","08 June 2021",2021,1,"Political violence","Battles","Armed clash","Pokot Ethnic Militia (Kenya)","Pastoralists (Kenya)",4,"Police Forces of Kenya (2013-2022) General Service Unit",NA,1,14,NA,404,"Eastern Africa","Kenya","Turkana","Turkana East","Kapedo","Lomelo",1.5,35.9167,2,"Kenya Standard; Star (Kenya)","National","On 8 June 2021, suspected Pokot ethnic militia ambushed a contingent of police forces (General Service Unit) on the road between Lopii village and Kakulit village near Lomelo town (Kapedo, Turkana East, Turkana). One police officer was injured.",0,NA,1699319483,4859
"565","KEN7702","05 June 2021",2021,1,"Political violence","Violence against civilians","Attack","Wardei Ethnic Militia (Kenya)",NA,4,"Civilians (Kenya)","Pastoralists (Kenya); Pokomo Ethnic Group (Kenya)",7,47,"Civilian targeting",404,"Eastern Africa","Kenya","Tana River","Garsen","Garsen West","Garsen",-2.2697,40.12,2,"The Star (Kenya)","National","On 5 June 2021, Wardei ethnic militia shot and killed a Pokomo pastoralist in Galma village near Garsen town (Garsen West, Tana River). This is related to clan revenge and dispute over land.",1,NA,1623704957,4865
"566","KEN7701","30 May 2021",2021,1,"Political violence","Violence against civilians","Attack","Borana Ethnic Militia (Kenya)",NA,4,"Civilians (Kenya)","Pastoralists (Kenya)",7,47,"Civilian targeting",404,"Eastern Africa","Kenya","Marsabit","North Horr","Maikona","Forole",3.5,37.7833,2,"The Star (Kenya)","National","On 30 May 2021, Borana Ethnic militia attacked civilian pastoralist settlements is Qubi Ella village near Forole town (Maikona, North Horr, Marsabit). Two people were killed and two others were injured.",2,NA,1623100970,4875
"567","KEN7693","20 May 2021",2021,1,"Political violence","Violence against civilians","Attack","Unidentified Communal Militia (South Sudan)",NA,4,"Civilians (Kenya)","Pastoralists (Kenya); Students (Kenya)",7,47,"Civilian targeting",404,"Eastern Africa","Kenya","Kajiado","Kajiado North","Olkeri","Kiserian",-1.4212,36.6887,2,"Daily Nation (Kenya)","National","On 20 May 2021, an unidentified militia, suspected to be from South Sudan, shot and killed a grade four pupil at Kiserian Primary School and his grandfather near Kiserian town (Olkeri, Kajiado North, Kajiado). The militia drove away an unknown number of livestock towards Ramacha Hills.",2,NA,1621889044,4888
"568","KEN7696","19 May 2021",2021,2,"Political violence","Violence against civilians","Attack","Auliyan Ethnic Militia (Kenya)",NA,4,"Civilians (Kenya)","Pastoralists (Kenya)",7,47,"Civilian targeting",404,"Eastern Africa","Kenya","Isiolo","Garbatulla","Kinna","Kinna",0.3167,38.2,2,"Daily Nation (Kenya)","National","Around 19 May 2021 (week of), suspected Auliyan ethnic militia abducted and killed a boy grazing goats on the Isiolo-Garissa border in the Duse area near Kinna town (Garbatulla, Isiolo). The raiders took off with more than 200 goats.",1,NA,1622493899,4891
"569","KEN10704","13 May 2021",2021,1,"Political violence","Violence against civilians","Attack","Unidentified Communal Militia (Kenya)","Pastoralists (Kenya)",4,"Civilians (Kenya)","Labor Group (Kenya)",7,47,"Civilian targeting",404,"Eastern Africa","Kenya","Laikipia","Laikipia West","Ol-moran","Ol Ari Nyiro",0.5699,36.3982,1,"Capital FM","National","On 13 May 2021, unknown assailants (described as cattle rustlers), shot and injured the Laikipia nature conservancy director in Ol Ari Nyiro (Laikipia West, Laikipia).",0,NA,1676323320,4900
"570","KEN7681","10 May 2021",2021,1,"Demonstrations","Protests","Peaceful protest","Protesters (Kenya)","Pastoralists (Kenya)",6,NA,NA,0,60,NA,404,"Eastern Africa","Kenya","Turkana","Loima","Loima","Kimario",2.8988,35.1111,1,"The Star (Kenya)","National","On 10 May 2021, pastoralists demonstrated against the reopening of donkey slaughterhouses at Kimario village in Loima district (Turkana). The demonstrators said the move is a threat to the animals they depend on for survival.",0,"crowd size=no report",1621889045,4906
"571","KEN10851","01 May 2021",2021,2,"Political violence","Violence against civilians","Attack","Unidentified Communal Militia (Kenya)",NA,4,"Civilians (Kenya)","Pastoralists (Kenya)",7,47,"Civilian targeting",404,"Eastern Africa","Kenya","Isiolo","Garbatulla","Kinna","Kinna",0.3167,38.2,2,"Opera News (Kenya)","National","Around 1 May 2021 (as reported), the chairman of Garre community was shot dead by an unidentified militia while looking for a pasture for his livestock in Qarsa, coded to Kinna (Garbatulla, Isiolo).",1,NA,1680570809,4919
"572","KEN7673","26 April 2021",2021,1,"Political violence","Violence against civilians","Attack","Unidentified Armed Group (Ethiopia)",NA,3,"Civilians (Kenya)","Pastoralists (Kenya); Turkana Ethnic Group (Kenya)",7,37,"Civilian targeting",404,"Eastern Africa","Kenya","Turkana","Kibish","Kibish","Kibish",4.9231,35.2744,1,"The Star (Kenya)","National","On 26 April 2021, unidentified gunmen from Ethiopia attacked Turkana herders along the border of Kenya- Ethiopia, killing three Turkana residents at Kibish town in Kalokol district (Turkana, Central, Turkana).",3,NA,1643672658,4922
"573","KEN10852","15 April 2021",2021,1,"Political violence","Battles","Armed clash","Pokot Ethnic Militia (Kenya)","Pastoralists (Kenya)",4,"Military Forces of Kenya (2013-2022)",NA,1,14,NA,404,"Eastern Africa","Kenya","Baringo","Marigat","Mukutani","Mukutan",0.6335,36.257,2,"Opera News (Kenya)","National","On 15 April 2021, suspected Pokot raided a KDF camp and killed a soldier in the Mukutani area, near Mukutan (Marigat, Baringo).",1,NA,1679360211,4932
"574","KEN9799","24 March 2021",2021,2,"Political violence","Violence against civilians","Attack","Murule Ethnic Militia (Kenya)",NA,4,"Civilians (Kenya)","Pastoralists (Kenya)",7,47,"Civilian targeting",404,"Eastern Africa","Kenya","Mandera","Lafey","Lafey","Lafey",3.1508,41.1862,2,"Daily Nation (Kenya)","National","Around 24 March 2021 (week of), suspected Murulle militia shot and killed a herder at Alung'o within Mandera South [coded as Lafey, Lafey, Mandera], as he searched for his lost livestock.",1,NA,1694475481,4947
"575","KEN7636","21 January 2021",2021,1,"Political violence","Violence against civilians","Attack","Pokot Ethnic Militia (Kenya)","Pastoralists (Kenya)",4,"Civilians (Kenya)","Police Forces of Kenya (2013-2022)",7,47,"Civilian targeting",404,"Eastern Africa","Kenya","Baringo","Tiaty","Tirioko","Kapedo",1.1692,36.0955,2,"Daily Nation (Kenya)","National","On 21 January 2021, Pokot ethnic militia shot and killed a chief inspector of police and his driver travelling from Kapendo camp on the border of Baringo-Turkana counties near Kapedo town (Tiaty, Baringo).",2,NA,1679360216,5016
"576","KEN7635","20 January 2021",2021,2,"Political violence","Violence against civilians","Attack","Pokot Ethnic Militia (Kenya)","Pastoralists (Kenya)",4,"Civilians (Kenya)","Pastoralists (Kenya)",7,47,"Civilian targeting",404,"Eastern Africa","Kenya","Baringo","Tiaty","Tangulbei","Chemolingot",0.6833,36.2,1,"Daily Nation (Kenya)","National","Around 20 January 2021 (as reported), six bodies with gunshot wounds were found in the banditry-prone area of Arabal in Baringo south after a Pokot ethnic militia attack in Chemolingot town (Tiaty, Baringo). More than 50 cows were stolen in the attack. The attack is believed to be related to clan revenge and land dispute.",6,NA,1650311549,5017
"577","KEN7633","19 January 2021",2021,1,"Political violence","Battles","Armed clash","Pokot Ethnic Militia (Kenya)","Pastoralists (Kenya)",4,"Police Forces of Kenya (2013-2022) General Service Unit",NA,1,14,NA,404,"Eastern Africa","Kenya","Baringo","Tiaty","Tirioko","Kapedo",1.1692,36.0955,2,"Kenya Broadcasting Corporation","National","On 19 January 2021, a suspected Pokot ethnic militia ambushed police forces (GSU) while they were on patrol heading to Kasarani village in the vicinity of Kapedo town (Tiaty, Baringo). Three officers were injured.",0,NA,1699319483,5022
"578","KEN7631","17 January 2021",2021,1,"Political violence","Battles","Armed clash","Pokot Ethnic Militia (Kenya)","Pastoralists (Kenya)",4,"Police Forces of Kenya (2013-2022) General Service Unit","Government of Kenya (2013-2022)",1,14,NA,404,"Eastern Africa","Kenya","Turkana","Turkana East","Kapedo","Kapedo",1.183,36.1039,2,"Kenya Standard; Star (Kenya)","National","On 17 January 2021, gunmen from a Pokot ethnic militia ambushed a police (GSU) convoy after food was distributed at Ameyen village near Kapedo town (East Turkana). A senior GSU officer was fatally shot, along with three others officers. Three Members of Parliament allegedly were also locked up in the village and were forced to spend their night at the center.",4,NA,1699319483,5025
"579","KEN7630","15 January 2021",2021,1,"Political violence","Violence against civilians","Attack","Borana Ethnic Militia (Kenya)",NA,4,"Civilians (Kenya)","Pastoralists (Kenya)",7,47,"Civilian targeting",404,"Eastern Africa","Kenya","Marsabit","Saku","Marsabit Central","Saku",2.3333,37.9833,1,"Star (Kenya)","National","On 15 January 2021, a Borana militia killed one person, injured another and stole over 300 heads of cattle at Haro Halakhe Yayo watering point in Saku town (Saku, Marsabit).",1,NA,1611605538,5028
"580","KEN7629","13 January 2021",2021,1,"Political violence","Battles","Armed clash","Dassanach Ethnic Militia (Kenya)","Pastoralists (Kenya)",4,"Gabra Ethnic Militia (Kenya)","Pastoralists (Kenya)",4,44,NA,404,"Eastern Africa","Kenya","Marsabit","North Horr","North Horr","North Horr",3.3167,37.0667,2,"Daily Nation (Kenya)","National","On 13 January 2021, armed gunmen from a Dasenaach ethnic militia clashed with a Gabra ethnic militia over a grazing zone and watering point in Sibiloi National Park in Madho Dimtu village near North Horr town (North Horr, Marsabit). One person was killed and two others injured.",1,NA,1618268924,5033
"581","KEN7624","11 January 2021",2021,1,"Political violence","Violence against civilians","Attack","Pokot Ethnic Militia (Kenya)","Pastoralists (Kenya)",4,"Civilians (Kenya)","Turkana Ethnic Group (Kenya)",7,47,"Civilian targeting",404,"Eastern Africa","Kenya","Turkana","Turkana East","Kapedo","Kapedo",1.183,36.1039,1,"Kenya News Agency; Star (Kenya)","National","On 11 January 2021, suspected Pokot ethnic militia shot and killed a member of the Turkana ethnic community in Kapedo town (East Turkana). Two others were injured and at least ten houses were also torched during the attack. The motive of the attack was retaliation between the two ethnic communities.",1,NA,1676323320,5042
"582","KEN7623","09 January 2021",2021,1,"Political violence","Battles","Armed clash","Ajuran Ethnic Militia (Kenya)","Pastoralists (Kenya)",4,"Borana Ethnic Militia (Kenya)","Pastoralists (Kenya)",4,44,NA,404,"Eastern Africa","Kenya","Isiolo","Garbatulla","Garbatulla","Eldera",0.7162,38.6422,1,"The Star (Kenya)","National","On 9 January 2021, an Ajuran ethnic militia clashed with a Borana ethnic militia in the vicinity of Eldera village (Garbatulla, Isiolo South). At least six people were killed. The motive of the clash is believed to be over a land dispute and water.",6,NA,1650311550,5044
"583","KEN7593","01 December 2020",2020,1,"Political violence","Battles","Armed clash","Auliyan Ethnic Militia (Kenya)","Pastoralists (Kenya)",4,"Borana Ethnic Militia (Kenya)","Pastoralists (Kenya)",4,44,NA,404,"Eastern Africa","Kenya","Isiolo","Garbatulla","Garbatulla","Garba Tula",0.5333,38.52,2,"Daily Nation (Kenya)","National","On 1 December 2020, an Auliyan militia clashed with a Borana militia in Quri grazing area near Garba Tula town (Isiolo South, Isiolo). Seven people were killed. The motive for attack was a dispute over grazing land and clan retaliation.",7,NA,1618494281,5089
"584","KEN7590","29 November 2020",2020,1,"Political violence","Violence against civilians","Attack","Borana Ethnic Militia (Kenya)",NA,4,"Civilians (Kenya)","Auliyan Clan Group (Kenya); Pastoralists (Kenya)",7,47,"Civilian targeting",404,"Eastern Africa","Kenya","Isiolo","Garbatulla","Garbatulla","Garba Tula",0.5333,38.52,2,"Daily Nation (Kenya)","National","On 29 November 2020, a Borana militia shot and killed a pastoralist from the Auliyan clan in Quri grazing area near Garba Tula town (Isiolo South, Isiolo). The motive of the killing was a land dispute between the clans.",1,NA,1618494353,5092
"585","KEN7582","22 November 2020",2020,1,"Political violence","Violence against civilians","Attack","Samburu Ethnic Militia (Kenya)","Pastoralists (Kenya)",4,"Civilians (Kenya)","Taxi Drivers (Kenya); Turkana Ethnic Group (Kenya)",7,47,"Civilian targeting",404,"Eastern Africa","Kenya","Samburu","Samburu North","Nyiro","South Horr",2.096,36.9191,2,"Daily Nation (Kenya)","National","On 22 November 2020, Samburu militia shot and killed a bodaboda rider in Nkoriche area near South Horr town (Samburu North, Samburu). The motive of the attack is believed to be clan revenge.",1,NA,1650311549,5108
"586","KEN7581","22 November 2020",2020,1,"Political violence","Violence against civilians","Attack","Turkana Ethnic Militia (Kenya)",NA,4,"Civilians (Kenya)","Samburu Ethnic Group (Kenya); Pastoralists (Kenya)",7,47,"Civilian targeting",404,"Eastern Africa","Kenya","Samburu","Samburu North","Nachola","Natiti",1.7976,36.7704,1,"Daily Nation (Kenya)","National","On 22 November 2020, Turkana militia shot and killed a young Samburu boy when they stormed Natiti village (Samburu North, Samburu). They also stole an unknown number of livestock.",1,NA,1653951644,5109
"587","KEN7601","20 November 2020",2020,2,"Political violence","Battles","Armed clash","Garre Ethnic Militia (Kenya)","Pastoralists (Kenya)",4,"Murule Ethnic Militia (Kenya)","Pastoralists (Kenya)",4,44,NA,404,"Eastern Africa","Kenya","Mandera","Lafey","Lafey","Lafey",3.1508,41.1862,2,"Star (Kenya)","National","Around 20 November 2020, clan militias from Garre and Murle clans clashed in Yado village near Lafey town (Lafey, Mandera). At least seven people were killed. The clash was related to a pasture land and water dispute.",7,NA,1694475481,5113
"588","KEN7576","19 November 2020",2020,1,"Political violence","Violence against civilians","Attack","Pokot Ethnic Militia (Kenya)","Pastoralists (Kenya)",4,"Civilians (Kenya)","Students (Kenya)",7,47,"Civilian targeting",404,"Eastern Africa","Kenya","Turkana","Turkana East","Kapedo","Kapedo",1.183,36.1039,1,"Star (Kenya); GardaWorld","Other-National","On 19 November 2020, suspected armed Pokot militia attacked a group of men who were fetching firewood in Kapedo village (Turkana East). Four people were killed including a student.",4,NA,1650311548,5116
"589","KEN7573","12 November 2020",2020,1,"Political violence","Violence against civilians","Attack","Turkana Ethnic Militia (Kenya)",NA,4,"Civilians (Kenya)","Pastoralists (Kenya)",7,47,"Civilian targeting",404,"Eastern Africa","Kenya","Meru","Igembe South","Maua","Maua",0.2321,37.9405,2,"Daily Nation (Kenya)","National","On 12 November 2020, a Tukrana ethnic militia shot and killed a civilian looking after his cattle in the vicinity of Maua town (Igembe South, Meru). The incident is related to land dispute.",1,NA,1605559069,5124
"590","KEN7569","06 November 2020",2020,1,"Political violence","Violence against civilians","Attack","Pokot Ethnic Militia (Kenya)","Pastoralists (Kenya)",4,"Civilians (Kenya)","Marakwet Ethnic Group (Kenya); Pastoralists (Kenya)",7,47,"Civilian targeting",404,"Eastern Africa","Kenya","Elgeyo Marakwet","Marakwet West","Kapsowar","Elegeyo-Marakwet",0.99,35.55,2,"Star (Kenya)","National","On 6 November 2020, Pokot ethnic militiamen shot and killed two young boys and stole animals they were herding in the vicinity of Elegeyo-Marakwet town (Marakwet West, Elgeyo Marakwet). The incident is related to land dispute.",2,NA,1650311549,5131
"591","KEN10872","01 November 2020",2020,1,"Political violence","Violence against civilians","Attack","Pokot Ethnic Militia (Kenya)","Pastoralists (Kenya)",4,"Civilians (Kenya)","Pastoralists (Kenya)",7,47,"Civilian targeting",404,"Eastern Africa","Kenya","Turkana","Turkana East","Kapedo","Kamuge",1.7656,36.008,2,"Opera News (Kenya)","National","On 1 November 2020, suspected armed Pokot militia shot and killed one person at Adikam- Kachalanga manyatta within Lokwamosing sub-location of Lochakula, coded to Kamuge (Kapedo, Turkana East, Turkana). They rustled about five hundred sheep and two hundred goats from the village. However, the police recovered the rustled livestock from them along the riverbanks of the swolen Kerio river the following day.",1,NA,1676323320,5135
"592","KEN7562","26 October 2020",2020,1,"Political violence","Battles","Armed clash","Samburu Ethnic Militia (Kenya)","Pastoralists (Kenya)",4,"Samburu Ethnic Militia (Kenya)","Pastoralists (Kenya)",4,44,NA,404,"Eastern Africa","Kenya","Samburu","Samburu North","El Barta","Baragoi",1.7833,36.7833,2,"Daily Nation (Kenya)","National","On 26 October 2020, two groups of Samburu warriors clashed in Simale village near Baragoi town (Samburu North, Samburu). One person was killed and several others injured.",1,NA,1650311549,5142
"593","KEN7543","30 September 2020",2020,1,"Demonstrations","Protests","Peaceful protest","Protesters (Kenya)","Farmers (Kenya)",6,NA,NA,0,60,NA,404,"Eastern Africa","Kenya","Nakuru","Gilgil","Gilgil","Kikopey",-0.4748,36.2912,2,"Kenya Standard","National","On 30 September 2020, over 200 area residents and farmers blocked the road near Kikopey town (Gilgil, Nakuru) leading to a major traffic jam. They protested the invasion of their farms by herders.",0,"crowd size=over 200",1601932936,5176
"594","KEN7542","30 September 2020",2020,1,"Political violence","Battles","Armed clash","Unidentified Ethnic Militia (Kenya)","Farmers (Kenya)",4,"Unidentified Ethnic Militia (Kenya)","Pastoralists (Kenya)",4,44,NA,404,"Eastern Africa","Kenya","Nakuru","Gilgil","Gilgil","Kikopey",-0.4748,36.2912,1,"The Star (Kenya)","National","On 30 September 2020, one person was killed in Kikopey village (Gilgil, Nakuru) following ethnic-based clashes between farmers and herders after the herders drove their animals into farms.",1,NA,1601932936,5177
"595","KEN7529","11 September 2020",2020,1,"Political violence","Violence against civilians","Attack","Unidentified Armed Group (Ethiopia)",NA,3,"Civilians (Kenya)","Pastoralists (Kenya)",7,37,"Civilian targeting",404,"Eastern Africa","Kenya","Turkana","Turkana North","Lakezone","Lowerangak",4.2667,35.8833,2,"Daily Nation (Kenya)","National","On 11 September 2020, armed raiders from Ethiopia ambushed a group of herders at River Nakuwa near Lowerangak location (Turkana North, Turkana). Four Pastoralists were killed in the attack.",4,NA,1618498358,5200
"596","KEN7530","11 September 2020",2020,1,"Political violence","Battles","Armed clash","Unidentified Armed Group (Ethiopia)",NA,3,"Police Forces of Kenya (2013-2022)",NA,1,13,NA,404,"Eastern Africa","Kenya","Turkana","Turkana North","Lakezone","Lowerangak",4.2667,35.8833,2,"Daily Nation (Kenya)","National","On 11 September 2020, police clashed with armed raiders from Ethiopia who had earlier ambushed a group of herders in at River Nakuwa near Lowerangak location (Turkana North, Turkana). One of the raiders was killed by police and one police officer was injured.",1,NA,1679360216,5204
"597","KEN7525","10 September 2020",2020,1,"Political violence","Violence against civilians","Attack","Pokot Ethnic Militia (Kenya)",NA,4,"Civilians (Kenya)","Marakwet Ethnic Group (Kenya); Pastoralists (Kenya)",7,47,"Civilian targeting",404,"Eastern Africa","Kenya","Elgeyo Marakwet","Marakwet East","Embobut","Kipchumwa",1.2693,35.5557,1,"Daily Nation (Kenya)","National","On 10 September 2020, a Pokot ethnic militia attack and raided Marakwet pastoralists in Kipchumwa location (Marakwet East, Elgeyo-Marakwet) following an earlier raid by Marakwet pastoralists in Chepkokou, coded separately. One person was killed.",1,NA,1618498385,5206
"598","KEN7524","10 September 2020",2020,1,"Political violence","Violence against civilians","Attack","Marakwet Ethnic Militia (Kenya)",NA,4,"Civilians (Kenya)","Pokot Ethnic Group (Kenya); Pastoralists (Kenya)",7,47,"Civilian targeting",404,"Eastern Africa","Kenya","West Pokot","West Pokot","Kapenguria","Kapenguria",1.2333,35.1167,2,"Daily Nation (Kenya)","National","On 10 September 2020, a Marakwet militia attacked pastoralists in Chepkokou location near Kapenguria town (Kapenguria, West Pokot). Five civilians were killed. The attack was related to ongoing retaliation between the Marakwets and the Pokots.",5,NA,1618498399,5209
"599","KEN10727","15 August 2020",2020,1,"Political violence","Violence against civilians","Attack","Al Shabaab",NA,2,"Civilians (Kenya)","Pastoralists (Kenya)",7,27,"Civilian targeting",404,"Eastern Africa","Kenya","Garissa","Fafi","Jarajila","Hagadera",0.0095,40.3756,1,"Opera News (Kenya)","National","On 15 August 2020, suspected Al Shabaab militants shot dead a man along with his two camels in Hagadera (Fafi, Garissa) for allegedly refusing to give them milk.",1,NA,1676323320,5249
"600","KEN10769","30 July 2020",2020,1,"Political violence","Violence against civilians","Attack","Unidentified Communal Militia (Kenya)",NA,4,"Civilians (Kenya)","Pastoralists (Kenya)",7,47,"Civilian targeting",404,"Eastern Africa","Kenya","Kiambu","Kiambu Town","Riabai","Kiambu",-1.1667,36.8333,2,"People Daily","National","On 30 July 2020, a group of around 300 cattle rustlers, armed with bows, arrows and spears, raided a village in Ndeiya near Kiambu (Riabai, Kiambu Town, Kiambu). Villagers left their houses to escape the armed group that killed a herder and injured several people. They stole 80 heads of cattle and hundreds of goats and sheep. They also damaged a Kiambu county government vehicle.",1,NA,1676323320,5280
"601","KEN7473","29 July 2020",2020,2,"Political violence","Battles","Armed clash","Unidentified Ethnic Militia (Kenya)","Pastoralists (Kenya)",4,"Unidentified Ethnic Militia (Kenya)","Pastoralists (Kenya)",4,44,NA,404,"Eastern Africa","Kenya","Narok","Narok North","Olokurto","Olpusimoru",-0.6581,35.7328,2,"Daily Nation (Kenya)","National","Around 29 July 2020 (between 29 - 30 July), ethnic militias clashed with each other in five villages - Naisiida, Teegat, Olengape, Esoit and Kilapa near Olposimoru (Narok North, Narok) in response to the injury of teenager herding livestock in the Olmariko area near Olpusimoru by suspected cattle raiders. More than 30 houses were set alight, one person was killed and eight injured.",1,NA,1650311549,5281
"602","KEN7472","28 July 2020",2020,1,"Political violence","Battles","Armed clash","Unidentified Ethnic Militia (Kenya)","Pastoralists (Kenya)",4,"Unidentified Ethnic Militia (Kenya)","Pastoralists (Kenya)",4,44,NA,404,"Eastern Africa","Kenya","Narok","Narok North","Olokurto","Olpusimoru",-0.6581,35.7328,1,"The Star (Kenya); Daily Nation (Kenya)","National","On 28 July 2020, tens of militias clashed in Olposimoru (Narok North, Narok) in response to the injury of teenager herding livestock in the Olmariko area near Olpusimoru by suspected cattle raiders. Two people were killed on the second day of fighting (reports differ on fatalities) and three others injured with arrows.",2,NA,1650311548,5283
"603","KEN7471","27 July 2020",2020,1,"Political violence","Violence against civilians","Attack","Unidentified Ethnic Militia (Kenya)","Pastoralists (Kenya)",4,"Civilians (Kenya)","Pastoralists (Kenya)",7,47,"Civilian targeting",404,"Eastern Africa","Kenya","Narok","Narok North","Olokurto","Olpusimoru",-0.6581,35.7328,2,"The Star (Kenya)","National","On 27 July 2020, suspected cattle raiders shot and injured a teenager from another ethnic group herding livestock in the Olmariko area near Olpusimoru in Narok North subcounty.",0,NA,1596481842,5285
"604","KEN7470","27 July 2020",2020,1,"Political violence","Battles","Armed clash","Unidentified Ethnic Militia (Kenya)","Pastoralists (Kenya)",4,"Unidentified Ethnic Militia (Kenya)","Pastoralists (Kenya)",4,44,NA,404,"Eastern Africa","Kenya","Narok","Narok North","Olokurto","Olpusimoru",-0.6581,35.7328,1,"The Star (Kenya)","National","On 27 July 2020, youth militias (ethnic identities not known) clashed across two days in Olposimoru (Narok North, Narok) in response to the injury of teenager herding livestock in the Olmariko area near Olpusimoru by suspected cattle raiders. Three others injured with arrows.",0,NA,1652725048,5286
"605","KEN7462","19 July 2020",2020,2,"Political violence","Violence against civilians","Attack","Unidentified Communal Militia (Kenya)",NA,4,"Civilians (Kenya)","Pastoralists (Kenya)",7,47,"Civilian targeting",404,"Eastern Africa","Kenya","Samburu","Samburu North","Nachola","Marti",1.4771,36.7236,1,"Citizen (Kenya)","National","Around 19 July 2020 (as reported), an armed group of another community attacked and killed a young herder boy in Marti (Samburu North, Samburu) and stole a hundred goats and seventy cattle.",1,NA,1618499970,5296
"606","KEN7454","10 July 2020",2020,1,"Political violence","Violence against civilians","Attack","Unidentified Communal Militia (Kenya)",NA,4,"Civilians (Kenya)","Pastoralists (Kenya)",7,47,"Civilian targeting",404,"Eastern Africa","Kenya","Baringo","Baringo Central","Kabarnet","Kabarnet",0.4919,35.743,2,"Star (Kenya)","National","On 10 July 2020, armed cattle raiders attacked and injured a cattle herder in Nassoukro, near Kabarnet (Baringo Central, Baringo), and made off with over 100 head of cattle. The herder later died from his injuries.",1,NA,1618500244,5309
"607","KEN7453","09 July 2020",2020,2,"Political violence","Violence against civilians","Attack","Unidentified Armed Group (Kenya)",NA,3,"Civilians (Kenya)","Pastoralists (Kenya)",7,37,"Civilian targeting",404,"Eastern Africa","Kenya","Narok","Narok West","Naikarra","Olposimoru",-1.8167,35.5,2,"Kenya Standard","National","Around 9 July 2020 (as reported), the bodies of two teenagers who went missing after herding livestock were found dead with arrows in the corpses in the Maasai Mau forest near Olposimoru (Narok South, Narok).",2,NA,1630985296,5311
"608","KEN7452","05 July 2020",2020,1,"Political violence","Violence against civilians","Attack","Turkana Ethnic Militia (Kenya)",NA,4,"Civilians (Kenya)","Pokot Ethnic Group (Kenya); Pastoralists (Kenya)",7,47,"Civilian targeting",404,"Eastern Africa","Kenya","Baringo","Tiaty","Tangulbei","Salawa",0.7833,36.0333,2,"Star (Kenya)","National","On 5 July 2020, two Pokot herders were injured after Turkana raiders attacked Atirir village near Salawa (Tiaty, Baringo).",0,NA,1618500382,5324
"609","KEN7437","04 July 2020",2020,1,"Political violence","Battles","Armed clash","Maasai Ethnic Militia (Kenya)","Pastoralists (Kenya)",4,"Oloirien Ethnic Militia (Kenya)","Pastoralists (Kenya)",4,44,NA,404,"Eastern Africa","Kenya","Kajiado","Kajiado Central","Ildamat","Kajiado",-1.85,36.7833,2,"The Star (Kenya); Daily Nation (Kenya)","National","On 4 July 2020, Oloirien and Maasai community members clashed over land in in the Mikululo area (Kajiado Central, Kajiado). One person was killed and four injured.",1,NA,1594063538,5327
"610","KEN10314","13 June 2020",2020,1,"Political violence","Violence against civilians","Attack","Al Shabaab",NA,2,"Civilians (Kenya)","Pastoralists (Kenya)",7,27,"Civilian targeting",404,"Eastern Africa","Kenya","Marsabit","Saku","Marsabit Central","Marsabit",2.333,37.983,2,"Ebru Television","National","On 13 June 2020, suspected Al Shabaab militants killed four herders in Kokuto, Sagante-Jaldesa Ward near Marsabit (Marsabit Central, Saku, Marsabit) while they were taking their livestock to a waterpoint.",4,NA,1676323319,5351
"611","KEN7417","10 June 2020",2020,1,"Political violence","Battles","Armed clash","Unidentified Communal Militia (Kenya)","Pastoralists (Kenya)",4,"Unidentified Communal Militia (Kenya)","Pastoralists (Kenya)",4,44,NA,404,"Eastern Africa","Kenya","Marsabit","Moyale","Sololo","Sololo",3.55,38.65,2,"Daily Nation (Kenya)","National","On 10 June 2020, armed herders clashed over a watering point in Gof-Choba near Sololo (Moyale, Marsabit). Three fatalities reported.",3,NA,1650311549,5355
"612","KEN7376","25 May 2020",2020,2,"Political violence","Battles","Armed clash","Kipsigis Ethnic Militia (Kenya)","Pastoralists (Kenya)",4,"Maasai Ethnic Militia (Kenya)","Pastoralists (Kenya)",4,44,NA,404,"Eastern Africa","Kenya","Narok","Narok North","Olokurto","Olpusimoru",-0.6581,35.7328,2,"Daily Nation (Kenya); Star (Kenya)","National","Around 25 May 2020 (between 23 May - 27 May), Kipsigis and Maasai communities clashed in Ololbangi in Narok South Subcounty (Narok) and Olpusimoru in Narok North subcounty (Narok), respectively. Eight fatalities reported. Two confirmed in Oloruasi area, one confirmed on the Narok-Nakuru border. Several houses were torched. The clash was reportedly over livestock theft. Fatalities split between two events.",4,NA,1591052475,5381
"613","KEN7375","25 May 2020",2020,2,"Political violence","Battles","Armed clash","Kipsigis Ethnic Militia (Kenya)","Pastoralists (Kenya)",4,"Maasai Ethnic Militia (Kenya)","Pastoralists (Kenya)",4,44,NA,404,"Eastern Africa","Kenya","Narok","Narok South","Ololulung'a","Olololunga",-1.003,35.664,2,"Star (Kenya); Daily Nation (Kenya)","National","Around 25 May 2020 (between 23 May - 27 May), Kipsigis and Maasai communities clashed in Ololbangi in Narok South Subcounty (location coded to Olololunga, Narok South, Narok) and Olpusimoru in Narok North subcounty (Narok), respectively. Eight fatalities. Two confirmed in Oloruasi area, one confirmed on the Narok-Nakuru border. Several houses were torched. The clash was over livestock theft. Fatalities split between two events.",4,NA,1652725047,5382
"614","KEN10705","18 April 2020",2020,1,"Political violence","Battles","Armed clash","Pokot Ethnic Militia (Kenya)","Pastoralists (Kenya)",4,"Police Forces of Kenya (2013-2022) General Service Unit",NA,1,14,NA,404,"Eastern Africa","Kenya","Baringo","Marigat","Mukutani","Arabal",0.5138,36.1756,1,"Opera News (Kenya)","National","On 18 April 2020, suspected Pokot militia attacked the Kapindasum general service unit (GSU) police camp in Arabal (Marigat, Baringo). Casualties unknown.",0,NA,1699319482,5446
"615","KEN7450","02 April 2020",2020,1,"Political violence","Violence against civilians","Attack","Tugen Ethnic Militia (Kenya)",NA,4,"Civilians (Kenya)","Pokot Ethnic Group (Kenya); Pastoralists (Kenya)",7,47,"Civilian targeting",404,"Eastern Africa","Kenya","Baringo","Tiaty","Kolowa","Kolowa",1.1833,35.7333,2,"Star (Kenya)","National","On 2 April 2020, armed Tugen youth raided Ngiyang near Kolowa (Tiaty, Baringo), injuring a Pokot herder and stealing 60 goats.",0,NA,1595270743,5467
"616","KEN7448","19 February 2020",2020,2,"Political violence","Violence against civilians","Attack","Pokot Ethnic Militia (Kenya)","Pastoralists (Kenya)",4,"Civilians (Kenya)","Pastoralists (Kenya)",7,47,"Civilian targeting",404,"Eastern Africa","Kenya","Baringo","Baringo North","Saimo","Ngaratuko",0.7299,35.9763,1,"Star (Kenya)","National","Around 19 February 2020 (week of), suspected Pokot militia attacked Ngaratuko village (Baringo North, Baringo) and injured a young boy before stealing a number of animals.",0,NA,1650311549,5554
"617","KEN7234","27 January 2020",2020,1,"Political violence","Battles","Armed clash","Pokot Ethnic Militia (Kenya)","Pastoralists (Kenya)",4,"Police Forces of Kenya (2013-2022)",NA,1,14,NA,404,"Eastern Africa","Kenya","Turkana","Turkana East","Kapedo","Lomelo",1.5,35.9167,2,"Star (Kenya)","National","On 27 January 2020, Pokot militants attacked Turkanas working in construction near Lomelo in Kapedo. 1 police officer was killed in the attack, along with 2 others. 14 others were injured.",3,NA,1679360215,5573
"618","KEN10638","19 December 2019",2019,2,"Strategic developments","Strategic developments","Looting/property destruction","Pokot Ethnic Militia (Kenya)","Pastoralists (Kenya)",4,"Civilians (Kenya)",NA,7,47,NA,404,"Eastern Africa","Kenya","Turkana","Turkana South","Lobokat","Kainuk",1.7745,35.506,2,"KTN News (Kenya)","National","Looting: Around 19 December 2019 (as reported), suspected Pokot militia made away with 5 cows along the border of West Pokot and Turkana counties [coded as Kainuk, Turkana South, Turkana]. The animals were later recovered and returned by the elders in Sarmach",0,NA,1676323319,5656
"619","KEN10437","23 November 2019",2019,1,"Political violence","Violence against civilians","Attack","Unidentified Communal Militia (Kenya)",NA,4,"Civilians (Kenya)","Pastoralists (Kenya)",7,47,"Civilian targeting",404,"Eastern Africa","Kenya","Samburu","Samburu Central","Suguta Marmar","Suguta Marmar",0.902,36.4591,1,"Kenyans.co","National","On 23 November 2019, unidentified militia attacked Suguta Marmar (Samburu Central, Samburu), and made away with 18 goats. No one was injured during the incident.",0,NA,1676323319,5699
"620","KEN7130","05 November 2019",2019,1,"Political violence","Violence against civilians","Attack","Turkana Ethnic Militia (Kenya)",NA,4,"Civilians (Kenya)","Pastoralists (Kenya); Pokot Ethnic Group (Kenya)",7,47,"Civilian targeting",404,"Eastern Africa","Kenya","Baringo","Tiaty","Tirioko","Tirioko",1.4504,35.8825,2,"Star (Kenya)","National","On 5 November 2019, attackers reportedly raided Atirir and Chepkilowon villages in Tirioko ward of Tiaty, Baringo county, killing two herders and driving away with 4,000 goats, 300 cows and 70 camels belonging to six families. Local sources claims that Turkana herders carried out the attack and were armed with AK-47 rifles - but it's unclear if these reports are substantiated.",2,NA,1699385308,5725
"621","KEN10122","21 October 2019",2019,1,"Political violence","Violence against civilians","Attack","Turkana Ethnic Militia (Kenya)",NA,4,"Civilians (Kenya)","Labor Group (Kenya); Pastoralists (Kenya)",7,47,"Civilian targeting",404,"Eastern Africa","Kenya","Baringo","Tiaty","Tirioko","Kapedo",1.1692,36.0955,2,"Kenya Broadcasting Corporation","National","On 21 October 2019, suspected Turkana militia shot and killed at least three livestock businessmen, as well as herders, on their way to Ameyan market from Kapao, (coded as Kapedo, Tiaty, Baringo).",3,NA,1676323318,5751
"622","KEN7008","13 October 2019",2019,1,"Political violence","Violence against civilians","Attack","Unidentified Armed Group (Kenya)","Pastoralists (Kenya)",3,"Civilians (Kenya)",NA,7,37,"Civilian targeting",404,"Eastern Africa","Kenya","Meru","Tigania East","Muthara","Lanyiru",0.2672,37.772,1,"Star (Kenya)","National","On Oct 13th 2019, in Lanyiru, at the Meru-Isiolo border, in a response to an attack occurred the same day in Tigania East, Meru pastoralists killed a man believed to be one of the perpetrators of the attack.",1,NA,1571699181,5764
"623","KEN10178","09 October 2019",2019,1,"Political violence","Violence against civilians","Attack","Pokot Ethnic Militia (Kenya)","Pastoralists (Kenya)",4,"Civilians (Kenya)",NA,7,47,"Civilian targeting",404,"Eastern Africa","Kenya","Samburu","Samburu North","El Barta","Baragoi",1.7833,36.7833,1,"Citizen (Kenya)","National","On 9 October 2019, suspected Pokot militia attacked Lomelok area in Baragoi (Samburu North, Samburu). Two people were killed and several others sustained gun shot wounds.",2,NA,1676323318,5770
"624","KEN6959","28 September 2019",2019,1,"Political violence","Battles","Armed clash","Unidentified Communal Militia (Kenya)",NA,4,"Police Forces of Kenya (2013-2022)",NA,1,14,NA,404,"Eastern Africa","Kenya","Nakuru","Naivasha","Lake View","Naivasha",-0.7202,36.4285,2,"Kenya Standard","National","On Aug 28th, in the village of Kosovo, at the border of Naivasha and Narok counties (coded as Naivasha with GP2 for unfound Kosovo), a police officer was killed by locals. After 2,000 acres were sold to some pastoralists by ADC, a group locals claimed that the land belonged to their ancestors. While a manager of the the Agricultural Development Corporation, his staff and the police officer were visiting the land, they were attacked by an unknown armed group of around 50 youth who killed a police officer by a poisoned arrow. A tractor belonging to ADC was burnt by the attackers.",1,NA,1679360215,5790
"625","KEN7047","23 September 2019",2019,1,"Political violence","Violence against civilians","Attack","Unidentified Armed Group (Kenya)",NA,3,"Civilians (Kenya)","Pastoralists (Kenya)",7,37,"Civilian targeting",404,"Eastern Africa","Kenya","Samburu","Samburu North","El Barta","Baragoi",1.7833,36.7833,1,"Crisis Watch","Other","On 23 September 2019, unidentified attackers killed four pastoralists and stole livestock at Baragoi (Samburu county).",4,NA,1689711026,5801
"626","KEN6958","20 September 2019",2019,1,"Political violence","Battles","Armed clash","Unidentified Communal Militia (Kenya)","Pastoralists (Kenya)",4,"Unidentified Communal Militia (Kenya)","Farmers (Kenya)",4,44,NA,404,"Eastern Africa","Kenya","Taita Taveta","Taveta","Mboghoni","Taveta",-3.3988,37.6834,2,"Kenya Standard","National","On Sept 20th, in Mkocheni village (coded as Taveta with precision2), a fight between farmers and herders over access to a water source arose, leaving serious injuries.",0,NA,1569881473,5805
"627","KEN7002","20 September 2019",2019,2,"Political violence","Violence against civilians","Attack","Turkana Ethnic Militia (Kenya)","Pastoralists (Kenya)",4,"Civilians (Kenya)",NA,7,47,"Civilian targeting",404,"Eastern Africa","Kenya","Meru","Tigania West","Kianjai","Miathene",0.15,37.7833,1,"Star (Kenya)","National","Around Sept 20th 2019 (exact date nort reported), a man was shot dead at Ntangilia (coded as Miathene, with GP2) allegedly by Turkana herders who are said to have brought their camels to Meru for pasture.",1,NA,1571699181,5806
"628","KEN7000","17 September 2019",2019,1,"Political violence","Battles","Armed clash","Borana Ethnic Militia (Kenya)","Pastoralists (Kenya)",4,"Unidentified Clan Militia (Somalia)","Pastoralists (Somalia)",4,44,NA,404,"Eastern Africa","Kenya","Isiolo","Garbatulla","Garbatulla","Garba Tula",0.5333,38.52,1,"Star (Kenya)","National","On Sept 17th 2019, in Garba Tula, Borana and Somalis clashed. Armed Borana allegedly descended on their Somali counterparts, killing the three herders. In a retaliatory attack, a Borana elder was killed and five others were injured.",4,NA,1618561050,5812
"629","KEN7102","17 September 2019",2019,1,"Political violence","Violence against civilians","Attack","Unidentified Armed Group (Kenya)",NA,3,"Civilians (Kenya)","Pastoralists (Kenya)",7,37,"Civilian targeting",404,"Eastern Africa","Kenya","Isiolo","Isiolo","Bula Pesa","Isiolo",0.3546,37.5822,1,"Star (Kenya)","National","On Sept 17th 2019, in Isiolo South, four unarmed herdsmen were killed by an unknown armed militia. The killing might be due to boundary disputes or to resources.",4,NA,1618561060,5813
"630","KEN6957","16 September 2019",2019,1,"Political violence","Violence against civilians","Attack","Unidentified Communal Militia (Kenya)",NA,4,"Civilians (Kenya)","Pastoralists (Kenya)",7,47,"Civilian targeting",404,"Eastern Africa","Kenya","Taita Taveta","Voi","Mbololo","Voi",-3.3961,38.5561,1,"Kenya Standard","National","On Sept 16th, in Voi, 2 herders were killed and other 3 injured in suspected retiliatory attacks The two herdsmen were suspected to have killed a boda boda driver, who was later found dumped in a forest.",2,NA,1618561047,5815
"631","KEN7018","15 September 2019",2019,1,"Political violence","Violence against civilians","Attack","Unidentified Armed Group (Kenya)",NA,3,"Civilians (Kenya)","Pastoralists (Kenya)",7,37,"Civilian targeting",404,"Eastern Africa","Kenya","Isiolo","Garbatulla","Garbatulla","Garba Tula",0.5333,38.52,1,"Kenya Standard","National","On 15 September 2019, during an Isiolo-Garissa border attack, three herdsmen were killed and 100 camels stolen by unidentified individuals in Garba Tula.",3,NA,1636381453,5816
"632","KEN6952","10 September 2019",2019,2,"Political violence","Violence against civilians","Attack","Unidentified Communal Militia (Kenya)","Pastoralists (Kenya)",4,"Civilians (Kenya)",NA,7,47,"Civilian targeting",404,"Eastern Africa","Kenya","Kitui","Kitui South","Mutha","Mutha",-1.7951,38.4278,2,"Kenya Standard","National","On or before Sept 10th, camel herders attacked 3 men in Mutha. 1 Man was killed and other 2 suffered injuries. This action allegedly occurred as a consequence of the attack of Sept 7th in Ingo village (Isiolo).",0,NA,1569881473,5828
"633","KEN7046","08 September 2019",2019,1,"Political violence","Violence against civilians","Attack","Unidentified Communal Militia (Kenya)","Pastoralists (Kenya)",4,"Civilians (Kenya)",NA,7,47,"Civilian targeting",404,"Eastern Africa","Kenya","Kitui","Kitui East","Endau","Malalani",-1.35,38.55,2,"Crisis Watch","Other","On 8 September 2019, pastoralists attacked civilians at unspecified locations in Kitui East and West constituencies (Kitui county), killing 2. Two events coded at Malalani and Kakeani (at geoprec2), with 1 fatality each.",1,NA,1689711026,5839
"634","KEN7045","08 September 2019",2019,1,"Political violence","Violence against civilians","Attack","Unidentified Communal Militia (Kenya)","Pastoralists (Kenya)",4,"Civilians (Kenya)",NA,7,47,"Civilian targeting",404,"Eastern Africa","Kenya","Kitui","Kitui West","Mutongoni","Kakeani",-1.1667,37.9333,2,"Crisis Watch","Other","On 8 September 2019, pastoralists attacked civilians at unspecified locations in Kitui East and West constituencies (Kitui county), killing 2. Two events coded at Malalani and Kakeani (at geoprec2), with 1 fatality each.",1,NA,1689711026,5840
"635","KEN6929","25 August 2019",2019,1,"Political violence","Violence against civilians","Attack","Unidentified Armed Group (Ethiopia)","Pastoralists (Ethiopia)",3,"Civilians (Kenya)","Pastoralists (Kenya)",7,37,"Civilian targeting",404,"Eastern Africa","Kenya","Marsabit","North Horr","Maikona","Forole",3.5,37.7833,1,"Star (Kenya)","National","25 Aug. Five people were killed in an attack carried out by suspected militias from Ethiopia in Forole, Marsabit County, Kenya. They also took unknown number of their cows.",5,NA,1567450156,5849
"636","KEN6930","25 August 2019",2019,1,"Political violence","Violence against civilians","Attack","Unidentified Armed Group (Ethiopia)","Pastoralists (Ethiopia)",3,"Civilians (Kenya)","Pastoralists (Kenya)",7,37,"Civilian targeting",404,"Eastern Africa","Kenya","Marsabit","North Horr","Maikona","Sabarei",3,37.5,1,"Star (Kenya)","National","25 Aug. Unidentified armed men from Ethiopia attacked the herders in Sabareh, Marsabit County, Kenya. Five herders killed in the attack. The suspected militias took unknown number of their cows and crossed the border into Ethiopia.",5,NA,1567450156,5850
"637","KEN7098","25 August 2019",2019,1,"Political violence","Battles","Armed clash","Unidentified Armed Group (Kenya)","Pastoralists (Kenya)",3,"Unidentified Armed Group (Kenya)","Pastoralists (Kenya)",3,33,NA,404,"Eastern Africa","Kenya","Lamu","Lamu West","Hindi","Safarisi",-2.2212,40.8143,1,"Star (Kenya)","National","On Aug 25th 2019, in Safarisi, herders and farmers clashed over pasture. Farmers accused the herders (mostly from Tana River and Garissa counties) of grazing animals on their farms. A man was killed.",1,NA,1574122422,5851
"638","KEN6987","04 July 2019",2019,2,"Political violence","Violence against civilians","Attack","Military Forces of Kenya (2013-2022)",NA,1,"Civilians (Kenya)","Pastoralists (Kenya)",7,17,"Civilian targeting",404,"Eastern Africa","Kenya","Garissa","Hulugho","Sangailu","Sangailu",-1.3059,40.7345,1,"Star (Kenya)","National","Around Jul 4th 2019 (exact date not reported) a herder in Sangailu was burnt with a hot object by a soldier. A video, which got frequent airplay on the internet, shows a senior military officer calming down residents, promising to take the victim for treatment.",0,NA,1679360215,5901
"639","KEN6914","02 July 2019",2019,1,"Political violence","Violence against civilians","Attack","Unidentified Armed Group (Kenya)","Pastoralists (Kenya)",3,"Civilians (Kenya)",NA,7,37,"Civilian targeting",404,"Eastern Africa","Kenya","Marsabit","Moyale","Sololo","Sololo",3.55,38.65,1,"Daily Nation (Kenya)","National","02 July: Unidentified armed group killed one person and stole 150 cows in Sololo, Marsabit County.",1,NA,1563229347,5903
"640","KEN9771","30 June 2019",2019,2,"Strategic developments","Strategic developments","Agreement","Pokot Ethnic Militia (Kenya)","Pastoralists (Kenya)",4,"Turkana Ethnic Militia (Kenya)",NA,4,44,NA,404,"Eastern Africa","Kenya","Trans Nzoia","Saboti","Matisi","Kitale",1.0167,35,1,"NTV (Kenya)","New media","Around 30 June 2019 (as reported), Pokot, elders and youths from Pokot and Turkana communities met in Kitale (Sabaoti, Trans Nzoia) and signed a peace agreement to end cattle rustling and border conflict.",0,NA,1673291087,5904
"641","KEN6984","14 June 2019",2019,1,"Political violence","Battles","Armed clash","Borana Ethnic Militia (Kenya)","Pastoralists (Kenya)",4,"Unidentified Clan Militia (Somalia)","Pastoralists (Somalia)",4,44,NA,404,"Eastern Africa","Kenya","Isiolo","Garbatulla","Garbatulla","Garba Tula",0.5333,38.52,1,"Star (Kenya)","National","On Jun 14th 2019, in Quri area of Garba Tula, Borana and Somalis clashed. Five people, among which a young girl, were killed. Several were injured.",5,NA,1618561048,5922
"642","KEN7071","22 May 2019",2019,1,"Political violence","Violence against civilians","Attack","Unidentified Armed Group (Kenya)",NA,3,"Civilians (Kenya)","Pastoralists (Kenya)",7,37,"Civilian targeting",404,"Eastern Africa","Kenya","Marsabit","North Horr","North Horr","Fora",3.658,36.4712,1,"Star (Kenya)","National","On 22 May 2019, 2 herders were attacked in Fora by unidentified armed individuals who ambushed their house. The motives behind the attack are unclear.",2,NA,1653503240,5942
"643","KEN10260","19 May 2019",2019,1,"Political violence","Violence against civilians","Attack","Pokot Ethnic Militia (Kenya)","Pastoralists (Kenya)",4,"Civilians (Kenya)","Pastoralists (Kenya)",7,47,"Civilian targeting",404,"Eastern Africa","Kenya","Baringo","Marigat","Mukutani","Arabal",0.5138,36.1756,2,"Citizen (Kenya)","National","On 19 May 2019, over 100 suspected Pokot militia armed with AK47 rifles attacked the Arabal area (Marigat, Baringo]. Two people sustained gunshot wounds during the incident and over 300 cattle were stolen.",0,NA,1676323318,5946
"644","KEN7070","18 May 2019",2019,1,"Political violence","Violence against civilians","Attack","Unidentified Armed Group (Kenya)",NA,3,"Civilians (Kenya)","Pastoralists (Kenya)",7,37,"Civilian targeting",404,"Eastern Africa","Kenya","Marsabit","North Horr","North Horr","Fora",3.658,36.4712,1,"Star (Kenya)","National","On 18 May 2019, a man (presumbably a herder) was shot and injured by unknown gunmen in Fora. No fatalities reported.",0,NA,1653503240,5947
"645","KEN6977","15 May 2019",2019,3,"Political violence","Battles","Armed clash","Borana Ethnic Militia (Kenya)","Pastoralists (Kenya)",4,"Unidentified Clan Militia (Somalia)","Pastoralists (Somalia)",4,44,NA,404,"Eastern Africa","Kenya","Isiolo","Garbatulla","Garbatulla","Garba Tula",0.5333,38.52,2,"Star (Kenya)","National","In May 2019 (exact date not reported), Borana and Somalis clashed in El Digale, at the Isiolo-Garissa border (location coded as Garba Tula with GP2, for unfound El Digale). Two teenage herders were killed and one injured.",2,NA,1618561048,5949
"646","KEN10702","05 May 2019",2019,1,"Political violence","Violence against civilians","Attack","Samburu Ethnic Militia (Kenya)","Pastoralists (Kenya)",4,"Civilians (Kenya)","Somali Ethnic Group (Kenya); Pastoralists (Kenya)",7,47,"Civilian targeting",404,"Eastern Africa","Kenya","Isiolo","Merti","Cherab","Gotu",1.1167,38.7333,2,"Capital FM","National","On 5 May 2019, around 50 suspected Samburu militia attacked Somali herders near Gotu grazing area (Merti, Isiolo), and made away with hundreds of goats and sheep.",0,NA,1676323320,5964
"647","KEN10701","05 May 2019",2019,1,"Political violence","Battles","Armed clash","Police Forces of Kenya (2013-2022) National Police Reservists",NA,1,"Samburu Ethnic Militia (Kenya)","Pastoralists (Kenya)",4,14,NA,404,"Eastern Africa","Kenya","Isiolo","Merti","Cherab","Gotu",1.1167,38.7333,1,"Capital FM","National","On 5 May 2019, national police reservists clashed with suspected Samburu militia [coded as Gotu, Merti, Isiolo], while pursuing stolen livestock [coded separately]. Four NPRs were killed during the incident.",4,NA,1679360211,5965
"648","KEN7060","24 March 2019",2019,1,"Political violence","Battles","Armed clash","Unidentified Communal Militia (Kenya)","Pastoralists (Kenya)",4,"Unidentified Communal Militia (Kenya)","Pastoralists (Kenya)",4,44,NA,404,"Eastern Africa","Kenya","Garissa","Lagdera","Modogashe","Mado Gashi",0.7305,39.1724,2,"Star (Kenya)","National","On Mar 24th 2019, at the border of Isiolo and Garissa counties (coded as Mado Gashi with GP2) two herders were killed. The motives of the clash, according to authorities, might be linked to natural resoucers, as the two herders were killed at water points.",2,NA,1618561055,6011
"649","KEN10810","03 March 2019",2019,1,"Political violence","Battles","Armed clash","Somali Ethnic Militia (Kenya)","Pastoralists (Kenya)",4,"Borana Ethnic Militia (Kenya)","Pastoralists (Kenya)",4,44,NA,404,"Eastern Africa","Kenya","Meru","Imenti North","Municipality","Meru",0.05,37.65,1,"Kenyans.co","National","On 3 March 2019, clashes between Somali and Borana livestock traders erupted in Meru (Municipality, Imenti North, Meru). 4 people were killed, several were injured and one is missing.",4,NA,1676323320,6040
"650","KEN6844","27 February 2019",2019,1,"Political violence","Violence against civilians","Attack","Unidentified Communal Militia (Kenya)",NA,4,"Civilians (Kenya)","Pastoralists (Kenya)",7,47,"Civilian targeting",404,"Eastern Africa","Kenya","West Pokot","Pokot South","Chepareria","Kambi",1.3416,35.2525,1,"Star (Kenya)","National","27 February: A civilian was shot and killed by 'bandits' while herding his livestock in Kambi in West Pokot, on the Kainuk-Kapenguria road (approx coordinates used). No looting reported.",1,NA,1604354653,6044
"651","KEN6845","27 February 2019",2019,1,"Political violence","Violence against civilians","Attack","Unidentified Communal Militia (Kenya)","Pastoralists (Kenya)",4,"Civilians (Kenya)",NA,7,47,"Civilian targeting",404,"Eastern Africa","Kenya","Turkana","Turkana South","Lobokat","Kainuk",1.7745,35.506,1,"Star (Kenya)","National","27 February: A civilian shot dead by armed men in Kainuk in retliation for an earlier attack on a herder in Kambi.",1,NA,1658253393,6046
"652","KEN10399","21 February 2019",2019,1,"Political violence","Battles","Armed clash","Pokot Ethnic Militia (Kenya)","Pastoralists (Kenya)",4,"Police Forces of Kenya (2013-2022) National Police Reservists",NA,1,14,NA,404,"Eastern Africa","Kenya","Baringo","Marigat","Mukutani","Kapindasum",0.4811,36.1793,1,"Kenyans.co","National","On 21 February 2019, suspected Pokot militia shot dead five police reservists at Kapindasum (Marigat, Baringo), before making away with unknown number of livestock.",5,NA,1679360210,6053
"653","KEN6838","16 February 2019",2019,1,"Political violence","Battles","Armed clash","Pokot Ethnic Militia (Kenya)","Pastoralists (Kenya)",4,"Police Forces of Kenya (2013-2022) National Police Reservists",NA,1,14,NA,404,"Eastern Africa","Kenya","Turkana","Turkana South","Lobokat","Kainuk",1.7745,35.506,1,"Daily Nation (Kenya); Star (Kenya)","National","On 16 February 2019, suspected Pokot clashed with Police reservists at Kainuk (Turkana South, Turkana). Two police reservists were killed, and a herder injured during the incident.",2,NA,1679360215,6055
"654","KEN10759","15 February 2019",2019,1,"Political violence","Battles","Armed clash","Unidentified Communal Militia (Kenya)",NA,4,"Unidentified Communal Militia (Kenya)","Pastoralists (Kenya); Police Forces of Kenya (2013-2022)",4,44,NA,404,"Eastern Africa","Kenya","Samburu","Samburu North","Nachola","Marti",1.4771,36.7236,1,"Citizen (Kenya)","National","On 15 February 2019, a group of cattle rustlers ambushed a herders group near Ngomorosio seasonal river in Marti (Nachola, Samburu North, Samburu). There was an exchange of fire and several herders were injured. Police intervened and neutralized the raid after an hour.",0,NA,1679360211,6056
"655","KEN10639","10 December 2018",2018,1,"Strategic developments","Strategic developments","Agreement","Pokot Ethnic Militia (Kenya)","Pastoralists (Kenya)",4,"Turkana Ethnic Militia (Kenya)",NA,4,44,NA,404,"Eastern Africa","Kenya","Turkana","Turkana South","Lobokat","Kainuk",1.7745,35.506,1,"KTN News (Kenya)","National","On 10 December 2018, Elders from Pokot and Turkana communities met in Kainuk (Turkana South, Turkana), and resolved to end cattle theft and killings.",0,NA,1676323320,6141
"656","KEN6725","28 November 2018",2018,2,"Political violence","Violence against civilians","Attack","Unidentified Communal Militia (Kenya)","Pastoralists (Kenya)",4,"Civilians (Kenya)","Farmers (Kenya)",7,47,"Civilian targeting",404,"Eastern Africa","Kenya","Nakuru","Rongai","Soin","Banita",-0.118,36.0756,1,"Kenya Standard","National","During the week beginning November 26th, herders assaulted a farmer at Banita (Nakuru). The farmer claimed the group wanted him to vacate the land. The event is part of a spate of similar incidents in the area.",0,NA,1689711040,6158
"657","KEN6719","28 November 2018",2018,1,"Political violence","Violence against civilians","Attack","Unidentified Armed Group (Kenya)",NA,3,"Civilians (Kenya)","Pastoralists (Kenya)",7,37,"Civilian targeting",404,"Eastern Africa","Kenya","Wajir","Wajir North","Godoma","Gambela",3.28,39.37,2,"Star (Kenya)","National","On 29 November 2018, bandits attacked a group of herders at Lobua near Gambela (coordinates for Gambela, Wajir, used), killing one, and wounding two. The bandits then stole 16 cows. The source notes that bandits were suspected of belonging to the Turkana ethnic group, though this has not been confirmed.",1,NA,1689711040,6160
"658","KEN6700","15 November 2018",2018,1,"Political violence","Violence against civilians","Attack","Pokot Ethnic Militia (Kenya)",NA,4,"Civilians (Kenya)","Pastoralists (Kenya)",7,47,"Civilian targeting",404,"Eastern Africa","Kenya","Baringo","Baringo North","Bartabwa","Bartabwa",0.8378,35.8099,2,"Star (Kenya)","National","On 15 November 2018, a youth Pokot militia (whose members are reported to be between the ages of 10 and 14) shot and killed a herder at an unspecified location in Baringo North sub-county (Baringo, coordinates for Bartabwa used). The attackers fled the scene after the attack, stealing 22 head of cattle.",1,NA,1689711041,6187
"659","KEN6683","06 November 2018",2018,1,"Political violence","Battles","Armed clash","Lagdera Communal Militia (Kenya)",NA,4,"Uchana Communal Militia (Kenya)",NA,4,44,NA,404,"Eastern Africa","Kenya","Isiolo","Garbatulla","Sericho","Janju",0.6834,39.0845,2,"Daily Nation (Kenya)","National","On 6 November 2018, clash between suspected pastoralists from Lagdera and Uchana communities in the area of Janju (Isiolo, close to Mado Gashi) in retaliation for earlier violence in the area.Three people died in the clash, including one 'raider' and two children, and an unknown number of people were wounded.",3,NA,1689711041,6199
"660","KEN6680","04 November 2018",2018,1,"Political violence","Battles","Armed clash","Lagdera Communal Militia (Kenya)",NA,4,"Uchana Communal Militia (Kenya)",NA,4,44,NA,404,"Eastern Africa","Kenya","Garissa","Lagdera","Modogashe","Mado Gashi",0.7305,39.1724,1,"Daily Nation (Kenya)","National","On 4 November 2018, clash between suspected pastoralists from Lagdera and Uchana communities in Mado Gashi market (Isiolo) after an earlier 'botched raid' by the Lagdera in Mata Bofu. One person was injured.",0,NA,1689711041,6205
"661","KEN6681","04 November 2018",2018,1,"Political violence","Violence against civilians","Attack","Lagdera Communal Militia (Kenya)",NA,4,"Civilians (Kenya)",NA,7,47,"Civilian targeting",404,"Eastern Africa","Kenya","Isiolo","Garbatulla","Garbatulla","Garba Tula",0.5333,38.52,2,"Daily Nation (Kenya)","National","On 4 November 2018, two people were wounded in a 'botched raid' at Mata Bofu, likey in Isiolo south. The attackers were believed to be pastoralists from Lagdera in Garissa county.",0,NA,1689711041,6206
"662","KEN6652","24 October 2018",2018,2,"Political violence","Violence against civilians","Attack","Unidentified Armed Group (Kenya)",NA,3,"Civilians (Kenya)","Pastoralists (Kenya)",7,37,"Civilian targeting",404,"Eastern Africa","Kenya","Baringo","Tiaty","Tirioko","Kapedo",1.1692,36.0955,2,"Local Source","International","On or before October 24th, three herders (out of a group of seven) were killed and another injured when bandits fired upon them. The herders were making their way from Kapoa to Ameyan market (coordinates for Kapedo, Barringo, used).",3,NA,1689711041,6222
"663","KEN6755","21 September 2018",2018,1,"Political violence","Violence against civilians","Attack","Somali Ethnic Militia (Kenya)","Pastoralists (Kenya)",4,"Civilians (Kenya)",NA,7,47,"Civilian targeting",404,"Eastern Africa","Kenya","Kitui","Kitui East","Nzambani","Kiini",-1.4333,38.0667,2,"Kenya Standard","National","On 21 September 2018, a herder militia (believed to be Somali in ethnicity) attacked Muthungwe village (coordinates for Mutitu, Kitui, used). The group killed a man and seriously injured his wife, using machetes to do so. The motive for the attack is not clear.",1,NA,1653503195,6285
"664","KEN6822","20 September 2018",2018,1,"Political violence","Violence against civilians","Attack","Kerio Communal Militia (Kenya)","Pastoralists (Kenya)",4,"Civilians (Kenya)","Pastoralists (Kenya)",7,47,"Civilian targeting",404,"Eastern Africa","Kenya","Turkana","Turkana Central","Kerio Delta","Kerio",2.9833,36.1167,2,"Star (Kenya)","National","On 20 September 2018, a suspected bandit shot dead two herders and a child in Kerio Valley or nearby area as a revenge for the family failing to share cows stolen by one of the victims and the perpetrator during a raid in Tiaty, Baringo county. The attacker later surrendered to the police.",3,NA,1649346331,6291
"665","KEN6802","05 September 2018",2018,1,"Political violence","Battles","Armed clash","Gabra Ethnic Militia (Kenya)","Pastoralists (Kenya)",4,"Borana Ethnic Militia (Kenya)","Pastoralists (Kenya)",4,44,NA,404,"Eastern Africa","Kenya","Marsabit","Saku","Marsabit Central","Marsabit",2.333,37.983,2,"Star (Kenya)","National","On 5 September 2018, two people were killed following armed clashes between Gabra and Borana pastoralist militia over pasture in Horonder, between Moyale and Marsabit. The first person died during clashes on 5 Sept, while the second passed away the following morning. Three other people were wounded.",2,NA,1649346332,6349
"666","KEN6451","04 September 2018",2018,1,"Political violence","Violence against civilians","Attack","Unidentified Armed Group (Kenya)",NA,3,"Civilians (Kenya)","Pastoralists (Kenya)",7,37,"Civilian targeting",404,"Eastern Africa","Kenya","Nakuru","Njoro","Mau Narok","Mau Narok",-0.6,36,2,"NTV (Kenya); Kenya Standard","New media-National","On 4 September 2018, a herder (of an unspecified ethnicity) was killed in the Nkoben area of the Maasai Mau forest (coordinates for Mau Narok used). This killing sparked two days of violence in Narok (see separate entries).",1,NA,1653503195,6352
"667","KEN6442","03 September 2018",2018,2,"Political violence","Violence against civilians","Attack","Military Forces of Kenya (2013-2022)",NA,1,"Civilians (Kenya)","Pastoralists (Kenya)",7,17,"Civilian targeting",404,"Eastern Africa","Kenya","Garissa","Hulugho","Hulugho","Boni Forest",-1.5394,41.3314,2,"Daily Nation (Kenya)","National","On or before September 3rd, herders grazing their cattle in Boni Forest (Garissa county) were reportedly detained and beaten by the Kenyan military. At least eight herders were beaten, some seriously, and they have been separated from their cattle. The KDF denied that it was conducted any operations in the area.",0,NA,1696890084,6365
"668","KEN6801","30 August 2018",2018,1,"Political violence","Riots","Mob violence","Rioters (Kenya)","Marakwet Ethnic Militia (Kenya); Vigilante Group (Kenya)",5,NA,NA,0,50,NA,404,"Eastern Africa","Kenya","Elgeyo Marakwet","Marakwet East","Kapyego","Kapyego",1.1465,35.4789,1,"Star (Kenya)","National","On 30 August 2018, local clan members torched 14 houses in Kapyego, Marakwet East as an act of revenge towards the relatives of the man suspected to have shot dead an area acting chief. The chief had been shot dead by herders on suspicion he was a cattle thief.",0,NA,1663032952,6367
"669","KEN6471","07 August 2018",2018,1,"Political violence","Violence against civilians","Attack","Unidentified Armed Group (Kenya)","Pastoralists (Kenya)",3,"Civilians (Kenya)","Farmers (Kenya)",7,37,"Civilian targeting",404,"Eastern Africa","Kenya","Kilifi","Ganze","Ganze","Ganze",-3.543,39.6927,2,"Daily Nation (Kenya)","National","7 August 2018: Three Somali herders who were grazing their cows on a planted land in Ganze, Kilifi County reportedly attacked the land-owner with knives, seriously injuring him and his brother who came to his aid.",0,NA,1620691930,6406
"670","KEN6348","23 June 2018",2018,1,"Political violence","Battles","Armed clash","Wajir Communal Militia (Kenya)","Pastoralists (Kenya)",4,"Wajir Communal Militia (Kenya)","Pastoralists (Kenya)",4,44,NA,404,"Eastern Africa","Kenya","Wajir","Wajir East","Township","Wajir",1.75,40.06,1,"Daily Nation (Kenya)","National","23 June. One dead and several injured after two groups of Wajir herders clashed over pasture land.",1,NA,1561469151,6487
"671","KEN10121","04 June 2018",2018,1,"Political violence","Violence against civilians","Attack","Pokot Ethnic Militia (Kenya)","Pastoralists (Kenya)",4,"Civilians (Kenya)",NA,7,47,"Civilian targeting",404,"Eastern Africa","Kenya","Turkana","Turkana East","Lokori","Lokori",1.9516,36.0358,1,"Capital FM","National","On 4 June 2018, suspected Pokot militia shot and killed three people in Lokori (Turkana East, Turkana).",3,NA,1676323318,6517
"672","KEN10816","03 May 2018",2018,1,"Political violence","Violence against civilians","Attack","Pokot Ethnic Militia (Kenya)","Pastoralists (Kenya)",4,"Civilians (Kenya)","Students (Kenya)",7,47,"Civilian targeting",404,"Eastern Africa","Kenya","Baringo","Tiaty","Tirioko","Kapedo",1.1692,36.0955,1,"Kenyans.co","National","On 3 May 2018, a suspected Pokot militia ambushed a vehicle in Kapedo (Tirioko, Tiaty, Baringo). Four passengers were shot dead: three students and the driver.",4,NA,1676323320,6562
"673","KEN6228","21 April 2018",2018,1,"Political violence","Battles","Armed clash","Tugen Ethnic Militia (Kenya)","Pastoralists (Kenya)",4,"Unidentified Communal Militia (Kenya)",NA,4,44,NA,404,"Eastern Africa","Kenya","Baringo","Baringo North","Saimo","Ngaratuko",0.7299,35.9763,1,"Star (Kenya)","National","21 April. Cattle thieves engage Tugen militia in a gun battle. One Tugen herder killed, 50 cows stolen.",1,NA,1618560980,6578
"674","KEN6128","24 March 2018",2018,1,"Political violence","Violence against civilians","Attack","Unidentified Communal Militia (Kenya)",NA,4,"Civilians (Kenya)","Pastoralists (Kenya)",7,47,"Civilian targeting",404,"Eastern Africa","Kenya","Samburu","Samburu North","Nachola","Nachola",1.8348,36.603,2,"Kenya Standard","National","24 March. Cattle herders killed 10 in Lopurio area in Samburu North in communal violence.",10,NA,1668467801,6618
"675","KEN10181","14 January 2018",2018,1,"Political violence","Battles","Armed clash","Pokot Ethnic Militia (Kenya)","Pastoralists (Kenya)",4,"Samburu Ethnic Militia (Kenya)","Pastoralists (Kenya)",4,44,NA,404,"Eastern Africa","Kenya","Samburu","Samburu North","El Barta","Baragoi",1.7833,36.7833,1,"Kenya Broadcasting Corporation","National","On 14 January 2018, suspected Pokot militia clashed with a group of four Samburu herders at Lomirok area of Baragoi (Samburu North, Samburu). One herder was injured during the incident.",0,NA,1676323318,6734
"676","KEN10818","07 January 2018",2018,2,"Political violence","Violence against civilians","Attack","Unidentified Communal Militia (Kenya)",NA,4,"Civilians (Kenya)","Pastoralists (Kenya)",7,47,"Civilian targeting",404,"Eastern Africa","Kenya","West Pokot","Pokot Central","Lomut","Cheptulel",1.3223,35.607,1,"Kenyans.co","National","Around 7 January 2018 (as reported), an unidentified armed group attacked Cheptulel (Lomut, Pokot Central, West Pokot). They killed four people and drove away with around 400 cattle.",4,NA,1676323320,6747
"677","KEN10819","07 January 2018",2018,2,"Political violence","Violence against civilians","Attack","Pokot Ethnic Militia (Kenya)","Pastoralists (Kenya)",4,"Civilians (Kenya)","Marakwet Ethnic Group (Kenya)",7,47,"Civilian targeting",404,"Eastern Africa","Kenya","Elgeyo Marakwet","Marakwet West","Kapsowar","Elegeyo-Marakwet",0.99,35.55,2,"Kenyans.co","National","Around 7 January 2018 (as reported), suspected Pokot ethnic militia attacked a village in Marakwet (coded as Elegeyo-Marakwet, Kapsowar, Marakwet West, Elgeyo Marakwet) in retaliation of the attack of Cheptulel (coded separately). Two people were killed and several were injured.",2,NA,1676323320,6748
"678","KEN10176","06 January 2018",2018,1,"Political violence","Battles","Armed clash","Pokot Ethnic Militia (Kenya)","Pastoralists (Kenya)",4,"Marakwet Ethnic Militia (Kenya)",NA,4,44,NA,404,"Eastern Africa","Kenya","Elgeyo Marakwet","Marakwet East","Endo","Tot",1.2,35.65,1,"Citizen (Kenya)","National","On 6 January 2018, suspected Pokot and Marakwet militias clashed at Tot (Marakwet East, Elgeyo Marakwet). Two people were killed, and several others sustained gunshot wounds.",2,NA,1676323318,6750
"679","KEN10746","05 January 2018",2018,1,"Political violence","Battles","Armed clash","Unidentified Communal Militia (Kenya)","Pastoralists (Kenya)",4,"Police Forces of Kenya (2013-2022)",NA,1,14,NA,404,"Eastern Africa","Kenya","Elgeyo Marakwet","Marakwet East","Endo","Tot",1.2,35.65,2,"TUKO","National","On 5 January 2018, cattle rustlers attacked herders in Chesegon village near Tot (Endo, Marakwet East, Elgeyo Marakwet). They shot dead five people and made away stealing 300 cattle. Four people were seriously injured during the fight with police reservists.",5,NA,1679360211,6754
"680","KEN5881","01 November 2017",2017,1,"Political violence","Battles","Armed clash","Police Forces of Kenya (2013-2022)",NA,1,"Unidentified Armed Group (Kenya)",NA,3,13,NA,404,"Eastern Africa","Kenya","Laikipia","Laikipia North","Segera","Ol Moran",0.4599,36.7556,1,"Kenya Standard","National","Police were patrolling the private ranches in Ol Moran and Ratia and were attacked by the pastoralists when they tried to evict them. There was an exchange of fire between the officers and the pastoralists who were all armed. The latter destroyed a vehicle, after which the police countered with fire in a 2-hour long battle.",0,NA,1679360214,6823
"681","KEN6161","22 July 2017",2017,1,"Political violence","Violence against civilians","Attack","Pokot Ethnic Militia (Kenya)",NA,4,"Civilians (Kenya)","Pastoralists (Kenya)",7,47,"Civilian targeting",404,"Eastern Africa","Kenya","Elgeyo Marakwet","Marakwet West","Kapsowar","Elegeyo-Marakwet",0.99,35.55,1,"Star (Kenya)","National","Pokot bandits suspected to be from Tiaty, Baringo East raided Murkutwo in Marakwet East on Saturday, injuring two herders.",0,NA,1618560975,7219
"682","KEN6201","22 July 2017",2017,1,"Political violence","Violence against civilians","Attack","Pokot Ethnic Militia (Kenya)",NA,4,"Civilians (Kenya)","Pastoralists (Kenya)",7,47,"Civilian targeting",404,"Eastern Africa","Kenya","Elgeyo Marakwet","Marakwet East","Endo","Kaben",1.2899,35.6266,1,"Star (Kenya)","National","Pokot bandits suspected to be from Tiaty, Baringo East raided Murkutwo in Marakwet East on Saturday, injuring two herders. A similar attack took place at Kaben area, which killed one man.",1,NA,1618560978,7220
"683","KEN5587","13 July 2017",2017,1,"Political violence","Battles","Armed clash","Pokot Ethnic Militia (Kenya)","Pastoralists (Kenya)",4,"Tugen Ethnic Militia (Kenya)","Pastoralists (Kenya)",4,44,NA,404,"Eastern Africa","Kenya","Baringo","Mogotio","Kisanana","Mochongoi",0.0167,36.1,2,"Star (Kenya)","National","Pokot and Tugen herders clash for several hours in Kapkechir after an attack by the Pokot. The Pokot attackers killed four Tugen herder and stole their cattle. The attack led to a protest in nearby Mochongoi.",4,NA,1561469151,7234
"684","KEN6159","13 July 2017",2017,1,"Demonstrations","Protests","Peaceful protest","Protesters (Kenya)",NA,6,NA,NA,0,60,NA,404,"Eastern Africa","Kenya","Baringo","Mogotio","Kisanana","Mochongoi",0.0167,36.1,1,"Star (Kenya)","National","Pokot and Tugen herders clash for several hours in Kapkechir after an attack by the Pokot. The Pokot attackers killed four Tugen herder and stole their cattle. The attack led to a protest in nearby Mochongoi.",0,NA,1561469151,7235
"685","KEN5588","12 July 2017",2017,1,"Political violence","Violence against civilians","Attack","Pokot Ethnic Militia (Kenya)",NA,4,"Civilians (Kenya)","Pastoralists (Kenya)",7,47,"Civilian targeting",404,"Eastern Africa","Kenya","Laikipia","Laikipia North","Segera","Laikipia",0.4167,36.75,1,"Capital FM","National","Pokot raiders attacked herdsmen who were repairing an electric fence at Laikipia Natre Conservancy",0,NA,1618560925,7242
"686","KEN5583","11 July 2017",2017,1,"Political violence","Battles","Armed clash","Tugen Ethnic Militia (Kenya)","Pastoralists (Kenya)",4,"Pokot Ethnic Militia (Kenya)",NA,4,44,NA,404,"Eastern Africa","Kenya","Baringo","Baringo Central","Kabarnet","Kabarnet",0.4919,35.743,1,"Daily Nation (Kenya)","National","Two herdsmen and a suspected bandit were killed in a shootout that lasted for more than an hour in Kapkechir village in Baringo.",3,NA,1618560925,7248
"687","KEN6034","09 July 2017",2017,1,"Political violence","Violence against civilians","Attack","Unidentified Communal Militia (Kenya)","Pastoralists (Kenya)",4,"Civilians (Kenya)",NA,7,47,"Civilian targeting",404,"Eastern Africa","Kenya","Meru","Tigania West","Akithii","Tigania East",0.2,37.7833,2,"Kenya Standard","National","In retaliation for the killing of a herder the previous day, a group of herders killed 2 men.",2,NA,1552576877,7255
"688","KEN6031","08 July 2017",2017,1,"Political violence","Violence against civilians","Attack","Unidentified Communal Militia (Kenya)",NA,4,"Civilians (Kenya)","Pastoralists (Kenya)",7,47,"Civilian targeting",404,"Eastern Africa","Kenya","Meru","Tigania West","Akithii","Tigania East",0.2,37.7833,2,"Kenya Standard","National","In Tigania East a herdsman was attacked and killed by cattle rustlers.",1,NA,1552576877,7257
"689","KEN5566","03 July 2017",2017,1,"Political violence","Violence against civilians","Attack","Unidentified Armed Group (Kenya)",NA,3,"Civilians (Kenya)",NA,7,37,"Civilian targeting",404,"Eastern Africa","Kenya","Mandera","Mandera East","Township","Mandera",3.9357,41.8542,2,"Daily Nation (Kenya)","National","Herders in Bambo, Mandera, have discovered five bodies buried in a shallow grave.The five, four men and a woman, were reported missing by their relatives last week.The locals exhumed the bodies on Monday [3 July] morning and took them to Lafey Hospital.Medical personnel at the hospital told Nation.co.ke that a male body had bullet wounds in the forehead and the other bodies appeared to have been strangled.The five were from Fino Ward but their bodies were found in Warankara Ward about 65 kilometres away.",5,NA,1561469151,7268
"690","KEN5563","30 June 2017",2017,2,"Political violence","Violence against civilians","Attack","Unidentified Armed Group (Kenya)",NA,3,"Civilians (Kenya)",NA,7,37,"Civilian targeting",404,"Eastern Africa","Kenya","Mandera","Lafey","Warankara","Bamba Hills",3.5008,41.0395,1,"Daily Nation (Kenya)","National","Herders in Bambo, Mandera, have discovered five bodies buried in a shallow grave.The locals exhumed the bodies on Monday [3 July] morning and took them to Lafey Hospital.Medical personnel at the hospital told Nation.co.ke that a male body had bullet wounds in the forehead and the other bodies appeared to have been strangled.The five were from Fino Ward but their bodies were found in Warankara Ward about 65 kilometres away.",5,NA,1561469151,7277
"691","KEN5539","13 June 2017",2017,1,"Political violence","Battles","Armed clash","Laikipia Communal Militia (Kenya)","Pastoralists (Kenya)",4,"Police Forces of Kenya (2013-2022)",NA,1,14,NA,404,"Eastern Africa","Kenya","Laikipia","Laikipia North","Segera","Laikipia",0.4167,36.75,1,"Daily Nation (Kenya)","National","A police officer is admitted Nyahururu hospital after he was shot by herders during a security operation to remove illegal herders from the Laikipia Nature Conservancy. The herders and police engaged in a gun battle.",0,NA,1679360213,7316
"692","KEN5506","26 May 2017",2017,1,"Political violence","Battles","Armed clash","Isiolo Communal Militia (Kenya)","Pastoralists (Kenya)",4,"Marsabit Communal Militia (Kenya)","Pastoralists (Kenya)",4,44,NA,404,"Eastern Africa","Kenya","Isiolo","Merti","Chari","Barchuma Guda",1.3833,38.2167,1,"Kenya Standard","National","Herders from Isiolo and Marsabit are feared dead as they engaged each other in a deadly gun battle throughout Friday. Residents from the two sides said the herders exchanged fire that led to deaths estimated to be over 10 people. Both sides had casualties, but the Isiolo side reportedly lost more men.",10,NA,1618560919,7358
"693","KEN5394","15 April 2017",2017,2,"Political violence","Battles","Armed clash","Police Forces of Kenya (2013-2022) General Service Unit",NA,1,"Unidentified Communal Militia (Kenya)","Pastoralists (Kenya)",4,14,NA,404,"Eastern Africa","Kenya","Laikipia","Laikipia West","Githiga","Tandar",0.3813,36.2933,2,"Daily Nation (Kenya)","National","Two General Service Unit (GSU) officers are reported missing following a weekend shootout with herders at Matweku near the Laikipia Nature Conservancy at the border of Laikipia and Baringo counties.",0,NA,1699319483,7540
"694","KEN5380","12 April 2017",2017,1,"Political violence","Violence against civilians","Attack","Gabra Ethnic Militia (Kenya)",NA,4,"Civilians (Kenya)","Borana Ethnic Group (Kenya)",7,47,"Civilian targeting",404,"Eastern Africa","Kenya","Marsabit","Saku","Sagante","Kubi Kalo",2.2238,38.0281,2,"Daily Nation (Kenya)","National","Gabra militia kills five Borana herders at Kubi Kalo; one on 11/04, four on 12/04.",4,NA,1618560909,7551
"695","KEN5378","11 April 2017",2017,1,"Political violence","Violence against civilians","Attack","Gabra Ethnic Militia (Kenya)",NA,4,"Civilians (Kenya)","Borana Ethnic Group (Kenya)",7,47,"Civilian targeting",404,"Eastern Africa","Kenya","Marsabit","Saku","Sagante","Kubi Kalo",2.2238,38.0281,2,"Daily Nation (Kenya)","National","Gabra militia kills five Borana herders at Kubi Kalo; one on 11/04, four on 12/04.",1,NA,1618560908,7553
"696","KEN5374","07 April 2017",2017,1,"Political violence","Violence against civilians","Attack","Unidentified Communal Militia (Kenya)","Pastoralists (Kenya)",4,"Civilians (Kenya)",NA,7,47,"Civilian targeting",404,"Eastern Africa","Kenya","West Pokot","Pokot North","Kasei","Kasei",1.9667,35.2,2,"Daily Nation (Kenya)","National","4 people are killed by herders in Nakwomuru village in central Pokot county. Police reservists engage with the raiders, killing three of them.",4,NA,1618560908,7558
"697","KEN5372","07 April 2017",2017,1,"Political violence","Battles","Armed clash","Unidentified Communal Militia (Kenya)","Pastoralists (Kenya)",4,"Police Forces of Kenya (2013-2022)",NA,1,14,NA,404,"Eastern Africa","Kenya","West Pokot","Pokot North","Kasei","Kasei",1.9667,35.2,2,"Daily Nation (Kenya)","National","4 people are killed by herders in Nakwomuru village in central Pokot county. Police reservists engage with the raiders, killing three of them",3,NA,1679360213,7560
"698","KEN5362","30 March 2017",2017,1,"Strategic developments","Strategic developments","Looting/property destruction","Unidentified Armed Group (Kenya)","Pastoralists (Kenya)",3,NA,NA,0,30,NA,404,"Eastern Africa","Kenya","Laikipia","Laikipia North","Segera","Laikipia",0.4167,36.75,2,"Daily Nation (Kenya)","National","Property destruction: Suspected 'cattle herders' burn down a tourist lodge on the Laikipia Plateau. The herders may have torched the lodge in retaliation to an ongoing security operation in the area. The hotel was empty at the time of the attack.",0,NA,1618560907,7573
"699","KEN5990","29 March 2017",2017,1,"Political violence","Battles","Armed clash","Unidentified Ethnic Militia (Kenya)","Pastoralists (Kenya)",4,"Police Forces of Kenya (2013-2022)",NA,1,14,NA,404,"Eastern Africa","Kenya","Baringo","Marigat","Mukutani","Mukutan",0.6335,36.257,2,"Daily Nation (Kenya)","National","Mukutan Lodge was attacked by herders seeking pasture. They exchanged gunfire with the security forces and burned down the lodge.",0,NA,1679360214,7575
"700","KEN5294","08 February 2017",2017,1,"Political violence","Riots","Mob violence","Rioters (Kenya)","Pastoralists (Kenya)",5,"Police Forces of Kenya (2013-2022)",NA,1,15,NA,404,"Eastern Africa","Kenya","Laikipia","Laikipia West","Rumuruti Township","Ngarua",0.3696,36.449,1,"Daily Nation (Kenya)","National","Herders, illegally trespassing on land, injure a police officer and burn homes in Miteta, Ng'arua Division in Laikipia when they were confronted by a police. The violence comes 24 hours after a similar confrontation near Rumuruti.",0,NA,1679360213,7667
"701","KEN5292","07 February 2017",2017,1,"Political violence","Battles","Armed clash","Police Forces of Kenya (2013-2022)",NA,1,"Unidentified Communal Militia (Kenya)","Pastoralists (Kenya)",4,14,NA,404,"Eastern Africa","Kenya","Laikipia","Laikipia West","Rumuruti Township","Rumuruti",0.2707,36.5454,2,"Daily Nation (Kenya)","National","Armed herders trespassing on illegal land shoot and injure a police officer after they were confronted near Rumuruti.",0,NA,1679360213,7669
"702","KEN6261","21 January 2017",2017,1,"Political violence","Violence against civilians","Attack","Somali Ethnic Militia (Kenya)",NA,4,"Civilians (Kenya)","Pastoralists (Kenya)",7,47,"Civilian targeting",404,"Eastern Africa","Kenya","Kitui","Mwingi Central Sub- County","Nguni","Ukazi",-0.8929,38.3999,1,"Star (Kenya)","National","On 21 January 2017, suspected Somali militia shot dead a herder in Ukasi, Kitui county.",1,NA,1670285103,7683
"703","KEN6255","10 January 2017",2017,1,"Strategic developments","Strategic developments","Other","Somali Ethnic Militia (Kenya)","Pastoralists (Kenya)",4,NA,NA,0,40,NA,404,"Eastern Africa","Kenya","Kitui","Kitui Central","Township","Kitui",-1.3667,38.0167,1,"Star (Kenya)","National","Non-violent activity: Heavily armed Somali militia/herders are reported to have encorached onto farms in Kitui, armed with AK-47s and displaced unprotected farmer settlements.",0,NA,1561469151,7693
"704","KEN6254","02 January 2017",2017,1,"Political violence","Violence against civilians","Attack","Somali Ethnic Militia (Kenya)",NA,4,"Civilians (Kenya)","Pastoralists (Kenya)",7,47,"Civilian targeting",404,"Eastern Africa","Kenya","Kitui","Kitui Central","Township","Kitui",-1.3667,38.0167,2,"Star (Kenya)","National","On 2 January 2017, Somali militants shot dead two herders in Inyanzae.",2,NA,1649284567,7699
"705","KEN6249","24 December 2016",2016,1,"Political violence","Violence against civilians","Attack","Somali Ethnic Militia (Kenya)",NA,4,"Civilians (Kenya)",NA,7,47,"Civilian targeting",404,"Eastern Africa","Kenya","Kitui","Kitui Central","Township","Kitui",-1.3667,38.0167,2,"Star (Kenya)","National","On 24 December 2016, Somali militants who have encroached Kitui county and posing as herders, gunned down a man in Katangini.",1,NA,1649284567,7706
"706","KEN6250","24 December 2016",2016,1,"Political violence","Battles","Armed clash","Pokot Ethnic Militia (Kenya)",NA,4,"Marakwet Ethnic Militia (Kenya)","Pastoralists (Kenya)",4,44,NA,404,"Eastern Africa","Kenya","Turkana","Turkana Central","Kerio Delta","Kerio",2.9833,36.1167,2,"Star (Kenya)","National","On 24 December 2016, one person was shot and injured when suspected Pokot militia raided Chemwoyo and Murkutwo. Marakwet herders retaliated leading to an hour of heavy gunfire.",0,NA,1649284567,7707
"707","KEN6243","27 November 2016",2016,1,"Political violence","Battles","Armed clash","Pokot Ethnic Militia (Kenya)",NA,4,"Turkana Ethnic Militia (Kenya)",NA,4,44,NA,404,"Eastern Africa","Kenya","Turkana","Turkana East","Kapedo","Lomelo",1.5,35.9167,2,"Star (Kenya)","National","On 27 November 2016, a woman was killed and a 12-year old girl injured in a shootout near Lomelo between armed pastoralists. The Rift Valley coordinator dismissed reports that 14 people were shot dead.",1,NA,1649284568,7738
"708","KEN5178","10 September 2016",2016,1,"Political violence","Battles","Armed clash","Borana Ethnic Militia (Kenya)",NA,4,"Auliyan Clan Militia (Somalia)","Pastoralists (Somalia)",4,44,NA,404,"Eastern Africa","Kenya","Isiolo","Garbatulla","Garbatulla","Garba Tula",0.5333,38.52,2,"Kenya Standard","National","At least four more people have been killed in raging armed conflict between Borana and Somali herders (Auliyan) along the Isiolo-Garissa border [northeastern Kenya]. The fighting took place in Tana village about 11km north of Garba-Tula town on Saturday [10 September].",4,NA,1618560891,7818
"709","KEN5176","08 September 2016",2016,1,"Political violence","Violence against civilians","Attack","Unidentified Communal Militia (Somalia)","Pastoralists (Somalia)",4,"Civilians (Kenya)","Borana Ethnic Group (Kenya)",7,47,"Civilian targeting",404,"Eastern Africa","Kenya","Isiolo","Isiolo","Bula Pesa","Isiolo",0.3546,37.5822,3,"Daily Nation (Kenya)","National","A Borana man is attacked and killed by Somali herders in Garfasa, Isiolo County. The attack is believed to be retaliatory.",1,NA,1618560890,7821
"710","KEN4907","03 August 2015",2015,1,"Political violence","Battles","Armed clash","Wardei Ethnic Militia (Kenya)",NA,4,"Mijikenda Ethnic Militia (Kenya)",NA,4,44,NA,404,"Eastern Africa","Kenya","Tana River","Garsen","Garsen South","Wachu-Oda",-2.4695,40.1915,1,"Star (Kenya)","National","Nine are dead and six are injured in a fight between pastoralists and farmers in Tana River. Additionally, several houses were destroyed. The clashes between Wardei pastoralists and Mijikenda farmers occurred in Wachu Oda in Garsen. A reported 1,500 people displaced as a result of the clashes.",9,NA,1561469148,8088
"711","KEN4868","16 June 2015",2015,1,"Political violence","Violence against civilians","Attack","Unidentified Armed Group (Kenya)",NA,3,"Civilians (Kenya)",NA,7,37,"Civilian targeting",404,"Eastern Africa","Kenya","Mandera","Banissa","Banissa","Banissa",3.9439,40.3445,2,"Kenya Standard","National","Five pastoralists are killed by unidentified gunmen at Wari walo village some 10 kilometres from Kenya border. Those killed were three children (two boys and a girl), their father and a close relative. The five had recently left Elmole in pursuit of pasture and water for their animals.",5,NA,1552577379,8129
"712","KEN4860","08 June 2015",2015,1,"Political violence","Battles","Armed clash","Laikipia Communal Militia (Kenya)","Police Forces of Kenya (2013-2022)",4,"Unidentified Communal Militia (Kenya)",NA,4,44,NA,404,"Eastern Africa","Kenya","Laikipia","Laikipia East","Thingithu","Nanyuki",0.0167,37.0667,2,"Daily Nation (Kenya)","National","At least 10 pastoralists from Isiolo have been killed in clashes with Laikipia residents after the herders invade the area with hundreds of animals. The herders also shot two security personnel after they were ordered to vacate the land during the clashes.",10,NA,1679360212,8137
"713","KEN4815","13 April 2015",2015,1,"Political violence","Violence against civilians","Attack","Pokot Ethnic Militia (Kenya)",NA,4,"Civilians (Kenya)","Pastoralists (Kenya)",7,47,"Civilian targeting",404,"Eastern Africa","Kenya","Baringo","Marigat","Marigat","Chemoe",0.3167,35.8833,1,"Star (Kenya)","National","Pokot militia kill a goat herder in Chemoe.",1,NA,1618560861,8181
"714","KEN4730","06 February 2015",2015,1,"Demonstrations","Riots","Violent demonstration","Rioters (Kenya)","Pastoralists (Kenya)",5,NA,NA,0,50,NA,404,"Eastern Africa","Kenya","Narok","Narok North","Narok Town","Narok",-1.0783,35.8601,2,"Capital FM","National","A group of cattle herdsmen blocked the Mai Mahiu-Narok road (B3) for several hours after several of the herd were killed when they were hit with a lorry. The herdsmen demanded compensation for their loss by the colliding driver. They barred police officers from removing the truck or the carcasses until the matter was resolved.",0,NA,1572403705,8267
"715","KEN4664","14 December 2014",2014,1,"Political violence","Battles","Armed clash","Pokot Ethnic Militia (Kenya)",NA,4,"Tugen Ethnic Militia (Kenya)","Pastoralists (Kenya)",4,44,NA,404,"Eastern Africa","Kenya","Baringo","Marigat","Marigat","Chemoe",0.3167,35.8833,1,"Star (Kenya)","National","Two people were injured as herders from the Tugen community battled suspected Pokot bandits. The battle broke out at Chemoe, near the Baringo North and Tiaty subcounty border.",0,NA,1618560851,8335
"716","KEN4510","22 August 2014",2014,1,"Political violence","Battles","Armed clash","Samburu Ethnic Militia (Kenya)","Pastoralists (Kenya)",4,"Borana Ethnic Militia (Kenya)","Pastoralists (Kenya)",4,44,NA,404,"Eastern Africa","Kenya","Meru","Tigania West","Athwana","Seketani",0.372,37.6073,1,"NTV (Kenya)","New media","Samburu and Borana herders clash over a water source. Four killed, two each side.",4,NA,1618560830,8493
"717","KEN4470","18 July 2014",2014,1,"Political violence","Violence against civilians","Attack","Pokot Ethnic Militia (Kenya)",NA,4,"Civilians (Kenya)","Turkana Ethnic Group (Kenya)",7,47,"Civilian targeting",404,"Eastern Africa","Kenya","Turkana","Kibish","Kaaleng","Kaakong",4.354,35.524,1,"Star (Kenya)","National","Six Turkana herders have been killed during the afternoon hours following an attack by Pokot raiders on a village in Kaakong area in Kainuk location, Turkana county. Three women are among seven other people injured in the ongoing attack by cattle rustlers from the neighbouring Pokot region. There has been repeated conflict along the Pokot - Turkana border as competition for resources and cattle rustling take centre stage.",6,NA,1618560827,8534
"718","KEN4328","27 March 2014",2014,1,"Political violence","Violence against civilians","Attack","Turkana Ethnic Militia (Kenya)",NA,4,"Civilians (Kenya)","Pastoralists (Kenya)",7,47,"Civilian targeting",404,"Eastern Africa","Kenya","Baringo","Baringo Central","Kabarnet","Kabarnet",0.4919,35.743,2,"Star (Kenya)","National","Five herdsmen sustained gunshot wounds during a cattle raid at Nadome village in Tiaty sub county, Baringo. The suspects are believed to be Turkana.",0,NA,1618560807,8674
"719","KEN4295","03 March 2014",2014,1,"Political violence","Battles","Armed clash","Mau Mau War Veterans",NA,3,"Unidentified Armed Group (Kenya)","Pastoralists (Kenya)",3,33,NA,404,"Eastern Africa","Kenya","Nakuru","Naivasha","Lake View","Naivasha",-0.7202,36.4285,1,"Star (Kenya)","National","A group of farmers clashed with pastoralists over grazing land around Lake Naivasha. The farmers who claim to be members of the Mau Mau group accused the herders of driving their animals into the farms. Causalities not known or reported.",0,NA,1561469148,8705
"720","KEN4291","27 February 2014",2014,1,"Political violence","Battles","Armed clash","Unidentified Armed Group (Kenya)",NA,3,"Unidentified Armed Group (Kenya)",NA,3,33,NA,404,"Eastern Africa","Kenya","Lamu","Lamu West","Mkomami","Lamu",-2.2717,40.902,2,"Star (Kenya)","National","Six people were injured during a confrontation between farmers and pastoralists at Mtondoni area in Hongwe ward, Lamu West district. The conflict ensued when pastoralists were accused of driving their animals into the farms and destroying crops. The identities of the two groups is not known.",0,NA,1618560800,8709
"721","KEN4077","30 September 2013",2013,1,"Political violence","Battles","Armed clash","Pokot Ethnic Militia (Uganda)","Pastoralists (Kenya)",4,"Pokot Ethnic Militia (Kenya)","Police Forces of Kenya (2013-2022)",4,44,NA,404,"Eastern Africa","Kenya","West Pokot","West Pokot","Kapenguria","Kapenguria",1.2333,35.1167,2,"Daily Nation (Kenya)","National","The more than 200 cross-border Ugandan-Pokot raiders attacked Apuko village in Pokot North and drove away the animals after a fierce morning battle with Pokot herdsmen and security officers. Causalities not known.",0,NA,1679360211,8917
"722","KEN3987","06 August 2013",2013,1,"Political violence","Riots","Mob violence","Rioters (Kenya)","Vigilante Group (Kenya)",5,"Civilians (Kenya)","Pastoralists (Kenya)",7,57,"Civilian targeting",404,"Eastern Africa","Kenya","Uasin Gishu","Moiben","Karuna","Karuna",0.7292,35.472,2,"Star (Kenya)","National","Residents of Tangisir village in Meibeki/Karuna ward lynched a herdsman after he admitted to defiling and killing a seven-year-old nursery school girl.",1,NA,1618560741,9008
"723","KEN3130","14 February 2012",2012,1,"Political violence","Violence against civilians","Attack","Unidentified Armed Group (Kenya)",NA,3,"Civilians (Kenya)","Pastoralists (Kenya)",7,37,"Civilian targeting",404,"Eastern Africa","Kenya","Turkana","Turkana West","Letea","Loima Hills",3.2501,35.0033,2,"All Africa","International","Herdsman shot in attack by armed raiders",1,NA,1618560680,9805
"724","KEN3051","27 May 2011",2011,1,"Political violence","Violence against civilians","Attack","Pokot Ethnic Militia (Kenya)",NA,4,"Civilians (Kenya)","Turkana Ethnic Group (Kenya)",7,47,"Civilian targeting",404,"Eastern Africa","Kenya","Turkana","Loima","Turkwel","Kotaruk",3.15,35.0333,2,"Local Source","International","Nine Turkana herders are feared dead following heavy gun battle with suspected Pokot raiders at Kotaruk location in Loima District, Turkana County. Among the dead are three women and six men who were gunned down when cattle rustlers attacked Ulukuse and Napak-ekali villages in Loima District.",9,NA,1574110450,9883
"725","KEN2977","03 February 2011",2011,1,"Political violence","Battles","Armed clash","Maasai Ethnic Militia (Kenya)","Pastoralists (Kenya)",4,"Unidentified Ethnic Militia (Kenya)","Farmers (Kenya)",4,44,NA,404,"Eastern Africa","Kenya","Nakuru","Rongai","Menengai West","Likia",-0.1933,36.0067,1,"Daily Nation (Kenya)","National","Ethnic violence erupted in Likia Location in Mau Naorkwhere the farmers and herders fought running battles the whole day. The violence erupted on Tuesday after a 70-year-old farmer, Mr. Kuria Wakaba, was hacked to death by herders from Likia location of Mau Narok Division.",0,NA,1618560670,9953
"726","KEN2978","03 February 2011",2011,1,"Political violence","Violence against civilians","Attack","Maasai Ethnic Militia (Kenya)","Pastoralists (Kenya)",4,"Civilians (Kenya)",NA,7,47,"Civilian targeting",404,"Eastern Africa","Kenya","Nakuru","Njoro","Njoro","Njoro",-0.3316,35.9449,1,"Daily Nation (Kenya)","National","Following the outbreak of violence in Likia, a group of herders at Tipis trading centre, about 20km away, attacked Mr Francis Thuo, poured petrol on him and set him on fire. He was rescued by transporters passing by.",0,NA,1561469146,9954
"727","KEN2979","03 February 2011",2011,1,"Political violence","Violence against civilians","Attack","Maasai Ethnic Militia (Kenya)","Pastoralists (Kenya)",4,"Civilians (Kenya)",NA,7,47,"Civilian targeting",404,"Eastern Africa","Kenya","Nakuru","Njoro","Njoro","Njoro",-0.3316,35.9449,1,"Daily Nation (Kenya)","National","In the afternoon of the 3rd of February, a group of herders attacked farmers at their shambas near Tipis trading centre as security forces patrolled Likia area. Four farmers were critically injured, but by the time of going to press, they had not been taken to hospital.",0,NA,1561469146,9955
"728","KEN2976","02 February 2011",2011,1,"Political violence","Violence against civilians","Attack","Maasai Ethnic Militia (Kenya)",NA,4,"Civilians (Kenya)","Farmers (Kenya)",7,47,"Civilian targeting",404,"Eastern Africa","Kenya","Nakuru","Rongai","Menengai West","Likia",-0.1933,36.0067,1,"Daily Nation (Kenya)","National","Violence erupted on Tuesday after a 70-year-old farmer, Mr. Kuria Wakaba, was hacked to death by herders Naork North District. Mr. Wakaba was killed in the controversial Witemere area in Likia forest. The same herders are said to have attacked Samuel Macharia on a farm in the same area",0,NA,1618560670,9956
"729","KEN2955","07 January 2011",2011,1,"Political violence","Violence against civilians","Attack","Al Shabaab",NA,2,"Civilians (Kenya)","Pastoralists (Kenya)",7,27,"Civilian targeting",404,"Eastern Africa","Kenya","Garissa","Dadaab","Dadaab","Dadaab Refugee Camp",0.0514,40.3142,1,"Daily Nation (Kenya)","National","A Kenyan herder was on Friday killed in Somalia by members of the Islamist group Al Shabaab for refusing to part with his five camels as payment for a yearly tax. He is reported to have been shot on the head several times before his entire stock of camels was confiscated.",1,NA,1561469146,9975
"730","KEN2945","28 December 2010",2010,1,"Political violence","Battles","Armed clash","Turkana Ethnic Militia (Kenya)",NA,4,"Samburu Ethnic Militia (Kenya)","Pastoralists (Kenya)",4,44,NA,404,"Eastern Africa","Kenya","Samburu","Samburu North","El Barta","Baragoi",1.7833,36.7833,1,"Daily Nation (Kenya)","National","On 28 December 2010, Turkana and Samburu raiders exchanged gunfire during the day in the town of Baragoi and a Samburu herdsman, 16-year-old Nkilei Lekupuny, was killed in the gun battle and his 43 sheep and goats taken.",1,NA,1651182378,9985
"731","KEN2918","02 December 2010",2010,1,"Political violence","Violence against civilians","Attack","Pokot Ethnic Militia (Kenya)",NA,4,"Civilians (Kenya)","Pastoralists (Kenya)",7,47,"Civilian targeting",404,"Eastern Africa","Kenya","West Pokot","Pokot Central","Masool","Lotongot Village",1.7333,35.6333,1,"Daily Nation (Kenya)","National","A herder was killed on Thursday in Lotongot Village when Pokot raiders attacked the area.",1,NA,1618560666,10009
"732","KEN2827","06 June 2010",2010,1,"Political violence","Battles","Armed clash","Police Forces of Kenya (2002-2013)",NA,1,"Unidentified Communal Militia (Kenya)","Pastoralists (Kenya)",4,14,NA,404,"Eastern Africa","Kenya","Samburu","Samburu Central","Maralal","Maralal",1.0968,36.698,1,"Daily Nation (Kenya)","National","2 police seriously injured in clashes with spear-wielding herders in Samburu.",0,NA,1618560658,10093
"733","KEN2627","21 December 2008",2008,1,"Political violence","Violence against civilians","Attack","Unidentified Ethnic Militia (Kenya)",NA,4,"Civilians (Kenya)",NA,7,47,"Civilian targeting",404,"Eastern Africa","Kenya","Tana River","Galole","Chewani","Hola",-1.5036,40.0333,3,"All Africa","International","2 killed by unidentified cattle raiders - believed to be revenge attack for 2 herders killed on 20/12/08. LOCATION: Bururi Village in Tana River District (district capital = Hola).",0,NA,1552577628,10286
"734","KEN2628","21 December 2008",2008,1,"Political violence","Violence against civilians","Attack","Unidentified Ethnic Militia (Kenya)",NA,4,"Civilians (Kenya)",NA,7,47,"Civilian targeting",404,"Eastern Africa","Kenya","Tana River","Galole","Chewani","Hola",-1.5036,40.0333,3,"All Africa","International","1 killed by unidentified cattle raiders - believed to be extension of revenge attack for 2 herders killed on 20/12/08. LOCATION: Wolsonrea Village, Tana River District (district capital = Hola).",1,NA,1552577628,10287
"735","KEN2626","21 December 2008",2008,1,"Political violence","Battles","Armed clash","Unidentified Armed Group (Kenya)",NA,3,"Police Forces of Kenya (2002-2013)",NA,1,13,NA,404,"Eastern Africa","Kenya","Tana River","Galole","Chewani","Hola",-1.5036,40.0333,3,"All Africa","International","2 killed by unidentified cattle raiders (coded separately) - believed to be revenge attack for 2 herders killed on 20/12/08. Police intervened killing 3 raiders. LOCATION: Bururi Village, Tana River District (district capital = Hola).",2,NA,1600121120,10288
"736","KEN2624","18 December 2008",2008,1,"Political violence","Violence against civilians","Attack","Unidentified Ethnic Militia (Kenya)",NA,4,"Civilians (Kenya)","Pastoralists (Kenya)",7,47,"Civilian targeting",404,"Eastern Africa","Kenya","Tana River","Galole","Chewani","Hola",-1.5036,40.0333,3,"All Africa","International","2 herders killed in banditry attack - later lead to revenge killings in the area (possibly linked with organised Isiolo bandits). LOCATION: Ororesa Village, Bururi in Tana River District (district capital = Hola).",2,NA,1552577628,10290
"737","KEN2578","18 August 2008",2008,1,"Demonstrations","Protests","Peaceful protest","Protesters (Kenya)","Maasai Ethnic Group (Kenya)",6,NA,NA,0,60,NA,404,"Eastern Africa","Kenya","Nakuru","Njoro","Mau Narok","Mau Narok",-0.6,36,1,"Daily Nation (Kenya)","National","Maasai herders protested demanding the reopening of a road that passes through their farm.",0,NA,1563305274,10337
"738","KEN2574","15 August 2008",2008,3,"Political violence","Explosions/Remote violence","Remote explosive/landmine/IED","Military Forces of Uganda (1986-)",NA,8,"Civilians (Kenya)","Turkana Ethnic Group (Kenya)",7,78,"Civilian targeting",404,"Eastern Africa","Kenya","Turkana","Turkana Central","Kerio Delta","Nagwanga",2.9791,36.0841,2,"Daily Nation (Kenya)","National","UPDF accused of bombing Turkana pastoralists in Nakwanye (Nakwanga) and Morutorong in August. 71 killed.",71,NA,1563305274,10340
"739","KEN2563","11 August 2008",2008,2,"Demonstrations","Riots","Violent demonstration","Rioters (Kenya)","Maasai Ethnic Group (Kenya)",5,NA,NA,0,50,NA,404,"Eastern Africa","Kenya","Nakuru","Njoro","Mau Narok","Mau Narok",-0.6,36,1,"Daily Nation (Kenya)","National","Maasai herders pulled down a gate to demand the reopening of a road that passes through their farm.",0,NA,1563305274,10351
"740","KEN2558","31 July 2008",2008,1,"Political violence","Battles","Armed clash","Pokot Ethnic Militia (Kenya)","Pastoralists (Kenya)",4,"Police Forces of Kenya (2002-2013)","Turkana Ethnic Group (Kenya)",1,14,NA,404,"Eastern Africa","Kenya","Marsabit","Laisamis","Loiyangalani","Mt. Kulal",2.7167,36.9333,2,"All Africa","International","Police reservists from Turkana and herdsmen from East Pokot District clashed over grazing pasture as drought continued to hit most parts of the area. LOCATION: Kulal village, near Mount Kulal. FATALITIES: Estimate only/ total only - not actor specific.",11,NA,1552577630,10356
"741","KEN2220","08 January 2008",2008,1,"Political violence","Battles","Armed clash","Unidentified Ethnic Militia (Kenya)",NA,4,"Unidentified Ethnic Militia (Kenya)",NA,4,44,NA,404,"Eastern Africa","Kenya","Marsabit","Saku","Marsabit Central","Marsabit",2.333,37.983,2,"Reuters","International","Fighting between rival pastoralists left 5 dead at Kenyas remote northern border with Ethiopia near Marsabit. 2 others were missing reported dead. (Fatalities = total for 2 days of violence - recorded on last day)",5,NA,1552577634,10682
"742","KEN2217","07 January 2008",2008,1,"Political violence","Battles","Armed clash","Unidentified Ethnic Militia (Kenya)",NA,4,"Unidentified Ethnic Militia (Kenya)",NA,4,44,NA,404,"Eastern Africa","Kenya","Marsabit","Saku","Marsabit Central","Marsabit",2.333,37.983,2,"Reuters","International","Fighting between rival pastoralists left 5 dead at Kenyas remote northern border with Ethiopia near Marsabit. 2 others were missing reported dead. (Fatalities = total for 2 days of violence - recorded on last day)",5,NA,1552577634,10685
"743","KEN1896","05 August 2007",2007,1,"Political violence","Violence against civilians","Attack","Unidentified Ethnic Militia (Kenya)",NA,4,"Civilians (Kenya)","Pastoralists (Kenya)",7,47,"Civilian targeting",404,"Eastern Africa","Kenya","West Pokot","Pokot North","Kiwawa","Chepropogh Village",2.1748,35.2851,2,"All Africa","International","100 raiders stole hundreds of cattle, 6 herdsmen killed.",6,NA,1618560575,11007
"744","KEN1888","24 July 2007",2007,2,"Political violence","Violence against civilians","Attack","Military Forces of Uganda (1986-)",NA,8,"Civilians (Kenya)","Pastoralists (Kenya)",7,78,"Civilian targeting",404,"Eastern Africa","Kenya","West Pokot","Pokot North","Suam","Kacheliba",1.4833,35.0167,1,"All Africa","International","UPDF forces entered Kenya in their raids for arms, involving artillery tanks and gunfire",11,NA,1618560575,11018
"745","KEN1875","03 July 2007",2007,2,"Political violence","Explosions/Remote violence","Remote explosive/landmine/IED","Military Forces of Uganda (1986-)",NA,8,"Civilians (Kenya)",NA,7,78,"Civilian targeting",404,"Eastern Africa","Kenya","West Pokot","Pokot North","Alale","Alale",2.3333,35.0176,2,"All Africa","International","1 civilian confirmed killed and 4 injured during alleged bombing by UPDF against armed Pokot herders within the Kenyan border. 2 women and 3 children missing, assumed to be abducted and held at Loro barracks.",1,NA,1618560574,11029
"746","KEN1876","03 July 2007",2007,1,"Political violence","Explosions/Remote violence","Shelling/artillery/missile attack","Military Forces of Uganda (1986-)",NA,8,"Pokot Ethnic Militia (Kenya)","Pastoralists (Kenya)",4,48,NA,404,"Eastern Africa","Kenya","West Pokot","Pokot North","Alale","Alale",2.3333,35.0176,2,"Newsfile; Reuters; All Africa","International","Alleged shelling by Uganda Peoples Defence Force (UPDF) inside the Kenyan border linked to disarmament operation and pursuit of armed Pokot herders. Full casualty count unknown. 800 cattle impounded by UPDF. FATALITIES = TOTAL FOR 4 DAYS CONFLICT - (Rec",0,NA,1618560574,11030
"747","KEN1874","02 July 2007",2007,1,"Political violence","Explosions/Remote violence","Shelling/artillery/missile attack","Military Forces of Uganda (1986-)",NA,8,"Pokot Ethnic Militia (Kenya)","Pastoralists (Kenya)",4,48,NA,404,"Eastern Africa","Kenya","West Pokot","Pokot North","Alale","Alale",2.3333,35.0176,2,"Reuters; All Africa; Newsfile","International","Alleged shelling by Uganda Peoples Defence Force (UPDF) inside the Kenyan border linked to disarmament operation and pursuit of armed Pokot herders. Full casualty count unknown. 800 cattle impounded by UPDF. FATALITIES = TOTAL FOR 4 DAYS CONFLICT - (Rec",0,NA,1618560573,11031
"748","KEN1872","01 July 2007",2007,1,"Political violence","Explosions/Remote violence","Shelling/artillery/missile attack","Military Forces of Uganda (1986-)",NA,8,"Pokot Ethnic Militia (Kenya)","Pastoralists (Kenya)",4,48,NA,404,"Eastern Africa","Kenya","West Pokot","Pokot North","Alale","Alale",2.3333,35.0176,2,"Reuters; All Africa; Newsfile","International","Alleged shelling by Uganda Peoples Defence Force (UPDF) inside the Kenyan border linked to disarmament operation and pursuit of armed Pokot herders. Full casualty count unknown. 800 cattle impounded by UPDF. FATALITIES = TOTAL FOR 4 DAYS CONFLICT - (Rec",0,NA,1618560573,11033
"749","KEN1871","30 June 2007",2007,1,"Political violence","Explosions/Remote violence","Shelling/artillery/missile attack","Military Forces of Uganda (1986-)",NA,8,"Pokot Ethnic Militia (Kenya)","Pastoralists (Kenya)",4,48,NA,404,"Eastern Africa","Kenya","West Pokot","Pokot North","Alale","Alale",2.3333,35.0176,2,"Newsfile; Reuters; All Africa","International","Alleged shelling by Uganda Peoples Defence Force (UPDF) inside the Kenyan border linked to disarmament operation and pursuit of armed Pokot herders. Full casualty count unknown. 800 cattle impounded by UPDF. FATALITIES = TOTAL FOR 4 DAYS CONFLICT - (Rec",0,NA,1618560573,11034
"750","KEN1823","20 May 2007",2007,1,"Political violence","Violence against civilians","Attack","Samburu Ethnic Militia (Kenya)",NA,4,"Civilians (Kenya)","Pastoralists (Kenya)",7,47,"Civilian targeting",404,"Eastern Africa","Kenya","Laikipia","Laikipia North","Segera","Dam Samaki Village",0.4414,36.822,2,"Local Source","International","700 rustlers from Samburu raided 1,400 animals stolen, 2 herdsmen injured.",0,NA,1618560569,11081
"751","KEN1785","12 April 2007",2007,1,"Political violence","Battles","Armed clash","Unidentified Armed Group (Kenya)",NA,3,"Police Forces of Kenya (2002-2013)",NA,1,13,NA,404,"Eastern Africa","Kenya","Turkana","Loima","Turkwel","Kakong",3.0225,35.5665,2,"All Africa","International","Security response to rustling of 800 goats and sheep. Eight hour clash ensued. Ethnicity of raiders or herders not mentioned.",2,NA,1618560566,11114
"752","KEN1612","08 March 2006",2006,1,"Political violence","Battles","Armed clash","Unidentified Ethnic Militia (Kenya)","Pastoralists (Kenya)",4,"Unidentified Ethnic Militia (Kenya)","Farmers (Kenya)",4,44,NA,404,"Eastern Africa","Kenya","Embu","Runyenjes","Kyeni South","Mwichuiri",-0.45,37.65,1,"Daily Nation (Kenya)","National","One speared to death in clash between farmers and herdsmen",1,NA,1561469146,11277
"753","KEN1528","21 June 2005",2005,1,"Political violence","Violence against civilians","Attack","Merrile Ethnic Militia (Ethiopia)",NA,4,"Civilians (Kenya)","Turkana Ethnic Group (Kenya)",7,47,"Civilian targeting",404,"Eastern Africa","Kenya","Turkana","Kibish","Kibish","Kibish",4.9231,35.2744,2,"All Africa","International","Merile raiders attack herders in Turkana",3,NA,1643672657,11361
"754","KEN1380","21 August 2004",2004,1,"Political violence","Violence against civilians","Attack","Police Forces of Kenya (2002-2013)",NA,1,"Civilians (Kenya)","Maasai Ethnic Group (Kenya)",7,17,"Civilian targeting",404,"Eastern Africa","Kenya","Laikipia","Laikipia North","Segera","Oldaiga",0.0873,37.0311,1,"AFP","International","Police shoot Maasai herders who had ventured on to private land",1,NA,1618560523,11508
"755","KEN1323","24 April 2004",2004,1,"Political violence","Violence against civilians","Attack","Merrile Ethnic Militia (Kenya)",NA,4,"Civilians (Ethiopia)","Pastoralists (Ethiopia)",7,47,"Civilian targeting",404,"Eastern Africa","Kenya","Mandera","Mandera North","Rhamu","Wante",3.9472,41.2641,1,"All Africa","International","Marule clan attacks herdsman",1,NA,1552577647,11563
"756","KEN1281","31 December 2003",2003,1,"Political violence","Battles","Armed clash","Pokot Ethnic Militia (Kenya)","Pastoralists (Kenya)",4,"Marakwet Ethnic Militia (Kenya)","Pastoralists (Kenya)",4,44,NA,404,"Eastern Africa","Kenya","Elgeyo Marakwet","Marakwet West","Arror","Tunyo",1.0115,35.6158,1,"Daily Nation (Kenya)","National","Pokot and Marakwet herdsmen clash over pasture lands near Kombases, Tunyo. Several injured. Police intervened.",0,NA,1618560515,11605
"757","KEN1207","13 August 2003",2003,1,"Political violence","Battles","Armed clash","Karamajong Ethnic Militia (Uganda)",NA,4,"Pokot Ethnic Militia (Kenya)","Pastoralists (Kenya)",4,44,NA,404,"Eastern Africa","Kenya","West Pokot","West Pokot","Kapenguria","Kapenguria",1.2333,35.1167,3,"All Africa","International","Raid by Karamajong raiders on Pokot herders. 100s of animals stolen. 9 killed in the battle which ensued. LOCATION: UGANDA - 40km from the Kenyan border at West Pokot District (district capital = Kapenguria)",9,NA,1618560511,11677
"758","KEN1113","02 January 2003",2003,1,"Political violence","Violence against civilians","Abduction/forced disappearance","Pokot Ethnic Militia (Kenya)","Pastoralists (Kenya)",4,"Civilians (Kenya)","Aid Workers (Kenya)",7,47,"Civilian targeting",404,"Eastern Africa","Kenya","Turkana","Turkana Central","Lodwar Township","Lodwar",3.1191,35.5973,2,"All Africa","International","Four workers of an international aid organisation were held hostage for six hours by an armed Pokot herdsman for causing his camels to leave a grazing field. LOCATION: Unspecified area in Turkana District (district capital = Lodwar)",0,NA,1618560504,11766
"759","KEN1008","07 September 2002",2002,1,"Political violence","Battles","Armed clash","Toposa Ethnic Militia (Sudan)",NA,4,"Turkana Ethnic Militia (Kenya)","Pastoralists (Kenya)",4,44,NA,404,"Eastern Africa","Kenya","Turkana","Turkana Central","Lodwar Township","Lodwar",3.1191,35.5973,3,"All Africa","International","Toposa ethnic militia from Sudan attacked Turkana herdsmen in Kenya - 2 Turkana people were killed by the gunfire, thousands of animals were stolen",2,NA,1618560492,11872
"760","KEN998","19 August 2002",2002,1,"Political violence","Violence against civilians","Attack","Unidentified Ethnic Militia (Kenya)",NA,4,"Civilians (Kenya)","Pastoralists (Kenya)",7,47,"Civilian targeting",404,"Eastern Africa","Kenya","Marsabit","Laisamis","Logologo","Gudas",2.1,38.0333,1,"PANAPRESS","International","Raiders attack herdsmen, steal cattle.",3,NA,1618561093,11883
"761","KEN901","08 January 2002",2002,1,"Political violence","Battles","Armed clash","Mambilla Ethnic Militia (Kenya)",NA,4,"Fulani Ethnic Militia (Kenya)","Pastoralists (Kenya)",4,44,NA,404,"Eastern Africa","Kenya","Nakuru","Nakuru North","Kabatini","Nakuru",-0.2441,36.142,1,"AP","International","Fifteen die in an ethnic clash.",15,NA,1618561083,11978
"762","KEN897","21 December 2001",2001,1,"Political violence","Battles","Armed clash","Toposa Ethnic Militia (Sudan)","Pastoralists (Kenya)",4,"Turkana Ethnic Militia (Kenya)","Pastoralists (Kenya)",4,44,NA,404,"Eastern Africa","Kenya","Nakuru","Nakuru North","Kabatini","Nakuru",-0.2441,36.142,3,"Reuters; AFP","International","Sudanese Toposa cattle rustlers attacked a group of Kenyan Turkana herdsmen in northwest Kenya leading to a battle between the two groups - 53 Turkana people were killed",53,NA,1618561083,11982
"763","KEN898","21 December 2001",2001,1,"Political violence","Violence against civilians","Attack","Toposa Ethnic Militia (Sudan)","Pastoralists (Kenya)",4,"Civilians (Kenya)","Turkana Ethnic Group (Kenya)",7,47,"Civilian targeting",404,"Eastern Africa","Kenya","Nakuru","Nakuru North","Kabatini","Nakuru",-0.2441,36.142,3,"Reuters; AFP","International","Sudanese Toposa cattle rustlers attacked a group of Kenyan Turkana herdsmen in northwest Kenya",0,NA,1618561083,11983
"764","KEN870","23 September 2001",2001,1,"Political violence","Battles","Armed clash","Turkana Ethnic Militia (Sudan)","Pastoralists (Kenya)",4,"Toposa Ethnic Militia (Sudan)","Pastoralists (Kenya)",4,44,NA,404,"Eastern Africa","Kenya","Nakuru","Nakuru North","Kabatini","Nakuru",-0.2441,36.142,3,"AP","International","Rival Turkana and Toposa herdsmen clashed in Kenya near the Sudanese border - 10 Turkana and 2 Toposa were killed",12,NA,1618561081,12009
"765","KEN865","17 September 2001",2001,1,"Political violence","Battles","Armed clash","Turkana Ethnic Militia (Kenya)","Pastoralists (Kenya)",4,"Military Forces of Kenya (1978-2002)","Military Forces of Kenya (1978-2002)",1,14,NA,404,"Eastern Africa","Kenya","Nakuru","Nakuru North","Kabatini","Nakuru",-0.2441,36.142,3,"AP","International","Armed Turkana herdsmen attacked rival Toposa herdsmen near the Kenya-Sudan border, they were repulsed by Kenyan police and soldiers - 8 Turkana herdsmen were killed",8,NA,1618561081,12014
"766","KEN866","17 September 2001",2001,1,"Political violence","Battles","Armed clash","Turkana Ethnic Militia (Kenya)","Pastoralists (Kenya)",4,"Toposa Ethnic Militia (Sudan)","Pastoralists (Kenya)",4,44,NA,404,"Eastern Africa","Kenya","Nakuru","Nakuru North","Kabatini","Nakuru",-0.2441,36.142,3,"AP","International","Armed Turkana herdsmen attacked rival Toposa herdsmen near the Kenya-Sudan border",0,NA,1618561081,12015
"767","KEN829","02 July 2001",2001,2,"Political violence","Violence against civilians","Attack","Toposa Ethnic Militia (Sudan)",NA,4,"Civilians (Sudan)","Turkana Ethnic Group (Kenya)",7,47,"Civilian targeting",404,"Eastern Africa","Kenya","Turkana","Turkana West","Lokichoggio","Lokichoggio",4.2,34.35,1,"Local Source","International","Toposa militia last week raided more than 400 head of cattle from Turkana pastoralists at Lokichoggio in a revenge attack",0,NA,1574110456,12050
"768","KEN777","14 March 2001",2001,1,"Political violence","Battles","Armed clash","Gucha Herdsman Militia (Kenya)","Pastoralists (Kenya)",4,"Police Forces of Kenya (1978-2002)",NA,1,14,NA,404,"Eastern Africa","Kenya","Kisii","Nyaribari Chache","Kisii Central","Kisii",-0.6833,34.7667,3,"KTN News (Kenya)","National","Police put down a re-escalation of hostilities from Gucha herdsmen.",0,NA,1563305274,12102
"769","KEN766","17 February 2001",2001,2,"Political violence","Violence against civilians","Attack","Unidentified Ethnic Militia (Kenya)",NA,4,"Civilians (Kenya)",NA,7,47,"Civilian targeting",404,"Eastern Africa","Kenya","Wajir","Wajir East","Wagberi","Mbuna",1.75,40.07,2,"Local Source","International","Bandits attack nomadic pastoralists, one killed.",1,NA,1618561074,12113
