"","longitude","latitude","NMdata.EA_ag","NMdata.phytomass"
"1",34.25,-0.75,0.605000019073486,NA
"2",34.25,-0.75,0.605000019073486,80.886962890625
"3",34.25,-0.75,0.605000019073486,84.7737045288086
"4",34.25,-0.75,0.605000019073486,79.6522064208984
"5",34.25,-0.75,0.605000019073486,84.712516784668
"6",34.25,-0.75,0.605000019073486,76.267578125
"7",34.25,-0.75,0.605000019073486,73.5637588500977
"8",34.25,-0.75,0.605000019073486,70.4947357177734
"9",34.25,-0.75,0.605000019073486,75.5662841796875
"10",34.25,-0.75,0.605000019073486,79.797737121582
"11",34.25,-0.75,0.605000019073486,73.2153472900391
"12",34.25,-0.75,0.605000019073486,77.487190246582
"13",34.25,-0.75,0.605000019073486,86.5873870849609
"14",34.25,-0.75,0.605000019073486,69.0618209838867
"15",34.25,-0.75,0.605000019073486,72.1389541625977
"16",34.25,-0.75,0.605000019073486,77.2070083618164
"17",34.25,-0.75,0.605000019073486,72.9160919189453
"18",34.25,-0.75,0.605000019073486,79.3387985229492
"19",34.25,-0.75,0.605000019073486,76.0743789672852
"20",34.25,-0.75,0.605000019073486,70.6684875488281
"21",34.25,-0.75,0.605000019073486,84.768440246582
"22",34.25,-0.75,0.605000019073486,89.5807723999023
"23",34.25,-0.25,0.605000019073486,83.114631652832
"24",34.25,-0.25,0.605000019073486,75.726936340332
"25",34.25,-0.25,0.605000019073486,NA
"26",34.25,-0.25,0.605000019073486,74.0563430786133
"27",34.25,-0.25,0.605000019073486,82.5305023193359
"28",34.25,-0.25,0.605000019073486,71.1794891357422
"29",34.25,-0.25,0.605000019073486,77.1279754638672
"30",34.25,-0.25,0.605000019073486,88.0281448364258
"31",34.25,-0.25,0.605000019073486,79.5312347412109
"32",34.25,-0.25,0.605000019073486,77.9856185913086
"33",34.25,-0.25,0.605000019073486,80.0447311401367
"34",34.25,-0.25,0.605000019073486,76.837028503418
"35",34.25,-0.25,0.605000019073486,76.3457870483398
"36",34.25,-0.25,0.605000019073486,84.2758483886719
"37",34.25,-0.25,0.605000019073486,80.872444152832
"38",34.25,-0.25,0.605000019073486,76.9266357421875
"39",34.25,-0.25,0.605000019073486,69.0187835693359
"40",34.25,-0.25,0.605000019073486,70.4628067016602
"41",34.25,-0.25,0.605000019073486,74.5016250610352
"42",34.25,-0.25,0.605000019073486,72.7763748168945
"43",34.25,-0.25,0.605000019073486,77.0147705078125
"44",34.25,-0.25,0.605000019073486,65.2138595581055
"45",34.25,0.25,0.605000019073486,NA
"46",34.25,0.25,0.605000019073486,90.62353515625
"47",34.25,0.25,0.605000019073486,79.9355163574219
"48",34.25,0.25,0.605000019073486,84.3681411743164
"49",34.25,0.25,0.605000019073486,77.2445297241211
"50",34.25,0.25,0.605000019073486,83.3978424072266
"51",34.25,0.25,0.605000019073486,74.1800079345703
"52",34.25,0.25,0.605000019073486,80.9406433105469
"53",34.25,0.25,0.605000019073486,79.9444732666016
"54",34.25,0.25,0.605000019073486,77.2881469726562
"55",34.25,0.25,0.605000019073486,81.8349075317383
"56",34.25,0.25,0.605000019073486,89.552375793457
"57",34.25,0.25,0.605000019073486,84.5747985839844
"58",34.25,0.25,0.605000019073486,88.5573348999023
"59",34.25,0.25,0.605000019073486,79.0875701904297
"60",34.25,0.25,0.605000019073486,81.0367050170898
"61",34.25,0.25,0.605000019073486,82.3761520385742
"62",34.25,0.25,0.605000019073486,84.2599639892578
"63",34.25,0.25,0.605000019073486,85.6873016357422
"64",34.25,0.25,0.605000019073486,81.3131408691406
"65",34.25,0.25,0.605000019073486,77.7639846801758
"66",34.25,0.25,0.605000019073486,79.4396286010742
"67",34.25,4.25,0.405000001192093,28.0117340087891
"68",34.25,4.25,0.405000001192093,NA
"69",34.25,4.25,0.405000001192093,26.8862972259521
"70",34.25,4.25,0.405000001192093,22.0688877105713
"71",34.25,4.25,0.405000001192093,40.7523803710938
"72",34.25,4.25,0.405000001192093,33.9900817871094
"73",34.25,4.25,0.405000001192093,21.8700714111328
"74",34.25,4.25,0.405000001192093,40.5572738647461
"75",34.25,4.25,0.405000001192093,23.6851673126221
"76",34.25,4.25,0.405000001192093,35.9595260620117
"77",34.25,4.25,0.405000001192093,30.914119720459
"78",34.25,4.25,0.405000001192093,29.5862216949463
"79",34.25,4.25,0.405000001192093,24.0909824371338
"80",34.25,4.25,0.405000001192093,23.0218658447266
"81",34.25,4.25,0.405000001192093,21.6758861541748
"82",34.25,4.25,0.405000001192093,20.8471736907959
"83",34.25,4.25,0.405000001192093,15.609845161438
"84",34.25,4.25,0.405000001192093,34.7855339050293
"85",34.25,4.25,0.405000001192093,27.4278602600098
"86",34.25,4.25,0.405000001192093,20.6041622161865
"87",34.25,4.25,0.405000001192093,35.2781257629395
"88",34.25,4.25,0.405000001192093,32.2045631408691
"89",34.75,-1.25,0.704999983310699,NA
"90",34.75,-1.25,0.704999983310699,76.6727905273438
"91",34.75,-1.25,0.704999983310699,81.5664291381836
"92",34.75,-1.25,0.704999983310699,77.4270172119141
"93",34.75,-1.25,0.704999983310699,73.7287445068359
"94",34.75,-1.25,0.704999983310699,69.1450729370117
"95",34.75,-1.25,0.704999983310699,78.5120697021484
"96",34.75,-1.25,0.704999983310699,84.7944259643555
"97",34.75,-1.25,0.704999983310699,84.7310028076172
"98",34.75,-1.25,0.704999983310699,77.1576995849609
"99",34.75,-1.25,0.704999983310699,75.9526443481445
"100",34.75,-1.25,0.704999983310699,80.2229843139648
"101",34.75,-1.25,0.704999983310699,74.4601898193359
"102",34.75,-1.25,0.704999983310699,76.0627899169922
"103",34.75,-1.25,0.704999983310699,74.3456497192383
"104",34.75,-1.25,0.704999983310699,81.7594604492188
"105",34.75,-1.25,0.704999983310699,78.126579284668
"106",34.75,-1.25,0.704999983310699,87.5869750976562
"107",34.75,-1.25,0.704999983310699,79.2610244750977
"108",34.75,-1.25,0.704999983310699,78.1147689819336
"109",34.75,-1.25,0.704999983310699,67.237434387207
"110",34.75,-1.25,0.704999983310699,87.2788619995117
"111",34.75,-0.75,0.704999983310699,90.0912399291992
"112",34.75,-0.75,0.704999983310699,NA
"113",34.75,-0.75,0.704999983310699,85.3247680664062
"114",34.75,-0.75,0.704999983310699,91.4207534790039
"115",34.75,-0.75,0.704999983310699,87.1775817871094
"116",34.75,-0.75,0.704999983310699,88.0554504394531
"117",34.75,-0.75,0.704999983310699,83.6209106445312
"118",34.75,-0.75,0.704999983310699,91.4741744995117
"119",34.75,-0.75,0.704999983310699,87.0387573242188
"120",34.75,-0.75,0.704999983310699,86.9579238891602
"121",34.75,-0.75,0.704999983310699,82.3423919677734
"122",34.75,-0.75,0.704999983310699,91.0322723388672
"123",34.75,-0.75,0.704999983310699,99.8736724853516
"124",34.75,-0.75,0.704999983310699,84.6787338256836
"125",34.75,-0.75,0.704999983310699,99.1413040161133
"126",34.75,-0.75,0.704999983310699,105.247192382812
"127",34.75,-0.75,0.704999983310699,96.2407608032227
"128",34.75,-0.75,0.704999983310699,94.6817016601562
"129",34.75,-0.75,0.704999983310699,88.8733062744141
"130",34.75,-0.75,0.704999983310699,97.9050750732422
"131",34.75,-0.75,0.704999983310699,106.463653564453
"132",34.75,-0.75,0.704999983310699,88.5715484619141
"133",34.75,0.25,0.605000019073486,86.6251602172852
"134",34.75,0.25,0.605000019073486,91.8407669067383
"135",34.75,0.25,0.605000019073486,97.0475006103516
"136",34.75,0.25,0.605000019073486,99.5169448852539
"137",34.75,0.25,0.605000019073486,NA
"138",34.75,0.25,0.605000019073486,96.5278167724609
"139",34.75,0.25,0.605000019073486,89.3001556396484
"140",34.75,0.25,0.605000019073486,87.2604217529297
"141",34.75,0.25,0.605000019073486,87.1595001220703
"142",34.75,0.25,0.605000019073486,85.4327087402344
"143",34.75,0.25,0.605000019073486,85.0454483032227
"144",34.75,0.25,0.605000019073486,99.4095764160156
"145",34.75,0.25,0.605000019073486,92.762077331543
"146",34.75,0.25,0.605000019073486,88.2394409179688
"147",34.75,0.25,0.605000019073486,91.8996124267578
"148",34.75,0.25,0.605000019073486,86.059326171875
"149",34.75,0.25,0.605000019073486,106.353698730469
"150",34.75,0.25,0.605000019073486,84.4473495483398
"151",34.75,0.25,0.605000019073486,89.2469253540039
"152",34.75,0.25,0.605000019073486,89.4534606933594
"153",34.75,0.25,0.605000019073486,98.307487487793
"154",34.75,0.25,0.605000019073486,104.017959594727
"155",34.75,0.75,0.605000019073486,92.8600540161133
"156",34.75,0.75,0.605000019073486,NA
"157",34.75,0.75,0.605000019073486,90.2467880249023
"158",34.75,0.75,0.605000019073486,95.2810440063477
"159",34.75,0.75,0.605000019073486,87.0372695922852
"160",34.75,0.75,0.605000019073486,77.3802871704102
"161",34.75,0.75,0.605000019073486,91.0697860717773
"162",34.75,0.75,0.605000019073486,73.6117401123047
"163",34.75,0.75,0.605000019073486,87.5394287109375
"164",34.75,0.75,0.605000019073486,80.2189254760742
"165",34.75,0.75,0.605000019073486,72.5341567993164
"166",34.75,0.75,0.605000019073486,76.7031173706055
"167",34.75,0.75,0.605000019073486,75.82275390625
"168",34.75,0.75,0.605000019073486,81.00830078125
"169",34.75,0.75,0.605000019073486,80.5469665527344
"170",34.75,0.75,0.605000019073486,77.876708984375
"171",34.75,0.75,0.605000019073486,71.5638961791992
"172",34.75,0.75,0.605000019073486,91.6720123291016
"173",34.75,0.75,0.605000019073486,73.9939041137695
"174",34.75,0.75,0.605000019073486,70.9687652587891
"175",34.75,0.75,0.605000019073486,71.7257385253906
"176",34.75,0.75,0.605000019073486,75.6149749755859
"177",34.75,3.25,0.405000001192093,32.7170257568359
"178",34.75,3.25,0.405000001192093,39.2171592712402
"179",34.75,3.25,0.405000001192093,34.6408004760742
"180",34.75,3.25,0.405000001192093,NA
"181",34.75,3.25,0.405000001192093,18.1449508666992
"182",34.75,3.25,0.405000001192093,37.662296295166
"183",34.75,3.25,0.405000001192093,25.9587574005127
"184",34.75,3.25,0.405000001192093,32.1750831604004
"185",34.75,3.25,0.405000001192093,35.6436729431152
"186",34.75,3.25,0.405000001192093,30.7558364868164
"187",34.75,3.25,0.405000001192093,22.7142887115479
"188",34.75,3.25,0.405000001192093,23.9841232299805
"189",34.75,3.25,0.405000001192093,25.3757286071777
"190",34.75,3.25,0.405000001192093,31.2805786132812
"191",34.75,3.25,0.405000001192093,22.2384872436523
"192",34.75,3.25,0.405000001192093,30.6772632598877
"193",34.75,3.25,0.405000001192093,23.2694816589355
"194",34.75,3.25,0.405000001192093,43.6220092773438
"195",34.75,3.25,0.405000001192093,30.4354114532471
"196",34.75,3.25,0.405000001192093,21.9747924804688
"197",34.75,3.25,0.405000001192093,20.8729991912842
"198",34.75,3.25,0.405000001192093,21.9503860473633
"199",34.75,3.75,0.405000001192093,10.8562612533569
"200",34.75,3.75,0.405000001192093,15.7148780822754
"201",34.75,3.75,0.405000001192093,14.8119087219238
"202",34.75,3.75,0.405000001192093,22.182523727417
"203",34.75,3.75,0.405000001192093,NA
"204",34.75,3.75,0.405000001192093,15.8894968032837
"205",34.75,3.75,0.405000001192093,19.3818702697754
"206",34.75,3.75,0.405000001192093,7.8352575302124
"207",34.75,3.75,0.405000001192093,11.9118213653564
"208",34.75,3.75,0.405000001192093,15.9422874450684
"209",34.75,3.75,0.405000001192093,8.53801345825195
"210",34.75,3.75,0.405000001192093,10.6857309341431
"211",34.75,3.75,0.405000001192093,10.4053401947021
"212",34.75,3.75,0.405000001192093,15.7012386322021
"213",34.75,3.75,0.405000001192093,18.54563331604
"214",34.75,3.75,0.405000001192093,10.3202219009399
"215",34.75,3.75,0.405000001192093,16.1000709533691
"216",34.75,3.75,0.405000001192093,11.0357303619385
"217",34.75,3.75,0.405000001192093,12.3156137466431
"218",34.75,3.75,0.405000001192093,14.6208591461182
"219",34.75,3.75,0.405000001192093,15.9172220230103
"220",34.75,3.75,0.405000001192093,10.6900014877319
"221",34.75,4.25,0.405000001192093,14.0180864334106
"222",34.75,4.25,0.405000001192093,9.29161548614502
"223",34.75,4.25,0.405000001192093,14.0148916244507
"224",34.75,4.25,0.405000001192093,10.9491596221924
"225",34.75,4.25,0.405000001192093,NA
"226",34.75,4.25,0.405000001192093,10.8982133865356
"227",34.75,4.25,0.405000001192093,8.35015106201172
"228",34.75,4.25,0.405000001192093,12.7200899124146
"229",34.75,4.25,0.405000001192093,18.838321685791
"230",34.75,4.25,0.405000001192093,14.9163093566895
"231",34.75,4.25,0.405000001192093,7.41148948669434
"232",34.75,4.25,0.405000001192093,14.7770462036133
"233",34.75,4.25,0.405000001192093,9.09626770019531
"234",34.75,4.25,0.405000001192093,12.9126844406128
"235",34.75,4.25,0.405000001192093,5.39970445632935
"236",34.75,4.25,0.405000001192093,7.40033054351807
"237",34.75,4.25,0.405000001192093,10.4952325820923
"238",34.75,4.25,0.405000001192093,21.2792835235596
"239",34.75,4.25,0.405000001192093,22.7024745941162
"240",34.75,4.25,0.405000001192093,9.20468330383301
"241",34.75,4.25,0.405000001192093,16.7195339202881
"242",34.75,4.25,0.405000001192093,14.8188018798828
"243",35.25,-1.25,0.025000000372529,55.1874237060547
"244",35.25,-1.25,0.025000000372529,46.6658477783203
"245",35.25,-1.25,0.025000000372529,NA
"246",35.25,-1.25,0.025000000372529,56.5640449523926
"247",35.25,-1.25,0.025000000372529,65.2768325805664
"248",35.25,-1.25,0.025000000372529,50.1904640197754
"249",35.25,-1.25,0.025000000372529,60.5197982788086
"250",35.25,-1.25,0.025000000372529,63.6673583984375
"251",35.25,-1.25,0.025000000372529,60.9694747924805
"252",35.25,-1.25,0.025000000372529,40.5253791809082
"253",35.25,-1.25,0.025000000372529,67.0102005004883
"254",35.25,-1.25,0.025000000372529,59.4906196594238
"255",35.25,-1.25,0.025000000372529,56.3179512023926
"256",35.25,-1.25,0.025000000372529,58.1612319946289
"257",35.25,-1.25,0.025000000372529,58.1644859313965
"258",35.25,-1.25,0.025000000372529,62.6259536743164
"259",35.25,-1.25,0.025000000372529,61.9226341247559
"260",35.25,-1.25,0.025000000372529,65.0604095458984
"261",35.25,-1.25,0.025000000372529,68.4213027954102
"262",35.25,-1.25,0.025000000372529,64.8948593139648
"263",35.25,-1.25,0.025000000372529,48.1684722900391
"264",35.25,-1.25,0.025000000372529,56.3457412719727
"265",35.25,-0.75,0.504999995231628,NA
"266",35.25,-0.75,0.504999995231628,88.5043716430664
"267",35.25,-0.75,0.504999995231628,90.7692337036133
"268",35.25,-0.75,0.504999995231628,88.1503982543945
"269",35.25,-0.75,0.504999995231628,88.2858581542969
"270",35.25,-0.75,0.504999995231628,80.934326171875
"271",35.25,-0.75,0.504999995231628,98.6063690185547
"272",35.25,-0.75,0.504999995231628,111.100608825684
"273",35.25,-0.75,0.504999995231628,84.3759002685547
"274",35.25,-0.75,0.504999995231628,105.040367126465
"275",35.25,-0.75,0.504999995231628,96.2033233642578
"276",35.25,-0.75,0.504999995231628,92.1060256958008
"277",35.25,-0.75,0.504999995231628,91.5321807861328
"278",35.25,-0.75,0.504999995231628,96.801628112793
"279",35.25,-0.75,0.504999995231628,94.4900131225586
"280",35.25,-0.75,0.504999995231628,85.1499938964844
"281",35.25,-0.75,0.504999995231628,93.3088607788086
"282",35.25,-0.75,0.504999995231628,108.453201293945
"283",35.25,-0.75,0.504999995231628,101.590530395508
"284",35.25,-0.75,0.504999995231628,89.5735931396484
"285",35.25,-0.75,0.504999995231628,107.920989990234
"286",35.25,-0.75,0.504999995231628,106.095474243164
"287",35.25,-0.25,0.504999995231628,NA
"288",35.25,-0.25,0.504999995231628,98.9285125732422
"289",35.25,-0.25,0.504999995231628,106.097206115723
"290",35.25,-0.25,0.504999995231628,102.022125244141
"291",35.25,-0.25,0.504999995231628,89.3593673706055
"292",35.25,-0.25,0.504999995231628,90.095085144043
"293",35.25,-0.25,0.504999995231628,104.217750549316
"294",35.25,-0.25,0.504999995231628,89.9025192260742
"295",35.25,-0.25,0.504999995231628,93.9378967285156
"296",35.25,-0.25,0.504999995231628,105.721397399902
"297",35.25,-0.25,0.504999995231628,91.7373123168945
"298",35.25,-0.25,0.504999995231628,107.870613098145
"299",35.25,-0.25,0.504999995231628,89.8196868896484
"300",35.25,-0.25,0.504999995231628,101.711547851562
"301",35.25,-0.25,0.504999995231628,92.0256805419922
"302",35.25,-0.25,0.504999995231628,95.8957672119141
"303",35.25,-0.25,0.504999995231628,89.8616485595703
"304",35.25,-0.25,0.504999995231628,86.1098251342773
"305",35.25,-0.25,0.504999995231628,94.6830444335938
"306",35.25,-0.25,0.504999995231628,93.1116638183594
"307",35.25,-0.25,0.504999995231628,89.6543655395508
"308",35.25,-0.25,0.504999995231628,93.6930770874023
"309",35.25,0.25,0.504999995231628,86.7143859863281
"310",35.25,0.25,0.504999995231628,NA
"311",35.25,0.25,0.504999995231628,84.3478469848633
"312",35.25,0.25,0.504999995231628,77.4515991210938
"313",35.25,0.25,0.504999995231628,103.922958374023
"314",35.25,0.25,0.504999995231628,100.53736114502
"315",35.25,0.25,0.504999995231628,84.1820449829102
"316",35.25,0.25,0.504999995231628,100.191787719727
"317",35.25,0.25,0.504999995231628,86.3659057617188
"318",35.25,0.25,0.504999995231628,88.8374176025391
"319",35.25,0.25,0.504999995231628,83.1317749023438
"320",35.25,0.25,0.504999995231628,96.8390350341797
"321",35.25,0.25,0.504999995231628,81.3373031616211
"322",35.25,0.25,0.504999995231628,80.7356948852539
"323",35.25,0.25,0.504999995231628,105.181098937988
"324",35.25,0.25,0.504999995231628,80.6853942871094
"325",35.25,0.25,0.504999995231628,101.105514526367
"326",35.25,0.25,0.504999995231628,88.446403503418
"327",35.25,0.25,0.504999995231628,85.3889007568359
"328",35.25,0.25,0.504999995231628,82.3796463012695
"329",35.25,0.25,0.504999995231628,94.6092987060547
"330",35.25,0.25,0.504999995231628,84.0985870361328
"331",35.25,0.75,0.504999995231628,61.9810981750488
"332",35.25,0.75,0.504999995231628,61.9872970581055
"333",35.25,0.75,0.504999995231628,NA
"334",35.25,0.75,0.504999995231628,57.8213996887207
"335",35.25,0.75,0.504999995231628,81.4970703125
"336",35.25,0.75,0.504999995231628,79.1076583862305
"337",35.25,0.75,0.504999995231628,56.8849830627441
"338",35.25,0.75,0.504999995231628,75.964973449707
"339",35.25,0.75,0.504999995231628,83.6803131103516
"340",35.25,0.75,0.504999995231628,59.8871803283691
"341",35.25,0.75,0.504999995231628,76.8861083984375
"342",35.25,0.75,0.504999995231628,65.2550964355469
"343",35.25,0.75,0.504999995231628,69.3517837524414
"344",35.25,0.75,0.504999995231628,55.5600738525391
"345",35.25,0.75,0.504999995231628,79.1204833984375
"346",35.25,0.75,0.504999995231628,65.5607452392578
"347",35.25,0.75,0.504999995231628,56.0055236816406
"348",35.25,0.75,0.504999995231628,65.9918441772461
"349",35.25,0.75,0.504999995231628,79.8983612060547
"350",35.25,0.75,0.504999995231628,64.2835006713867
"351",35.25,0.75,0.504999995231628,69.5637817382812
"352",35.25,0.75,0.504999995231628,64.4511108398438
"353",35.25,1.25,NA,73.4546737670898
"354",35.25,1.25,NA,NA
"355",35.25,1.25,NA,80.7327041625977
"356",35.25,1.25,NA,80.6576461791992
"357",35.25,1.25,NA,69.2243118286133
"358",35.25,1.25,NA,82.0819320678711
"359",35.25,1.25,NA,68.986457824707
"360",35.25,1.25,NA,72.2198333740234
"361",35.25,1.25,NA,79.8333129882812
"362",35.25,1.25,NA,74.8792266845703
"363",35.25,1.25,NA,68.0564117431641
"364",35.25,1.25,NA,71.1170196533203
"365",35.25,1.25,NA,65.0753784179688
"366",35.25,1.25,NA,65.2559280395508
"367",35.25,1.25,NA,61.7543792724609
"368",35.25,1.25,NA,63.3143615722656
"369",35.25,1.25,NA,62.3668899536133
"370",35.25,1.25,NA,66.9599151611328
"371",35.25,1.25,NA,71.8379440307617
"372",35.25,1.25,NA,78.2349014282227
"373",35.25,1.25,NA,82.2532424926758
"374",35.25,1.25,NA,79.2024688720703
"375",35.25,1.75,NA,57.4561805725098
"376",35.25,1.75,NA,46.3884429931641
"377",35.25,1.75,NA,NA
"378",35.25,1.75,NA,55.9201774597168
"379",35.25,1.75,NA,51.8326759338379
"380",35.25,1.75,NA,49.0322799682617
"381",35.25,1.75,NA,49.2430076599121
"382",35.25,1.75,NA,41.5396957397461
"383",35.25,1.75,NA,49.2553253173828
"384",35.25,1.75,NA,43.6386070251465
"385",35.25,1.75,NA,39.4638786315918
"386",35.25,1.75,NA,51.7518005371094
"387",35.25,1.75,NA,35.6641006469727
"388",35.25,1.75,NA,59.1839485168457
"389",35.25,1.75,NA,50.7660751342773
"390",35.25,1.75,NA,41.8021469116211
"391",35.25,1.75,NA,43.3249473571777
"392",35.25,1.75,NA,35.5002632141113
"393",35.25,1.75,NA,35.3917083740234
"394",35.25,1.75,NA,51.2530097961426
"395",35.25,1.75,NA,58.896614074707
"396",35.25,1.75,NA,42.6930923461914
"397",35.25,2.25,0.405000001192093,38.1066131591797
"398",35.25,2.25,0.405000001192093,NA
"399",35.25,2.25,0.405000001192093,34.9935569763184
"400",35.25,2.25,0.405000001192093,29.08376121521
"401",35.25,2.25,0.405000001192093,28.1123123168945
"402",35.25,2.25,0.405000001192093,35.5707626342773
"403",35.25,2.25,0.405000001192093,44.2164535522461
"404",35.25,2.25,0.405000001192093,27.5821647644043
"405",35.25,2.25,0.405000001192093,23.8367595672607
"406",35.25,2.25,0.405000001192093,36.3144950866699
"407",35.25,2.25,0.405000001192093,27.3269920349121
"408",35.25,2.25,0.405000001192093,24.3348007202148
"409",35.25,2.25,0.405000001192093,41.6752700805664
"410",35.25,2.25,0.405000001192093,19.9780540466309
"411",35.25,2.25,0.405000001192093,26.694543838501
"412",35.25,2.25,0.405000001192093,26.7424926757812
"413",35.25,2.25,0.405000001192093,43.6536407470703
"414",35.25,2.25,0.405000001192093,43.0461692810059
"415",35.25,2.25,0.405000001192093,36.9359016418457
"416",35.25,2.25,0.405000001192093,39.9360008239746
"417",35.25,2.25,0.405000001192093,40.4287528991699
"418",35.25,2.25,0.405000001192093,32.6598701477051
"419",35.25,2.75,0.405000001192093,10.0439863204956
"420",35.25,2.75,0.405000001192093,NA
"421",35.25,2.75,0.405000001192093,13.9639415740967
"422",35.25,2.75,0.405000001192093,7.00821352005005
"423",35.25,2.75,0.405000001192093,5.82033824920654
"424",35.25,2.75,0.405000001192093,6.60681056976318
"425",35.25,2.75,0.405000001192093,6.68412446975708
"426",35.25,2.75,0.405000001192093,6.43288087844849
"427",35.25,2.75,0.405000001192093,14.4598445892334
"428",35.25,2.75,0.405000001192093,9.01204872131348
"429",35.25,2.75,0.405000001192093,9.70247459411621
"430",35.25,2.75,0.405000001192093,11.9766798019409
"431",35.25,2.75,0.405000001192093,11.3284273147583
"432",35.25,2.75,0.405000001192093,11.7254953384399
"433",35.25,2.75,0.405000001192093,10.9540300369263
"434",35.25,2.75,0.405000001192093,6.63111066818237
"435",35.25,2.75,0.405000001192093,5.15776443481445
"436",35.25,2.75,0.405000001192093,7.24036693572998
"437",35.25,2.75,0.405000001192093,9.92407131195068
"438",35.25,2.75,0.405000001192093,8.3137845993042
"439",35.25,2.75,0.405000001192093,9.98729515075684
"440",35.25,2.75,0.405000001192093,6.61206436157227
"441",35.25,3.25,0.405000001192093,12.0776300430298
"442",35.25,3.25,0.405000001192093,10.1503219604492
"443",35.25,3.25,0.405000001192093,NA
"444",35.25,3.25,0.405000001192093,11.4636306762695
"445",35.25,3.25,0.405000001192093,9.08954811096191
"446",35.25,3.25,0.405000001192093,17.0857181549072
"447",35.25,3.25,0.405000001192093,8.65080261230469
"448",35.25,3.25,0.405000001192093,14.2059946060181
"449",35.25,3.25,0.405000001192093,7.99622058868408
"450",35.25,3.25,0.405000001192093,9.2002477645874
"451",35.25,3.25,0.405000001192093,11.3720235824585
"452",35.25,3.25,0.405000001192093,10.1310520172119
"453",35.25,3.25,0.405000001192093,8.58260536193848
"454",35.25,3.25,0.405000001192093,8.31853199005127
"455",35.25,3.25,0.405000001192093,12.2189884185791
"456",35.25,3.25,0.405000001192093,6.82717514038086
"457",35.25,3.25,0.405000001192093,16.516227722168
"458",35.25,3.25,0.405000001192093,13.6366777420044
"459",35.25,3.25,0.405000001192093,14.1560325622559
"460",35.25,3.25,0.405000001192093,13.4398422241211
"461",35.25,3.25,0.405000001192093,9.68101119995117
"462",35.25,3.25,0.405000001192093,13.2411613464355
"463",35.25,3.75,0.405000001192093,10.4449014663696
"464",35.25,3.75,0.405000001192093,6.98612308502197
"465",35.25,3.75,0.405000001192093,11.1603393554688
"466",35.25,3.75,0.405000001192093,9.94179725646973
"467",35.25,3.75,0.405000001192093,NA
"468",35.25,3.75,0.405000001192093,7.19217681884766
"469",35.25,3.75,0.405000001192093,9.46014213562012
"470",35.25,3.75,0.405000001192093,14.3535480499268
"471",35.25,3.75,0.405000001192093,6.66414403915405
"472",35.25,3.75,0.405000001192093,8.75177001953125
"473",35.25,3.75,0.405000001192093,6.64571475982666
"474",35.25,3.75,0.405000001192093,8.21108055114746
"475",35.25,3.75,0.405000001192093,7.26094436645508
"476",35.25,3.75,0.405000001192093,12.1978969573975
"477",35.25,3.75,0.405000001192093,13.323694229126
"478",35.25,3.75,0.405000001192093,10.7171716690063
"479",35.25,3.75,0.405000001192093,6.74767065048218
"480",35.25,3.75,0.405000001192093,5.68372058868408
"481",35.25,3.75,0.405000001192093,5.39244699478149
"482",35.25,3.75,0.405000001192093,8.40016269683838
"483",35.25,3.75,0.405000001192093,10.4960794448853
"484",35.25,3.75,0.405000001192093,10.1729764938354
"485",35.25,4.25,0.405000001192093,NA
"486",35.25,4.25,0.405000001192093,13.8610963821411
"487",35.25,4.25,0.405000001192093,8.36001205444336
"488",35.25,4.25,0.405000001192093,11.6100969314575
"489",35.25,4.25,0.405000001192093,11.8963317871094
"490",35.25,4.25,0.405000001192093,11.4751081466675
"491",35.25,4.25,0.405000001192093,13.4703073501587
"492",35.25,4.25,0.405000001192093,6.25474739074707
"493",35.25,4.25,0.405000001192093,7.75262451171875
"494",35.25,4.25,0.405000001192093,7.13826847076416
"495",35.25,4.25,0.405000001192093,10.551513671875
"496",35.25,4.25,0.405000001192093,5.21366167068481
"497",35.25,4.25,0.405000001192093,6.68586540222168
"498",35.25,4.25,0.405000001192093,12.8011722564697
"499",35.25,4.25,0.405000001192093,10.1544303894043
"500",35.25,4.25,0.405000001192093,12.1226644515991
"501",35.25,4.25,0.405000001192093,13.5912065505981
"502",35.25,4.25,0.405000001192093,10.8476104736328
"503",35.25,4.25,0.405000001192093,7.59204626083374
"504",35.25,4.25,0.405000001192093,11.5243234634399
"505",35.25,4.25,0.405000001192093,7.53634595870972
"506",35.25,4.25,0.405000001192093,9.87868213653564
"507",35.75,-1.75,0.025000000372529,61.9985084533691
"508",35.75,-1.75,0.025000000372529,NA
"509",35.75,-1.75,0.025000000372529,54.0446243286133
"510",35.75,-1.75,0.025000000372529,65.382453918457
"511",35.75,-1.75,0.025000000372529,66.7172088623047
"512",35.75,-1.75,0.025000000372529,62.9678421020508
"513",35.75,-1.75,0.025000000372529,58.7950668334961
"514",35.75,-1.75,0.025000000372529,69.469123840332
"515",35.75,-1.75,0.025000000372529,45.5616226196289
"516",35.75,-1.75,0.025000000372529,67.999870300293
"517",35.75,-1.75,0.025000000372529,58.3574829101562
"518",35.75,-1.75,0.025000000372529,56.5409240722656
"519",35.75,-1.75,0.025000000372529,62.9105911254883
"520",35.75,-1.75,0.025000000372529,51.3823280334473
"521",35.75,-1.75,0.025000000372529,66.9310989379883
"522",35.75,-1.75,0.025000000372529,60.6100769042969
"523",35.75,-1.75,0.025000000372529,57.0959243774414
"524",35.75,-1.75,0.025000000372529,62.118221282959
"525",35.75,-1.75,0.025000000372529,69.8942794799805
"526",35.75,-1.75,0.025000000372529,60.2689018249512
"527",35.75,-1.75,0.025000000372529,42.0602493286133
"528",35.75,-1.75,0.025000000372529,67.5871963500977
"529",35.75,-1.25,0.025000000372529,36.5507965087891
"530",35.75,-1.25,0.025000000372529,NA
"531",35.75,-1.25,0.025000000372529,25.57497215271
"532",35.75,-1.25,0.025000000372529,48.7686042785645
"533",35.75,-1.25,0.025000000372529,46.0996856689453
"534",35.75,-1.25,0.025000000372529,43.2736282348633
"535",35.75,-1.25,0.025000000372529,36.7347602844238
"536",35.75,-1.25,0.025000000372529,40.3768157958984
"537",35.75,-1.25,0.025000000372529,41.4041748046875
"538",35.75,-1.25,0.025000000372529,36.9762840270996
"539",35.75,-1.25,0.025000000372529,50.3431243896484
"540",35.75,-1.25,0.025000000372529,31.3051261901855
"541",35.75,-1.25,0.025000000372529,46.696174621582
"542",35.75,-1.25,0.025000000372529,50.7817878723145
"543",35.75,-1.25,0.025000000372529,48.9670639038086
"544",35.75,-1.25,0.025000000372529,42.4591369628906
"545",35.75,-1.25,0.025000000372529,42.0871772766113
"546",35.75,-1.25,0.025000000372529,35.5165824890137
"547",35.75,-1.25,0.025000000372529,43.4148712158203
"548",35.75,-1.25,0.025000000372529,24.5944137573242
"549",35.75,-1.25,0.025000000372529,37.5203666687012
"550",35.75,-1.25,0.025000000372529,35.248291015625
"551",35.75,-0.75,0.025000000372529,NA
"552",35.75,-0.75,0.025000000372529,79.4321594238281
"553",35.75,-0.75,0.025000000372529,82.4454193115234
"554",35.75,-0.75,0.025000000372529,71.8686599731445
"555",35.75,-0.75,0.025000000372529,79.3649063110352
"556",35.75,-0.75,0.025000000372529,78.3447189331055
"557",35.75,-0.75,0.025000000372529,84.6071014404297
"558",35.75,-0.75,0.025000000372529,78.315071105957
"559",35.75,-0.75,0.025000000372529,87.8098068237305
"560",35.75,-0.75,0.025000000372529,84.7245101928711
"561",35.75,-0.75,0.025000000372529,74.2156677246094
"562",35.75,-0.75,0.025000000372529,92.2262649536133
"563",35.75,-0.75,0.025000000372529,78.8389663696289
"564",35.75,-0.75,0.025000000372529,85.5716857910156
"565",35.75,-0.75,0.025000000372529,80.1898574829102
"566",35.75,-0.75,0.025000000372529,76.5326843261719
"567",35.75,-0.75,0.025000000372529,78.5991973876953
"568",35.75,-0.75,0.025000000372529,71.2259063720703
"569",35.75,-0.75,0.025000000372529,66.9867172241211
"570",35.75,-0.75,0.025000000372529,76.7673187255859
"571",35.75,-0.75,0.025000000372529,80.6021881103516
"572",35.75,-0.75,0.025000000372529,79.7046890258789
"573",35.75,-0.25,0.025000000372529,NA
"574",35.75,-0.25,0.025000000372529,80.2650299072266
"575",35.75,-0.25,0.025000000372529,68.0862045288086
"576",35.75,-0.25,0.025000000372529,72.0705337524414
"577",35.75,-0.25,0.025000000372529,69.0787048339844
"578",35.75,-0.25,0.025000000372529,75.3226776123047
"579",35.75,-0.25,0.025000000372529,87.0480728149414
"580",35.75,-0.25,0.025000000372529,59.9439430236816
"581",35.75,-0.25,0.025000000372529,87.7018432617188
"582",35.75,-0.25,0.025000000372529,76.151985168457
"583",35.75,-0.25,0.025000000372529,78.8422927856445
"584",35.75,-0.25,0.025000000372529,82.1021728515625
"585",35.75,-0.25,0.025000000372529,76.7468109130859
"586",35.75,-0.25,0.025000000372529,83.0952453613281
"587",35.75,-0.25,0.025000000372529,82.5237731933594
"588",35.75,-0.25,0.025000000372529,76.9922943115234
"589",35.75,-0.25,0.025000000372529,73.3040313720703
"590",35.75,-0.25,0.025000000372529,80.5181427001953
"591",35.75,-0.25,0.025000000372529,60.627124786377
"592",35.75,-0.25,0.025000000372529,73.6917037963867
"593",35.75,-0.25,0.025000000372529,67.5003051757812
"594",35.75,-0.25,0.025000000372529,70.9438247680664
"595",35.75,0.25,0.405000001192093,NA
"596",35.75,0.25,0.405000001192093,70.6173858642578
"597",35.75,0.25,0.405000001192093,69.4710159301758
"598",35.75,0.25,0.405000001192093,84.6583709716797
"599",35.75,0.25,0.405000001192093,58.0940170288086
"600",35.75,0.25,0.405000001192093,81.1353988647461
"601",35.75,0.25,0.405000001192093,86.5999755859375
"602",35.75,0.25,0.405000001192093,67.9375839233398
"603",35.75,0.25,0.405000001192093,64.9662475585938
"604",35.75,0.25,0.405000001192093,79.7204971313477
"605",35.75,0.25,0.405000001192093,66.7518692016602
"606",35.75,0.25,0.405000001192093,78.3354721069336
"607",35.75,0.25,0.405000001192093,85.2807159423828
"608",35.75,0.25,0.405000001192093,53.8636894226074
"609",35.75,0.25,0.405000001192093,77.9789123535156
"610",35.75,0.25,0.405000001192093,82.2225494384766
"611",35.75,0.25,0.405000001192093,80.8960037231445
"612",35.75,0.25,0.405000001192093,73.2610015869141
"613",35.75,0.25,0.405000001192093,68.1694869995117
"614",35.75,0.25,0.405000001192093,61.4508399963379
"615",35.75,0.25,0.405000001192093,86.4718704223633
"616",35.75,0.25,0.405000001192093,63.4179611206055
"617",35.75,0.75,0.405000001192093,49.548957824707
"618",35.75,0.75,0.405000001192093,NA
"619",35.75,0.75,0.405000001192093,55.5820541381836
"620",35.75,0.75,0.405000001192093,62.8535423278809
"621",35.75,0.75,0.405000001192093,42.8750228881836
"622",35.75,0.75,0.405000001192093,71.1538925170898
"623",35.75,0.75,0.405000001192093,60.002758026123
"624",35.75,0.75,0.405000001192093,72.609748840332
"625",35.75,0.75,0.405000001192093,67.9375762939453
"626",35.75,0.75,0.405000001192093,47.6403121948242
"627",35.75,0.75,0.405000001192093,76.3291473388672
"628",35.75,0.75,0.405000001192093,72.2051467895508
"629",35.75,0.75,0.405000001192093,68.6713790893555
"630",35.75,0.75,0.405000001192093,60.7453498840332
"631",35.75,0.75,0.405000001192093,54.0730361938477
"632",35.75,0.75,0.405000001192093,66.3469161987305
"633",35.75,0.75,0.405000001192093,58.1905555725098
"634",35.75,0.75,0.405000001192093,47.6464157104492
"635",35.75,0.75,0.405000001192093,69.3203735351562
"636",35.75,0.75,0.405000001192093,66.8604125976562
"637",35.75,0.75,0.405000001192093,55.1980018615723
"638",35.75,0.75,0.405000001192093,62.763111114502
"639",35.75,1.25,NA,52.3060073852539
"640",35.75,1.25,NA,40.8330726623535
"641",35.75,1.25,NA,64.2302780151367
"642",35.75,1.25,NA,NA
"643",35.75,1.25,NA,55.7800674438477
"644",35.75,1.25,NA,54.4396476745605
"645",35.75,1.25,NA,53.4543380737305
"646",35.75,1.25,NA,61.4672088623047
"647",35.75,1.25,NA,43.3002243041992
"648",35.75,1.25,NA,46.6338348388672
"649",35.75,1.25,NA,57.6577606201172
"650",35.75,1.25,NA,59.0781288146973
"651",35.75,1.25,NA,48.0392570495605
"652",35.75,1.25,NA,57.6775054931641
"653",35.75,1.25,NA,48.2003555297852
"654",35.75,1.25,NA,50.6261253356934
"655",35.75,1.25,NA,59.4684753417969
"656",35.75,1.25,NA,47.7184371948242
"657",35.75,1.25,NA,42.6575088500977
"658",35.75,1.25,NA,54.1519508361816
"659",35.75,1.25,NA,65.6456146240234
"660",35.75,1.25,NA,62.9009094238281
"661",35.75,1.75,NA,20.0874176025391
"662",35.75,1.75,NA,21.0567874908447
"663",35.75,1.75,NA,NA
"664",35.75,1.75,NA,26.7488918304443
"665",35.75,1.75,NA,20.8844680786133
"666",35.75,1.75,NA,38.3765678405762
"667",35.75,1.75,NA,32.9215393066406
"668",35.75,1.75,NA,37.4110488891602
"669",35.75,1.75,NA,34.6906661987305
"670",35.75,1.75,NA,34.6422309875488
"671",35.75,1.75,NA,15.2914695739746
"672",35.75,1.75,NA,27.6823863983154
"673",35.75,1.75,NA,37.1845970153809
"674",35.75,1.75,NA,33.6970863342285
"675",35.75,1.75,NA,22.6201210021973
"676",35.75,1.75,NA,24.4533805847168
"677",35.75,1.75,NA,16.2949028015137
"678",35.75,1.75,NA,33.038631439209
"679",35.75,1.75,NA,17.0467891693115
"680",35.75,1.75,NA,20.2516212463379
"681",35.75,1.75,NA,28.5763759613037
"682",35.75,1.75,NA,26.1215705871582
"683",35.75,2.25,0.405000001192093,5.01374101638794
"684",35.75,2.25,0.405000001192093,12.8132696151733
"685",35.75,2.25,0.405000001192093,NA
"686",35.75,2.25,0.405000001192093,7.69978904724121
"687",35.75,2.25,0.405000001192093,15.9663505554199
"688",35.75,2.25,0.405000001192093,7.00915431976318
"689",35.75,2.25,0.405000001192093,11.4132328033447
"690",35.75,2.25,0.405000001192093,12.0579071044922
"691",35.75,2.25,0.405000001192093,7.39439964294434
"692",35.75,2.25,0.405000001192093,8.09067535400391
"693",35.75,2.25,0.405000001192093,13.0993242263794
"694",35.75,2.25,0.405000001192093,13.2641878128052
"695",35.75,2.25,0.405000001192093,13.8342866897583
"696",35.75,2.25,0.405000001192093,6.30448770523071
"697",35.75,2.25,0.405000001192093,7.68406915664673
"698",35.75,2.25,0.405000001192093,10.3034858703613
"699",35.75,2.25,0.405000001192093,7.15186214447021
"700",35.75,2.25,0.405000001192093,9.39639663696289
"701",35.75,2.25,0.405000001192093,11.6516284942627
"702",35.75,2.25,0.405000001192093,7.88275623321533
"703",35.75,2.25,0.405000001192093,13.2851037979126
"704",35.75,2.25,0.405000001192093,11.1976022720337
"705",35.75,2.75,0.405000001192093,NA
"706",35.75,2.75,0.405000001192093,3.51295399665833
"707",35.75,2.75,0.405000001192093,3.6722297668457
"708",35.75,2.75,0.405000001192093,5.14569664001465
"709",35.75,2.75,0.405000001192093,5.53504753112793
"710",35.75,2.75,0.405000001192093,2.56856179237366
"711",35.75,2.75,0.405000001192093,1.81471216678619
"712",35.75,2.75,0.405000001192093,2.37536096572876
"713",35.75,2.75,0.405000001192093,3.51558899879456
"714",35.75,2.75,0.405000001192093,3.05162930488586
"715",35.75,2.75,0.405000001192093,3.83783197402954
"716",35.75,2.75,0.405000001192093,3.97840285301208
"717",35.75,2.75,0.405000001192093,3.22414827346802
"718",35.75,2.75,0.405000001192093,3.78879880905151
"719",35.75,2.75,0.405000001192093,3.46671605110168
"720",35.75,2.75,0.405000001192093,2.37834858894348
"721",35.75,2.75,0.405000001192093,3.7678496837616
"722",35.75,2.75,0.405000001192093,2.35398626327515
"723",35.75,2.75,0.405000001192093,2.36103057861328
"724",35.75,2.75,0.405000001192093,2.45708060264587
"725",35.75,2.75,0.405000001192093,2.82318687438965
"726",35.75,2.75,0.405000001192093,2.52110862731934
"727",35.75,3.25,0.405000001192093,2.56927418708801
"728",35.75,3.25,0.405000001192093,4.08301210403442
"729",35.75,3.25,0.405000001192093,NA
"730",35.75,3.25,0.405000001192093,4.03303098678589
"731",35.75,3.25,0.405000001192093,3.11939120292664
"732",35.75,3.25,0.405000001192093,2.44645571708679
"733",35.75,3.25,0.405000001192093,4.12275505065918
"734",35.75,3.25,0.405000001192093,3.58227586746216
"735",35.75,3.25,0.405000001192093,5.53102779388428
"736",35.75,3.25,0.405000001192093,2.96441698074341
"737",35.75,3.25,0.405000001192093,2.05990505218506
"738",35.75,3.25,0.405000001192093,3.84112548828125
"739",35.75,3.25,0.405000001192093,4.47282266616821
"740",35.75,3.25,0.405000001192093,3.99954199790955
"741",35.75,3.25,0.405000001192093,3.18987679481506
"742",35.75,3.25,0.405000001192093,3.22940540313721
"743",35.75,3.25,0.405000001192093,3.86496543884277
"744",35.75,3.25,0.405000001192093,4.38711881637573
"745",35.75,3.25,0.405000001192093,3.87925505638123
"746",35.75,3.25,0.405000001192093,6.23880195617676
"747",35.75,3.25,0.405000001192093,2.72712540626526
"748",35.75,3.25,0.405000001192093,2.41341400146484
"749",35.75,3.75,0.405000001192093,8.87378597259521
"750",35.75,3.75,0.405000001192093,9.65161323547363
"751",35.75,3.75,0.405000001192093,9.73616695404053
"752",35.75,3.75,0.405000001192093,5.04654788970947
"753",35.75,3.75,0.405000001192093,4.05817937850952
"754",35.75,3.75,0.405000001192093,NA
"755",35.75,3.75,0.405000001192093,8.83572101593018
"756",35.75,3.75,0.405000001192093,4.90511512756348
"757",35.75,3.75,0.405000001192093,5.19934797286987
"758",35.75,3.75,0.405000001192093,7.73413038253784
"759",35.75,3.75,0.405000001192093,9.13790512084961
"760",35.75,3.75,0.405000001192093,5.93611907958984
"761",35.75,3.75,0.405000001192093,4.88162422180176
"762",35.75,3.75,0.405000001192093,8.99437236785889
"763",35.75,3.75,0.405000001192093,5.95771980285645
"764",35.75,3.75,0.405000001192093,6.21387052536011
"765",35.75,3.75,0.405000001192093,7.28020143508911
"766",35.75,3.75,0.405000001192093,7.30398988723755
"767",35.75,3.75,0.405000001192093,11.907338142395
"768",35.75,3.75,0.405000001192093,6.99449396133423
"769",35.75,3.75,0.405000001192093,8.18667984008789
"770",35.75,3.75,0.405000001192093,5.08332586288452
"771",35.75,4.25,0.405000001192093,9.9657154083252
"772",35.75,4.25,0.405000001192093,18.235221862793
"773",35.75,4.25,0.405000001192093,7.75288677215576
"774",35.75,4.25,0.405000001192093,NA
"775",35.75,4.25,0.405000001192093,13.7905006408691
"776",35.75,4.25,0.405000001192093,14.1099033355713
"777",35.75,4.25,0.405000001192093,10.2160511016846
"778",35.75,4.25,0.405000001192093,12.639612197876
"779",35.75,4.25,0.405000001192093,14.3210563659668
"780",35.75,4.25,0.405000001192093,15.0189456939697
"781",35.75,4.25,0.405000001192093,8.95047855377197
"782",35.75,4.25,0.405000001192093,9.94077968597412
"783",35.75,4.25,0.405000001192093,16.2120780944824
"784",35.75,4.25,0.405000001192093,16.3856754302979
"785",35.75,4.25,0.405000001192093,10.6641492843628
"786",35.75,4.25,0.405000001192093,12.2432622909546
"787",35.75,4.25,0.405000001192093,15.6412563323975
"788",35.75,4.25,0.405000001192093,8.75434398651123
"789",35.75,4.25,0.405000001192093,14.9684772491455
"790",35.75,4.25,0.405000001192093,10.823073387146
"791",35.75,4.25,0.405000001192093,14.0620231628418
"792",35.75,4.25,0.405000001192093,19.6257953643799
"793",36.25,-2.25,0.025000000372529,18.7079792022705
"794",36.25,-2.25,0.025000000372529,35.7952651977539
"795",36.25,-2.25,0.025000000372529,22.1636428833008
"796",36.25,-2.25,0.025000000372529,29.7688751220703
"797",36.25,-2.25,0.025000000372529,15.7314434051514
"798",36.25,-2.25,0.025000000372529,NA
"799",36.25,-2.25,0.025000000372529,20.4845237731934
"800",36.25,-2.25,0.025000000372529,32.8459434509277
"801",36.25,-2.25,0.025000000372529,22.927225112915
"802",36.25,-2.25,0.025000000372529,28.1765995025635
"803",36.25,-2.25,0.025000000372529,28.4682788848877
"804",36.25,-2.25,0.025000000372529,27.4988632202148
"805",36.25,-2.25,0.025000000372529,29.5757350921631
"806",36.25,-2.25,0.025000000372529,27.65114402771
"807",36.25,-2.25,0.025000000372529,27.173246383667
"808",36.25,-2.25,0.025000000372529,24.8106994628906
"809",36.25,-2.25,0.025000000372529,14.615592956543
"810",36.25,-2.25,0.025000000372529,36.8898391723633
"811",36.25,-2.25,0.025000000372529,21.917121887207
"812",36.25,-2.25,0.025000000372529,26.825704574585
"813",36.25,-2.25,0.025000000372529,33.0486145019531
"814",36.25,-2.25,0.025000000372529,31.0185527801514
"815",36.25,-1.75,0.025000000372529,29.3097801208496
"816",36.25,-1.75,0.025000000372529,NA
"817",36.25,-1.75,0.025000000372529,30.1453247070312
"818",36.25,-1.75,0.025000000372529,27.5138607025146
"819",36.25,-1.75,0.025000000372529,37.7814598083496
"820",36.25,-1.75,0.025000000372529,26.5522365570068
"821",36.25,-1.75,0.025000000372529,23.0631847381592
"822",36.25,-1.75,0.025000000372529,32.6334686279297
"823",36.25,-1.75,0.025000000372529,16.1244201660156
"824",36.25,-1.75,0.025000000372529,33.5114974975586
"825",36.25,-1.75,0.025000000372529,24.5158004760742
"826",36.25,-1.75,0.025000000372529,14.9953212738037
"827",36.25,-1.75,0.025000000372529,24.4545269012451
"828",36.25,-1.75,0.025000000372529,21.5687122344971
"829",36.25,-1.75,0.025000000372529,32.3579635620117
"830",36.25,-1.75,0.025000000372529,32.162353515625
"831",36.25,-1.75,0.025000000372529,39.033145904541
"832",36.25,-1.75,0.025000000372529,31.7553176879883
"833",36.25,-1.75,0.025000000372529,31.9615917205811
"834",36.25,-1.75,0.025000000372529,28.0310974121094
"835",36.25,-1.75,0.025000000372529,24.4856414794922
"836",36.25,-1.75,0.025000000372529,25.0784511566162
"837",36.25,-1.25,0.025000000372529,40.5002899169922
"838",36.25,-1.25,0.025000000372529,NA
"839",36.25,-1.25,0.025000000372529,34.4728088378906
"840",36.25,-1.25,0.025000000372529,31.2031059265137
"841",36.25,-1.25,0.025000000372529,40.0903625488281
"842",36.25,-1.25,0.025000000372529,19.8930416107178
"843",36.25,-1.25,0.025000000372529,37.4404296875
"844",36.25,-1.25,0.025000000372529,41.8635215759277
"845",36.25,-1.25,0.025000000372529,29.4011287689209
"846",36.25,-1.25,0.025000000372529,27.9711990356445
"847",36.25,-1.25,0.025000000372529,39.7018508911133
"848",36.25,-1.25,0.025000000372529,34.4206504821777
"849",36.25,-1.25,0.025000000372529,30.5881004333496
"850",36.25,-1.25,0.025000000372529,41.8146896362305
"851",36.25,-1.25,0.025000000372529,42.2795143127441
"852",36.25,-1.25,0.025000000372529,22.4189262390137
"853",36.25,-1.25,0.025000000372529,29.8523426055908
"854",36.25,-1.25,0.025000000372529,40.0566749572754
"855",36.25,-1.25,0.025000000372529,45.1152381896973
"856",36.25,-1.25,0.025000000372529,29.8954200744629
"857",36.25,-1.25,0.025000000372529,45.0094184875488
"858",36.25,-1.25,0.025000000372529,38.1052055358887
"859",36.25,-0.75,0.025000000372529,NA
"860",36.25,-0.75,0.025000000372529,68.5936508178711
"861",36.25,-0.75,0.025000000372529,64.3178024291992
"862",36.25,-0.75,0.025000000372529,63.6239967346191
"863",36.25,-0.75,0.025000000372529,64.7408294677734
"864",36.25,-0.75,0.025000000372529,67.1021728515625
"865",36.25,-0.75,0.025000000372529,61.6142196655273
"866",36.25,-0.75,0.025000000372529,59.5185775756836
"867",36.25,-0.75,0.025000000372529,51.5502090454102
"868",36.25,-0.75,0.025000000372529,47.4977188110352
"869",36.25,-0.75,0.025000000372529,62.5923347473145
"870",36.25,-0.75,0.025000000372529,39.9835777282715
"871",36.25,-0.75,0.025000000372529,53.913501739502
"872",36.25,-0.75,0.025000000372529,51.3054656982422
"873",36.25,-0.75,0.025000000372529,38.5817604064941
"874",36.25,-0.75,0.025000000372529,61.5652046203613
"875",36.25,-0.75,0.025000000372529,65.2649459838867
"876",36.25,-0.75,0.025000000372529,49.0422897338867
"877",36.25,-0.75,0.025000000372529,60.3939056396484
"878",36.25,-0.75,0.025000000372529,58.3852195739746
"879",36.25,-0.75,0.025000000372529,50.2267036437988
"880",36.25,-0.75,0.025000000372529,75.7184143066406
"881",36.25,-0.25,0.025000000372529,54.4226379394531
"882",36.25,-0.25,0.025000000372529,64.7534561157227
"883",36.25,-0.25,0.025000000372529,76.5199584960938
"884",36.25,-0.25,0.025000000372529,59.0776672363281
"885",36.25,-0.25,0.025000000372529,NA
"886",36.25,-0.25,0.025000000372529,45.1872329711914
"887",36.25,-0.25,0.025000000372529,70.0252380371094
"888",36.25,-0.25,0.025000000372529,61.0715675354004
"889",36.25,-0.25,0.025000000372529,69.7854690551758
"890",36.25,-0.25,0.025000000372529,68.8148422241211
"891",36.25,-0.25,0.025000000372529,58.8262367248535
"892",36.25,-0.25,0.025000000372529,74.9971389770508
"893",36.25,-0.25,0.025000000372529,79.231086730957
"894",36.25,-0.25,0.025000000372529,75.9831771850586
"895",36.25,-0.25,0.025000000372529,77.3225173950195
"896",36.25,-0.25,0.025000000372529,72.8756790161133
"897",36.25,-0.25,0.025000000372529,62.1857986450195
"898",36.25,-0.25,0.025000000372529,64.6416015625
"899",36.25,-0.25,0.025000000372529,61.1454925537109
"900",36.25,-0.25,0.025000000372529,48.9318885803223
"901",36.25,-0.25,0.025000000372529,69.1650924682617
"902",36.25,-0.25,0.025000000372529,71.0221405029297
"903",36.25,0.25,NA,NA
"904",36.25,0.25,NA,55.7630996704102
"905",36.25,0.25,NA,65.4123153686523
"906",36.25,0.25,NA,62.6679916381836
"907",36.25,0.25,NA,61.2214088439941
"908",36.25,0.25,NA,57.2578887939453
"909",36.25,0.25,NA,74.0442810058594
"910",36.25,0.25,NA,56.5284881591797
"911",36.25,0.25,NA,49.4250106811523
"912",36.25,0.25,NA,70.620246887207
"913",36.25,0.25,NA,50.7791290283203
"914",36.25,0.25,NA,41.7133331298828
"915",36.25,0.25,NA,68.9594421386719
"916",36.25,0.25,NA,75.2032318115234
"917",36.25,0.25,NA,49.2635841369629
"918",36.25,0.25,NA,70.2368621826172
"919",36.25,0.25,NA,54.9544372558594
"920",36.25,0.25,NA,67.3197555541992
"921",36.25,0.25,NA,61.2259368896484
"922",36.25,0.25,NA,59.095588684082
"923",36.25,0.25,NA,37.3525352478027
"924",36.25,0.25,NA,73.2622299194336
"925",36.25,0.75,NA,NA
"926",36.25,0.75,NA,43.0379486083984
"927",36.25,0.75,NA,50.7172622680664
"928",36.25,0.75,NA,36.7405967712402
"929",36.25,0.75,NA,23.5296401977539
"930",36.25,0.75,NA,43.9834632873535
"931",36.25,0.75,NA,36.6366882324219
"932",36.25,0.75,NA,37.2869529724121
"933",36.25,0.75,NA,32.1397476196289
"934",36.25,0.75,NA,43.7305755615234
"935",36.25,0.75,NA,47.7162017822266
"936",36.25,0.75,NA,25.1439208984375
"937",36.25,0.75,NA,48.4062538146973
"938",36.25,0.75,NA,54.4728584289551
"939",36.25,0.75,NA,29.7077865600586
"940",36.25,0.75,NA,56.1583709716797
"941",36.25,0.75,NA,29.7953777313232
"942",36.25,0.75,NA,37.3850860595703
"943",36.25,0.75,NA,36.2125396728516
"944",36.25,0.75,NA,53.9633255004883
"945",36.25,0.75,NA,47.8594703674316
"946",36.25,0.75,NA,55.4017028808594
"947",36.25,1.25,NA,24.0797080993652
"948",36.25,1.25,NA,13.2618179321289
"949",36.25,1.25,NA,31.0125007629395
"950",36.25,1.25,NA,NA
"951",36.25,1.25,NA,16.9810237884521
"952",36.25,1.25,NA,18.0686588287354
"953",36.25,1.25,NA,31.7077484130859
"954",36.25,1.25,NA,16.2995834350586
"955",36.25,1.25,NA,27.3915557861328
"956",36.25,1.25,NA,30.2905216217041
"957",36.25,1.25,NA,19.9749221801758
"958",36.25,1.25,NA,25.7836437225342
"959",36.25,1.25,NA,20.6620140075684
"960",36.25,1.25,NA,21.6368274688721
"961",36.25,1.25,NA,23.1864604949951
"962",36.25,1.25,NA,25.4476184844971
"963",36.25,1.25,NA,34.499813079834
"964",36.25,1.25,NA,30.6241302490234
"965",36.25,1.25,NA,35.4863548278809
"966",36.25,1.25,NA,37.8880958557129
"967",36.25,1.25,NA,21.8211193084717
"968",36.25,1.25,NA,29.2575283050537
"969",36.25,1.75,0.025000000372529,10.5749139785767
"970",36.25,1.75,0.025000000372529,NA
"971",36.25,1.75,0.025000000372529,6.52544641494751
"972",36.25,1.75,0.025000000372529,10.4180202484131
"973",36.25,1.75,0.025000000372529,9.32235431671143
"974",36.25,1.75,0.025000000372529,6.86402606964111
"975",36.25,1.75,0.025000000372529,10.484203338623
"976",36.25,1.75,0.025000000372529,13.4728479385376
"977",36.25,1.75,0.025000000372529,6.13670253753662
"978",36.25,1.75,0.025000000372529,8.46482276916504
"979",36.25,1.75,0.025000000372529,6.8677225112915
"980",36.25,1.75,0.025000000372529,4.74430513381958
"981",36.25,1.75,0.025000000372529,6.4647650718689
"982",36.25,1.75,0.025000000372529,6.62085485458374
"983",36.25,1.75,0.025000000372529,7.39605188369751
"984",36.25,1.75,0.025000000372529,11.059024810791
"985",36.25,1.75,0.025000000372529,9.5306568145752
"986",36.25,1.75,0.025000000372529,11.9489765167236
"987",36.25,1.75,0.025000000372529,10.9142665863037
"988",36.25,1.75,0.025000000372529,5.6497106552124
"989",36.25,1.75,0.025000000372529,7.78576326370239
"990",36.25,1.75,0.025000000372529,11.7607727050781
"991",36.25,2.25,0.405000001192093,10.252311706543
"992",36.25,2.25,0.405000001192093,5.42474508285522
"993",36.25,2.25,0.405000001192093,NA
"994",36.25,2.25,0.405000001192093,5.86190414428711
"995",36.25,2.25,0.405000001192093,9.14291858673096
"996",36.25,2.25,0.405000001192093,10.8342370986938
"997",36.25,2.25,0.405000001192093,4.99188280105591
"998",36.25,2.25,0.405000001192093,4.97366809844971
"999",36.25,2.25,0.405000001192093,6.18228673934937
"1000",36.25,2.25,0.405000001192093,12.6029891967773
"1001",36.25,2.25,0.405000001192093,5.4476113319397
"1002",36.25,2.25,0.405000001192093,10.062891960144
"1003",36.25,2.25,0.405000001192093,8.49572944641113
"1004",36.25,2.25,0.405000001192093,5.46240139007568
"1005",36.25,2.25,0.405000001192093,6.88327312469482
"1006",36.25,2.25,0.405000001192093,5.80722856521606
"1007",36.25,2.25,0.405000001192093,9.31832122802734
"1008",36.25,2.25,0.405000001192093,9.52694702148438
"1009",36.25,2.25,0.405000001192093,8.01268196105957
"1010",36.25,2.25,0.405000001192093,4.16687917709351
"1011",36.25,2.25,0.405000001192093,9.42888736724854
"1012",36.25,2.25,0.405000001192093,8.79925441741943
"1013",36.25,2.75,0.405000001192093,3.94610452651978
"1014",36.25,2.75,0.405000001192093,NA
"1015",36.25,2.75,0.405000001192093,2.89673924446106
"1016",36.25,2.75,0.405000001192093,3.37023901939392
"1017",36.25,2.75,0.405000001192093,4.60375118255615
"1018",36.25,2.75,0.405000001192093,5.41910839080811
"1019",36.25,2.75,0.405000001192093,5.99749708175659
"1020",36.25,2.75,0.405000001192093,3.08197999000549
"1021",36.25,2.75,0.405000001192093,3.27921652793884
"1022",36.25,2.75,0.405000001192093,4.68859672546387
"1023",36.25,2.75,0.405000001192093,4.39613199234009
"1024",36.25,2.75,0.405000001192093,4.24498128890991
"1025",36.25,2.75,0.405000001192093,4.95165824890137
"1026",36.25,2.75,0.405000001192093,3.55794858932495
"1027",36.25,2.75,0.405000001192093,4.99346971511841
"1028",36.25,2.75,0.405000001192093,7.24982929229736
"1029",36.25,2.75,0.405000001192093,4.59547328948975
"1030",36.25,2.75,0.405000001192093,4.45131254196167
"1031",36.25,2.75,0.405000001192093,3.64135885238647
"1032",36.25,2.75,0.405000001192093,3.05483603477478
"1033",36.25,2.75,0.405000001192093,3.45696067810059
"1034",36.25,2.75,0.405000001192093,4.76698398590088
"1035",36.25,4.25,0.104999996721745,7.58556413650513
"1036",36.25,4.25,0.104999996721745,NA
"1037",36.25,4.25,0.104999996721745,10.2263460159302
"1038",36.25,4.25,0.104999996721745,10.7248430252075
"1039",36.25,4.25,0.104999996721745,5.32045698165894
"1040",36.25,4.25,0.104999996721745,8.38790416717529
"1041",36.25,4.25,0.104999996721745,10.0726261138916
"1042",36.25,4.25,0.104999996721745,9.83244705200195
"1043",36.25,4.25,0.104999996721745,3.5993185043335
"1044",36.25,4.25,0.104999996721745,7.46191930770874
"1045",36.25,4.25,0.104999996721745,7.78699541091919
"1046",36.25,4.25,0.104999996721745,6.90282869338989
"1047",36.25,4.25,0.104999996721745,7.5184588432312
"1048",36.25,4.25,0.104999996721745,6.39872407913208
"1049",36.25,4.25,0.104999996721745,6.09033727645874
"1050",36.25,4.25,0.104999996721745,6.13932275772095
"1051",36.25,4.25,0.104999996721745,4.65648603439331
"1052",36.25,4.25,0.104999996721745,4.35173845291138
"1053",36.25,4.25,0.104999996721745,6.0299129486084
"1054",36.25,4.25,0.104999996721745,7.76206827163696
"1055",36.25,4.25,0.104999996721745,7.52625179290771
"1056",36.25,4.25,0.104999996721745,10.0033369064331
"1057",36.75,-2.25,0.025000000372529,NA
"1058",36.75,-2.25,0.025000000372529,45.9197883605957
"1059",36.75,-2.25,0.025000000372529,42.7042961120605
"1060",36.75,-2.25,0.025000000372529,34.777530670166
"1061",36.75,-2.25,0.025000000372529,36.6970558166504
"1062",36.75,-2.25,0.025000000372529,49.0028800964355
"1063",36.75,-2.25,0.025000000372529,51.680549621582
"1064",36.75,-2.25,0.025000000372529,44.0168304443359
"1065",36.75,-2.25,0.025000000372529,32.082145690918
"1066",36.75,-2.25,0.025000000372529,31.7716464996338
"1067",36.75,-2.25,0.025000000372529,22.5564346313477
"1068",36.75,-2.25,0.025000000372529,47.8194770812988
"1069",36.75,-2.25,0.025000000372529,30.9779987335205
"1070",36.75,-2.25,0.025000000372529,38.8746528625488
"1071",36.75,-2.25,0.025000000372529,43.8539428710938
"1072",36.75,-2.25,0.025000000372529,47.8171272277832
"1073",36.75,-2.25,0.025000000372529,32.4472618103027
"1074",36.75,-2.25,0.025000000372529,37.401439666748
"1075",36.75,-2.25,0.025000000372529,47.5462989807129
"1076",36.75,-2.25,0.025000000372529,40.9763984680176
"1077",36.75,-2.25,0.025000000372529,37.4579887390137
"1078",36.75,-2.25,0.025000000372529,43.0707550048828
"1079",36.75,-1.75,0.025000000372529,27.6448707580566
"1080",36.75,-1.75,0.025000000372529,NA
"1081",36.75,-1.75,0.025000000372529,36.0467910766602
"1082",36.75,-1.75,0.025000000372529,28.1052589416504
"1083",36.75,-1.75,0.025000000372529,36.4697875976562
"1084",36.75,-1.75,0.025000000372529,31.4637870788574
"1085",36.75,-1.75,0.025000000372529,45.30322265625
"1086",36.75,-1.75,0.025000000372529,37.2177772521973
"1087",36.75,-1.75,0.025000000372529,27.707878112793
"1088",36.75,-1.75,0.025000000372529,40.5412750244141
"1089",36.75,-1.75,0.025000000372529,19.4790267944336
"1090",36.75,-1.75,0.025000000372529,33.5121307373047
"1091",36.75,-1.75,0.025000000372529,40.2993698120117
"1092",36.75,-1.75,0.025000000372529,33.8256797790527
"1093",36.75,-1.75,0.025000000372529,38.0592994689941
"1094",36.75,-1.75,0.025000000372529,43.8721122741699
"1095",36.75,-1.75,0.025000000372529,27.3205871582031
"1096",36.75,-1.75,0.025000000372529,28.5631484985352
"1097",36.75,-1.75,0.025000000372529,43.6818466186523
"1098",36.75,-1.75,0.025000000372529,35.6817436218262
"1099",36.75,-1.75,0.025000000372529,45.3651847839355
"1100",36.75,-1.75,0.025000000372529,18.3226547241211
"1101",36.75,-1.25,0.704999983310699,52.6785087585449
"1102",36.75,-1.25,0.704999983310699,54.1993103027344
"1103",36.75,-1.25,0.704999983310699,NA
"1104",36.75,-1.25,0.704999983310699,58.2048301696777
"1105",36.75,-1.25,0.704999983310699,54.6906661987305
"1106",36.75,-1.25,0.704999983310699,39.5011672973633
"1107",36.75,-1.25,0.704999983310699,49.1958656311035
"1108",36.75,-1.25,0.704999983310699,43.6792030334473
"1109",36.75,-1.25,0.704999983310699,47.9648399353027
"1110",36.75,-1.25,0.704999983310699,54.6299819946289
"1111",36.75,-1.25,0.704999983310699,51.7549591064453
"1112",36.75,-1.25,0.704999983310699,62.1668357849121
"1113",36.75,-1.25,0.704999983310699,57.6895637512207
"1114",36.75,-1.25,0.704999983310699,51.9577407836914
"1115",36.75,-1.25,0.704999983310699,58.9899444580078
"1116",36.75,-1.25,0.704999983310699,48.409122467041
"1117",36.75,-1.25,0.704999983310699,55.4657096862793
"1118",36.75,-1.25,0.704999983310699,57.7552070617676
"1119",36.75,-1.25,0.704999983310699,46.7869338989258
"1120",36.75,-1.25,0.704999983310699,60.5154266357422
"1121",36.75,-1.25,0.704999983310699,37.995174407959
"1122",36.75,-1.25,0.704999983310699,46.0432586669922
"1123",36.75,-0.75,0.704999983310699,77.4553070068359
"1124",36.75,-0.75,0.704999983310699,NA
"1125",36.75,-0.75,0.704999983310699,77.6361541748047
"1126",36.75,-0.75,0.704999983310699,78.0057525634766
"1127",36.75,-0.75,0.704999983310699,94.0393981933594
"1128",36.75,-0.75,0.704999983310699,78.3640213012695
"1129",36.75,-0.75,0.704999983310699,96.4183120727539
"1130",36.75,-0.75,0.704999983310699,89.337028503418
"1131",36.75,-0.75,0.704999983310699,100.090072631836
"1132",36.75,-0.75,0.704999983310699,76.9842071533203
"1133",36.75,-0.75,0.704999983310699,91.1696243286133
"1134",36.75,-0.75,0.704999983310699,77.4882049560547
"1135",36.75,-0.75,0.704999983310699,69.0909652709961
"1136",36.75,-0.75,0.704999983310699,84.5119400024414
"1137",36.75,-0.75,0.704999983310699,72.3138122558594
"1138",36.75,-0.75,0.704999983310699,83.5006790161133
"1139",36.75,-0.75,0.704999983310699,94.5790786743164
"1140",36.75,-0.75,0.704999983310699,84.0849838256836
"1141",36.75,-0.75,0.704999983310699,72.7078475952148
"1142",36.75,-0.75,0.704999983310699,82.1059646606445
"1143",36.75,-0.75,0.704999983310699,88.1701965332031
"1144",36.75,-0.75,0.704999983310699,88.0564346313477
"1145",36.75,-0.25,0.025000000372529,54.6868362426758
"1146",36.75,-0.25,0.025000000372529,NA
"1147",36.75,-0.25,0.025000000372529,69.8006286621094
"1148",36.75,-0.25,0.025000000372529,58.3338088989258
"1149",36.75,-0.25,0.025000000372529,61.9924926757812
"1150",36.75,-0.25,0.025000000372529,65.6949615478516
"1151",36.75,-0.25,0.025000000372529,76.6247863769531
"1152",36.75,-0.25,0.025000000372529,66.7621536254883
"1153",36.75,-0.25,0.025000000372529,75.0975036621094
"1154",36.75,-0.25,0.025000000372529,64.0136260986328
"1155",36.75,-0.25,0.025000000372529,60.4722061157227
"1156",36.75,-0.25,0.025000000372529,71.3105239868164
"1157",36.75,-0.25,0.025000000372529,56.2390060424805
"1158",36.75,-0.25,0.025000000372529,49.6725578308105
"1159",36.75,-0.25,0.025000000372529,65.5871429443359
"1160",36.75,-0.25,0.025000000372529,68.9091949462891
"1161",36.75,-0.25,0.025000000372529,71.0919494628906
"1162",36.75,-0.25,0.025000000372529,50.905590057373
"1163",36.75,-0.25,0.025000000372529,60.3314018249512
"1164",36.75,-0.25,0.025000000372529,61.1231803894043
"1165",36.75,-0.25,0.025000000372529,70.3153991699219
"1166",36.75,-0.25,0.025000000372529,74.8794784545898
"1167",36.75,0.25,0.025000000372529,NA
"1168",36.75,0.25,0.025000000372529,36.220043182373
"1169",36.75,0.25,0.025000000372529,51.0460968017578
"1170",36.75,0.25,0.025000000372529,46.2183036804199
"1171",36.75,0.25,0.025000000372529,49.0339317321777
"1172",36.75,0.25,0.025000000372529,40.8967399597168
"1173",36.75,0.25,0.025000000372529,30.0192241668701
"1174",36.75,0.25,0.025000000372529,34.2699012756348
"1175",36.75,0.25,0.025000000372529,36.6120147705078
"1176",36.75,0.25,0.025000000372529,51.3645286560059
"1177",36.75,0.25,0.025000000372529,43.4382286071777
"1178",36.75,0.25,0.025000000372529,40.6680068969727
"1179",36.75,0.25,0.025000000372529,37.318172454834
"1180",36.75,0.25,0.025000000372529,51.0442199707031
"1181",36.75,0.25,0.025000000372529,38.6949501037598
"1182",36.75,0.25,0.025000000372529,51.9090423583984
"1183",36.75,0.25,0.025000000372529,40.0022621154785
"1184",36.75,0.25,0.025000000372529,36.0987396240234
"1185",36.75,0.25,0.025000000372529,23.6855316162109
"1186",36.75,0.25,0.025000000372529,44.3046531677246
"1187",36.75,0.25,0.025000000372529,23.3998832702637
"1188",36.75,0.25,0.025000000372529,49.226978302002
"1189",36.75,0.75,0.025000000372529,NA
"1190",36.75,0.75,0.025000000372529,53.586353302002
"1191",36.75,0.75,0.025000000372529,48.4642295837402
"1192",36.75,0.75,0.025000000372529,33.5698890686035
"1193",36.75,0.75,0.025000000372529,42.2040977478027
"1194",36.75,0.75,0.025000000372529,43.882999420166
"1195",36.75,0.75,0.025000000372529,46.154052734375
"1196",36.75,0.75,0.025000000372529,39.7100715637207
"1197",36.75,0.75,0.025000000372529,51.1355857849121
"1198",36.75,0.75,0.025000000372529,41.1612319946289
"1199",36.75,0.75,0.025000000372529,37.1293296813965
"1200",36.75,0.75,0.025000000372529,37.070068359375
"1201",36.75,0.75,0.025000000372529,34.6093101501465
"1202",36.75,0.75,0.025000000372529,52.863639831543
"1203",36.75,0.75,0.025000000372529,29.8478374481201
"1204",36.75,0.75,0.025000000372529,56.4722213745117
"1205",36.75,0.75,0.025000000372529,25.1621875762939
"1206",36.75,0.75,0.025000000372529,48.7375564575195
"1207",36.75,0.75,0.025000000372529,32.4908180236816
"1208",36.75,0.75,0.025000000372529,32.3972396850586
"1209",36.75,0.75,0.025000000372529,23.0411396026611
"1210",36.75,0.75,0.025000000372529,41.1697120666504
"1211",36.75,1.25,0.025000000372529,54.5143241882324
"1212",36.75,1.25,0.025000000372529,NA
"1213",36.75,1.25,0.025000000372529,48.425422668457
"1214",36.75,1.25,0.025000000372529,64.3706359863281
"1215",36.75,1.25,0.025000000372529,51.131591796875
"1216",36.75,1.25,0.025000000372529,43.7559127807617
"1217",36.75,1.25,0.025000000372529,51.2415542602539
"1218",36.75,1.25,0.025000000372529,41.7699851989746
"1219",36.75,1.25,0.025000000372529,38.7459869384766
"1220",36.75,1.25,0.025000000372529,42.3596878051758
"1221",36.75,1.25,0.025000000372529,60.3801612854004
"1222",36.75,1.25,0.025000000372529,58.1551322937012
"1223",36.75,1.25,0.025000000372529,42.3822937011719
"1224",36.75,1.25,0.025000000372529,41.0700492858887
"1225",36.75,1.25,0.025000000372529,38.2492828369141
"1226",36.75,1.25,0.025000000372529,52.6655387878418
"1227",36.75,1.25,0.025000000372529,30.5551872253418
"1228",36.75,1.25,0.025000000372529,49.8220024108887
"1229",36.75,1.25,0.025000000372529,45.4853973388672
"1230",36.75,1.25,0.025000000372529,33.8040542602539
"1231",36.75,1.25,0.025000000372529,59.1060256958008
"1232",36.75,1.25,0.025000000372529,51.3979187011719
"1233",36.75,1.75,0.025000000372529,17.991340637207
"1234",36.75,1.75,0.025000000372529,17.8014297485352
"1235",36.75,1.75,0.025000000372529,NA
"1236",36.75,1.75,0.025000000372529,26.0890159606934
"1237",36.75,1.75,0.025000000372529,17.228536605835
"1238",36.75,1.75,0.025000000372529,22.4750843048096
"1239",36.75,1.75,0.025000000372529,17.8015651702881
"1240",36.75,1.75,0.025000000372529,9.71642971038818
"1241",36.75,1.75,0.025000000372529,23.4773693084717
"1242",36.75,1.75,0.025000000372529,32.9198913574219
"1243",36.75,1.75,0.025000000372529,24.0527935028076
"1244",36.75,1.75,0.025000000372529,21.293420791626
"1245",36.75,1.75,0.025000000372529,21.5293312072754
"1246",36.75,1.75,0.025000000372529,16.6213283538818
"1247",36.75,1.75,0.025000000372529,12.9384031295776
"1248",36.75,1.75,0.025000000372529,14.0376558303833
"1249",36.75,1.75,0.025000000372529,24.1966571807861
"1250",36.75,1.75,0.025000000372529,24.051944732666
"1251",36.75,1.75,0.025000000372529,28.4174270629883
"1252",36.75,1.75,0.025000000372529,23.2801780700684
"1253",36.75,1.75,0.025000000372529,18.2871971130371
"1254",36.75,1.75,0.025000000372529,16.4521617889404
"1255",36.75,2.25,0.025000000372529,22.7016887664795
"1256",36.75,2.25,0.025000000372529,15.4542541503906
"1257",36.75,2.25,0.025000000372529,24.215145111084
"1258",36.75,2.25,0.025000000372529,20.2042274475098
"1259",36.75,2.25,0.025000000372529,18.4883518218994
"1260",36.75,2.25,0.025000000372529,NA
"1261",36.75,2.25,0.025000000372529,14.1411304473877
"1262",36.75,2.25,0.025000000372529,20.9857940673828
"1263",36.75,2.25,0.025000000372529,11.5720911026001
"1264",36.75,2.25,0.025000000372529,14.9605522155762
"1265",36.75,2.25,0.025000000372529,22.1003265380859
"1266",36.75,2.25,0.025000000372529,18.3164386749268
"1267",36.75,2.25,0.025000000372529,18.8339691162109
"1268",36.75,2.25,0.025000000372529,23.9661693572998
"1269",36.75,2.25,0.025000000372529,18.6695251464844
"1270",36.75,2.25,0.025000000372529,22.2416572570801
"1271",36.75,2.25,0.025000000372529,18.7202072143555
"1272",36.75,2.25,0.025000000372529,22.5498371124268
"1273",36.75,2.25,0.025000000372529,31.2659683227539
"1274",36.75,2.25,0.025000000372529,18.1311531066895
"1275",36.75,2.25,0.025000000372529,17.0379753112793
"1276",36.75,2.25,0.025000000372529,25.3279552459717
"1277",36.75,2.75,0.025000000372529,NA
"1278",36.75,2.75,0.025000000372529,10.0338544845581
"1279",36.75,2.75,0.025000000372529,15.3782958984375
"1280",36.75,2.75,0.025000000372529,16.3815784454346
"1281",36.75,2.75,0.025000000372529,14.1891307830811
"1282",36.75,2.75,0.025000000372529,11.4909038543701
"1283",36.75,2.75,0.025000000372529,14.2577466964722
"1284",36.75,2.75,0.025000000372529,16.2236289978027
"1285",36.75,2.75,0.025000000372529,15.8118314743042
"1286",36.75,2.75,0.025000000372529,16.3195114135742
"1287",36.75,2.75,0.025000000372529,17.893274307251
"1288",36.75,2.75,0.025000000372529,12.9979305267334
"1289",36.75,2.75,0.025000000372529,12.5831308364868
"1290",36.75,2.75,0.025000000372529,24.5298957824707
"1291",36.75,2.75,0.025000000372529,16.7365207672119
"1292",36.75,2.75,0.025000000372529,17.3561859130859
"1293",36.75,2.75,0.025000000372529,15.5240716934204
"1294",36.75,2.75,0.025000000372529,16.0036602020264
"1295",36.75,2.75,0.025000000372529,11.9426670074463
"1296",36.75,2.75,0.025000000372529,18.5199775695801
"1297",36.75,2.75,0.025000000372529,12.4150066375732
"1298",36.75,2.75,0.025000000372529,8.5311393737793
"1299",36.75,3.25,0.104999996721745,3.3986074924469
"1300",36.75,3.25,0.104999996721745,NA
"1301",36.75,3.25,0.104999996721745,4.0442156791687
"1302",36.75,3.25,0.104999996721745,3.1017050743103
"1303",36.75,3.25,0.104999996721745,4.08164739608765
"1304",36.75,3.25,0.104999996721745,4.61643218994141
"1305",36.75,3.25,0.104999996721745,4.57869625091553
"1306",36.75,3.25,0.104999996721745,2.62774729728699
"1307",36.75,3.25,0.104999996721745,3.22836065292358
"1308",36.75,3.25,0.104999996721745,4.115478515625
"1309",36.75,3.25,0.104999996721745,4.52063179016113
"1310",36.75,3.25,0.104999996721745,3.346435546875
"1311",36.75,3.25,0.104999996721745,4.58433485031128
"1312",36.75,3.25,0.104999996721745,4.93358850479126
"1313",36.75,3.25,0.104999996721745,3.06309604644775
"1314",36.75,3.25,0.104999996721745,4.1758451461792
"1315",36.75,3.25,0.104999996721745,4.163161277771
"1316",36.75,3.25,0.104999996721745,3.90009880065918
"1317",36.75,3.25,0.104999996721745,3.06131792068481
"1318",36.75,3.25,0.104999996721745,6.52922630310059
"1319",36.75,3.25,0.104999996721745,3.51345252990723
"1320",36.75,3.25,0.104999996721745,4.10516595840454
"1321",36.75,3.75,0.104999996721745,6.49023723602295
"1322",36.75,3.75,0.104999996721745,NA
"1323",36.75,3.75,0.104999996721745,7.47957754135132
"1324",36.75,3.75,0.104999996721745,9.38592624664307
"1325",36.75,3.75,0.104999996721745,10.6256504058838
"1326",36.75,3.75,0.104999996721745,7.54817247390747
"1327",36.75,3.75,0.104999996721745,10.0954818725586
"1328",36.75,3.75,0.104999996721745,10.9523277282715
"1329",36.75,3.75,0.104999996721745,10.6963939666748
"1330",36.75,3.75,0.104999996721745,6.76748371124268
"1331",36.75,3.75,0.104999996721745,7.82726716995239
"1332",36.75,3.75,0.104999996721745,8.08946800231934
"1333",36.75,3.75,0.104999996721745,5.56575965881348
"1334",36.75,3.75,0.104999996721745,15.0098543167114
"1335",36.75,3.75,0.104999996721745,4.83863925933838
"1336",36.75,3.75,0.104999996721745,9.69924545288086
"1337",36.75,3.75,0.104999996721745,12.0567674636841
"1338",36.75,3.75,0.104999996721745,5.62259578704834
"1339",36.75,3.75,0.104999996721745,9.6402530670166
"1340",36.75,3.75,0.104999996721745,9.54475784301758
"1341",36.75,3.75,0.104999996721745,7.29018449783325
"1342",36.75,3.75,0.104999996721745,7.37954568862915
"1343",36.75,4.25,0.104999996721745,12.9759340286255
"1344",36.75,4.25,0.104999996721745,NA
"1345",36.75,4.25,0.104999996721745,12.279598236084
"1346",36.75,4.25,0.104999996721745,10.849928855896
"1347",36.75,4.25,0.104999996721745,7.29456615447998
"1348",36.75,4.25,0.104999996721745,9.24684524536133
"1349",36.75,4.25,0.104999996721745,17.4297180175781
"1350",36.75,4.25,0.104999996721745,14.4775295257568
"1351",36.75,4.25,0.104999996721745,16.9740562438965
"1352",36.75,4.25,0.104999996721745,13.7625322341919
"1353",36.75,4.25,0.104999996721745,16.4714794158936
"1354",36.75,4.25,0.104999996721745,10.1699457168579
"1355",36.75,4.25,0.104999996721745,13.6562166213989
"1356",36.75,4.25,0.104999996721745,20.0509777069092
"1357",36.75,4.25,0.104999996721745,22.6718292236328
"1358",36.75,4.25,0.104999996721745,15.3039531707764
"1359",36.75,4.25,0.104999996721745,18.8071632385254
"1360",36.75,4.25,0.104999996721745,21.4303703308105
"1361",36.75,4.25,0.104999996721745,18.5329265594482
"1362",36.75,4.25,0.104999996721745,9.900559425354
"1363",36.75,4.25,0.104999996721745,19.0130043029785
"1364",36.75,4.25,0.104999996721745,14.349591255188
"1365",37.25,-2.75,0.025000000372529,32.4835014343262
"1366",37.25,-2.75,0.025000000372529,NA
"1367",37.25,-2.75,0.025000000372529,36.5138397216797
"1368",37.25,-2.75,0.025000000372529,32.1287422180176
"1369",37.25,-2.75,0.025000000372529,37.4473724365234
"1370",37.25,-2.75,0.025000000372529,39.3563804626465
"1371",37.25,-2.75,0.025000000372529,30.2638492584229
"1372",37.25,-2.75,0.025000000372529,38.49609375
"1373",37.25,-2.75,0.025000000372529,28.3195686340332
"1374",37.25,-2.75,0.025000000372529,32.286075592041
"1375",37.25,-2.75,0.025000000372529,39.0912971496582
"1376",37.25,-2.75,0.025000000372529,41.0312919616699
"1377",37.25,-2.75,0.025000000372529,36.0480728149414
"1378",37.25,-2.75,0.025000000372529,33.4723930358887
"1379",37.25,-2.75,0.025000000372529,29.6134986877441
"1380",37.25,-2.75,0.025000000372529,30.0686302185059
"1381",37.25,-2.75,0.025000000372529,34.4051933288574
"1382",37.25,-2.75,0.025000000372529,34.9872207641602
"1383",37.25,-2.75,0.025000000372529,35.4270858764648
"1384",37.25,-2.75,0.025000000372529,22.8729782104492
"1385",37.25,-2.75,0.025000000372529,34.7248306274414
"1386",37.25,-2.75,0.025000000372529,27.2164325714111
"1387",37.25,-2.25,0.025000000372529,22.2544174194336
"1388",37.25,-2.25,0.025000000372529,48.4483337402344
"1389",37.25,-2.25,0.025000000372529,NA
"1390",37.25,-2.25,0.025000000372529,35.456672668457
"1391",37.25,-2.25,0.025000000372529,34.9349060058594
"1392",37.25,-2.25,0.025000000372529,37.6642227172852
"1393",37.25,-2.25,0.025000000372529,29.1224536895752
"1394",37.25,-2.25,0.025000000372529,27.0535564422607
"1395",37.25,-2.25,0.025000000372529,38.7929267883301
"1396",37.25,-2.25,0.025000000372529,31.0892868041992
"1397",37.25,-2.25,0.025000000372529,37.6945037841797
"1398",37.25,-2.25,0.025000000372529,28.5518703460693
"1399",37.25,-2.25,0.025000000372529,35.6828346252441
"1400",37.25,-2.25,0.025000000372529,25.8093338012695
"1401",37.25,-2.25,0.025000000372529,30.5922870635986
"1402",37.25,-2.25,0.025000000372529,26.6500110626221
"1403",37.25,-2.25,0.025000000372529,37.8314247131348
"1404",37.25,-2.25,0.025000000372529,16.7445755004883
"1405",37.25,-2.25,0.025000000372529,33.8742370605469
"1406",37.25,-2.25,0.025000000372529,26.8504772186279
"1407",37.25,-2.25,0.025000000372529,24.7109985351562
"1408",37.25,-2.25,0.025000000372529,39.5051231384277
"1409",37.25,-1.75,0.605000019073486,NA
"1410",37.25,-1.75,0.605000019073486,46.598072052002
"1411",37.25,-1.75,0.605000019073486,37.8122367858887
"1412",37.25,-1.75,0.605000019073486,28.643970489502
"1413",37.25,-1.75,0.605000019073486,46.663818359375
"1414",37.25,-1.75,0.605000019073486,52.1325035095215
"1415",37.25,-1.75,0.605000019073486,42.8902320861816
"1416",37.25,-1.75,0.605000019073486,47.9419212341309
"1417",37.25,-1.75,0.605000019073486,48.3182983398438
"1418",37.25,-1.75,0.605000019073486,37.0521659851074
"1419",37.25,-1.75,0.605000019073486,39.6725158691406
"1420",37.25,-1.75,0.605000019073486,55.7369918823242
"1421",37.25,-1.75,0.605000019073486,47.1370544433594
"1422",37.25,-1.75,0.605000019073486,49.9210395812988
"1423",37.25,-1.75,0.605000019073486,57.6303291320801
"1424",37.25,-1.75,0.605000019073486,43.8574676513672
"1425",37.25,-1.75,0.605000019073486,41.1678085327148
"1426",37.25,-1.75,0.605000019073486,48.8932266235352
"1427",37.25,-1.75,0.605000019073486,42.3941688537598
"1428",37.25,-1.75,0.605000019073486,38.2700653076172
"1429",37.25,-1.75,0.605000019073486,43.7272834777832
"1430",37.25,-1.75,0.605000019073486,37.1134910583496
"1431",37.25,-1.25,0.605000019073486,55.9825782775879
"1432",37.25,-1.25,0.605000019073486,36.8147468566895
"1433",37.25,-1.25,0.605000019073486,51.9218139648438
"1434",37.25,-1.25,0.605000019073486,37.4360733032227
"1435",37.25,-1.25,0.605000019073486,NA
"1436",37.25,-1.25,0.605000019073486,47.1535873413086
"1437",37.25,-1.25,0.605000019073486,56.0259323120117
"1438",37.25,-1.25,0.605000019073486,56.0369606018066
"1439",37.25,-1.25,0.605000019073486,50.0624809265137
"1440",37.25,-1.25,0.605000019073486,45.0854377746582
"1441",37.25,-1.25,0.605000019073486,54.1132125854492
"1442",37.25,-1.25,0.605000019073486,46.9132270812988
"1443",37.25,-1.25,0.605000019073486,42.6927795410156
"1444",37.25,-1.25,0.605000019073486,46.0877532958984
"1445",37.25,-1.25,0.605000019073486,53.2512054443359
"1446",37.25,-1.25,0.605000019073486,58.004753112793
"1447",37.25,-1.25,0.605000019073486,43.2203941345215
"1448",37.25,-1.25,0.605000019073486,52.0890159606934
"1449",37.25,-1.25,0.605000019073486,58.3067893981934
"1450",37.25,-1.25,0.605000019073486,51.9362030029297
"1451",37.25,-1.25,0.605000019073486,39.7503433227539
"1452",37.25,-1.25,0.605000019073486,51.5365905761719
"1453",37.25,-0.75,0.704999983310699,61.9420204162598
"1454",37.25,-0.75,0.704999983310699,79.1490097045898
"1455",37.25,-0.75,0.704999983310699,NA
"1456",37.25,-0.75,0.704999983310699,69.1605224609375
"1457",37.25,-0.75,0.704999983310699,57.7800178527832
"1458",37.25,-0.75,0.704999983310699,58.150749206543
"1459",37.25,-0.75,0.704999983310699,53.7882766723633
"1460",37.25,-0.75,0.704999983310699,68.1567840576172
"1461",37.25,-0.75,0.704999983310699,79.1299209594727
"1462",37.25,-0.75,0.704999983310699,66.3300247192383
"1463",37.25,-0.75,0.704999983310699,71.6051025390625
"1464",37.25,-0.75,0.704999983310699,61.2781295776367
"1465",37.25,-0.75,0.704999983310699,77.7706146240234
"1466",37.25,-0.75,0.704999983310699,65.109260559082
"1467",37.25,-0.75,0.704999983310699,72.9242477416992
"1468",37.25,-0.75,0.704999983310699,61.368350982666
"1469",37.25,-0.75,0.704999983310699,66.2311172485352
"1470",37.25,-0.75,0.704999983310699,77.7417068481445
"1471",37.25,-0.75,0.704999983310699,66.5041046142578
"1472",37.25,-0.75,0.704999983310699,63.1225204467773
"1473",37.25,-0.75,0.704999983310699,69.3595428466797
"1474",37.25,-0.75,0.704999983310699,77.5464477539062
"1475",37.25,-0.25,0.704999983310699,NA
"1476",37.25,-0.25,0.704999983310699,69.6267929077148
"1477",37.25,-0.25,0.704999983310699,76.1947326660156
"1478",37.25,-0.25,0.704999983310699,79.6170806884766
"1479",37.25,-0.25,0.704999983310699,66.8434066772461
"1480",37.25,-0.25,0.704999983310699,68.5984802246094
"1481",37.25,-0.25,0.704999983310699,76.7613296508789
"1482",37.25,-0.25,0.704999983310699,79.5353317260742
"1483",37.25,-0.25,0.704999983310699,85.5061492919922
"1484",37.25,-0.25,0.704999983310699,66.3673706054688
"1485",37.25,-0.25,0.704999983310699,77.6316146850586
"1486",37.25,-0.25,0.704999983310699,74.2920532226562
"1487",37.25,-0.25,0.704999983310699,68.2612228393555
"1488",37.25,-0.25,0.704999983310699,66.4247055053711
"1489",37.25,-0.25,0.704999983310699,73.1200256347656
"1490",37.25,-0.25,0.704999983310699,75.0862121582031
"1491",37.25,-0.25,0.704999983310699,72.7901611328125
"1492",37.25,-0.25,0.704999983310699,70.9063949584961
"1493",37.25,-0.25,0.704999983310699,76.7818984985352
"1494",37.25,-0.25,0.704999983310699,70.5885467529297
"1495",37.25,-0.25,0.704999983310699,82.6241683959961
"1496",37.25,-0.25,0.704999983310699,66.1644744873047
"1497",37.25,0.25,0.025000000372529,NA
"1498",37.25,0.25,0.025000000372529,41.1609573364258
"1499",37.25,0.25,0.025000000372529,51.6150932312012
"1500",37.25,0.25,0.025000000372529,37.7876739501953
"1501",37.25,0.25,0.025000000372529,41.7355728149414
"1502",37.25,0.25,0.025000000372529,47.6524620056152
"1503",37.25,0.25,0.025000000372529,39.1172866821289
"1504",37.25,0.25,0.025000000372529,44.3516464233398
"1505",37.25,0.25,0.025000000372529,37.4514122009277
"1506",37.25,0.25,0.025000000372529,51.6180534362793
"1507",37.25,0.25,0.025000000372529,46.5536918640137
"1508",37.25,0.25,0.025000000372529,49.0899429321289
"1509",37.25,0.25,0.025000000372529,42.2350730895996
"1510",37.25,0.25,0.025000000372529,41.5713729858398
"1511",37.25,0.25,0.025000000372529,41.7400131225586
"1512",37.25,0.25,0.025000000372529,43.4878425598145
"1513",37.25,0.25,0.025000000372529,54.6318359375
"1514",37.25,0.25,0.025000000372529,32.0886421203613
"1515",37.25,0.25,0.025000000372529,54.190845489502
"1516",37.25,0.25,0.025000000372529,52.2829360961914
"1517",37.25,0.25,0.025000000372529,30.463264465332
"1518",37.25,0.25,0.025000000372529,45.0421485900879
"1519",37.25,0.75,0.025000000372529,15.0648317337036
"1520",37.25,0.75,0.025000000372529,20.9144992828369
"1521",37.25,0.75,0.025000000372529,19.3440036773682
"1522",37.25,0.75,0.025000000372529,NA
"1523",37.25,0.75,0.025000000372529,27.8189373016357
"1524",37.25,0.75,0.025000000372529,16.6724758148193
"1525",37.25,0.75,0.025000000372529,19.6657867431641
"1526",37.25,0.75,0.025000000372529,20.9302959442139
"1527",37.25,0.75,0.025000000372529,29.3686561584473
"1528",37.25,0.75,0.025000000372529,21.0325489044189
"1529",37.25,0.75,0.025000000372529,25.0050239562988
"1530",37.25,0.75,0.025000000372529,20.8578834533691
"1531",37.25,0.75,0.025000000372529,29.7047882080078
"1532",37.25,0.75,0.025000000372529,25.9497470855713
"1533",37.25,0.75,0.025000000372529,20.9073581695557
"1534",37.25,0.75,0.025000000372529,27.5344562530518
"1535",37.25,0.75,0.025000000372529,23.0983123779297
"1536",37.25,0.75,0.025000000372529,22.8099327087402
"1537",37.25,0.75,0.025000000372529,22.6603031158447
"1538",37.25,0.75,0.025000000372529,22.3311672210693
"1539",37.25,0.75,0.025000000372529,25.8583641052246
"1540",37.25,0.75,0.025000000372529,26.1338214874268
"1541",37.25,1.25,0.025000000372529,38.0548362731934
"1542",37.25,1.25,0.025000000372529,NA
"1543",37.25,1.25,0.025000000372529,45.550407409668
"1544",37.25,1.25,0.025000000372529,38.543514251709
"1545",37.25,1.25,0.025000000372529,42.5195007324219
"1546",37.25,1.25,0.025000000372529,26.1541004180908
"1547",37.25,1.25,0.025000000372529,33.6859855651855
"1548",37.25,1.25,0.025000000372529,39.7562561035156
"1549",37.25,1.25,0.025000000372529,41.1558952331543
"1550",37.25,1.25,0.025000000372529,42.210994720459
"1551",37.25,1.25,0.025000000372529,32.4638671875
"1552",37.25,1.25,0.025000000372529,39.2176094055176
"1553",37.25,1.25,0.025000000372529,39.8657150268555
"1554",37.25,1.25,0.025000000372529,31.4336738586426
"1555",37.25,1.25,0.025000000372529,45.4549217224121
"1556",37.25,1.25,0.025000000372529,35.0032577514648
"1557",37.25,1.25,0.025000000372529,36.6814041137695
"1558",37.25,1.25,0.025000000372529,36.1780166625977
"1559",37.25,1.25,0.025000000372529,29.0436344146729
"1560",37.25,1.25,0.025000000372529,33.013744354248
"1561",37.25,1.25,0.025000000372529,41.1515464782715
"1562",37.25,1.25,0.025000000372529,39.1311225891113
"1563",37.25,1.75,0.025000000372529,31.5550746917725
"1564",37.25,1.75,0.025000000372529,33.4082450866699
"1565",37.25,1.75,0.025000000372529,30.4637565612793
"1566",37.25,1.75,0.025000000372529,NA
"1567",37.25,1.75,0.025000000372529,36.6781387329102
"1568",37.25,1.75,0.025000000372529,26.9048976898193
"1569",37.25,1.75,0.025000000372529,27.9503002166748
"1570",37.25,1.75,0.025000000372529,30.7893867492676
"1571",37.25,1.75,0.025000000372529,29.3494052886963
"1572",37.25,1.75,0.025000000372529,23.7565174102783
"1573",37.25,1.75,0.025000000372529,27.7115383148193
"1574",37.25,1.75,0.025000000372529,26.9422359466553
"1575",37.25,1.75,0.025000000372529,23.1523551940918
"1576",37.25,1.75,0.025000000372529,32.1004104614258
"1577",37.25,1.75,0.025000000372529,24.460657119751
"1578",37.25,1.75,0.025000000372529,20.4739151000977
"1579",37.25,1.75,0.025000000372529,31.8995323181152
"1580",37.25,1.75,0.025000000372529,27.4373245239258
"1581",37.25,1.75,0.025000000372529,19.5316734313965
"1582",37.25,1.75,0.025000000372529,26.3867568969727
"1583",37.25,1.75,0.025000000372529,23.2406692504883
"1584",37.25,1.75,0.025000000372529,25.2315101623535
"1585",37.25,2.25,0.025000000372529,4.67932653427124
"1586",37.25,2.25,0.025000000372529,NA
"1587",37.25,2.25,0.025000000372529,4.48771810531616
"1588",37.25,2.25,0.025000000372529,7.51045036315918
"1589",37.25,2.25,0.025000000372529,6.86345291137695
"1590",37.25,2.25,0.025000000372529,6.5048713684082
"1591",37.25,2.25,0.025000000372529,6.61353492736816
"1592",37.25,2.25,0.025000000372529,8.48164367675781
"1593",37.25,2.25,0.025000000372529,6.95775318145752
"1594",37.25,2.25,0.025000000372529,6.75019264221191
"1595",37.25,2.25,0.025000000372529,4.50080013275146
"1596",37.25,2.25,0.025000000372529,6.16158962249756
"1597",37.25,2.25,0.025000000372529,8.52861785888672
"1598",37.25,2.25,0.025000000372529,6.94483423233032
"1599",37.25,2.25,0.025000000372529,6.13452863693237
"1600",37.25,2.25,0.025000000372529,6.33669853210449
"1601",37.25,2.25,0.025000000372529,6.4974513053894
"1602",37.25,2.25,0.025000000372529,5.43131589889526
"1603",37.25,2.25,0.025000000372529,7.04860162734985
"1604",37.25,2.25,0.025000000372529,7.17956018447876
"1605",37.25,2.25,0.025000000372529,11.9533376693726
"1606",37.25,2.25,0.025000000372529,7.51057863235474
"1607",37.25,2.75,0.104999996721745,7.92982482910156
"1608",37.25,2.75,0.104999996721745,NA
"1609",37.25,2.75,0.104999996721745,6.96018314361572
"1610",37.25,2.75,0.104999996721745,8.16378688812256
"1611",37.25,2.75,0.104999996721745,8.3844633102417
"1612",37.25,2.75,0.104999996721745,8.27831840515137
"1613",37.25,2.75,0.104999996721745,14.3362092971802
"1614",37.25,2.75,0.104999996721745,5.42365741729736
"1615",37.25,2.75,0.104999996721745,7.78415393829346
"1616",37.25,2.75,0.104999996721745,8.71337127685547
"1617",37.25,2.75,0.104999996721745,9.86825561523438
"1618",37.25,2.75,0.104999996721745,7.68915319442749
"1619",37.25,2.75,0.104999996721745,7.4423885345459
"1620",37.25,2.75,0.104999996721745,7.54868650436401
"1621",37.25,2.75,0.104999996721745,9.34064960479736
"1622",37.25,2.75,0.104999996721745,7.10349369049072
"1623",37.25,2.75,0.104999996721745,10.7406511306763
"1624",37.25,2.75,0.104999996721745,8.27657699584961
"1625",37.25,2.75,0.104999996721745,8.23188591003418
"1626",37.25,2.75,0.104999996721745,5.62199306488037
"1627",37.25,2.75,0.104999996721745,8.04256248474121
"1628",37.25,2.75,0.104999996721745,5.9521336555481
"1629",37.25,3.25,0.104999996721745,3.69501280784607
"1630",37.25,3.25,0.104999996721745,NA
"1631",37.25,3.25,0.104999996721745,3.93886923789978
"1632",37.25,3.25,0.104999996721745,2.93602585792542
"1633",37.25,3.25,0.104999996721745,3.71068000793457
"1634",37.25,3.25,0.104999996721745,4.44575262069702
"1635",37.25,3.25,0.104999996721745,4.43969249725342
"1636",37.25,3.25,0.104999996721745,4.50517082214355
"1637",37.25,3.25,0.104999996721745,5.05480003356934
"1638",37.25,3.25,0.104999996721745,3.89285826683044
"1639",37.25,3.25,0.104999996721745,3.76141119003296
"1640",37.25,3.25,0.104999996721745,4.03360939025879
"1641",37.25,3.25,0.104999996721745,4.09911394119263
"1642",37.25,3.25,0.104999996721745,3.05099749565125
"1643",37.25,3.25,0.104999996721745,5.26284837722778
"1644",37.25,3.25,0.104999996721745,4.58965826034546
"1645",37.25,3.25,0.104999996721745,3.49322032928467
"1646",37.25,3.25,0.104999996721745,3.81979012489319
"1647",37.25,3.25,0.104999996721745,3.16852760314941
"1648",37.25,3.25,0.104999996721745,3.72636222839355
"1649",37.25,3.25,0.104999996721745,8.00896549224854
"1650",37.25,3.25,0.104999996721745,5.38708209991455
"1651",37.25,3.75,0.104999996721745,NA
"1652",37.25,3.75,0.104999996721745,7.24573087692261
"1653",37.25,3.75,0.104999996721745,17.0993194580078
"1654",37.25,3.75,0.104999996721745,8.94078826904297
"1655",37.25,3.75,0.104999996721745,6.95727348327637
"1656",37.25,3.75,0.104999996721745,6.92110919952393
"1657",37.25,3.75,0.104999996721745,4.51631879806519
"1658",37.25,3.75,0.104999996721745,6.68930912017822
"1659",37.25,3.75,0.104999996721745,5.59939527511597
"1660",37.25,3.75,0.104999996721745,5.73633527755737
"1661",37.25,3.75,0.104999996721745,8.51617050170898
"1662",37.25,3.75,0.104999996721745,5.39969444274902
"1663",37.25,3.75,0.104999996721745,9.25653839111328
"1664",37.25,3.75,0.104999996721745,7.9078164100647
"1665",37.25,3.75,0.104999996721745,7.63473606109619
"1666",37.25,3.75,0.104999996721745,12.011791229248
"1667",37.25,3.75,0.104999996721745,9.44115543365479
"1668",37.25,3.75,0.104999996721745,9.38492870330811
"1669",37.25,3.75,0.104999996721745,10.458890914917
"1670",37.25,3.75,0.104999996721745,8.95710468292236
"1671",37.25,3.75,0.104999996721745,11.2560548782349
"1672",37.25,3.75,0.104999996721745,7.03636837005615
"1673",37.75,-3.25,0.605000019073486,40.5602645874023
"1674",37.75,-3.25,0.605000019073486,53.4653205871582
"1675",37.75,-3.25,0.605000019073486,NA
"1676",37.75,-3.25,0.605000019073486,45.2954406738281
"1677",37.75,-3.25,0.605000019073486,47.6918601989746
"1678",37.75,-3.25,0.605000019073486,40.9672622680664
"1679",37.75,-3.25,0.605000019073486,41.4770774841309
"1680",37.75,-3.25,0.605000019073486,48.1841812133789
"1681",37.75,-3.25,0.605000019073486,43.0023994445801
"1682",37.75,-3.25,0.605000019073486,45.3333587646484
"1683",37.75,-3.25,0.605000019073486,43.7666320800781
"1684",37.75,-3.25,0.605000019073486,44.2761878967285
"1685",37.75,-3.25,0.605000019073486,48.9791526794434
"1686",37.75,-3.25,0.605000019073486,49.7516784667969
"1687",37.75,-3.25,0.605000019073486,46.2902030944824
"1688",37.75,-3.25,0.605000019073486,49.8027496337891
"1689",37.75,-3.25,0.605000019073486,45.287483215332
"1690",37.75,-3.25,0.605000019073486,36.4699020385742
"1691",37.75,-3.25,0.605000019073486,57.3544158935547
"1692",37.75,-3.25,0.605000019073486,47.7519264221191
"1693",37.75,-3.25,0.605000019073486,51.8609161376953
"1694",37.75,-3.25,0.605000019073486,47.2500495910645
"1695",37.75,-2.75,0.025000000372529,47.4187316894531
"1696",37.75,-2.75,0.025000000372529,NA
"1697",37.75,-2.75,0.025000000372529,41.7666091918945
"1698",37.75,-2.75,0.025000000372529,43.8240356445312
"1699",37.75,-2.75,0.025000000372529,38.5979919433594
"1700",37.75,-2.75,0.025000000372529,35.6306304931641
"1701",37.75,-2.75,0.025000000372529,38.8843879699707
"1702",37.75,-2.75,0.025000000372529,36.7611389160156
"1703",37.75,-2.75,0.025000000372529,37.1158714294434
"1704",37.75,-2.75,0.025000000372529,36.7279777526855
"1705",37.75,-2.75,0.025000000372529,45.112232208252
"1706",37.75,-2.75,0.025000000372529,36.9943809509277
"1707",37.75,-2.75,0.025000000372529,41.9873313903809
"1708",37.75,-2.75,0.025000000372529,38.0533256530762
"1709",37.75,-2.75,0.025000000372529,37.7626724243164
"1710",37.75,-2.75,0.025000000372529,26.9685649871826
"1711",37.75,-2.75,0.025000000372529,34.0061340332031
"1712",37.75,-2.75,0.025000000372529,45.3225402832031
"1713",37.75,-2.75,0.025000000372529,50.9435195922852
"1714",37.75,-2.75,0.025000000372529,38.832389831543
"1715",37.75,-2.75,0.025000000372529,35.8052139282227
"1716",37.75,-2.75,0.025000000372529,39.5872650146484
"1717",37.75,-2.25,0.605000019073486,NA
"1718",37.75,-2.25,0.605000019073486,32.804744720459
"1719",37.75,-2.25,0.605000019073486,32.2809410095215
"1720",37.75,-2.25,0.605000019073486,37.6523170471191
"1721",37.75,-2.25,0.605000019073486,30.190824508667
"1722",37.75,-2.25,0.605000019073486,31.8371982574463
"1723",37.75,-2.25,0.605000019073486,44.4753150939941
"1724",37.75,-2.25,0.605000019073486,26.2606620788574
"1725",37.75,-2.25,0.605000019073486,22.0290184020996
"1726",37.75,-2.25,0.605000019073486,41.5532760620117
"1727",37.75,-2.25,0.605000019073486,38.4544639587402
"1728",37.75,-2.25,0.605000019073486,35.9896659851074
"1729",37.75,-2.25,0.605000019073486,50.6154747009277
"1730",37.75,-2.25,0.605000019073486,41.4374542236328
"1731",37.75,-2.25,0.605000019073486,38.940803527832
"1732",37.75,-2.25,0.605000019073486,31.1637935638428
"1733",37.75,-2.25,0.605000019073486,32.7249946594238
"1734",37.75,-2.25,0.605000019073486,38.0657653808594
"1735",37.75,-2.25,0.605000019073486,37.7566528320312
"1736",37.75,-2.25,0.605000019073486,31.5368328094482
"1737",37.75,-2.25,0.605000019073486,42.9889793395996
"1738",37.75,-2.25,0.605000019073486,42.8629989624023
"1739",37.75,-1.75,0.605000019073486,37.7079124450684
"1740",37.75,-1.75,0.605000019073486,43.5276145935059
"1741",37.75,-1.75,0.605000019073486,42.675895690918
"1742",37.75,-1.75,0.605000019073486,36.2689743041992
"1743",37.75,-1.75,0.605000019073486,NA
"1744",37.75,-1.75,0.605000019073486,38.6883125305176
"1745",37.75,-1.75,0.605000019073486,41.4756011962891
"1746",37.75,-1.75,0.605000019073486,49.5637664794922
"1747",37.75,-1.75,0.605000019073486,47.064380645752
"1748",37.75,-1.75,0.605000019073486,31.3261413574219
"1749",37.75,-1.75,0.605000019073486,47.4217338562012
"1750",37.75,-1.75,0.605000019073486,56.7108306884766
"1751",37.75,-1.75,0.605000019073486,53.6884651184082
"1752",37.75,-1.75,0.605000019073486,37.4786605834961
"1753",37.75,-1.75,0.605000019073486,51.5917510986328
"1754",37.75,-1.75,0.605000019073486,40.6270065307617
"1755",37.75,-1.75,0.605000019073486,39.1283302307129
"1756",37.75,-1.75,0.605000019073486,51.9244270324707
"1757",37.75,-1.75,0.605000019073486,46.9435958862305
"1758",37.75,-1.75,0.605000019073486,39.1811294555664
"1759",37.75,-1.75,0.605000019073486,40.0094718933105
"1760",37.75,-1.75,0.605000019073486,45.6047019958496
"1761",37.75,-1.25,0.605000019073486,42.5371627807617
"1762",37.75,-1.25,0.605000019073486,41.7576866149902
"1763",37.75,-1.25,0.605000019073486,25.4296989440918
"1764",37.75,-1.25,0.605000019073486,NA
"1765",37.75,-1.25,0.605000019073486,32.1457862854004
"1766",37.75,-1.25,0.605000019073486,31.6857604980469
"1767",37.75,-1.25,0.605000019073486,35.9080619812012
"1768",37.75,-1.25,0.605000019073486,35.4955406188965
"1769",37.75,-1.25,0.605000019073486,34.5288619995117
"1770",37.75,-1.25,0.605000019073486,41.1704063415527
"1771",37.75,-1.25,0.605000019073486,39.0676574707031
"1772",37.75,-1.25,0.605000019073486,48.0081520080566
"1773",37.75,-1.25,0.605000019073486,44.1030769348145
"1774",37.75,-1.25,0.605000019073486,29.9966869354248
"1775",37.75,-1.25,0.605000019073486,32.3547096252441
"1776",37.75,-1.25,0.605000019073486,32.0368499755859
"1777",37.75,-1.25,0.605000019073486,42.4451141357422
"1778",37.75,-1.25,0.605000019073486,50.5667953491211
"1779",37.75,-1.25,0.605000019073486,40.2280502319336
"1780",37.75,-1.25,0.605000019073486,45.0780639648438
"1781",37.75,-1.25,0.605000019073486,48.1401405334473
"1782",37.75,-1.25,0.605000019073486,35.1114082336426
"1783",37.75,-0.75,0.605000019073486,42.0800933837891
"1784",37.75,-0.75,0.605000019073486,40.2004432678223
"1785",37.75,-0.75,0.605000019073486,NA
"1786",37.75,-0.75,0.605000019073486,46.4759292602539
"1787",37.75,-0.75,0.605000019073486,35.7284088134766
"1788",37.75,-0.75,0.605000019073486,55.2725028991699
"1789",37.75,-0.75,0.605000019073486,53.3891754150391
"1790",37.75,-0.75,0.605000019073486,41.2276000976562
"1791",37.75,-0.75,0.605000019073486,46.9216156005859
"1792",37.75,-0.75,0.605000019073486,37.6204261779785
"1793",37.75,-0.75,0.605000019073486,45.9804000854492
"1794",37.75,-0.75,0.605000019073486,46.1761283874512
"1795",37.75,-0.75,0.605000019073486,39.3687324523926
"1796",37.75,-0.75,0.605000019073486,46.3189964294434
"1797",37.75,-0.75,0.605000019073486,50.4924697875977
"1798",37.75,-0.75,0.605000019073486,37.7504463195801
"1799",37.75,-0.75,0.605000019073486,50.1741600036621
"1800",37.75,-0.75,0.605000019073486,44.821849822998
"1801",37.75,-0.75,0.605000019073486,49.300609588623
"1802",37.75,-0.75,0.605000019073486,34.9433250427246
"1803",37.75,-0.75,0.605000019073486,46.5522079467773
"1804",37.75,-0.75,0.605000019073486,52.0752410888672
"1805",37.75,-0.25,0.605000019073486,NA
"1806",37.75,-0.25,0.605000019073486,78.7203598022461
"1807",37.75,-0.25,0.605000019073486,74.4545669555664
"1808",37.75,-0.25,0.605000019073486,71.3945617675781
"1809",37.75,-0.25,0.605000019073486,77.716423034668
"1810",37.75,-0.25,0.605000019073486,73.8944931030273
"1811",37.75,-0.25,0.605000019073486,75.3590545654297
"1812",37.75,-0.25,0.605000019073486,74.7872543334961
"1813",37.75,-0.25,0.605000019073486,65.5651321411133
"1814",37.75,-0.25,0.605000019073486,72.359489440918
"1815",37.75,-0.25,0.605000019073486,70.1572341918945
"1816",37.75,-0.25,0.605000019073486,66.6542434692383
"1817",37.75,-0.25,0.605000019073486,69.7752914428711
"1818",37.75,-0.25,0.605000019073486,78.6567001342773
"1819",37.75,-0.25,0.605000019073486,75.9595336914062
"1820",37.75,-0.25,0.605000019073486,63.2504196166992
"1821",37.75,-0.25,0.605000019073486,69.5164794921875
"1822",37.75,-0.25,0.605000019073486,76.2195281982422
"1823",37.75,-0.25,0.605000019073486,81.509521484375
"1824",37.75,-0.25,0.605000019073486,70.1986770629883
"1825",37.75,-0.25,0.605000019073486,80.3108062744141
"1826",37.75,-0.25,0.605000019073486,75.9422836303711
"1827",37.75,0.25,0.605000019073486,58.342399597168
"1828",37.75,0.25,0.605000019073486,NA
"1829",37.75,0.25,0.605000019073486,69.8484573364258
"1830",37.75,0.25,0.605000019073486,73.2749938964844
"1831",37.75,0.25,0.605000019073486,58.4321098327637
"1832",37.75,0.25,0.605000019073486,71.2783889770508
"1833",37.75,0.25,0.605000019073486,71.4307250976562
"1834",37.75,0.25,0.605000019073486,65.4568634033203
"1835",37.75,0.25,0.605000019073486,68.0454406738281
"1836",37.75,0.25,0.605000019073486,60.0307998657227
"1837",37.75,0.25,0.605000019073486,71.2725219726562
"1838",37.75,0.25,0.605000019073486,57.8307456970215
"1839",37.75,0.25,0.605000019073486,51.4582061767578
"1840",37.75,0.25,0.605000019073486,70.8723754882812
"1841",37.75,0.25,0.605000019073486,67.1696701049805
"1842",37.75,0.25,0.605000019073486,67.9688262939453
"1843",37.75,0.25,0.605000019073486,63.1276054382324
"1844",37.75,0.25,0.605000019073486,63.4605407714844
"1845",37.75,0.25,0.605000019073486,60.5851860046387
"1846",37.75,0.25,0.605000019073486,70.2202301025391
"1847",37.75,0.25,0.605000019073486,75.5504684448242
"1848",37.75,0.25,0.605000019073486,66.473014831543
"1849",37.75,0.75,NA,NA
"1850",37.75,0.75,NA,23.703275680542
"1851",37.75,0.75,NA,12.3703279495239
"1852",37.75,0.75,NA,16.0487422943115
"1853",37.75,0.75,NA,19.9398307800293
"1854",37.75,0.75,NA,17.7616634368896
"1855",37.75,0.75,NA,16.6233787536621
"1856",37.75,0.75,NA,19.1855068206787
"1857",37.75,0.75,NA,17.3454627990723
"1858",37.75,0.75,NA,13.8648529052734
"1859",37.75,0.75,NA,17.3511047363281
"1860",37.75,0.75,NA,22.167013168335
"1861",37.75,0.75,NA,11.4474325180054
"1862",37.75,0.75,NA,19.0371589660645
"1863",37.75,0.75,NA,14.7935094833374
"1864",37.75,0.75,NA,17.5027637481689
"1865",37.75,0.75,NA,14.5591669082642
"1866",37.75,0.75,NA,20.6336841583252
"1867",37.75,0.75,NA,17.1702785491943
"1868",37.75,0.75,NA,21.5608406066895
"1869",37.75,0.75,NA,14.4956903457642
"1870",37.75,0.75,NA,23.6450042724609
"1871",37.75,1.25,NA,9.77903938293457
"1872",37.75,1.25,NA,16.5567741394043
"1873",37.75,1.25,NA,NA
"1874",37.75,1.25,NA,14.5503120422363
"1875",37.75,1.25,NA,18.7871341705322
"1876",37.75,1.25,NA,12.8826246261597
"1877",37.75,1.25,NA,12.1449794769287
"1878",37.75,1.25,NA,18.8185844421387
"1879",37.75,1.25,NA,11.967041015625
"1880",37.75,1.25,NA,14.2797803878784
"1881",37.75,1.25,NA,12.3933639526367
"1882",37.75,1.25,NA,18.0239448547363
"1883",37.75,1.25,NA,15.2373867034912
"1884",37.75,1.25,NA,14.0669612884521
"1885",37.75,1.25,NA,13.20046043396
"1886",37.75,1.25,NA,15.5755195617676
"1887",37.75,1.25,NA,13.8498058319092
"1888",37.75,1.25,NA,14.6140880584717
"1889",37.75,1.25,NA,13.9768657684326
"1890",37.75,1.25,NA,17.4814395904541
"1891",37.75,1.25,NA,11.8943147659302
"1892",37.75,1.25,NA,9.54701232910156
"1893",37.75,1.75,NA,9.25065803527832
"1894",37.75,1.75,NA,8.80662822723389
"1895",37.75,1.75,NA,NA
"1896",37.75,1.75,NA,12.6076173782349
"1897",37.75,1.75,NA,9.75023078918457
"1898",37.75,1.75,NA,8.2001838684082
"1899",37.75,1.75,NA,8.90183258056641
"1900",37.75,1.75,NA,19.2407703399658
"1901",37.75,1.75,NA,13.102653503418
"1902",37.75,1.75,NA,9.34368419647217
"1903",37.75,1.75,NA,7.07033920288086
"1904",37.75,1.75,NA,10.1564140319824
"1905",37.75,1.75,NA,8.90051460266113
"1906",37.75,1.75,NA,6.54244470596313
"1907",37.75,1.75,NA,10.1771430969238
"1908",37.75,1.75,NA,11.901330947876
"1909",37.75,1.75,NA,10.3896036148071
"1910",37.75,1.75,NA,6.50904703140259
"1911",37.75,1.75,NA,8.43711853027344
"1912",37.75,1.75,NA,11.5219449996948
"1913",37.75,1.75,NA,10.6386222839355
"1914",37.75,1.75,NA,13.02880859375
"1915",37.75,2.25,NA,19.3574104309082
"1916",37.75,2.25,NA,11.906421661377
"1917",37.75,2.25,NA,22.6991596221924
"1918",37.75,2.25,NA,NA
"1919",37.75,2.25,NA,19.0419864654541
"1920",37.75,2.25,NA,18.3838996887207
"1921",37.75,2.25,NA,15.9283065795898
"1922",37.75,2.25,NA,15.2350025177002
"1923",37.75,2.25,NA,16.8077411651611
"1924",37.75,2.25,NA,20.0499668121338
"1925",37.75,2.25,NA,18.6217231750488
"1926",37.75,2.25,NA,20.067253112793
"1927",37.75,2.25,NA,14.5834941864014
"1928",37.75,2.25,NA,21.2652359008789
"1929",37.75,2.25,NA,19.5657196044922
"1930",37.75,2.25,NA,18.0442790985107
"1931",37.75,2.25,NA,23.4748649597168
"1932",37.75,2.25,NA,17.5726833343506
"1933",37.75,2.25,NA,29.1177864074707
"1934",37.75,2.25,NA,15.674503326416
"1935",37.75,2.25,NA,14.0928916931152
"1936",37.75,2.25,NA,20.4072074890137
"1937",37.75,2.75,NA,NA
"1938",37.75,2.75,NA,4.60339403152466
"1939",37.75,2.75,NA,4.065269947052
"1940",37.75,2.75,NA,3.16242289543152
"1941",37.75,2.75,NA,4.0621280670166
"1942",37.75,2.75,NA,4.23950719833374
"1943",37.75,2.75,NA,11.4458055496216
"1944",37.75,2.75,NA,3.62192416191101
"1945",37.75,2.75,NA,4.30389738082886
"1946",37.75,2.75,NA,4.59956455230713
"1947",37.75,2.75,NA,5.33401489257812
"1948",37.75,2.75,NA,3.88924527168274
"1949",37.75,2.75,NA,3.55660724639893
"1950",37.75,2.75,NA,5.46484613418579
"1951",37.75,2.75,NA,7.10433769226074
"1952",37.75,2.75,NA,4.50675106048584
"1953",37.75,2.75,NA,3.77750205993652
"1954",37.75,2.75,NA,3.30345940589905
"1955",37.75,2.75,NA,5.09124755859375
"1956",37.75,2.75,NA,3.41512370109558
"1957",37.75,2.75,NA,4.79773902893066
"1958",37.75,2.75,NA,4.23415040969849
"1959",37.75,3.25,0.104999996721745,13.5689888000488
"1960",37.75,3.25,0.104999996721745,7.96752548217773
"1961",37.75,3.25,0.104999996721745,NA
"1962",37.75,3.25,0.104999996721745,13.6860456466675
"1963",37.75,3.25,0.104999996721745,10.325855255127
"1964",37.75,3.25,0.104999996721745,12.491738319397
"1965",37.75,3.25,0.104999996721745,6.78660249710083
"1966",37.75,3.25,0.104999996721745,12.9801292419434
"1967",37.75,3.25,0.104999996721745,14.0449161529541
"1968",37.75,3.25,0.104999996721745,17.3118743896484
"1969",37.75,3.25,0.104999996721745,13.8524484634399
"1970",37.75,3.25,0.104999996721745,11.5968923568726
"1971",37.75,3.25,0.104999996721745,15.0075120925903
"1972",37.75,3.25,0.104999996721745,15.1004619598389
"1973",37.75,3.25,0.104999996721745,26.9908084869385
"1974",37.75,3.25,0.104999996721745,11.8768320083618
"1975",37.75,3.25,0.104999996721745,17.4287967681885
"1976",37.75,3.25,0.104999996721745,11.3990783691406
"1977",37.75,3.25,0.104999996721745,12.4890537261963
"1978",37.75,3.25,0.104999996721745,14.2102861404419
"1979",37.75,3.25,0.104999996721745,10.2072038650513
"1980",37.75,3.25,0.104999996721745,13.3231496810913
"1981",37.75,3.75,NA,NA
"1982",37.75,3.75,NA,16.0601634979248
"1983",37.75,3.75,NA,12.9676837921143
"1984",37.75,3.75,NA,13.7962808609009
"1985",37.75,3.75,NA,6.94886016845703
"1986",37.75,3.75,NA,16.3998012542725
"1987",37.75,3.75,NA,7.92853355407715
"1988",37.75,3.75,NA,11.9929571151733
"1989",37.75,3.75,NA,12.0523490905762
"1990",37.75,3.75,NA,12.774959564209
"1991",37.75,3.75,NA,12.6697978973389
"1992",37.75,3.75,NA,13.9619112014771
"1993",37.75,3.75,NA,9.6376314163208
"1994",37.75,3.75,NA,10.8252801895142
"1995",37.75,3.75,NA,13.0868844985962
"1996",37.75,3.75,NA,10.4141607284546
"1997",37.75,3.75,NA,16.1372127532959
"1998",37.75,3.75,NA,12.4555807113647
"1999",37.75,3.75,NA,8.45726203918457
"2000",37.75,3.75,NA,25.7357139587402
"2001",37.75,3.75,NA,9.71195220947266
"2002",37.75,3.75,NA,13.5205812454224
"2003",38.25,-3.75,0.605000019073486,43.2975082397461
"2004",38.25,-3.75,0.605000019073486,NA
"2005",38.25,-3.75,0.605000019073486,29.6131992340088
"2006",38.25,-3.75,0.605000019073486,27.9459533691406
"2007",38.25,-3.75,0.605000019073486,34.3973388671875
"2008",38.25,-3.75,0.605000019073486,27.3092498779297
"2009",38.25,-3.75,0.605000019073486,34.148494720459
"2010",38.25,-3.75,0.605000019073486,27.6098594665527
"2011",38.25,-3.75,0.605000019073486,32.851016998291
"2012",38.25,-3.75,0.605000019073486,40.5537376403809
"2013",38.25,-3.75,0.605000019073486,25.9692516326904
"2014",38.25,-3.75,0.605000019073486,18.0554332733154
"2015",38.25,-3.75,0.605000019073486,26.6835994720459
"2016",38.25,-3.75,0.605000019073486,29.8684272766113
"2017",38.25,-3.75,0.605000019073486,29.7222213745117
"2018",38.25,-3.75,0.605000019073486,32.1814498901367
"2019",38.25,-3.75,0.605000019073486,22.4035892486572
"2020",38.25,-3.75,0.605000019073486,34.3790664672852
"2021",38.25,-3.75,0.605000019073486,29.9019165039062
"2022",38.25,-3.75,0.605000019073486,22.579532623291
"2023",38.25,-3.75,0.605000019073486,29.7606887817383
"2024",38.25,-3.75,0.605000019073486,23.2304344177246
"2025",38.25,-3.25,0.605000019073486,NA
"2026",38.25,-3.25,0.605000019073486,36.4464263916016
"2027",38.25,-3.25,0.605000019073486,32.1915740966797
"2028",38.25,-3.25,0.605000019073486,36.3684387207031
"2029",38.25,-3.25,0.605000019073486,34.7268409729004
"2030",38.25,-3.25,0.605000019073486,35.9683227539062
"2031",38.25,-3.25,0.605000019073486,35.1672210693359
"2032",38.25,-3.25,0.605000019073486,33.8316764831543
"2033",38.25,-3.25,0.605000019073486,41.3183479309082
"2034",38.25,-3.25,0.605000019073486,32.8536415100098
"2035",38.25,-3.25,0.605000019073486,36.0247650146484
"2036",38.25,-3.25,0.605000019073486,46.0521926879883
"2037",38.25,-3.25,0.605000019073486,26.3547420501709
"2038",38.25,-3.25,0.605000019073486,37.7341804504395
"2039",38.25,-3.25,0.605000019073486,36.6807403564453
"2040",38.25,-3.25,0.605000019073486,44.9762878417969
"2041",38.25,-3.25,0.605000019073486,36.5586128234863
"2042",38.25,-3.25,0.605000019073486,35.8222236633301
"2043",38.25,-3.25,0.605000019073486,30.5365371704102
"2044",38.25,-3.25,0.605000019073486,30.7828845977783
"2045",38.25,-3.25,0.605000019073486,43.4869232177734
"2046",38.25,-3.25,0.605000019073486,37.6691017150879
"2047",38.25,-2.75,0.605000019073486,27.1690235137939
"2048",38.25,-2.75,0.605000019073486,29.2018260955811
"2049",38.25,-2.75,0.605000019073486,33.079532623291
"2050",38.25,-2.75,0.605000019073486,35.8906097412109
"2051",38.25,-2.75,0.605000019073486,42.3471298217773
"2052",38.25,-2.75,0.605000019073486,28.1415481567383
"2053",38.25,-2.75,0.605000019073486,NA
"2054",38.25,-2.75,0.605000019073486,31.7778968811035
"2055",38.25,-2.75,0.605000019073486,38.7559776306152
"2056",38.25,-2.75,0.605000019073486,30.4751605987549
"2057",38.25,-2.75,0.605000019073486,38.5516891479492
"2058",38.25,-2.75,0.605000019073486,20.8339042663574
"2059",38.25,-2.75,0.605000019073486,33.4013290405273
"2060",38.25,-2.75,0.605000019073486,32.2348670959473
"2061",38.25,-2.75,0.605000019073486,37.0897979736328
"2062",38.25,-2.75,0.605000019073486,36.3874015808105
"2063",38.25,-2.75,0.605000019073486,33.3834915161133
"2064",38.25,-2.75,0.605000019073486,29.5202674865723
"2065",38.25,-2.75,0.605000019073486,40.7183609008789
"2066",38.25,-2.75,0.605000019073486,30.1993446350098
"2067",38.25,-2.75,0.605000019073486,33.0951766967773
"2068",38.25,-2.75,0.605000019073486,29.0565509796143
"2069",38.25,-2.25,0.605000019073486,NA
"2070",38.25,-2.25,0.605000019073486,32.2515335083008
"2071",38.25,-2.25,0.605000019073486,31.3069381713867
"2072",38.25,-2.25,0.605000019073486,34.016845703125
"2073",38.25,-2.25,0.605000019073486,37.743408203125
"2074",38.25,-2.25,0.605000019073486,31.9243869781494
"2075",38.25,-2.25,0.605000019073486,31.8824501037598
"2076",38.25,-2.25,0.605000019073486,26.6427097320557
"2077",38.25,-2.25,0.605000019073486,35.8520774841309
"2078",38.25,-2.25,0.605000019073486,35.3986625671387
"2079",38.25,-2.25,0.605000019073486,43.9219932556152
"2080",38.25,-2.25,0.605000019073486,46.7728424072266
"2081",38.25,-2.25,0.605000019073486,32.1938819885254
"2082",38.25,-2.25,0.605000019073486,30.330753326416
"2083",38.25,-2.25,0.605000019073486,42.7869758605957
"2084",38.25,-2.25,0.605000019073486,44.1984214782715
"2085",38.25,-2.25,0.605000019073486,33.9186744689941
"2086",38.25,-2.25,0.605000019073486,43.8072853088379
"2087",38.25,-2.25,0.605000019073486,24.5057716369629
"2088",38.25,-2.25,0.605000019073486,35.8728294372559
"2089",38.25,-2.25,0.605000019073486,41.2746772766113
"2090",38.25,-2.25,0.605000019073486,44.171558380127
"2091",38.25,-1.75,0.605000019073486,NA
"2092",38.25,-1.75,0.605000019073486,41.7344131469727
"2093",38.25,-1.75,0.605000019073486,45.8286056518555
"2094",38.25,-1.75,0.605000019073486,36.661304473877
"2095",38.25,-1.75,0.605000019073486,45.5649108886719
"2096",38.25,-1.75,0.605000019073486,46.5382118225098
"2097",38.25,-1.75,0.605000019073486,42.8011207580566
"2098",38.25,-1.75,0.605000019073486,31.5216217041016
"2099",38.25,-1.75,0.605000019073486,37.1289100646973
"2100",38.25,-1.75,0.605000019073486,46.6673927307129
"2101",38.25,-1.75,0.605000019073486,43.8311042785645
"2102",38.25,-1.75,0.605000019073486,50.7184829711914
"2103",38.25,-1.75,0.605000019073486,38.7237854003906
"2104",38.25,-1.75,0.605000019073486,39.8051261901855
"2105",38.25,-1.75,0.605000019073486,36.8481903076172
"2106",38.25,-1.75,0.605000019073486,30.8140029907227
"2107",38.25,-1.75,0.605000019073486,27.5589485168457
"2108",38.25,-1.75,0.605000019073486,40.1486892700195
"2109",38.25,-1.75,0.605000019073486,39.396354675293
"2110",38.25,-1.75,0.605000019073486,40.7855262756348
"2111",38.25,-1.75,0.605000019073486,33.8318672180176
"2112",38.25,-1.75,0.605000019073486,37.5599021911621
"2113",38.25,-1.25,0.605000019073486,NA
"2114",38.25,-1.25,0.605000019073486,59.7336463928223
"2115",38.25,-1.25,0.605000019073486,49.6125373840332
"2116",38.25,-1.25,0.605000019073486,56.2081489562988
"2117",38.25,-1.25,0.605000019073486,52.7384605407715
"2118",38.25,-1.25,0.605000019073486,50.632755279541
"2119",38.25,-1.25,0.605000019073486,47.0399856567383
"2120",38.25,-1.25,0.605000019073486,55.2187957763672
"2121",38.25,-1.25,0.605000019073486,39.9679527282715
"2122",38.25,-1.25,0.605000019073486,53.3304901123047
"2123",38.25,-1.25,0.605000019073486,47.5796089172363
"2124",38.25,-1.25,0.605000019073486,51.4700813293457
"2125",38.25,-1.25,0.605000019073486,54.489315032959
"2126",38.25,-1.25,0.605000019073486,47.7346954345703
"2127",38.25,-1.25,0.605000019073486,49.786750793457
"2128",38.25,-1.25,0.605000019073486,56.6852073669434
"2129",38.25,-1.25,0.605000019073486,48.5713577270508
"2130",38.25,-1.25,0.605000019073486,50.4650688171387
"2131",38.25,-1.25,0.605000019073486,42.3621368408203
"2132",38.25,-1.25,0.605000019073486,47.0113296508789
"2133",38.25,-1.25,0.605000019073486,41.8314666748047
"2134",38.25,-1.25,0.605000019073486,42.1356468200684
"2135",38.25,-0.75,0.605000019073486,NA
"2136",38.25,-0.75,0.605000019073486,42.4939918518066
"2137",38.25,-0.75,0.605000019073486,32.4628868103027
"2138",38.25,-0.75,0.605000019073486,47.3606643676758
"2139",38.25,-0.75,0.605000019073486,40.9042778015137
"2140",38.25,-0.75,0.605000019073486,43.1947631835938
"2141",38.25,-0.75,0.605000019073486,35.2924728393555
"2142",38.25,-0.75,0.605000019073486,33.1502838134766
"2143",38.25,-0.75,0.605000019073486,40.0341720581055
"2144",38.25,-0.75,0.605000019073486,28.8565635681152
"2145",38.25,-0.75,0.605000019073486,29.3860855102539
"2146",38.25,-0.75,0.605000019073486,35.6166076660156
"2147",38.25,-0.75,0.605000019073486,42.6853713989258
"2148",38.25,-0.75,0.605000019073486,50.6840362548828
"2149",38.25,-0.75,0.605000019073486,30.9198951721191
"2150",38.25,-0.75,0.605000019073486,42.9386863708496
"2151",38.25,-0.75,0.605000019073486,37.9907073974609
"2152",38.25,-0.75,0.605000019073486,40.0822334289551
"2153",38.25,-0.75,0.605000019073486,39.0131492614746
"2154",38.25,-0.75,0.605000019073486,40.9951667785645
"2155",38.25,-0.75,0.605000019073486,37.6556816101074
"2156",38.25,-0.75,0.605000019073486,43.4647560119629
"2157",38.25,-0.25,0.605000019073486,30.5724086761475
"2158",38.25,-0.25,0.605000019073486,23.7499809265137
"2159",38.25,-0.25,0.605000019073486,35.2638702392578
"2160",38.25,-0.25,0.605000019073486,36.8681221008301
"2161",38.25,-0.25,0.605000019073486,NA
"2162",38.25,-0.25,0.605000019073486,30.5808258056641
"2163",38.25,-0.25,0.605000019073486,26.9236011505127
"2164",38.25,-0.25,0.605000019073486,37.810905456543
"2165",38.25,-0.25,0.605000019073486,31.8912143707275
"2166",38.25,-0.25,0.605000019073486,39.1115341186523
"2167",38.25,-0.25,0.605000019073486,28.9898700714111
"2168",38.25,-0.25,0.605000019073486,31.5819892883301
"2169",38.25,-0.25,0.605000019073486,34.1078147888184
"2170",38.25,-0.25,0.605000019073486,29.4659385681152
"2171",38.25,-0.25,0.605000019073486,25.5429859161377
"2172",38.25,-0.25,0.605000019073486,25.8516101837158
"2173",38.25,-0.25,0.605000019073486,34.112419128418
"2174",38.25,-0.25,0.605000019073486,25.3609714508057
"2175",38.25,-0.25,0.605000019073486,24.8801383972168
"2176",38.25,-0.25,0.605000019073486,31.5668087005615
"2177",38.25,-0.25,0.605000019073486,27.1944808959961
"2178",38.25,-0.25,0.605000019073486,37.9878234863281
"2179",38.25,0.25,0.605000019073486,42.0737075805664
"2180",38.25,0.25,0.605000019073486,34.5626907348633
"2181",38.25,0.25,0.605000019073486,33.2091674804688
"2182",38.25,0.25,0.605000019073486,NA
"2183",38.25,0.25,0.605000019073486,42.9717330932617
"2184",38.25,0.25,0.605000019073486,28.2965507507324
"2185",38.25,0.25,0.605000019073486,36.5558815002441
"2186",38.25,0.25,0.605000019073486,39.5129241943359
"2187",38.25,0.25,0.605000019073486,38.9770736694336
"2188",38.25,0.25,0.605000019073486,46.1550636291504
"2189",38.25,0.25,0.605000019073486,37.6238975524902
"2190",38.25,0.25,0.605000019073486,33.0718116760254
"2191",38.25,0.25,0.605000019073486,36.1836891174316
"2192",38.25,0.25,0.605000019073486,36.3466987609863
"2193",38.25,0.25,0.605000019073486,41.5986366271973
"2194",38.25,0.25,0.605000019073486,32.1247749328613
"2195",38.25,0.25,0.605000019073486,43.853099822998
"2196",38.25,0.25,0.605000019073486,33.3867835998535
"2197",38.25,0.25,0.605000019073486,30.6818332672119
"2198",38.25,0.25,0.605000019073486,40.8123931884766
"2199",38.25,0.25,0.605000019073486,28.9068908691406
"2200",38.25,0.25,0.605000019073486,40.6430053710938
"2201",38.25,0.75,NA,NA
"2202",38.25,0.75,NA,18.6293487548828
"2203",38.25,0.75,NA,14.7261190414429
"2204",38.25,0.75,NA,19.4081535339355
"2205",38.25,0.75,NA,14.306941986084
"2206",38.25,0.75,NA,14.1848049163818
"2207",38.25,0.75,NA,16.6130886077881
"2208",38.25,0.75,NA,24.3529262542725
"2209",38.25,0.75,NA,17.5918350219727
"2210",38.25,0.75,NA,21.5138072967529
"2211",38.25,0.75,NA,21.9595108032227
"2212",38.25,0.75,NA,13.4987707138062
"2213",38.25,0.75,NA,17.6736660003662
"2214",38.25,0.75,NA,16.5420246124268
"2215",38.25,0.75,NA,15.4261770248413
"2216",38.25,0.75,NA,20.9354305267334
"2217",38.25,0.75,NA,22.6716251373291
"2218",38.25,0.75,NA,23.8523731231689
"2219",38.25,0.75,NA,20.4730606079102
"2220",38.25,0.75,NA,20.2276477813721
"2221",38.25,0.75,NA,26.5005989074707
"2222",38.25,0.75,NA,16.8691635131836
"2223",38.25,1.25,NA,NA
"2224",38.25,1.25,NA,6.07371854782104
"2225",38.25,1.25,NA,12.7125701904297
"2226",38.25,1.25,NA,13.9420490264893
"2227",38.25,1.25,NA,14.1046953201294
"2228",38.25,1.25,NA,9.37643337249756
"2229",38.25,1.25,NA,7.48165988922119
"2230",38.25,1.25,NA,11.2256011962891
"2231",38.25,1.25,NA,10.4631595611572
"2232",38.25,1.25,NA,21.2257041931152
"2233",38.25,1.25,NA,9.21360492706299
"2234",38.25,1.25,NA,12.6727962493896
"2235",38.25,1.25,NA,8.25437450408936
"2236",38.25,1.25,NA,9.75363445281982
"2237",38.25,1.25,NA,10.4908695220947
"2238",38.25,1.25,NA,9.50513744354248
"2239",38.25,1.25,NA,14.5708084106445
"2240",38.25,1.25,NA,7.18306875228882
"2241",38.25,1.25,NA,11.8638858795166
"2242",38.25,1.25,NA,10.0620231628418
"2243",38.25,1.25,NA,9.53773307800293
"2244",38.25,1.25,NA,7.29025411605835
"2245",38.25,1.75,NA,NA
"2246",38.25,1.75,NA,6.96389961242676
"2247",38.25,1.75,NA,8.55167007446289
"2248",38.25,1.75,NA,8.50363731384277
"2249",38.25,1.75,NA,5.64169692993164
"2250",38.25,1.75,NA,6.07271575927734
"2251",38.25,1.75,NA,7.64719581604004
"2252",38.25,1.75,NA,7.08335733413696
"2253",38.25,1.75,NA,9.43542575836182
"2254",38.25,1.75,NA,8.41695594787598
"2255",38.25,1.75,NA,11.3281240463257
"2256",38.25,1.75,NA,10.1681890487671
"2257",38.25,1.75,NA,10.2674741744995
"2258",38.25,1.75,NA,5.12973308563232
"2259",38.25,1.75,NA,21.0820960998535
"2260",38.25,1.75,NA,10.1169195175171
"2261",38.25,1.75,NA,8.94971466064453
"2262",38.25,1.75,NA,12.5166606903076
"2263",38.25,1.75,NA,5.67316579818726
"2264",38.25,1.75,NA,10.2285223007202
"2265",38.25,1.75,NA,10.9214372634888
"2266",38.25,1.75,NA,6.46908950805664
"2267",38.25,2.25,NA,NA
"2268",38.25,2.25,NA,16.7611103057861
"2269",38.25,2.25,NA,18.1334114074707
"2270",38.25,2.25,NA,26.7859573364258
"2271",38.25,2.25,NA,18.3456325531006
"2272",38.25,2.25,NA,21.4935550689697
"2273",38.25,2.25,NA,24.5645847320557
"2274",38.25,2.25,NA,15.2682704925537
"2275",38.25,2.25,NA,21.1659145355225
"2276",38.25,2.25,NA,19.3128719329834
"2277",38.25,2.25,NA,14.3279476165771
"2278",38.25,2.25,NA,24.4241523742676
"2279",38.25,2.25,NA,21.9705543518066
"2280",38.25,2.25,NA,21.7142295837402
"2281",38.25,2.25,NA,15.0168008804321
"2282",38.25,2.25,NA,19.9420967102051
"2283",38.25,2.25,NA,22.8357276916504
"2284",38.25,2.25,NA,31.8790149688721
"2285",38.25,2.25,NA,18.8236560821533
"2286",38.25,2.25,NA,21.4519500732422
"2287",38.25,2.25,NA,15.3558206558228
"2288",38.25,2.25,NA,16.6960277557373
"2289",38.25,2.75,NA,NA
"2290",38.25,2.75,NA,10.3840255737305
"2291",38.25,2.75,NA,9.52153968811035
"2292",38.25,2.75,NA,6.65678882598877
"2293",38.25,2.75,NA,8.30725955963135
"2294",38.25,2.75,NA,9.2492094039917
"2295",38.25,2.75,NA,10.9717063903809
"2296",38.25,2.75,NA,19.8256454467773
"2297",38.25,2.75,NA,8.47630023956299
"2298",38.25,2.75,NA,11.5738372802734
"2299",38.25,2.75,NA,7.76445436477661
"2300",38.25,2.75,NA,9.19322776794434
"2301",38.25,2.75,NA,8.66134262084961
"2302",38.25,2.75,NA,9.8648796081543
"2303",38.25,2.75,NA,7.23962354660034
"2304",38.25,2.75,NA,9.83108901977539
"2305",38.25,2.75,NA,7.83993911743164
"2306",38.25,2.75,NA,10.9570865631104
"2307",38.25,2.75,NA,14.6251535415649
"2308",38.25,2.75,NA,15.4632682800293
"2309",38.25,2.75,NA,10.5991916656494
"2310",38.25,2.75,NA,9.82540130615234
"2311",38.25,3.25,NA,14.5067853927612
"2312",38.25,3.25,NA,9.61844158172607
"2313",38.25,3.25,NA,NA
"2314",38.25,3.25,NA,8.11613368988037
"2315",38.25,3.25,NA,10.8925914764404
"2316",38.25,3.25,NA,14.6264867782593
"2317",38.25,3.25,NA,24.664249420166
"2318",38.25,3.25,NA,13.4001655578613
"2319",38.25,3.25,NA,13.7833604812622
"2320",38.25,3.25,NA,8.53064250946045
"2321",38.25,3.25,NA,10.5596342086792
"2322",38.25,3.25,NA,18.45361328125
"2323",38.25,3.25,NA,17.9833393096924
"2324",38.25,3.25,NA,8.71996784210205
"2325",38.25,3.25,NA,12.4844989776611
"2326",38.25,3.25,NA,14.0836696624756
"2327",38.25,3.25,NA,10.0362615585327
"2328",38.25,3.25,NA,10.1433591842651
"2329",38.25,3.25,NA,10.1313800811768
"2330",38.25,3.25,NA,11.8046646118164
"2331",38.25,3.25,NA,9.39758968353271
"2332",38.25,3.25,NA,6.63381433486938
"2333",38.75,-4.25,0.605000019073486,32.1607780456543
"2334",38.75,-4.25,0.605000019073486,NA
"2335",38.75,-4.25,0.605000019073486,22.8050804138184
"2336",38.75,-4.25,0.605000019073486,27.4330673217773
"2337",38.75,-4.25,0.605000019073486,35.5401573181152
"2338",38.75,-4.25,0.605000019073486,32.5753631591797
"2339",38.75,-4.25,0.605000019073486,28.5118579864502
"2340",38.75,-4.25,0.605000019073486,42.9517135620117
"2341",38.75,-4.25,0.605000019073486,35.3498153686523
"2342",38.75,-4.25,0.605000019073486,32.0466499328613
"2343",38.75,-4.25,0.605000019073486,35.4313354492188
"2344",38.75,-4.25,0.605000019073486,27.097095489502
"2345",38.75,-4.25,0.605000019073486,27.1713829040527
"2346",38.75,-4.25,0.605000019073486,38.3367538452148
"2347",38.75,-4.25,0.605000019073486,30.9087219238281
"2348",38.75,-4.25,0.605000019073486,28.2735939025879
"2349",38.75,-4.25,0.605000019073486,27.9630603790283
"2350",38.75,-4.25,0.605000019073486,34.0973243713379
"2351",38.75,-4.25,0.605000019073486,44.5528755187988
"2352",38.75,-4.25,0.605000019073486,31.0062961578369
"2353",38.75,-4.25,0.605000019073486,41.5195350646973
"2354",38.75,-4.25,0.605000019073486,34.4587669372559
"2355",38.75,-3.75,0.605000019073486,21.3765182495117
"2356",38.75,-3.75,0.605000019073486,36.8691177368164
"2357",38.75,-3.75,0.605000019073486,NA
"2358",38.75,-3.75,0.605000019073486,23.4345569610596
"2359",38.75,-3.75,0.605000019073486,37.1645278930664
"2360",38.75,-3.75,0.605000019073486,27.9960632324219
"2361",38.75,-3.75,0.605000019073486,27.131275177002
"2362",38.75,-3.75,0.605000019073486,25.4610576629639
"2363",38.75,-3.75,0.605000019073486,34.6346206665039
"2364",38.75,-3.75,0.605000019073486,27.7772655487061
"2365",38.75,-3.75,0.605000019073486,24.2324905395508
"2366",38.75,-3.75,0.605000019073486,29.1576862335205
"2367",38.75,-3.75,0.605000019073486,25.0453929901123
"2368",38.75,-3.75,0.605000019073486,30.4463081359863
"2369",38.75,-3.75,0.605000019073486,26.2156162261963
"2370",38.75,-3.75,0.605000019073486,34.9835014343262
"2371",38.75,-3.75,0.605000019073486,26.6504020690918
"2372",38.75,-3.75,0.605000019073486,33.2022247314453
"2373",38.75,-3.75,0.605000019073486,27.7225437164307
"2374",38.75,-3.75,0.605000019073486,30.0425777435303
"2375",38.75,-3.75,0.605000019073486,29.1044235229492
"2376",38.75,-3.75,0.605000019073486,22.2908935546875
"2377",38.75,-3.25,0.605000019073486,19.880277633667
"2378",38.75,-3.25,0.605000019073486,15.2922973632812
"2379",38.75,-3.25,0.605000019073486,20.8786334991455
"2380",38.75,-3.25,0.605000019073486,17.5403022766113
"2381",38.75,-3.25,0.605000019073486,26.5590763092041
"2382",38.75,-3.25,0.605000019073486,20.9218635559082
"2383",38.75,-3.25,0.605000019073486,NA
"2384",38.75,-3.25,0.605000019073486,24.785213470459
"2385",38.75,-3.25,0.605000019073486,24.0853786468506
"2386",38.75,-3.25,0.605000019073486,19.5490646362305
"2387",38.75,-3.25,0.605000019073486,19.2039051055908
"2388",38.75,-3.25,0.605000019073486,16.6312828063965
"2389",38.75,-3.25,0.605000019073486,14.2850437164307
"2390",38.75,-3.25,0.605000019073486,26.5054759979248
"2391",38.75,-3.25,0.605000019073486,16.0069427490234
"2392",38.75,-3.25,0.605000019073486,19.246711730957
"2393",38.75,-3.25,0.605000019073486,13.5638675689697
"2394",38.75,-3.25,0.605000019073486,22.8269710540771
"2395",38.75,-3.25,0.605000019073486,24.4137096405029
"2396",38.75,-3.25,0.605000019073486,14.9596948623657
"2397",38.75,-3.25,0.605000019073486,19.3215370178223
"2398",38.75,-3.25,0.605000019073486,19.5064449310303
"2399",38.75,-2.75,0.605000019073486,26.1627044677734
"2400",38.75,-2.75,0.605000019073486,NA
"2401",38.75,-2.75,0.605000019073486,18.1100788116455
"2402",38.75,-2.75,0.605000019073486,15.1422672271729
"2403",38.75,-2.75,0.605000019073486,23.2234077453613
"2404",38.75,-2.75,0.605000019073486,19.7535457611084
"2405",38.75,-2.75,0.605000019073486,12.1797618865967
"2406",38.75,-2.75,0.605000019073486,23.9656219482422
"2407",38.75,-2.75,0.605000019073486,17.2647285461426
"2408",38.75,-2.75,0.605000019073486,25.7726993560791
"2409",38.75,-2.75,0.605000019073486,14.5373992919922
"2410",38.75,-2.75,0.605000019073486,18.3554306030273
"2411",38.75,-2.75,0.605000019073486,15.5364065170288
"2412",38.75,-2.75,0.605000019073486,18.0877132415771
"2413",38.75,-2.75,0.605000019073486,19.9619293212891
"2414",38.75,-2.75,0.605000019073486,18.0392227172852
"2415",38.75,-2.75,0.605000019073486,20.4334754943848
"2416",38.75,-2.75,0.605000019073486,13.3418216705322
"2417",38.75,-2.75,0.605000019073486,25.3179187774658
"2418",38.75,-2.75,0.605000019073486,19.6914577484131
"2419",38.75,-2.75,0.605000019073486,17.1570987701416
"2420",38.75,-2.75,0.605000019073486,17.5958881378174
"2421",38.75,-2.25,0.605000019073486,20.1762752532959
"2422",38.75,-2.25,0.605000019073486,NA
"2423",38.75,-2.25,0.605000019073486,26.4454879760742
"2424",38.75,-2.25,0.605000019073486,25.5049953460693
"2425",38.75,-2.25,0.605000019073486,20.2161769866943
"2426",38.75,-2.25,0.605000019073486,20.5925941467285
"2427",38.75,-2.25,0.605000019073486,18.461935043335
"2428",38.75,-2.25,0.605000019073486,22.4997100830078
"2429",38.75,-2.25,0.605000019073486,29.2377986907959
"2430",38.75,-2.25,0.605000019073486,24.4215564727783
"2431",38.75,-2.25,0.605000019073486,21.4571971893311
"2432",38.75,-2.25,0.605000019073486,23.9029998779297
"2433",38.75,-2.25,0.605000019073486,23.0358657836914
"2434",38.75,-2.25,0.605000019073486,20.3219985961914
"2435",38.75,-2.25,0.605000019073486,24.352180480957
"2436",38.75,-2.25,0.605000019073486,28.1384735107422
"2437",38.75,-2.25,0.605000019073486,15.9592094421387
"2438",38.75,-2.25,0.605000019073486,15.4860363006592
"2439",38.75,-2.25,0.605000019073486,20.0964984893799
"2440",38.75,-2.25,0.605000019073486,28.1144104003906
"2441",38.75,-2.25,0.605000019073486,18.5287075042725
"2442",38.75,-2.25,0.605000019073486,20.345006942749
"2443",38.75,-1.75,0.605000019073486,25.2149295806885
"2444",38.75,-1.75,0.605000019073486,23.3050785064697
"2445",38.75,-1.75,0.605000019073486,19.473331451416
"2446",38.75,-1.75,0.605000019073486,NA
"2447",38.75,-1.75,0.605000019073486,22.5812911987305
"2448",38.75,-1.75,0.605000019073486,26.5995979309082
"2449",38.75,-1.75,0.605000019073486,28.7002849578857
"2450",38.75,-1.75,0.605000019073486,25.4121837615967
"2451",38.75,-1.75,0.605000019073486,21.7131538391113
"2452",38.75,-1.75,0.605000019073486,24.2993907928467
"2453",38.75,-1.75,0.605000019073486,20.425085067749
"2454",38.75,-1.75,0.605000019073486,29.3276958465576
"2455",38.75,-1.75,0.605000019073486,28.6425228118896
"2456",38.75,-1.75,0.605000019073486,25.1086730957031
"2457",38.75,-1.75,0.605000019073486,19.5555095672607
"2458",38.75,-1.75,0.605000019073486,19.2257747650146
"2459",38.75,-1.75,0.605000019073486,24.3149013519287
"2460",38.75,-1.75,0.605000019073486,16.2563552856445
"2461",38.75,-1.75,0.605000019073486,21.0355796813965
"2462",38.75,-1.75,0.605000019073486,20.4411087036133
"2463",38.75,-1.75,0.605000019073486,30.1339931488037
"2464",38.75,-1.75,0.605000019073486,28.1190376281738
"2465",38.75,-1.25,0.605000019073486,21.5639305114746
"2466",38.75,-1.25,0.605000019073486,26.4490623474121
"2467",38.75,-1.25,0.605000019073486,NA
"2468",38.75,-1.25,0.605000019073486,18.8376121520996
"2469",38.75,-1.25,0.605000019073486,33.2799072265625
"2470",38.75,-1.25,0.605000019073486,29.8149394989014
"2471",38.75,-1.25,0.605000019073486,30.6277408599854
"2472",38.75,-1.25,0.605000019073486,31.0257186889648
"2473",38.75,-1.25,0.605000019073486,24.4555263519287
"2474",38.75,-1.25,0.605000019073486,26.9139823913574
"2475",38.75,-1.25,0.605000019073486,24.7643356323242
"2476",38.75,-1.25,0.605000019073486,30.2596912384033
"2477",38.75,-1.25,0.605000019073486,32.6297378540039
"2478",38.75,-1.25,0.605000019073486,22.1775226593018
"2479",38.75,-1.25,0.605000019073486,25.0642242431641
"2480",38.75,-1.25,0.605000019073486,24.7549858093262
"2481",38.75,-1.25,0.605000019073486,27.5174617767334
"2482",38.75,-1.25,0.605000019073486,22.3000240325928
"2483",38.75,-1.25,0.605000019073486,26.6745433807373
"2484",38.75,-1.25,0.605000019073486,27.8660926818848
"2485",38.75,-1.25,0.605000019073486,25.7515468597412
"2486",38.75,-1.25,0.605000019073486,23.925407409668
"2487",38.75,-0.75,0.605000019073486,26.2965087890625
"2488",38.75,-0.75,0.605000019073486,22.1159629821777
"2489",38.75,-0.75,0.605000019073486,NA
"2490",38.75,-0.75,0.605000019073486,22.5756969451904
"2491",38.75,-0.75,0.605000019073486,24.7517185211182
"2492",38.75,-0.75,0.605000019073486,22.6848449707031
"2493",38.75,-0.75,0.605000019073486,31.0973529815674
"2494",38.75,-0.75,0.605000019073486,23.3772163391113
"2495",38.75,-0.75,0.605000019073486,33.8524856567383
"2496",38.75,-0.75,0.605000019073486,22.1871795654297
"2497",38.75,-0.75,0.605000019073486,24.719352722168
"2498",38.75,-0.75,0.605000019073486,17.740291595459
"2499",38.75,-0.75,0.605000019073486,29.1105842590332
"2500",38.75,-0.75,0.605000019073486,23.7172069549561
"2501",38.75,-0.75,0.605000019073486,24.1609306335449
"2502",38.75,-0.75,0.605000019073486,27.3076629638672
"2503",38.75,-0.75,0.605000019073486,27.2962741851807
"2504",38.75,-0.75,0.605000019073486,26.5933609008789
"2505",38.75,-0.75,0.605000019073486,32.5677299499512
"2506",38.75,-0.75,0.605000019073486,21.3518161773682
"2507",38.75,-0.75,0.605000019073486,32.3642196655273
"2508",38.75,-0.75,0.605000019073486,29.3046226501465
"2509",38.75,-0.25,0.605000019073486,NA
"2510",38.75,-0.25,0.605000019073486,22.4482936859131
"2511",38.75,-0.25,0.605000019073486,24.945613861084
"2512",38.75,-0.25,0.605000019073486,18.8064231872559
"2513",38.75,-0.25,0.605000019073486,25.9654502868652
"2514",38.75,-0.25,0.605000019073486,17.9295043945312
"2515",38.75,-0.25,0.605000019073486,24.5878658294678
"2516",38.75,-0.25,0.605000019073486,21.1555118560791
"2517",38.75,-0.25,0.605000019073486,21.6716918945312
"2518",38.75,-0.25,0.605000019073486,18.7785568237305
"2519",38.75,-0.25,0.605000019073486,17.3678379058838
"2520",38.75,-0.25,0.605000019073486,19.2591228485107
"2521",38.75,-0.25,0.605000019073486,14.2383594512939
"2522",38.75,-0.25,0.605000019073486,23.6951522827148
"2523",38.75,-0.25,0.605000019073486,17.3691158294678
"2524",38.75,-0.25,0.605000019073486,17.0521488189697
"2525",38.75,-0.25,0.605000019073486,17.1928844451904
"2526",38.75,-0.25,0.605000019073486,18.752368927002
"2527",38.75,-0.25,0.605000019073486,20.0186290740967
"2528",38.75,-0.25,0.605000019073486,23.3866443634033
"2529",38.75,-0.25,0.605000019073486,21.5728588104248
"2530",38.75,-0.25,0.605000019073486,25.5569915771484
"2531",38.75,0.25,0.605000019073486,13.7522096633911
"2532",38.75,0.25,0.605000019073486,10.8472967147827
"2533",38.75,0.25,0.605000019073486,11.3281497955322
"2534",38.75,0.25,0.605000019073486,14.852123260498
"2535",38.75,0.25,0.605000019073486,NA
"2536",38.75,0.25,0.605000019073486,15.2046794891357
"2537",38.75,0.25,0.605000019073486,10.646201133728
"2538",38.75,0.25,0.605000019073486,14.1031160354614
"2539",38.75,0.25,0.605000019073486,11.3792629241943
"2540",38.75,0.25,0.605000019073486,12.4275484085083
"2541",38.75,0.25,0.605000019073486,14.0489902496338
"2542",38.75,0.25,0.605000019073486,15.7509765625
"2543",38.75,0.25,0.605000019073486,14.8761425018311
"2544",38.75,0.25,0.605000019073486,12.0694828033447
"2545",38.75,0.25,0.605000019073486,15.5748462677002
"2546",38.75,0.25,0.605000019073486,9.11087989807129
"2547",38.75,0.25,0.605000019073486,18.3332500457764
"2548",38.75,0.25,0.605000019073486,13.6564540863037
"2549",38.75,0.25,0.605000019073486,13.0222110748291
"2550",38.75,0.25,0.605000019073486,11.8722858428955
"2551",38.75,0.25,0.605000019073486,14.6554374694824
"2552",38.75,0.25,0.605000019073486,11.1280546188354
"2553",38.75,0.75,NA,4.74041986465454
"2554",38.75,0.75,NA,9.77732372283936
"2555",38.75,0.75,NA,8.46127605438232
"2556",38.75,0.75,NA,12.8330459594727
"2557",38.75,0.75,NA,6.60601806640625
"2558",38.75,0.75,NA,10.3878602981567
"2559",38.75,0.75,NA,NA
"2560",38.75,0.75,NA,9.67727470397949
"2561",38.75,0.75,NA,16.0389823913574
"2562",38.75,0.75,NA,7.15653800964355
"2563",38.75,0.75,NA,7.38298988342285
"2564",38.75,0.75,NA,8.0352668762207
"2565",38.75,0.75,NA,7.60459613800049
"2566",38.75,0.75,NA,11.348503112793
"2567",38.75,0.75,NA,7.94626808166504
"2568",38.75,0.75,NA,10.255747795105
"2569",38.75,0.75,NA,9.45812606811523
"2570",38.75,0.75,NA,8.22796535491943
"2571",38.75,0.75,NA,10.991925239563
"2572",38.75,0.75,NA,8.09360790252686
"2573",38.75,0.75,NA,7.76535654067993
"2574",38.75,0.75,NA,8.18021392822266
"2575",38.75,1.25,NA,NA
"2576",38.75,1.25,NA,20.3228015899658
"2577",38.75,1.25,NA,11.7505331039429
"2578",38.75,1.25,NA,12.8347311019897
"2579",38.75,1.25,NA,11.8767623901367
"2580",38.75,1.25,NA,9.37483501434326
"2581",38.75,1.25,NA,12.4071340560913
"2582",38.75,1.25,NA,13.89222240448
"2583",38.75,1.25,NA,10.1864042282104
"2584",38.75,1.25,NA,7.4979305267334
"2585",38.75,1.25,NA,9.25270175933838
"2586",38.75,1.25,NA,11.2460117340088
"2587",38.75,1.25,NA,5.61003398895264
"2588",38.75,1.25,NA,6.61702919006348
"2589",38.75,1.25,NA,10.364068031311
"2590",38.75,1.25,NA,10.2425355911255
"2591",38.75,1.25,NA,6.1708517074585
"2592",38.75,1.25,NA,8.0468635559082
"2593",38.75,1.25,NA,11.2819118499756
"2594",38.75,1.25,NA,9.00615882873535
"2595",38.75,1.25,NA,10.6596946716309
"2596",38.75,1.25,NA,8.07804584503174
"2597",38.75,1.75,NA,9.88583374023438
"2598",38.75,1.75,NA,4.8258171081543
"2599",38.75,1.75,NA,NA
"2600",38.75,1.75,NA,13.8637132644653
"2601",38.75,1.75,NA,4.96208953857422
"2602",38.75,1.75,NA,5.16695165634155
"2603",38.75,1.75,NA,10.1473073959351
"2604",38.75,1.75,NA,6.93998670578003
"2605",38.75,1.75,NA,6.47540283203125
"2606",38.75,1.75,NA,8.90872287750244
"2607",38.75,1.75,NA,8.64527893066406
"2608",38.75,1.75,NA,10.3155965805054
"2609",38.75,1.75,NA,5.57198190689087
"2610",38.75,1.75,NA,5.15268182754517
"2611",38.75,1.75,NA,7.15657186508179
"2612",38.75,1.75,NA,7.67563581466675
"2613",38.75,1.75,NA,9.07039928436279
"2614",38.75,1.75,NA,5.83605623245239
"2615",38.75,1.75,NA,7.24723291397095
"2616",38.75,1.75,NA,6.84382343292236
"2617",38.75,1.75,NA,6.27673721313477
"2618",38.75,1.75,NA,3.75613307952881
"2619",38.75,2.25,NA,8.76737213134766
"2620",38.75,2.25,NA,9.96066093444824
"2621",38.75,2.25,NA,6.68586254119873
"2622",38.75,2.25,NA,NA
"2623",38.75,2.25,NA,9.17528533935547
"2624",38.75,2.25,NA,10.7909107208252
"2625",38.75,2.25,NA,7.96980571746826
"2626",38.75,2.25,NA,13.4344806671143
"2627",38.75,2.25,NA,13.3371477127075
"2628",38.75,2.25,NA,11.8137016296387
"2629",38.75,2.25,NA,9.81823825836182
"2630",38.75,2.25,NA,13.136549949646
"2631",38.75,2.25,NA,21.5337219238281
"2632",38.75,2.25,NA,11.4228754043579
"2633",38.75,2.25,NA,7.43467473983765
"2634",38.75,2.25,NA,15.5329666137695
"2635",38.75,2.25,NA,11.6964807510376
"2636",38.75,2.25,NA,8.67354774475098
"2637",38.75,2.25,NA,8.95076370239258
"2638",38.75,2.25,NA,10.1602411270142
"2639",38.75,2.25,NA,12.7304944992065
"2640",38.75,2.25,NA,13.7416849136353
"2641",38.75,2.75,NA,NA
"2642",38.75,2.75,NA,16.5592765808105
"2643",38.75,2.75,NA,15.391471862793
"2644",38.75,2.75,NA,13.2126369476318
"2645",38.75,2.75,NA,17.2428760528564
"2646",38.75,2.75,NA,10.9798336029053
"2647",38.75,2.75,NA,9.65449047088623
"2648",38.75,2.75,NA,14.0971193313599
"2649",38.75,2.75,NA,15.3620691299438
"2650",38.75,2.75,NA,20.3912696838379
"2651",38.75,2.75,NA,22.7346286773682
"2652",38.75,2.75,NA,9.06774139404297
"2653",38.75,2.75,NA,13.1537714004517
"2654",38.75,2.75,NA,15.738507270813
"2655",38.75,2.75,NA,13.3540983200073
"2656",38.75,2.75,NA,15.5840702056885
"2657",38.75,2.75,NA,13.5829877853394
"2658",38.75,2.75,NA,25.2723217010498
"2659",38.75,2.75,NA,13.8058271408081
"2660",38.75,2.75,NA,15.6343107223511
"2661",38.75,2.75,NA,11.8017606735229
"2662",38.75,2.75,NA,12.9903545379639
"2663",38.75,3.25,NA,18.9693622589111
"2664",38.75,3.25,NA,NA
"2665",38.75,3.25,NA,9.67410564422607
"2666",38.75,3.25,NA,28.0829849243164
"2667",38.75,3.25,NA,20.9037017822266
"2668",38.75,3.25,NA,17.3926219940186
"2669",38.75,3.25,NA,10.7387590408325
"2670",38.75,3.25,NA,16.0265274047852
"2671",38.75,3.25,NA,18.4051113128662
"2672",38.75,3.25,NA,14.2560415267944
"2673",38.75,3.25,NA,16.4013500213623
"2674",38.75,3.25,NA,26.7493305206299
"2675",38.75,3.25,NA,14.3284606933594
"2676",38.75,3.25,NA,27.6405925750732
"2677",38.75,3.25,NA,25.087926864624
"2678",38.75,3.25,NA,16.4708347320557
"2679",38.75,3.25,NA,18.5943279266357
"2680",38.75,3.25,NA,14.9159202575684
"2681",38.75,3.25,NA,13.7339735031128
"2682",38.75,3.25,NA,12.9019870758057
"2683",38.75,3.25,NA,17.7706871032715
"2684",38.75,3.25,NA,15.2735681533813
"2685",39.25,-4.25,0.605000019073486,52.5480842590332
"2686",39.25,-4.25,0.605000019073486,57.0593719482422
"2687",39.25,-4.25,0.605000019073486,52.4152221679688
"2688",39.25,-4.25,0.605000019073486,43.4146881103516
"2689",39.25,-4.25,0.605000019073486,NA
"2690",39.25,-4.25,0.605000019073486,48.8315658569336
"2691",39.25,-4.25,0.605000019073486,53.6291885375977
"2692",39.25,-4.25,0.605000019073486,53.2243957519531
"2693",39.25,-4.25,0.605000019073486,47.4800262451172
"2694",39.25,-4.25,0.605000019073486,50.5917434692383
"2695",39.25,-4.25,0.605000019073486,37.8118057250977
"2696",39.25,-4.25,0.605000019073486,57.8423957824707
"2697",39.25,-4.25,0.605000019073486,38.9072799682617
"2698",39.25,-4.25,0.605000019073486,46.8907432556152
"2699",39.25,-4.25,0.605000019073486,47.220947265625
"2700",39.25,-4.25,0.605000019073486,47.9184417724609
"2701",39.25,-4.25,0.605000019073486,49.6147079467773
"2702",39.25,-4.25,0.605000019073486,55.3263931274414
"2703",39.25,-4.25,0.605000019073486,47.5394172668457
"2704",39.25,-4.25,0.605000019073486,59.5434379577637
"2705",39.25,-4.25,0.605000019073486,50.3207740783691
"2706",39.25,-4.25,0.605000019073486,54.2673454284668
"2707",39.25,-3.75,0.605000019073486,38.0888824462891
"2708",39.25,-3.75,0.605000019073486,NA
"2709",39.25,-3.75,0.605000019073486,25.4389762878418
"2710",39.25,-3.75,0.605000019073486,38.4111213684082
"2711",39.25,-3.75,0.605000019073486,33.2403221130371
"2712",39.25,-3.75,0.605000019073486,26.8101081848145
"2713",39.25,-3.75,0.605000019073486,44.6813659667969
"2714",39.25,-3.75,0.605000019073486,36.7012023925781
"2715",39.25,-3.75,0.605000019073486,40.0595245361328
"2716",39.25,-3.75,0.605000019073486,35.2040786743164
"2717",39.25,-3.75,0.605000019073486,40.0460166931152
"2718",39.25,-3.75,0.605000019073486,29.801456451416
"2719",39.25,-3.75,0.605000019073486,35.7289237976074
"2720",39.25,-3.75,0.605000019073486,36.1145782470703
"2721",39.25,-3.75,0.605000019073486,43.9449234008789
"2722",39.25,-3.75,0.605000019073486,40.5999031066895
"2723",39.25,-3.75,0.605000019073486,32.7921028137207
"2724",39.25,-3.75,0.605000019073486,33.0554351806641
"2725",39.25,-3.75,0.605000019073486,32.6417007446289
"2726",39.25,-3.75,0.605000019073486,34.4516258239746
"2727",39.25,-3.75,0.605000019073486,33.5213737487793
"2728",39.25,-3.75,0.605000019073486,22.8589687347412
"2729",39.25,-3.25,0.704999983310699,16.8604965209961
"2730",39.25,-3.25,0.704999983310699,NA
"2731",39.25,-3.25,0.704999983310699,17.9070167541504
"2732",39.25,-3.25,0.704999983310699,22.1115169525146
"2733",39.25,-3.25,0.704999983310699,15.2695283889771
"2734",39.25,-3.25,0.704999983310699,15.5543422698975
"2735",39.25,-3.25,0.704999983310699,22.2265224456787
"2736",39.25,-3.25,0.704999983310699,26.1724300384521
"2737",39.25,-3.25,0.704999983310699,17.6760330200195
"2738",39.25,-3.25,0.704999983310699,16.104642868042
"2739",39.25,-3.25,0.704999983310699,19.1659984588623
"2740",39.25,-3.25,0.704999983310699,20.3598918914795
"2741",39.25,-3.25,0.704999983310699,22.8645133972168
"2742",39.25,-3.25,0.704999983310699,18.5314750671387
"2743",39.25,-3.25,0.704999983310699,16.5414886474609
"2744",39.25,-3.25,0.704999983310699,29.958122253418
"2745",39.25,-3.25,0.704999983310699,20.6940135955811
"2746",39.25,-3.25,0.704999983310699,22.2938442230225
"2747",39.25,-3.25,0.704999983310699,22.6662731170654
"2748",39.25,-3.25,0.704999983310699,21.1162528991699
"2749",39.25,-3.25,0.704999983310699,18.3748569488525
"2750",39.25,-3.25,0.704999983310699,24.2259082794189
"2751",39.25,-2.75,NA,NA
"2752",39.25,-2.75,NA,14.1217670440674
"2753",39.25,-2.75,NA,14.4713449478149
"2754",39.25,-2.75,NA,11.3226470947266
"2755",39.25,-2.75,NA,8.16668701171875
"2756",39.25,-2.75,NA,11.7920351028442
"2757",39.25,-2.75,NA,12.7890043258667
"2758",39.25,-2.75,NA,10.9600505828857
"2759",39.25,-2.75,NA,12.4726819992065
"2760",39.25,-2.75,NA,10.1322174072266
"2761",39.25,-2.75,NA,12.1649360656738
"2762",39.25,-2.75,NA,18.7177658081055
"2763",39.25,-2.75,NA,14.4099674224854
"2764",39.25,-2.75,NA,15.6934394836426
"2765",39.25,-2.75,NA,10.6820268630981
"2766",39.25,-2.75,NA,11.6792802810669
"2767",39.25,-2.75,NA,9.4690580368042
"2768",39.25,-2.75,NA,13.3417682647705
"2769",39.25,-2.75,NA,13.842209815979
"2770",39.25,-2.75,NA,8.72639846801758
"2771",39.25,-2.75,NA,16.8187961578369
"2772",39.25,-2.75,NA,10.7752637863159
"2773",39.25,-2.25,NA,10.6631202697754
"2774",39.25,-2.25,NA,10.5047950744629
"2775",39.25,-2.25,NA,11.116192817688
"2776",39.25,-2.25,NA,14.2680625915527
"2777",39.25,-2.25,NA,11.8359098434448
"2778",39.25,-2.25,NA,11.1474418640137
"2779",39.25,-2.25,NA,8.29725360870361
"2780",39.25,-2.25,NA,NA
"2781",39.25,-2.25,NA,10.1525802612305
"2782",39.25,-2.25,NA,11.9579248428345
"2783",39.25,-2.25,NA,12.5562295913696
"2784",39.25,-2.25,NA,15.2053804397583
"2785",39.25,-2.25,NA,12.946270942688
"2786",39.25,-2.25,NA,11.6973781585693
"2787",39.25,-2.25,NA,12.0463247299194
"2788",39.25,-2.25,NA,14.597620010376
"2789",39.25,-2.25,NA,11.3905687332153
"2790",39.25,-2.25,NA,12.8589735031128
"2791",39.25,-2.25,NA,11.8934631347656
"2792",39.25,-2.25,NA,12.1846694946289
"2793",39.25,-2.25,NA,9.66590881347656
"2794",39.25,-2.25,NA,11.0353593826294
"2795",39.25,-1.75,NA,NA
"2796",39.25,-1.75,NA,11.0983505249023
"2797",39.25,-1.75,NA,7.06205081939697
"2798",39.25,-1.75,NA,11.4762296676636
"2799",39.25,-1.75,NA,13.8382453918457
"2800",39.25,-1.75,NA,12.2480621337891
"2801",39.25,-1.75,NA,13.3158302307129
"2802",39.25,-1.75,NA,10.5771560668945
"2803",39.25,-1.75,NA,11.3415813446045
"2804",39.25,-1.75,NA,11.6382274627686
"2805",39.25,-1.75,NA,11.5230684280396
"2806",39.25,-1.75,NA,10.9552268981934
"2807",39.25,-1.75,NA,12.7673530578613
"2808",39.25,-1.75,NA,11.2722616195679
"2809",39.25,-1.75,NA,11.7815589904785
"2810",39.25,-1.75,NA,13.2033624649048
"2811",39.25,-1.75,NA,12.6250162124634
"2812",39.25,-1.75,NA,9.24196624755859
"2813",39.25,-1.75,NA,13.6066303253174
"2814",39.25,-1.75,NA,12.1029567718506
"2815",39.25,-1.75,NA,11.386022567749
"2816",39.25,-1.75,NA,9.67016506195068
"2817",39.25,-1.25,NA,9.35731887817383
"2818",39.25,-1.25,NA,9.52769756317139
"2819",39.25,-1.25,NA,NA
"2820",39.25,-1.25,NA,15.010684967041
"2821",39.25,-1.25,NA,12.9619112014771
"2822",39.25,-1.25,NA,9.66905784606934
"2823",39.25,-1.25,NA,10.797679901123
"2824",39.25,-1.25,NA,7.73086929321289
"2825",39.25,-1.25,NA,10.1048727035522
"2826",39.25,-1.25,NA,11.1412620544434
"2827",39.25,-1.25,NA,15.4204359054565
"2828",39.25,-1.25,NA,11.0991611480713
"2829",39.25,-1.25,NA,10.5146951675415
"2830",39.25,-1.25,NA,14.0349683761597
"2831",39.25,-1.25,NA,11.2714996337891
"2832",39.25,-1.25,NA,13.4374322891235
"2833",39.25,-1.25,NA,11.5180711746216
"2834",39.25,-1.25,NA,13.7214756011963
"2835",39.25,-1.25,NA,10.8215007781982
"2836",39.25,-1.25,NA,12.406346321106
"2837",39.25,-1.25,NA,12.6321678161621
"2838",39.25,-1.25,NA,14.1840419769287
"2839",39.25,-0.75,NA,12.9906234741211
"2840",39.25,-0.75,NA,10.1393690109253
"2841",39.25,-0.75,NA,NA
"2842",39.25,-0.75,NA,12.3959007263184
"2843",39.25,-0.75,NA,12.7382678985596
"2844",39.25,-0.75,NA,9.87673759460449
"2845",39.25,-0.75,NA,14.6455011367798
"2846",39.25,-0.75,NA,11.4293556213379
"2847",39.25,-0.75,NA,15.2077207565308
"2848",39.25,-0.75,NA,9.57392024993896
"2849",39.25,-0.75,NA,15.8566417694092
"2850",39.25,-0.75,NA,14.0034732818604
"2851",39.25,-0.75,NA,18.3733558654785
"2852",39.25,-0.75,NA,16.255126953125
"2853",39.25,-0.75,NA,12.183934211731
"2854",39.25,-0.75,NA,8.04287052154541
"2855",39.25,-0.75,NA,9.68692684173584
"2856",39.25,-0.75,NA,12.2250213623047
"2857",39.25,-0.75,NA,14.0190906524658
"2858",39.25,-0.75,NA,13.002950668335
"2859",39.25,-0.75,NA,11.8897647857666
"2860",39.25,-0.75,NA,16.4244194030762
"2861",39.25,-0.25,0.605000019073486,NA
"2862",39.25,-0.25,0.605000019073486,11.2891254425049
"2863",39.25,-0.25,0.605000019073486,8.8334379196167
"2864",39.25,-0.25,0.605000019073486,9.28345203399658
"2865",39.25,-0.25,0.605000019073486,9.47352981567383
"2866",39.25,-0.25,0.605000019073486,16.0811939239502
"2867",39.25,-0.25,0.605000019073486,12.6651954650879
"2868",39.25,-0.25,0.605000019073486,12.9985246658325
"2869",39.25,-0.25,0.605000019073486,9.93084335327148
"2870",39.25,-0.25,0.605000019073486,10.8404188156128
"2871",39.25,-0.25,0.605000019073486,10.5728769302368
"2872",39.25,-0.25,0.605000019073486,11.0261058807373
"2873",39.25,-0.25,0.605000019073486,10.7414388656616
"2874",39.25,-0.25,0.605000019073486,12.6568059921265
"2875",39.25,-0.25,0.605000019073486,13.0006523132324
"2876",39.25,-0.25,0.605000019073486,13.2435312271118
"2877",39.25,-0.25,0.605000019073486,12.1265926361084
"2878",39.25,-0.25,0.605000019073486,10.6907825469971
"2879",39.25,-0.25,0.605000019073486,6.81037712097168
"2880",39.25,-0.25,0.605000019073486,15.5318479537964
"2881",39.25,-0.25,0.605000019073486,8.4891471862793
"2882",39.25,-0.25,0.605000019073486,14.3094539642334
"2883",39.25,0.25,0.405000001192093,7.68292140960693
"2884",39.25,0.25,0.405000001192093,NA
"2885",39.25,0.25,0.405000001192093,8.94514656066895
"2886",39.25,0.25,0.405000001192093,11.6781740188599
"2887",39.25,0.25,0.405000001192093,9.7933521270752
"2888",39.25,0.25,0.405000001192093,7.46888732910156
"2889",39.25,0.25,0.405000001192093,8.05728149414062
"2890",39.25,0.25,0.405000001192093,8.40766525268555
"2891",39.25,0.25,0.405000001192093,8.77011203765869
"2892",39.25,0.25,0.405000001192093,9.5571117401123
"2893",39.25,0.25,0.405000001192093,9.14925670623779
"2894",39.25,0.25,0.405000001192093,9.8422155380249
"2895",39.25,0.25,0.405000001192093,13.9898920059204
"2896",39.25,0.25,0.405000001192093,8.91263008117676
"2897",39.25,0.25,0.405000001192093,9.1807746887207
"2898",39.25,0.25,0.405000001192093,6.3338828086853
"2899",39.25,0.25,0.405000001192093,9.42210578918457
"2900",39.25,0.25,0.405000001192093,9.74722099304199
"2901",39.25,0.25,0.405000001192093,5.51837825775146
"2902",39.25,0.25,0.405000001192093,9.06019020080566
"2903",39.25,0.25,0.405000001192093,7.18569231033325
"2904",39.25,0.25,0.405000001192093,11.4301118850708
"2905",39.25,0.75,NA,NA
"2906",39.25,0.75,NA,7.4029278755188
"2907",39.25,0.75,NA,5.43382835388184
"2908",39.25,0.75,NA,7.38642883300781
"2909",39.25,0.75,NA,5.80213785171509
"2910",39.25,0.75,NA,2.77412915229797
"2911",39.25,0.75,NA,7.05638742446899
"2912",39.25,0.75,NA,4.61461305618286
"2913",39.25,0.75,NA,5.81230592727661
"2914",39.25,0.75,NA,5.93832206726074
"2915",39.25,0.75,NA,8.19332027435303
"2916",39.25,0.75,NA,7.51634502410889
"2917",39.25,0.75,NA,8.38117790222168
"2918",39.25,0.75,NA,9.56464290618896
"2919",39.25,0.75,NA,5.7142972946167
"2920",39.25,0.75,NA,3.94263124465942
"2921",39.25,0.75,NA,6.03142642974854
"2922",39.25,0.75,NA,7.43390989303589
"2923",39.25,0.75,NA,7.16201019287109
"2924",39.25,0.75,NA,12.7277975082397
"2925",39.25,0.75,NA,8.0881175994873
"2926",39.25,0.75,NA,6.86059856414795
"2927",39.25,1.25,NA,4.85573816299438
"2928",39.25,1.25,NA,NA
"2929",39.25,1.25,NA,6.30074262619019
"2930",39.25,1.25,NA,5.34506368637085
"2931",39.25,1.25,NA,5.41402387619019
"2932",39.25,1.25,NA,5.0516939163208
"2933",39.25,1.25,NA,7.48728561401367
"2934",39.25,1.25,NA,6.73439264297485
"2935",39.25,1.25,NA,14.04514503479
"2936",39.25,1.25,NA,7.57043743133545
"2937",39.25,1.25,NA,9.80924034118652
"2938",39.25,1.25,NA,10.3326663970947
"2939",39.25,1.25,NA,7.02222871780396
"2940",39.25,1.25,NA,5.77676773071289
"2941",39.25,1.25,NA,8.56373691558838
"2942",39.25,1.25,NA,9.5286865234375
"2943",39.25,1.25,NA,5.60073900222778
"2944",39.25,1.25,NA,10.1329174041748
"2945",39.25,1.25,NA,7.62051868438721
"2946",39.25,1.25,NA,4.7515082359314
"2947",39.25,1.25,NA,2.90367245674133
"2948",39.25,1.25,NA,8.46163082122803
"2949",39.25,1.75,NA,NA
"2950",39.25,1.75,NA,4.85629272460938
"2951",39.25,1.75,NA,8.54702854156494
"2952",39.25,1.75,NA,6.2124137878418
"2953",39.25,1.75,NA,7.16982126235962
"2954",39.25,1.75,NA,4.08232069015503
"2955",39.25,1.75,NA,9.80564308166504
"2956",39.25,1.75,NA,8.64968776702881
"2957",39.25,1.75,NA,10.1452407836914
"2958",39.25,1.75,NA,5.28765869140625
"2959",39.25,1.75,NA,7.43654346466064
"2960",39.25,1.75,NA,5.86642360687256
"2961",39.25,1.75,NA,4.48935127258301
"2962",39.25,1.75,NA,4.27809286117554
"2963",39.25,1.75,NA,5.39045143127441
"2964",39.25,1.75,NA,8.68253040313721
"2965",39.25,1.75,NA,4.07486534118652
"2966",39.25,1.75,NA,7.55329322814941
"2967",39.25,1.75,NA,4.58843612670898
"2968",39.25,1.75,NA,6.29243421554565
"2969",39.25,1.75,NA,8.45180511474609
"2970",39.25,1.75,NA,6.29790258407593
"2971",39.25,2.25,NA,NA
"2972",39.25,2.25,NA,12.3198928833008
"2973",39.25,2.25,NA,6.46775770187378
"2974",39.25,2.25,NA,8.27532386779785
"2975",39.25,2.25,NA,5.54585027694702
"2976",39.25,2.25,NA,7.79804515838623
"2977",39.25,2.25,NA,9.08941173553467
"2978",39.25,2.25,NA,6.9202561378479
"2979",39.25,2.25,NA,5.95796537399292
"2980",39.25,2.25,NA,12.6392860412598
"2981",39.25,2.25,NA,7.33879852294922
"2982",39.25,2.25,NA,16.0144157409668
"2983",39.25,2.25,NA,11.0385141372681
"2984",39.25,2.25,NA,5.99502897262573
"2985",39.25,2.25,NA,11.8550472259521
"2986",39.25,2.25,NA,8.38051986694336
"2987",39.25,2.25,NA,8.26155376434326
"2988",39.25,2.25,NA,9.39565563201904
"2989",39.25,2.25,NA,9.79182910919189
"2990",39.25,2.25,NA,11.8248414993286
"2991",39.25,2.25,NA,13.8535356521606
"2992",39.25,2.25,NA,7.28300476074219
"2993",39.25,2.75,NA,16.173807144165
"2994",39.25,2.75,NA,NA
"2995",39.25,2.75,NA,15.8064556121826
"2996",39.25,2.75,NA,12.1185007095337
"2997",39.25,2.75,NA,28.6081562042236
"2998",39.25,2.75,NA,10.0640125274658
"2999",39.25,2.75,NA,21.6609039306641
"3000",39.25,2.75,NA,14.3254842758179
"3001",39.25,2.75,NA,13.2315664291382
"3002",39.25,2.75,NA,15.2064695358276
"3003",39.25,2.75,NA,8.79056262969971
"3004",39.25,2.75,NA,12.1719341278076
"3005",39.25,2.75,NA,14.2874612808228
"3006",39.25,2.75,NA,15.1244926452637
"3007",39.25,2.75,NA,21.8076438903809
"3008",39.25,2.75,NA,18.7487125396729
"3009",39.25,2.75,NA,11.1848993301392
"3010",39.25,2.75,NA,9.57808685302734
"3011",39.25,2.75,NA,15.1790952682495
"3012",39.25,2.75,NA,10.8544883728027
"3013",39.25,2.75,NA,9.93208980560303
"3014",39.25,2.75,NA,14.5574131011963
"3015",39.25,3.25,NA,23.487720489502
"3016",39.25,3.25,NA,NA
"3017",39.25,3.25,NA,26.9466438293457
"3018",39.25,3.25,NA,24.2211685180664
"3019",39.25,3.25,NA,19.8747596740723
"3020",39.25,3.25,NA,21.6870517730713
"3021",39.25,3.25,NA,22.8220062255859
"3022",39.25,3.25,NA,28.3304576873779
"3023",39.25,3.25,NA,19.3420677185059
"3024",39.25,3.25,NA,28.5284900665283
"3025",39.25,3.25,NA,25.0908336639404
"3026",39.25,3.25,NA,34.5653915405273
"3027",39.25,3.25,NA,19.7994079589844
"3028",39.25,3.25,NA,17.4127979278564
"3029",39.25,3.25,NA,22.3896198272705
"3030",39.25,3.25,NA,35.8367385864258
"3031",39.25,3.25,NA,24.0878677368164
"3032",39.25,3.25,NA,32.0251502990723
"3033",39.25,3.25,NA,21.487735748291
"3034",39.25,3.25,NA,31.9839267730713
"3035",39.25,3.25,NA,23.0951023101807
"3036",39.25,3.25,NA,18.9982471466064
"3037",39.75,-3.75,0.405000001192093,NA
"3038",39.75,-3.75,0.405000001192093,61.6258773803711
"3039",39.75,-3.75,0.405000001192093,54.1242408752441
"3040",39.75,-3.75,0.405000001192093,50.0780830383301
"3041",39.75,-3.75,0.405000001192093,55.1841430664062
"3042",39.75,-3.75,0.405000001192093,45.7657585144043
"3043",39.75,-3.75,0.405000001192093,58.5466995239258
"3044",39.75,-3.75,0.405000001192093,60.779426574707
"3045",39.75,-3.75,0.405000001192093,55.905933380127
"3046",39.75,-3.75,0.405000001192093,49.9089050292969
"3047",39.75,-3.75,0.405000001192093,56.9888534545898
"3048",39.75,-3.75,0.405000001192093,53.4610290527344
"3049",39.75,-3.75,0.405000001192093,56.9340667724609
"3050",39.75,-3.75,0.405000001192093,44.4715156555176
"3051",39.75,-3.75,0.405000001192093,46.9457740783691
"3052",39.75,-3.75,0.405000001192093,47.8176689147949
"3053",39.75,-3.75,0.405000001192093,55.2297782897949
"3054",39.75,-3.75,0.405000001192093,56.5777854919434
"3055",39.75,-3.75,0.405000001192093,40.2095184326172
"3056",39.75,-3.75,0.405000001192093,54.4042549133301
"3057",39.75,-3.75,0.405000001192093,51.8857612609863
"3058",39.75,-3.75,0.405000001192093,58.6348152160645
"3059",39.75,-3.25,0.704999983310699,50.6504249572754
"3060",39.75,-3.25,0.704999983310699,44.6422538757324
"3061",39.75,-3.25,0.704999983310699,44.5390853881836
"3062",39.75,-3.25,0.704999983310699,42.6037521362305
"3063",39.75,-3.25,0.704999983310699,51.0491790771484
"3064",39.75,-3.25,0.704999983310699,49.7309303283691
"3065",39.75,-3.25,0.704999983310699,55.2620849609375
"3066",39.75,-3.25,0.704999983310699,NA
"3067",39.75,-3.25,0.704999983310699,52.399658203125
"3068",39.75,-3.25,0.704999983310699,35.829460144043
"3069",39.75,-3.25,0.704999983310699,42.3773956298828
"3070",39.75,-3.25,0.704999983310699,52.4399337768555
"3071",39.75,-3.25,0.704999983310699,47.3406639099121
"3072",39.75,-3.25,0.704999983310699,45.4963874816895
"3073",39.75,-3.25,0.704999983310699,50.0445709228516
"3074",39.75,-3.25,0.704999983310699,52.2258148193359
"3075",39.75,-3.25,0.704999983310699,50.7684669494629
"3076",39.75,-3.25,0.704999983310699,60.0940933227539
"3077",39.75,-3.25,0.704999983310699,53.5038757324219
"3078",39.75,-3.25,0.704999983310699,47.3371658325195
"3079",39.75,-3.25,0.704999983310699,44.9017448425293
"3080",39.75,-3.25,0.704999983310699,51.8778343200684
"3081",39.75,-2.75,NA,34.1091613769531
"3082",39.75,-2.75,NA,NA
"3083",39.75,-2.75,NA,41.5470123291016
"3084",39.75,-2.75,NA,47.9694023132324
"3085",39.75,-2.75,NA,34.1186370849609
"3086",39.75,-2.75,NA,42.7604331970215
"3087",39.75,-2.75,NA,40.5960693359375
"3088",39.75,-2.75,NA,40.9743041992188
"3089",39.75,-2.75,NA,38.6749153137207
"3090",39.75,-2.75,NA,36.115894317627
"3091",39.75,-2.75,NA,36.1298599243164
"3092",39.75,-2.75,NA,38.5794906616211
"3093",39.75,-2.75,NA,37.5261764526367
"3094",39.75,-2.75,NA,30.3913497924805
"3095",39.75,-2.75,NA,39.0298919677734
"3096",39.75,-2.75,NA,38.7541351318359
"3097",39.75,-2.75,NA,40.0048599243164
"3098",39.75,-2.75,NA,39.8184661865234
"3099",39.75,-2.75,NA,37.3872184753418
"3100",39.75,-2.75,NA,43.1255912780762
"3101",39.75,-2.75,NA,43.6593170166016
"3102",39.75,-2.75,NA,34.6725730895996
"3103",39.75,-2.25,NA,21.2071475982666
"3104",39.75,-2.25,NA,22.5677642822266
"3105",39.75,-2.25,NA,17.9558792114258
"3106",39.75,-2.25,NA,23.5787315368652
"3107",39.75,-2.25,NA,21.6829967498779
"3108",39.75,-2.25,NA,NA
"3109",39.75,-2.25,NA,19.9463863372803
"3110",39.75,-2.25,NA,22.6145267486572
"3111",39.75,-2.25,NA,17.3219566345215
"3112",39.75,-2.25,NA,22.3925895690918
"3113",39.75,-2.25,NA,21.7033214569092
"3114",39.75,-2.25,NA,20.9822063446045
"3115",39.75,-2.25,NA,16.9917011260986
"3116",39.75,-2.25,NA,24.2895030975342
"3117",39.75,-2.25,NA,22.5007171630859
"3118",39.75,-2.25,NA,15.6240043640137
"3119",39.75,-2.25,NA,20.4271621704102
"3120",39.75,-2.25,NA,22.2940216064453
"3121",39.75,-2.25,NA,22.1831016540527
"3122",39.75,-2.25,NA,22.4917011260986
"3123",39.75,-2.25,NA,26.2877216339111
"3124",39.75,-2.25,NA,27.8226432800293
"3125",39.75,-1.75,NA,NA
"3126",39.75,-1.75,NA,15.0080862045288
"3127",39.75,-1.75,NA,16.4991588592529
"3128",39.75,-1.75,NA,13.9490833282471
"3129",39.75,-1.75,NA,14.398401260376
"3130",39.75,-1.75,NA,13.2473173141479
"3131",39.75,-1.75,NA,10.2421674728394
"3132",39.75,-1.75,NA,12.3280267715454
"3133",39.75,-1.75,NA,15.6462850570679
"3134",39.75,-1.75,NA,12.2512893676758
"3135",39.75,-1.75,NA,11.8523178100586
"3136",39.75,-1.75,NA,13.5161561965942
"3137",39.75,-1.75,NA,10.1253881454468
"3138",39.75,-1.75,NA,15.9040155410767
"3139",39.75,-1.75,NA,15.4401931762695
"3140",39.75,-1.75,NA,14.0367574691772
"3141",39.75,-1.75,NA,14.7232809066772
"3142",39.75,-1.75,NA,15.2806959152222
"3143",39.75,-1.75,NA,15.6379308700562
"3144",39.75,-1.75,NA,17.7085933685303
"3145",39.75,-1.75,NA,14.5719718933105
"3146",39.75,-1.75,NA,10.2560329437256
"3147",39.75,-1.25,NA,11.9572467803955
"3148",39.75,-1.25,NA,11.0242519378662
"3149",39.75,-1.25,NA,NA
"3150",39.75,-1.25,NA,12.0628108978271
"3151",39.75,-1.25,NA,9.07788181304932
"3152",39.75,-1.25,NA,10.0210332870483
"3153",39.75,-1.25,NA,12.5128040313721
"3154",39.75,-1.25,NA,13.3272972106934
"3155",39.75,-1.25,NA,7.67192983627319
"3156",39.75,-1.25,NA,12.3973178863525
"3157",39.75,-1.25,NA,13.536431312561
"3158",39.75,-1.25,NA,11.5691404342651
"3159",39.75,-1.25,NA,6.87772703170776
"3160",39.75,-1.25,NA,9.62430953979492
"3161",39.75,-1.25,NA,8.02259731292725
"3162",39.75,-1.25,NA,10.7995643615723
"3163",39.75,-1.25,NA,14.3230991363525
"3164",39.75,-1.25,NA,12.7757148742676
"3165",39.75,-1.25,NA,11.5332851409912
"3166",39.75,-1.25,NA,9.97697067260742
"3167",39.75,-1.25,NA,13.6495380401611
"3168",39.75,-1.25,NA,9.42328357696533
"3169",39.75,-0.75,0.605000019073486,NA
"3170",39.75,-0.75,0.605000019073486,9.62847900390625
"3171",39.75,-0.75,0.605000019073486,10.9003190994263
"3172",39.75,-0.75,0.605000019073486,8.04148197174072
"3173",39.75,-0.75,0.605000019073486,10.8663730621338
"3174",39.75,-0.75,0.605000019073486,12.1464147567749
"3175",39.75,-0.75,0.605000019073486,7.46574783325195
"3176",39.75,-0.75,0.605000019073486,11.4940805435181
"3177",39.75,-0.75,0.605000019073486,9.04249000549316
"3178",39.75,-0.75,0.605000019073486,12.7725505828857
"3179",39.75,-0.75,0.605000019073486,12.0353603363037
"3180",39.75,-0.75,0.605000019073486,6.65016794204712
"3181",39.75,-0.75,0.605000019073486,8.85035514831543
"3182",39.75,-0.75,0.605000019073486,7.99014663696289
"3183",39.75,-0.75,0.605000019073486,13.0663795471191
"3184",39.75,-0.75,0.605000019073486,11.4496965408325
"3185",39.75,-0.75,0.605000019073486,11.4498605728149
"3186",39.75,-0.75,0.605000019073486,12.2498750686646
"3187",39.75,-0.75,0.605000019073486,9.04753017425537
"3188",39.75,-0.75,0.605000019073486,11.0733423233032
"3189",39.75,-0.75,0.605000019073486,7.16469192504883
"3190",39.75,-0.75,0.605000019073486,9.71766567230225
"3191",39.75,-0.25,0.405000001192093,NA
"3192",39.75,-0.25,0.405000001192093,6.58903455734253
"3193",39.75,-0.25,0.405000001192093,8.50522994995117
"3194",39.75,-0.25,0.405000001192093,10.7316131591797
"3195",39.75,-0.25,0.405000001192093,10.7270078659058
"3196",39.75,-0.25,0.405000001192093,6.43454360961914
"3197",39.75,-0.25,0.405000001192093,8.34051322937012
"3198",39.75,-0.25,0.405000001192093,9.46905040740967
"3199",39.75,-0.25,0.405000001192093,11.1071348190308
"3200",39.75,-0.25,0.405000001192093,8.60508918762207
"3201",39.75,-0.25,0.405000001192093,10.9211378097534
"3202",39.75,-0.25,0.405000001192093,10.4435224533081
"3203",39.75,-0.25,0.405000001192093,11.480598449707
"3204",39.75,-0.25,0.405000001192093,8.93314743041992
"3205",39.75,-0.25,0.405000001192093,6.12572145462036
"3206",39.75,-0.25,0.405000001192093,8.99736499786377
"3207",39.75,-0.25,0.405000001192093,9.91515731811523
"3208",39.75,-0.25,0.405000001192093,7.80281257629395
"3209",39.75,-0.25,0.405000001192093,8.33005809783936
"3210",39.75,-0.25,0.405000001192093,11.765851020813
"3211",39.75,-0.25,0.405000001192093,10.3476028442383
"3212",39.75,-0.25,0.405000001192093,6.25285863876343
"3213",39.75,0.25,0.405000001192093,9.54789543151855
"3214",39.75,0.25,0.405000001192093,NA
"3215",39.75,0.25,0.405000001192093,8.4234037399292
"3216",39.75,0.25,0.405000001192093,9.93094253540039
"3217",39.75,0.25,0.405000001192093,5.15704965591431
"3218",39.75,0.25,0.405000001192093,4.80614805221558
"3219",39.75,0.25,0.405000001192093,8.14916515350342
"3220",39.75,0.25,0.405000001192093,7.57461500167847
"3221",39.75,0.25,0.405000001192093,9.57652759552002
"3222",39.75,0.25,0.405000001192093,6.30791759490967
"3223",39.75,0.25,0.405000001192093,4.21286058425903
"3224",39.75,0.25,0.405000001192093,7.57864189147949
"3225",39.75,0.25,0.405000001192093,7.24073314666748
"3226",39.75,0.25,0.405000001192093,4.90785789489746
"3227",39.75,0.25,0.405000001192093,8.69484710693359
"3228",39.75,0.25,0.405000001192093,6.97082614898682
"3229",39.75,0.25,0.405000001192093,8.91888809204102
"3230",39.75,0.25,0.405000001192093,8.02261829376221
"3231",39.75,0.25,0.405000001192093,7.11399507522583
"3232",39.75,0.25,0.405000001192093,7.05208921432495
"3233",39.75,0.25,0.405000001192093,7.12762260437012
"3234",39.75,0.25,0.405000001192093,7.31849336624146
"3235",39.75,0.75,0.405000001192093,NA
"3236",39.75,0.75,0.405000001192093,7.97250890731812
"3237",39.75,0.75,0.405000001192093,11.4688053131104
"3238",39.75,0.75,0.405000001192093,6.81328201293945
"3239",39.75,0.75,0.405000001192093,9.82872867584229
"3240",39.75,0.75,0.405000001192093,6.08116245269775
"3241",39.75,0.75,0.405000001192093,9.95676612854004
"3242",39.75,0.75,0.405000001192093,7.77300882339478
"3243",39.75,0.75,0.405000001192093,6.89015007019043
"3244",39.75,0.75,0.405000001192093,9.48768997192383
"3245",39.75,0.75,0.405000001192093,6.88911962509155
"3246",39.75,0.75,0.405000001192093,8.47750377655029
"3247",39.75,0.75,0.405000001192093,3.96598410606384
"3248",39.75,0.75,0.405000001192093,6.48053789138794
"3249",39.75,0.75,0.405000001192093,8.25775527954102
"3250",39.75,0.75,0.405000001192093,7.38971185684204
"3251",39.75,0.75,0.405000001192093,7.80888271331787
"3252",39.75,0.75,0.405000001192093,9.00524234771729
"3253",39.75,0.75,0.405000001192093,4.66116285324097
"3254",39.75,0.75,0.405000001192093,5.65792322158813
"3255",39.75,0.75,0.405000001192093,9.21337890625
"3256",39.75,0.75,0.405000001192093,8.386061668396
"3257",39.75,1.25,0.405000001192093,NA
"3258",39.75,1.25,0.405000001192093,4.73521423339844
"3259",39.75,1.25,0.405000001192093,6.1932806968689
"3260",39.75,1.25,0.405000001192093,9.59774208068848
"3261",39.75,1.25,0.405000001192093,7.22629547119141
"3262",39.75,1.25,0.405000001192093,7.30551767349243
"3263",39.75,1.25,0.405000001192093,8.81103229522705
"3264",39.75,1.25,0.405000001192093,7.33558511734009
"3265",39.75,1.25,0.405000001192093,8.81457042694092
"3266",39.75,1.25,0.405000001192093,6.82817220687866
"3267",39.75,1.25,0.405000001192093,5.68176746368408
"3268",39.75,1.25,0.405000001192093,7.73551273345947
"3269",39.75,1.25,0.405000001192093,7.20561361312866
"3270",39.75,1.25,0.405000001192093,8.35653114318848
"3271",39.75,1.25,0.405000001192093,8.85434055328369
"3272",39.75,1.25,0.405000001192093,8.73809623718262
"3273",39.75,1.25,0.405000001192093,6.88010931015015
"3274",39.75,1.25,0.405000001192093,5.10900926589966
"3275",39.75,1.25,0.405000001192093,6.69688749313354
"3276",39.75,1.25,0.405000001192093,10.4816865921021
"3277",39.75,1.25,0.405000001192093,8.50257778167725
"3278",39.75,1.25,0.405000001192093,4.40258979797363
"3279",39.75,1.75,0.405000001192093,NA
"3280",39.75,1.75,0.405000001192093,7.51302051544189
"3281",39.75,1.75,0.405000001192093,6.63889837265015
"3282",39.75,1.75,0.405000001192093,4.37822580337524
"3283",39.75,1.75,0.405000001192093,4.51958417892456
"3284",39.75,1.75,0.405000001192093,8.29958629608154
"3285",39.75,1.75,0.405000001192093,5.0733323097229
"3286",39.75,1.75,0.405000001192093,9.98209571838379
"3287",39.75,1.75,0.405000001192093,3.85497379302979
"3288",39.75,1.75,0.405000001192093,7.3679461479187
"3289",39.75,1.75,0.405000001192093,4.71693658828735
"3290",39.75,1.75,0.405000001192093,3.96767282485962
"3291",39.75,1.75,0.405000001192093,7.17094802856445
"3292",39.75,1.75,0.405000001192093,5.37553119659424
"3293",39.75,1.75,0.405000001192093,9.4057788848877
"3294",39.75,1.75,0.405000001192093,8.3644905090332
"3295",39.75,1.75,0.405000001192093,6.01447534561157
"3296",39.75,1.75,0.405000001192093,4.41301155090332
"3297",39.75,1.75,0.405000001192093,6.26969861984253
"3298",39.75,1.75,0.405000001192093,5.50309133529663
"3299",39.75,1.75,0.405000001192093,6.55333852767944
"3300",39.75,1.75,0.405000001192093,6.69230794906616
"3301",39.75,2.25,0.405000001192093,NA
"3302",39.75,2.25,0.405000001192093,11.4945230484009
"3303",39.75,2.25,0.405000001192093,5.85449266433716
"3304",39.75,2.25,0.405000001192093,7.26332473754883
"3305",39.75,2.25,0.405000001192093,11.6993942260742
"3306",39.75,2.25,0.405000001192093,7.46762084960938
"3307",39.75,2.25,0.405000001192093,10.5380229949951
"3308",39.75,2.25,0.405000001192093,4.80747365951538
"3309",39.75,2.25,0.405000001192093,5.51214838027954
"3310",39.75,2.25,0.405000001192093,11.0508193969727
"3311",39.75,2.25,0.405000001192093,7.89595699310303
"3312",39.75,2.25,0.405000001192093,7.55785703659058
"3313",39.75,2.25,0.405000001192093,8.92651176452637
"3314",39.75,2.25,0.405000001192093,11.06409740448
"3315",39.75,2.25,0.405000001192093,11.9222021102905
"3316",39.75,2.25,0.405000001192093,10.959771156311
"3317",39.75,2.25,0.405000001192093,9.34904479980469
"3318",39.75,2.25,0.405000001192093,7.68023729324341
"3319",39.75,2.25,0.405000001192093,8.57506942749023
"3320",39.75,2.25,0.405000001192093,7.21348428726196
"3321",39.75,2.25,0.405000001192093,6.90401268005371
"3322",39.75,2.25,0.405000001192093,8.02866268157959
"3323",39.75,2.75,0.405000001192093,NA
"3324",39.75,2.75,0.405000001192093,11.3479261398315
"3325",39.75,2.75,0.405000001192093,10.3943853378296
"3326",39.75,2.75,0.405000001192093,16.2410354614258
"3327",39.75,2.75,0.405000001192093,12.2664546966553
"3328",39.75,2.75,0.405000001192093,13.0539445877075
"3329",39.75,2.75,0.405000001192093,18.0454235076904
"3330",39.75,2.75,0.405000001192093,12.2162427902222
"3331",39.75,2.75,0.405000001192093,10.9577026367188
"3332",39.75,2.75,0.405000001192093,13.2610645294189
"3333",39.75,2.75,0.405000001192093,14.7428684234619
"3334",39.75,2.75,0.405000001192093,15.1988563537598
"3335",39.75,2.75,0.405000001192093,20.162073135376
"3336",39.75,2.75,0.405000001192093,16.5184726715088
"3337",39.75,2.75,0.405000001192093,11.2530937194824
"3338",39.75,2.75,0.405000001192093,23.3570404052734
"3339",39.75,2.75,0.405000001192093,13.4245958328247
"3340",39.75,2.75,0.405000001192093,13.4744215011597
"3341",39.75,2.75,0.405000001192093,10.1940298080444
"3342",39.75,2.75,0.405000001192093,11.7695827484131
"3343",39.75,2.75,0.405000001192093,7.83211040496826
"3344",39.75,2.75,0.405000001192093,13.7184972763062
"3345",39.75,3.25,0.405000001192093,NA
"3346",39.75,3.25,0.405000001192093,18.7071514129639
"3347",39.75,3.25,0.405000001192093,16.3108577728271
"3348",39.75,3.25,0.405000001192093,29.0820655822754
"3349",39.75,3.25,0.405000001192093,20.5726699829102
"3350",39.75,3.25,0.405000001192093,17.503490447998
"3351",39.75,3.25,0.405000001192093,13.8061017990112
"3352",39.75,3.25,0.405000001192093,13.1034288406372
"3353",39.75,3.25,0.405000001192093,20.8059101104736
"3354",39.75,3.25,0.405000001192093,24.2434673309326
"3355",39.75,3.25,0.405000001192093,18.9065361022949
"3356",39.75,3.25,0.405000001192093,15.8867588043213
"3357",39.75,3.25,0.405000001192093,17.4178524017334
"3358",39.75,3.25,0.405000001192093,17.7029476165771
"3359",39.75,3.25,0.405000001192093,17.1256351470947
"3360",39.75,3.25,0.405000001192093,18.3925018310547
"3361",39.75,3.25,0.405000001192093,20.0126152038574
"3362",39.75,3.25,0.405000001192093,22.816478729248
"3363",39.75,3.25,0.405000001192093,26.8471202850342
"3364",39.75,3.25,0.405000001192093,16.9977989196777
"3365",39.75,3.25,0.405000001192093,25.7488956451416
"3366",39.75,3.25,0.405000001192093,19.0885753631592
"3367",40.25,-2.25,0.605000019073486,43.3213195800781
"3368",40.25,-2.25,0.605000019073486,44.0032424926758
"3369",40.25,-2.25,0.605000019073486,41.8953018188477
"3370",40.25,-2.25,0.605000019073486,34.8699264526367
"3371",40.25,-2.25,0.605000019073486,44.2341270446777
"3372",40.25,-2.25,0.605000019073486,30.5180759429932
"3373",40.25,-2.25,0.605000019073486,50.2188301086426
"3374",40.25,-2.25,0.605000019073486,NA
"3375",40.25,-2.25,0.605000019073486,35.1997222900391
"3376",40.25,-2.25,0.605000019073486,46.8118324279785
"3377",40.25,-2.25,0.605000019073486,43.7899780273438
"3378",40.25,-2.25,0.605000019073486,38.4840431213379
"3379",40.25,-2.25,0.605000019073486,34.3702125549316
"3380",40.25,-2.25,0.605000019073486,45.1625823974609
"3381",40.25,-2.25,0.605000019073486,36.0550880432129
"3382",40.25,-2.25,0.605000019073486,44.9190330505371
"3383",40.25,-2.25,0.605000019073486,41.1773376464844
"3384",40.25,-2.25,0.605000019073486,43.2534866333008
"3385",40.25,-2.25,0.605000019073486,39.1382255554199
"3386",40.25,-2.25,0.605000019073486,44.8783874511719
"3387",40.25,-2.25,0.605000019073486,45.3536186218262
"3388",40.25,-2.25,0.605000019073486,44.4811210632324
"3389",40.25,-1.75,0.605000019073486,25.9781093597412
"3390",40.25,-1.75,0.605000019073486,24.4589881896973
"3391",40.25,-1.75,0.605000019073486,NA
"3392",40.25,-1.75,0.605000019073486,24.1956272125244
"3393",40.25,-1.75,0.605000019073486,25.8205661773682
"3394",40.25,-1.75,0.605000019073486,23.3468399047852
"3395",40.25,-1.75,0.605000019073486,27.4308242797852
"3396",40.25,-1.75,0.605000019073486,25.4600524902344
"3397",40.25,-1.75,0.605000019073486,23.0666027069092
"3398",40.25,-1.75,0.605000019073486,26.4724750518799
"3399",40.25,-1.75,0.605000019073486,26.5012435913086
"3400",40.25,-1.75,0.605000019073486,25.7710952758789
"3401",40.25,-1.75,0.605000019073486,29.1504421234131
"3402",40.25,-1.75,0.605000019073486,23.3631172180176
"3403",40.25,-1.75,0.605000019073486,31.165885925293
"3404",40.25,-1.75,0.605000019073486,22.4950618743896
"3405",40.25,-1.75,0.605000019073486,25.3817157745361
"3406",40.25,-1.75,0.605000019073486,27.3495864868164
"3407",40.25,-1.75,0.605000019073486,19.4455585479736
"3408",40.25,-1.75,0.605000019073486,17.5257110595703
"3409",40.25,-1.75,0.605000019073486,23.8220043182373
"3410",40.25,-1.75,0.605000019073486,19.1323719024658
"3411",40.25,-1.25,0.605000019073486,NA
"3412",40.25,-1.25,0.605000019073486,11.9264192581177
"3413",40.25,-1.25,0.605000019073486,19.8426475524902
"3414",40.25,-1.25,0.605000019073486,20.4655017852783
"3415",40.25,-1.25,0.605000019073486,21.7747020721436
"3416",40.25,-1.25,0.605000019073486,14.9116897583008
"3417",40.25,-1.25,0.605000019073486,16.5673294067383
"3418",40.25,-1.25,0.605000019073486,17.2902946472168
"3419",40.25,-1.25,0.605000019073486,17.8513050079346
"3420",40.25,-1.25,0.605000019073486,19.1377029418945
"3421",40.25,-1.25,0.605000019073486,18.2994403839111
"3422",40.25,-1.25,0.605000019073486,21.5952301025391
"3423",40.25,-1.25,0.605000019073486,14.1703424453735
"3424",40.25,-1.25,0.605000019073486,18.8401260375977
"3425",40.25,-1.25,0.605000019073486,15.7626276016235
"3426",40.25,-1.25,0.605000019073486,17.8166084289551
"3427",40.25,-1.25,0.605000019073486,15.6575078964233
"3428",40.25,-1.25,0.605000019073486,13.854793548584
"3429",40.25,-1.25,0.605000019073486,18.2267894744873
"3430",40.25,-1.25,0.605000019073486,13.8724536895752
"3431",40.25,-1.25,0.605000019073486,16.2298641204834
"3432",40.25,-1.25,0.605000019073486,18.4289073944092
"3433",40.25,-0.75,0.405000001192093,NA
"3434",40.25,-0.75,0.405000001192093,9.3968563079834
"3435",40.25,-0.75,0.405000001192093,14.5136680603027
"3436",40.25,-0.75,0.405000001192093,16.8624000549316
"3437",40.25,-0.75,0.405000001192093,15.2050762176514
"3438",40.25,-0.75,0.405000001192093,11.6552648544312
"3439",40.25,-0.75,0.405000001192093,10.8710622787476
"3440",40.25,-0.75,0.405000001192093,15.7271909713745
"3441",40.25,-0.75,0.405000001192093,15.2581214904785
"3442",40.25,-0.75,0.405000001192093,14.9249200820923
"3443",40.25,-0.75,0.405000001192093,12.7751522064209
"3444",40.25,-0.75,0.405000001192093,14.9039363861084
"3445",40.25,-0.75,0.405000001192093,13.055980682373
"3446",40.25,-0.75,0.405000001192093,11.5344505310059
"3447",40.25,-0.75,0.405000001192093,14.8228645324707
"3448",40.25,-0.75,0.405000001192093,13.4640560150146
"3449",40.25,-0.75,0.405000001192093,11.3994302749634
"3450",40.25,-0.75,0.405000001192093,18.7771663665771
"3451",40.25,-0.75,0.405000001192093,18.0208187103271
"3452",40.25,-0.75,0.405000001192093,15.8099184036255
"3453",40.25,-0.75,0.405000001192093,12.8127756118774
"3454",40.25,-0.75,0.405000001192093,14.5580635070801
"3455",40.25,-0.25,0.405000001192093,15.9176940917969
"3456",40.25,-0.25,0.405000001192093,NA
"3457",40.25,-0.25,0.405000001192093,11.2008924484253
"3458",40.25,-0.25,0.405000001192093,9.1260814666748
"3459",40.25,-0.25,0.405000001192093,12.9406089782715
"3460",40.25,-0.25,0.405000001192093,9.74666976928711
"3461",40.25,-0.25,0.405000001192093,7.41310787200928
"3462",40.25,-0.25,0.405000001192093,12.5468378067017
"3463",40.25,-0.25,0.405000001192093,12.692045211792
"3464",40.25,-0.25,0.405000001192093,10.6501874923706
"3465",40.25,-0.25,0.405000001192093,10.5731925964355
"3466",40.25,-0.25,0.405000001192093,12.0239715576172
"3467",40.25,-0.25,0.405000001192093,13.9561996459961
"3468",40.25,-0.25,0.405000001192093,13.950252532959
"3469",40.25,-0.25,0.405000001192093,11.7390336990356
"3470",40.25,-0.25,0.405000001192093,8.87547969818115
"3471",40.25,-0.25,0.405000001192093,13.7461681365967
"3472",40.25,-0.25,0.405000001192093,10.9458808898926
"3473",40.25,-0.25,0.405000001192093,8.52486705780029
"3474",40.25,-0.25,0.405000001192093,13.241397857666
"3475",40.25,-0.25,0.405000001192093,10.7534885406494
"3476",40.25,-0.25,0.405000001192093,11.9061918258667
"3477",40.25,0.25,0.405000001192093,9.46497344970703
"3478",40.25,0.25,0.405000001192093,9.22721290588379
"3479",40.25,0.25,0.405000001192093,NA
"3480",40.25,0.25,0.405000001192093,8.96816444396973
"3481",40.25,0.25,0.405000001192093,6.10854768753052
"3482",40.25,0.25,0.405000001192093,9.84622764587402
"3483",40.25,0.25,0.405000001192093,8.74015331268311
"3484",40.25,0.25,0.405000001192093,11.5073499679565
"3485",40.25,0.25,0.405000001192093,9.34538459777832
"3486",40.25,0.25,0.405000001192093,8.2122163772583
"3487",40.25,0.25,0.405000001192093,8.30904769897461
"3488",40.25,0.25,0.405000001192093,10.0865249633789
"3489",40.25,0.25,0.405000001192093,7.79018688201904
"3490",40.25,0.25,0.405000001192093,10.2700271606445
"3491",40.25,0.25,0.405000001192093,9.79556655883789
"3492",40.25,0.25,0.405000001192093,8.70906352996826
"3493",40.25,0.25,0.405000001192093,5.97841119766235
"3494",40.25,0.25,0.405000001192093,8.05797481536865
"3495",40.25,0.25,0.405000001192093,5.63197183609009
"3496",40.25,0.25,0.405000001192093,8.06092262268066
"3497",40.25,0.25,0.405000001192093,11.953577041626
"3498",40.25,0.25,0.405000001192093,10.0297956466675
"3499",40.25,0.75,0.405000001192093,10.2493000030518
"3500",40.25,0.75,0.405000001192093,9.5973596572876
"3501",40.25,0.75,0.405000001192093,NA
"3502",40.25,0.75,0.405000001192093,6.39928960800171
"3503",40.25,0.75,0.405000001192093,7.23305082321167
"3504",40.25,0.75,0.405000001192093,11.0660514831543
"3505",40.25,0.75,0.405000001192093,7.20361375808716
"3506",40.25,0.75,0.405000001192093,9.56032562255859
"3507",40.25,0.75,0.405000001192093,9.82222080230713
"3508",40.25,0.75,0.405000001192093,11.4904546737671
"3509",40.25,0.75,0.405000001192093,9.48280048370361
"3510",40.25,0.75,0.405000001192093,11.5307960510254
"3511",40.25,0.75,0.405000001192093,10.4665088653564
"3512",40.25,0.75,0.405000001192093,11.6183462142944
"3513",40.25,0.75,0.405000001192093,6.98323154449463
"3514",40.25,0.75,0.405000001192093,5.87238883972168
"3515",40.25,0.75,0.405000001192093,8.78596878051758
"3516",40.25,0.75,0.405000001192093,12.5540571212769
"3517",40.25,0.75,0.405000001192093,10.0053691864014
"3518",40.25,0.75,0.405000001192093,7.97720623016357
"3519",40.25,0.75,0.405000001192093,9.1759786605835
"3520",40.25,0.75,0.405000001192093,9.93004989624023
"3521",40.25,1.25,0.405000001192093,10.3347902297974
"3522",40.25,1.25,0.405000001192093,NA
"3523",40.25,1.25,0.405000001192093,6.88877010345459
"3524",40.25,1.25,0.405000001192093,10.97292137146
"3525",40.25,1.25,0.405000001192093,11.8283004760742
"3526",40.25,1.25,0.405000001192093,9.75920486450195
"3527",40.25,1.25,0.405000001192093,9.56792068481445
"3528",40.25,1.25,0.405000001192093,7.45311880111694
"3529",40.25,1.25,0.405000001192093,7.30255603790283
"3530",40.25,1.25,0.405000001192093,7.84490346908569
"3531",40.25,1.25,0.405000001192093,5.862548828125
"3532",40.25,1.25,0.405000001192093,10.2305593490601
"3533",40.25,1.25,0.405000001192093,7.34460020065308
"3534",40.25,1.25,0.405000001192093,9.02528381347656
"3535",40.25,1.25,0.405000001192093,4.95873403549194
"3536",40.25,1.25,0.405000001192093,8.58317565917969
"3537",40.25,1.25,0.405000001192093,7.69405126571655
"3538",40.25,1.25,0.405000001192093,5.07085371017456
"3539",40.25,1.25,0.405000001192093,10.9149169921875
"3540",40.25,1.25,0.405000001192093,9.84854125976562
"3541",40.25,1.25,0.405000001192093,8.54787445068359
"3542",40.25,1.25,0.405000001192093,10.4359045028687
"3543",40.25,1.75,0.405000001192093,NA
"3544",40.25,1.75,0.405000001192093,8.80229759216309
"3545",40.25,1.75,0.405000001192093,11.3046245574951
"3546",40.25,1.75,0.405000001192093,9.69178295135498
"3547",40.25,1.75,0.405000001192093,11.0050268173218
"3548",40.25,1.75,0.405000001192093,10.5144567489624
"3549",40.25,1.75,0.405000001192093,9.95254325866699
"3550",40.25,1.75,0.405000001192093,9.50894737243652
"3551",40.25,1.75,0.405000001192093,10.2497682571411
"3552",40.25,1.75,0.405000001192093,7.38332176208496
"3553",40.25,1.75,0.405000001192093,11.5122451782227
"3554",40.25,1.75,0.405000001192093,10.044976234436
"3555",40.25,1.75,0.405000001192093,7.62708377838135
"3556",40.25,1.75,0.405000001192093,8.69641304016113
"3557",40.25,1.75,0.405000001192093,6.98181581497192
"3558",40.25,1.75,0.405000001192093,6.83547878265381
"3559",40.25,1.75,0.405000001192093,7.32793188095093
"3560",40.25,1.75,0.405000001192093,11.4068412780762
"3561",40.25,1.75,0.405000001192093,11.9799518585205
"3562",40.25,1.75,0.405000001192093,10.8966588973999
"3563",40.25,1.75,0.405000001192093,12.7551736831665
"3564",40.25,1.75,0.405000001192093,6.71786451339722
"3565",40.25,2.25,0.405000001192093,10.0721578598022
"3566",40.25,2.25,0.405000001192093,16.4742393493652
"3567",40.25,2.25,0.405000001192093,NA
"3568",40.25,2.25,0.405000001192093,13.3727807998657
"3569",40.25,2.25,0.405000001192093,7.62711715698242
"3570",40.25,2.25,0.405000001192093,10.7640743255615
"3571",40.25,2.25,0.405000001192093,11.6289100646973
"3572",40.25,2.25,0.405000001192093,14.8065128326416
"3573",40.25,2.25,0.405000001192093,11.9038772583008
"3574",40.25,2.25,0.405000001192093,17.2160797119141
"3575",40.25,2.25,0.405000001192093,10.0255527496338
"3576",40.25,2.25,0.405000001192093,12.8271379470825
"3577",40.25,2.25,0.405000001192093,11.5485048294067
"3578",40.25,2.25,0.405000001192093,16.0539665222168
"3579",40.25,2.25,0.405000001192093,16.1346607208252
"3580",40.25,2.25,0.405000001192093,9.34310245513916
"3581",40.25,2.25,0.405000001192093,13.4808912277222
"3582",40.25,2.25,0.405000001192093,14.4751949310303
"3583",40.25,2.25,0.405000001192093,14.8589611053467
"3584",40.25,2.25,0.405000001192093,20.1150245666504
"3585",40.25,2.25,0.405000001192093,12.8751020431519
"3586",40.25,2.25,0.405000001192093,10.9807138442993
"3587",40.25,2.75,0.405000001192093,14.4582853317261
"3588",40.25,2.75,0.405000001192093,13.7385902404785
"3589",40.25,2.75,0.405000001192093,NA
"3590",40.25,2.75,0.405000001192093,20.779842376709
"3591",40.25,2.75,0.405000001192093,13.4677352905273
"3592",40.25,2.75,0.405000001192093,16.2594833374023
"3593",40.25,2.75,0.405000001192093,13.1514520645142
"3594",40.25,2.75,0.405000001192093,11.6488637924194
"3595",40.25,2.75,0.405000001192093,8.01734924316406
"3596",40.25,2.75,0.405000001192093,11.8913431167603
"3597",40.25,2.75,0.405000001192093,10.5986480712891
"3598",40.25,2.75,0.405000001192093,18.7899055480957
"3599",40.25,2.75,0.405000001192093,14.2849798202515
"3600",40.25,2.75,0.405000001192093,10.4259662628174
"3601",40.25,2.75,0.405000001192093,17.7818355560303
"3602",40.25,2.75,0.405000001192093,9.483154296875
"3603",40.25,2.75,0.405000001192093,17.5735282897949
"3604",40.25,2.75,0.405000001192093,10.623706817627
"3605",40.25,2.75,0.405000001192093,11.5345706939697
"3606",40.25,2.75,0.405000001192093,15.8482456207275
"3607",40.25,2.75,0.405000001192093,14.3860578536987
"3608",40.25,2.75,0.405000001192093,10.4109401702881
"3609",40.25,3.25,0.405000001192093,14.0095119476318
"3610",40.25,3.25,0.405000001192093,13.5630559921265
"3611",40.25,3.25,0.405000001192093,NA
"3612",40.25,3.25,0.405000001192093,13.8154544830322
"3613",40.25,3.25,0.405000001192093,15.6488761901855
"3614",40.25,3.25,0.405000001192093,13.8690462112427
"3615",40.25,3.25,0.405000001192093,14.6660432815552
"3616",40.25,3.25,0.405000001192093,11.7887601852417
"3617",40.25,3.25,0.405000001192093,22.8789405822754
"3618",40.25,3.25,0.405000001192093,12.7557697296143
"3619",40.25,3.25,0.405000001192093,18.2706546783447
"3620",40.25,3.25,0.405000001192093,17.9759254455566
"3621",40.25,3.25,0.405000001192093,20.0343494415283
"3622",40.25,3.25,0.405000001192093,14.3274040222168
"3623",40.25,3.25,0.405000001192093,20.6860446929932
"3624",40.25,3.25,0.405000001192093,16.5762176513672
"3625",40.25,3.25,0.405000001192093,15.2370662689209
"3626",40.25,3.25,0.405000001192093,15.522421836853
"3627",40.25,3.25,0.405000001192093,16.4013500213623
"3628",40.25,3.25,0.405000001192093,11.9469537734985
"3629",40.25,3.25,0.405000001192093,23.2914276123047
"3630",40.25,3.25,0.405000001192093,20.8870086669922
"3631",40.25,3.75,0.405000001192093,29.3346633911133
"3632",40.25,3.75,0.405000001192093,18.0799770355225
"3633",40.25,3.75,0.405000001192093,23.7826480865479
"3634",40.25,3.75,0.405000001192093,NA
"3635",40.25,3.75,0.405000001192093,20.159984588623
"3636",40.25,3.75,0.405000001192093,22.3012199401855
"3637",40.25,3.75,0.405000001192093,18.4122047424316
"3638",40.25,3.75,0.405000001192093,21.69313621521
"3639",40.25,3.75,0.405000001192093,16.2529563903809
"3640",40.25,3.75,0.405000001192093,26.6854209899902
"3641",40.25,3.75,0.405000001192093,20.8335933685303
"3642",40.25,3.75,0.405000001192093,21.9664306640625
"3643",40.25,3.75,0.405000001192093,20.9526519775391
"3644",40.25,3.75,0.405000001192093,28.1493892669678
"3645",40.25,3.75,0.405000001192093,25.5149631500244
"3646",40.25,3.75,0.405000001192093,20.2405452728271
"3647",40.25,3.75,0.405000001192093,22.1902809143066
"3648",40.25,3.75,0.405000001192093,24.3796634674072
"3649",40.25,3.75,0.405000001192093,23.0621585845947
"3650",40.25,3.75,0.405000001192093,21.9203758239746
"3651",40.25,3.75,0.405000001192093,21.3485507965088
"3652",40.25,3.75,0.405000001192093,18.6206607818604
"3653",40.75,-2.25,0.405000001192093,61.1733283996582
"3654",40.75,-2.25,0.405000001192093,NA
"3655",40.75,-2.25,0.405000001192093,55.1691436767578
"3656",40.75,-2.25,0.405000001192093,52.905086517334
"3657",40.75,-2.25,0.405000001192093,62.181812286377
"3658",40.75,-2.25,0.405000001192093,61.8238639831543
"3659",40.75,-2.25,0.405000001192093,58.1364974975586
"3660",40.75,-2.25,0.405000001192093,60.0310363769531
"3661",40.75,-2.25,0.405000001192093,59.6838073730469
"3662",40.75,-2.25,0.405000001192093,56.7627716064453
"3663",40.75,-2.25,0.405000001192093,51.136116027832
"3664",40.75,-2.25,0.405000001192093,61.4302062988281
"3665",40.75,-2.25,0.405000001192093,58.1965827941895
"3666",40.75,-2.25,0.405000001192093,49.8871879577637
"3667",40.75,-2.25,0.405000001192093,57.5343704223633
"3668",40.75,-2.25,0.405000001192093,61.9650459289551
"3669",40.75,-2.25,0.405000001192093,61.4650726318359
"3670",40.75,-2.25,0.405000001192093,53.1235046386719
"3671",40.75,-2.25,0.405000001192093,58.132152557373
"3672",40.75,-2.25,0.405000001192093,40.5215911865234
"3673",40.75,-2.25,0.405000001192093,51.4932708740234
"3674",40.75,-2.25,0.405000001192093,65.8079833984375
"3675",40.75,-1.75,NA,NA
"3676",40.75,-1.75,NA,52.8210296630859
"3677",40.75,-1.75,NA,40.5984153747559
"3678",40.75,-1.75,NA,47.4968452453613
"3679",40.75,-1.75,NA,50.5545501708984
"3680",40.75,-1.75,NA,43.9025115966797
"3681",40.75,-1.75,NA,47.4128761291504
"3682",40.75,-1.75,NA,39.8601303100586
"3683",40.75,-1.75,NA,44.6838836669922
"3684",40.75,-1.75,NA,48.9811820983887
"3685",40.75,-1.75,NA,46.4626159667969
"3686",40.75,-1.75,NA,49.3804817199707
"3687",40.75,-1.75,NA,38.0618934631348
"3688",40.75,-1.75,NA,49.9228973388672
"3689",40.75,-1.75,NA,34.2850799560547
"3690",40.75,-1.75,NA,42.7106895446777
"3691",40.75,-1.75,NA,49.5035171508789
"3692",40.75,-1.75,NA,42.7655448913574
"3693",40.75,-1.75,NA,43.3808364868164
"3694",40.75,-1.75,NA,45.5168113708496
"3695",40.75,-1.75,NA,48.5957145690918
"3696",40.75,-1.75,NA,46.3527450561523
"3697",40.75,-1.25,NA,NA
"3698",40.75,-1.25,NA,30.2839050292969
"3699",40.75,-1.25,NA,28.5965614318848
"3700",40.75,-1.25,NA,26.6777172088623
"3701",40.75,-1.25,NA,26.4486865997314
"3702",40.75,-1.25,NA,32.2126502990723
"3703",40.75,-1.25,NA,26.4348793029785
"3704",40.75,-1.25,NA,27.8834552764893
"3705",40.75,-1.25,NA,24.5235958099365
"3706",40.75,-1.25,NA,28.2068119049072
"3707",40.75,-1.25,NA,31.0248775482178
"3708",40.75,-1.25,NA,33.5037269592285
"3709",40.75,-1.25,NA,28.5502414703369
"3710",40.75,-1.25,NA,26.1883144378662
"3711",40.75,-1.25,NA,21.7047805786133
"3712",40.75,-1.25,NA,30.7778377532959
"3713",40.75,-1.25,NA,22.921407699585
"3714",40.75,-1.25,NA,31.6436061859131
"3715",40.75,-1.25,NA,22.8951168060303
"3716",40.75,-1.25,NA,19.9214839935303
"3717",40.75,-1.25,NA,25.2808704376221
"3718",40.75,-1.25,NA,24.636266708374
"3719",40.75,-0.75,0.405000001192093,24.7682495117188
"3720",40.75,-0.75,0.405000001192093,NA
"3721",40.75,-0.75,0.405000001192093,21.4931087493896
"3722",40.75,-0.75,0.405000001192093,20.6440525054932
"3723",40.75,-0.75,0.405000001192093,23.9592094421387
"3724",40.75,-0.75,0.405000001192093,19.8528060913086
"3725",40.75,-0.75,0.405000001192093,21.3822612762451
"3726",40.75,-0.75,0.405000001192093,24.4279479980469
"3727",40.75,-0.75,0.405000001192093,20.7638244628906
"3728",40.75,-0.75,0.405000001192093,22.2580299377441
"3729",40.75,-0.75,0.405000001192093,21.0141792297363
"3730",40.75,-0.75,0.405000001192093,21.122766494751
"3731",40.75,-0.75,0.405000001192093,19.0639877319336
"3732",40.75,-0.75,0.405000001192093,21.4643592834473
"3733",40.75,-0.75,0.405000001192093,27.3512859344482
"3734",40.75,-0.75,0.405000001192093,16.1241111755371
"3735",40.75,-0.75,0.405000001192093,18.9940223693848
"3736",40.75,-0.75,0.405000001192093,21.957799911499
"3737",40.75,-0.75,0.405000001192093,20.4509315490723
"3738",40.75,-0.75,0.405000001192093,26.5216579437256
"3739",40.75,-0.75,0.405000001192093,23.6357746124268
"3740",40.75,-0.75,0.405000001192093,20.3167114257812
"3741",40.75,-0.25,0.405000001192093,18.7298755645752
"3742",40.75,-0.25,0.405000001192093,NA
"3743",40.75,-0.25,0.405000001192093,17.4894027709961
"3744",40.75,-0.25,0.405000001192093,15.4724454879761
"3745",40.75,-0.25,0.405000001192093,17.8724842071533
"3746",40.75,-0.25,0.405000001192093,17.2956657409668
"3747",40.75,-0.25,0.405000001192093,16.805908203125
"3748",40.75,-0.25,0.405000001192093,14.7556991577148
"3749",40.75,-0.25,0.405000001192093,16.5009803771973
"3750",40.75,-0.25,0.405000001192093,15.505407333374
"3751",40.75,-0.25,0.405000001192093,20.7803421020508
"3752",40.75,-0.25,0.405000001192093,16.4473190307617
"3753",40.75,-0.25,0.405000001192093,18.7064933776855
"3754",40.75,-0.25,0.405000001192093,15.0924472808838
"3755",40.75,-0.25,0.405000001192093,15.090669631958
"3756",40.75,-0.25,0.405000001192093,16.1624298095703
"3757",40.75,-0.25,0.405000001192093,15.5434513092041
"3758",40.75,-0.25,0.405000001192093,12.4239835739136
"3759",40.75,-0.25,0.405000001192093,11.4783792495728
"3760",40.75,-0.25,0.405000001192093,15.2227325439453
"3761",40.75,-0.25,0.405000001192093,13.0883407592773
"3762",40.75,-0.25,0.405000001192093,19.3505744934082
"3763",40.75,0.25,0.405000001192093,NA
"3764",40.75,0.25,0.405000001192093,13.8658838272095
"3765",40.75,0.25,0.405000001192093,11.3475608825684
"3766",40.75,0.25,0.405000001192093,12.1723070144653
"3767",40.75,0.25,0.405000001192093,10.5288028717041
"3768",40.75,0.25,0.405000001192093,11.5609397888184
"3769",40.75,0.25,0.405000001192093,12.395188331604
"3770",40.75,0.25,0.405000001192093,10.9558877944946
"3771",40.75,0.25,0.405000001192093,11.1134233474731
"3772",40.75,0.25,0.405000001192093,10.7928810119629
"3773",40.75,0.25,0.405000001192093,12.8517646789551
"3774",40.75,0.25,0.405000001192093,12.327938079834
"3775",40.75,0.25,0.405000001192093,7.99603509902954
"3776",40.75,0.25,0.405000001192093,8.25454330444336
"3777",40.75,0.25,0.405000001192093,9.10485458374023
"3778",40.75,0.25,0.405000001192093,10.9975757598877
"3779",40.75,0.25,0.405000001192093,8.02395057678223
"3780",40.75,0.25,0.405000001192093,10.1593360900879
"3781",40.75,0.25,0.405000001192093,11.2430076599121
"3782",40.75,0.25,0.405000001192093,9.83344841003418
"3783",40.75,0.25,0.405000001192093,10.3953428268433
"3784",40.75,0.25,0.405000001192093,11.1406116485596
"3785",40.75,0.75,0.405000001192093,8.17599201202393
"3786",40.75,0.75,0.405000001192093,8.87640571594238
"3787",40.75,0.75,0.405000001192093,10.1600685119629
"3788",40.75,0.75,0.405000001192093,11.5154209136963
"3789",40.75,0.75,0.405000001192093,NA
"3790",40.75,0.75,0.405000001192093,9.84652709960938
"3791",40.75,0.75,0.405000001192093,5.60502243041992
"3792",40.75,0.75,0.405000001192093,10.7815923690796
"3793",40.75,0.75,0.405000001192093,6.19482135772705
"3794",40.75,0.75,0.405000001192093,9.37839794158936
"3795",40.75,0.75,0.405000001192093,6.82087707519531
"3796",40.75,0.75,0.405000001192093,6.50553560256958
"3797",40.75,0.75,0.405000001192093,10.0911455154419
"3798",40.75,0.75,0.405000001192093,9.28314113616943
"3799",40.75,0.75,0.405000001192093,10.080376625061
"3800",40.75,0.75,0.405000001192093,9.11624526977539
"3801",40.75,0.75,0.405000001192093,10.8816061019897
"3802",40.75,0.75,0.405000001192093,8.59613609313965
"3803",40.75,0.75,0.405000001192093,12.8190803527832
"3804",40.75,0.75,0.405000001192093,9.20841312408447
"3805",40.75,0.75,0.405000001192093,5.25672674179077
"3806",40.75,0.75,0.405000001192093,7.23574686050415
"3807",40.75,1.25,0.405000001192093,NA
"3808",40.75,1.25,0.405000001192093,10.5519075393677
"3809",40.75,1.25,0.405000001192093,8.30605316162109
"3810",40.75,1.25,0.405000001192093,9.9129581451416
"3811",40.75,1.25,0.405000001192093,11.8036775588989
"3812",40.75,1.25,0.405000001192093,9.39331722259521
"3813",40.75,1.25,0.405000001192093,6.77801895141602
"3814",40.75,1.25,0.405000001192093,6.45717716217041
"3815",40.75,1.25,0.405000001192093,8.73029708862305
"3816",40.75,1.25,0.405000001192093,10.8369293212891
"3817",40.75,1.25,0.405000001192093,12.9904098510742
"3818",40.75,1.25,0.405000001192093,9.3830099105835
"3819",40.75,1.25,0.405000001192093,10.4044981002808
"3820",40.75,1.25,0.405000001192093,9.49013328552246
"3821",40.75,1.25,0.405000001192093,7.42838430404663
"3822",40.75,1.25,0.405000001192093,12.1728792190552
"3823",40.75,1.25,0.405000001192093,6.96481084823608
"3824",40.75,1.25,0.405000001192093,9.40041732788086
"3825",40.75,1.25,0.405000001192093,10.707124710083
"3826",40.75,1.25,0.405000001192093,11.0936155319214
"3827",40.75,1.25,0.405000001192093,10.5715446472168
"3828",40.75,1.25,0.405000001192093,6.20839500427246
"3829",40.75,1.75,0.405000001192093,NA
"3830",40.75,1.75,0.405000001192093,11.8816375732422
"3831",40.75,1.75,0.405000001192093,11.4157333374023
"3832",40.75,1.75,0.405000001192093,7.97423267364502
"3833",40.75,1.75,0.405000001192093,8.12905788421631
"3834",40.75,1.75,0.405000001192093,11.8709497451782
"3835",40.75,1.75,0.405000001192093,8.91659450531006
"3836",40.75,1.75,0.405000001192093,12.7044134140015
"3837",40.75,1.75,0.405000001192093,12.9957065582275
"3838",40.75,1.75,0.405000001192093,7.63959407806396
"3839",40.75,1.75,0.405000001192093,10.8536539077759
"3840",40.75,1.75,0.405000001192093,8.11101722717285
"3841",40.75,1.75,0.405000001192093,12.0718431472778
"3842",40.75,1.75,0.405000001192093,12.6846761703491
"3843",40.75,1.75,0.405000001192093,6.90641164779663
"3844",40.75,1.75,0.405000001192093,10.1536960601807
"3845",40.75,1.75,0.405000001192093,8.89391422271729
"3846",40.75,1.75,0.405000001192093,10.0319509506226
"3847",40.75,1.75,0.405000001192093,10.6718502044678
"3848",40.75,1.75,0.405000001192093,11.5017900466919
"3849",40.75,1.75,0.405000001192093,8.61202907562256
"3850",40.75,1.75,0.405000001192093,14.3855209350586
"3851",40.75,2.25,0.405000001192093,10.7266225814819
"3852",40.75,2.25,0.405000001192093,NA
"3853",40.75,2.25,0.405000001192093,15.6034145355225
"3854",40.75,2.25,0.405000001192093,18.4649047851562
"3855",40.75,2.25,0.405000001192093,9.98739910125732
"3856",40.75,2.25,0.405000001192093,12.1650190353394
"3857",40.75,2.25,0.405000001192093,11.3369426727295
"3858",40.75,2.25,0.405000001192093,9.26947975158691
"3859",40.75,2.25,0.405000001192093,17.5230731964111
"3860",40.75,2.25,0.405000001192093,10.8335943222046
"3861",40.75,2.25,0.405000001192093,13.0787506103516
"3862",40.75,2.25,0.405000001192093,13.1612348556519
"3863",40.75,2.25,0.405000001192093,12.402304649353
"3864",40.75,2.25,0.405000001192093,12.2994995117188
"3865",40.75,2.25,0.405000001192093,14.504768371582
"3866",40.75,2.25,0.405000001192093,14.8834218978882
"3867",40.75,2.25,0.405000001192093,13.5893545150757
"3868",40.75,2.25,0.405000001192093,9.60276222229004
"3869",40.75,2.25,0.405000001192093,8.38845729827881
"3870",40.75,2.25,0.405000001192093,12.1937837600708
"3871",40.75,2.25,0.405000001192093,10.9810094833374
"3872",40.75,2.25,0.405000001192093,13.015233039856
"3873",40.75,2.75,0.405000001192093,15.4020519256592
"3874",40.75,2.75,0.405000001192093,NA
"3875",40.75,2.75,0.405000001192093,12.66246509552
"3876",40.75,2.75,0.405000001192093,9.20258903503418
"3877",40.75,2.75,0.405000001192093,7.74045372009277
"3878",40.75,2.75,0.405000001192093,12.9768314361572
"3879",40.75,2.75,0.405000001192093,12.1352758407593
"3880",40.75,2.75,0.405000001192093,11.8287973403931
"3881",40.75,2.75,0.405000001192093,10.1585645675659
"3882",40.75,2.75,0.405000001192093,10.2931270599365
"3883",40.75,2.75,0.405000001192093,16.613655090332
"3884",40.75,2.75,0.405000001192093,8.16593647003174
"3885",40.75,2.75,0.405000001192093,7.98657178878784
"3886",40.75,2.75,0.405000001192093,12.2374229431152
"3887",40.75,2.75,0.405000001192093,14.2354068756104
"3888",40.75,2.75,0.405000001192093,14.7618427276611
"3889",40.75,2.75,0.405000001192093,10.675838470459
"3890",40.75,2.75,0.405000001192093,9.65597629547119
"3891",40.75,2.75,0.405000001192093,10.5662698745728
"3892",40.75,2.75,0.405000001192093,10.2937784194946
"3893",40.75,2.75,0.405000001192093,9.18943023681641
"3894",40.75,2.75,0.405000001192093,12.3624124526978
"3895",40.75,3.25,0.405000001192093,NA
"3896",40.75,3.25,0.405000001192093,11.6180324554443
"3897",40.75,3.25,0.405000001192093,17.089994430542
"3898",40.75,3.25,0.405000001192093,15.2858953475952
"3899",40.75,3.25,0.405000001192093,12.9603214263916
"3900",40.75,3.25,0.405000001192093,13.3044891357422
"3901",40.75,3.25,0.405000001192093,14.0581436157227
"3902",40.75,3.25,0.405000001192093,15.0146903991699
"3903",40.75,3.25,0.405000001192093,15.2490634918213
"3904",40.75,3.25,0.405000001192093,13.7549343109131
"3905",40.75,3.25,0.405000001192093,13.3156709671021
"3906",40.75,3.25,0.405000001192093,13.8720731735229
"3907",40.75,3.25,0.405000001192093,12.2395658493042
"3908",40.75,3.25,0.405000001192093,12.763445854187
"3909",40.75,3.25,0.405000001192093,20.3275928497314
"3910",40.75,3.25,0.405000001192093,17.4838066101074
"3911",40.75,3.25,0.405000001192093,21.5138320922852
"3912",40.75,3.25,0.405000001192093,13.6207008361816
"3913",40.75,3.25,0.405000001192093,19.3481922149658
"3914",40.75,3.25,0.405000001192093,14.6435060501099
"3915",40.75,3.25,0.405000001192093,17.8183479309082
"3916",40.75,3.25,0.405000001192093,11.129958152771
"3917",40.75,3.75,0.405000001192093,15.9213485717773
"3918",40.75,3.75,0.405000001192093,NA
"3919",40.75,3.75,0.405000001192093,16.9637756347656
"3920",40.75,3.75,0.405000001192093,15.9478130340576
"3921",40.75,3.75,0.405000001192093,18.757251739502
"3922",40.75,3.75,0.405000001192093,15.715989112854
"3923",40.75,3.75,0.405000001192093,15.5262985229492
"3924",40.75,3.75,0.405000001192093,14.1696929931641
"3925",40.75,3.75,0.405000001192093,16.5297241210938
"3926",40.75,3.75,0.405000001192093,14.2876319885254
"3927",40.75,3.75,0.405000001192093,19.7869777679443
"3928",40.75,3.75,0.405000001192093,13.517219543457
"3929",40.75,3.75,0.405000001192093,21.0700397491455
"3930",40.75,3.75,0.405000001192093,12.1891918182373
"3931",40.75,3.75,0.405000001192093,16.0916500091553
"3932",40.75,3.75,0.405000001192093,18.91233253479
"3933",40.75,3.75,0.405000001192093,23.8053417205811
"3934",40.75,3.75,0.405000001192093,16.4382972717285
"3935",40.75,3.75,0.405000001192093,17.4099769592285
"3936",40.75,3.75,0.405000001192093,15.7636260986328
"3937",40.75,3.75,0.405000001192093,17.2898101806641
"3938",40.75,3.75,0.405000001192093,22.2517509460449
"3939",40.75,4.25,0.405000001192093,NA
"3940",40.75,4.25,0.405000001192093,21.7584323883057
"3941",40.75,4.25,0.405000001192093,24.8617553710938
"3942",40.75,4.25,0.405000001192093,28.7955131530762
"3943",40.75,4.25,0.405000001192093,32.0376434326172
"3944",40.75,4.25,0.405000001192093,26.3978385925293
"3945",40.75,4.25,0.405000001192093,22.9126720428467
"3946",40.75,4.25,0.405000001192093,29.3902473449707
"3947",40.75,4.25,0.405000001192093,28.6831188201904
"3948",40.75,4.25,0.405000001192093,22.8637733459473
"3949",40.75,4.25,0.405000001192093,17.4517288208008
"3950",40.75,4.25,0.405000001192093,22.8801898956299
"3951",40.75,4.25,0.405000001192093,21.0382194519043
"3952",40.75,4.25,0.405000001192093,19.6556053161621
"3953",40.75,4.25,0.405000001192093,22.1468868255615
"3954",40.75,4.25,0.405000001192093,21.9569931030273
"3955",40.75,4.25,0.405000001192093,22.2884540557861
"3956",40.75,4.25,0.405000001192093,24.8686141967773
"3957",40.75,4.25,0.405000001192093,23.1005954742432
"3958",40.75,4.25,0.405000001192093,29.8762340545654
"3959",40.75,4.25,0.405000001192093,20.0584812164307
"3960",40.75,4.25,0.405000001192093,24.2002067565918
"3961",41.25,-1.75,0.405000001192093,NA
"3962",41.25,-1.75,0.405000001192093,66.3910064697266
"3963",41.25,-1.75,0.405000001192093,62.9989166259766
"3964",41.25,-1.75,0.405000001192093,64.7316589355469
"3965",41.25,-1.75,0.405000001192093,66.9400863647461
"3966",41.25,-1.75,0.405000001192093,65.2584762573242
"3967",41.25,-1.75,0.405000001192093,64.0581130981445
"3968",41.25,-1.75,0.405000001192093,61.4222412109375
"3969",41.25,-1.75,0.405000001192093,67.8222198486328
"3970",41.25,-1.75,0.405000001192093,61.945384979248
"3971",41.25,-1.75,0.405000001192093,67.7474746704102
"3972",41.25,-1.75,0.405000001192093,64.2655639648438
"3973",41.25,-1.75,0.405000001192093,64.7371826171875
"3974",41.25,-1.75,0.405000001192093,71.514030456543
"3975",41.25,-1.75,0.405000001192093,73.4030609130859
"3976",41.25,-1.75,0.405000001192093,69.7313995361328
"3977",41.25,-1.75,0.405000001192093,60.0103988647461
"3978",41.25,-1.75,0.405000001192093,58.3390846252441
"3979",41.25,-1.75,0.405000001192093,68.5656890869141
"3980",41.25,-1.75,0.405000001192093,66.6940155029297
"3981",41.25,-1.75,0.405000001192093,67.2901916503906
"3982",41.25,-1.75,0.405000001192093,58.7008819580078
"3983",41.25,-1.25,NA,NA
"3984",41.25,-1.25,NA,44.8320159912109
"3985",41.25,-1.25,NA,46.3262596130371
"3986",41.25,-1.25,NA,42.858528137207
"3987",41.25,-1.25,NA,43.9911956787109
"3988",41.25,-1.25,NA,41.8105735778809
"3989",41.25,-1.25,NA,45.3114891052246
"3990",41.25,-1.25,NA,40.0525856018066
"3991",41.25,-1.25,NA,51.5285606384277
"3992",41.25,-1.25,NA,45.5671691894531
"3993",41.25,-1.25,NA,45.2096710205078
"3994",41.25,-1.25,NA,39.5510101318359
"3995",41.25,-1.25,NA,42.0441246032715
"3996",41.25,-1.25,NA,43.205436706543
"3997",41.25,-1.25,NA,38.3740921020508
"3998",41.25,-1.25,NA,45.9642753601074
"3999",41.25,-1.25,NA,34.8040733337402
"4000",41.25,-1.25,NA,37.3127746582031
"4001",41.25,-1.25,NA,38.9814910888672
"4002",41.25,-1.25,NA,41.9345817565918
"4003",41.25,-1.25,NA,47.7181167602539
"4004",41.25,-1.25,NA,45.3731079101562
"4005",41.25,3.25,0.405000001192093,12.0921640396118
"4006",41.25,3.25,0.405000001192093,NA
"4007",41.25,3.25,0.405000001192093,13.787558555603
"4008",41.25,3.25,0.405000001192093,17.7705364227295
"4009",41.25,3.25,0.405000001192093,13.7645206451416
"4010",41.25,3.25,0.405000001192093,9.58017444610596
"4011",41.25,3.25,0.405000001192093,14.4478921890259
"4012",41.25,3.25,0.405000001192093,11.050103187561
"4013",41.25,3.25,0.405000001192093,11.6412029266357
"4014",41.25,3.25,0.405000001192093,13.2611246109009
"4015",41.25,3.25,0.405000001192093,13.8910293579102
"4016",41.25,3.25,0.405000001192093,12.9742584228516
"4017",41.25,3.25,0.405000001192093,16.1117916107178
"4018",41.25,3.25,0.405000001192093,13.8633155822754
"4019",41.25,3.25,0.405000001192093,11.222017288208
"4020",41.25,3.25,0.405000001192093,17.057336807251
"4021",41.25,3.25,0.405000001192093,11.8881702423096
"4022",41.25,3.25,0.405000001192093,13.9593563079834
"4023",41.25,3.25,0.405000001192093,11.7000703811646
"4024",41.25,3.25,0.405000001192093,18.3395748138428
"4025",41.25,3.25,0.405000001192093,11.7097797393799
"4026",41.25,3.25,0.405000001192093,12.4238977432251
"4027",41.25,3.75,0.405000001192093,9.33055114746094
"4028",41.25,3.75,0.405000001192093,13.694091796875
"4029",41.25,3.75,0.405000001192093,7.82100772857666
"4030",41.25,3.75,0.405000001192093,NA
"4031",41.25,3.75,0.405000001192093,13.1475696563721
"4032",41.25,3.75,0.405000001192093,7.68397951126099
"4033",41.25,3.75,0.405000001192093,9.41253757476807
"4034",41.25,3.75,0.405000001192093,9.48829746246338
"4035",41.25,3.75,0.405000001192093,10.3526134490967
"4036",41.25,3.75,0.405000001192093,8.90861129760742
"4037",41.25,3.75,0.405000001192093,9.43368530273438
"4038",41.25,3.75,0.405000001192093,10.6959037780762
"4039",41.25,3.75,0.405000001192093,9.51191234588623
"4040",41.25,3.75,0.405000001192093,8.27952194213867
"4041",41.25,3.75,0.405000001192093,13.1198205947876
"4042",41.25,3.75,0.405000001192093,6.53959846496582
"4043",41.25,3.75,0.405000001192093,8.43480968475342
"4044",41.25,3.75,0.405000001192093,9.6690788269043
"4045",41.25,3.75,0.405000001192093,8.57452774047852
"4046",41.25,3.75,0.405000001192093,10.080228805542
"4047",41.25,3.75,0.405000001192093,8.33728122711182
"4048",41.25,3.75,0.405000001192093,10.2316427230835
