field_1,longitude,latitude,NMdata.EA_ag,NMdata.phytomass,NMdata.year,WDPAID_count,WDPA_PID_count,PA_DEF_count,NAME_count,ORIG_NAME_count,DESIG_count,DESIG_ENG_count,DESIG_TYPE_count,IUCN_CAT_count,INT_CRIT_count,MARINE_count,REP_M_AREA_count,GIS_M_AREA_count,REP_AREA_count,GIS_AREA_count,NO_TAKE_count,NO_TK_AREA_count,STATUS_count,STATUS_YR_count,GOV_TYPE_count,OWN_TYPE_count,MANG_AUTH_count,MANG_PLAN_count,VERIF_count,METADATAID_count,SUB_LOC_count,PARENT_ISO_count,ISO3_count,SUPP_INFO_count,CONS_OBJ_count,layer_count,path_count,Area_count,in_protected_area
"1","34.25",-0.75,"0.605000019073486",NA,"1996",,,,,,,,,,,,,,,,,,,,,,,,,,,,,,,,,,"0"
"2","34.25",-0.75,"0.605000019073486","80.886962890625","2018",,,,,,,,,,,,,,,,,,,,,,,,,,,,,,,,,,"0"
"3","34.25",-0.75,"0.605000019073486","84.7737045288086","2007",,,,,,,,,,,,,,,,,,,,,,,,,,,,,,,,,,"0"
"4","34.25",-0.75,"0.605000019073486","79.6522064208984","2016",,,,,,,,,,,,,,,,,,,,,,,,,,,,,,,,,,"0"
"5","34.25",-0.75,"0.605000019073486",NA,"1986",,,,,,,,,,,,,,,,,,,,,,,,,,,,,,,,,,"0"
"6","34.25",-0.75,"0.605000019073486","84.712516784668","2010",,,,,,,,,,,,,,,,,,,,,,,,,,,,,,,,,,"0"
"7","34.25",-0.75,"0.605000019073486",NA,"1998",,,,,,,,,,,,,,,,,,,,,,,,,,,,,,,,,,"0"
"8","34.25",-0.75,"0.605000019073486",NA,"1993",,,,,,,,,,,,,,,,,,,,,,,,,,,,,,,,,,"0"
"9","34.25",-0.75,"0.605000019073486","76.267578125","2005",,,,,,,,,,,,,,,,,,,,,,,,,,,,,,,,,,"0"
"10","34.25",-0.75,"0.605000019073486","73.5637588500977","2009",,,,,,,,,,,,,,,,,,,,,,,,,,,,,,,,,,"0"
"11","34.25",-0.75,"0.605000019073486","70.4947357177734","2002",,,,,,,,,,,,,,,,,,,,,,,,,,,,,,,,,,"0"
"12","34.25",-0.75,"0.605000019073486","75.5662841796875","2017",,,,,,,,,,,,,,,,,,,,,,,,,,,,,,,,,,"0"
"13","34.25",-0.75,"0.605000019073486",NA,"1989",,,,,,,,,,,,,,,,,,,,,,,,,,,,,,,,,,"0"
"14","34.25",-0.75,"0.605000019073486","79.797737121582","2012",,,,,,,,,,,,,,,,,,,,,,,,,,,,,,,,,,"0"
"15","34.25",-0.75,"0.605000019073486",NA,"1991",,,,,,,,,,,,,,,,,,,,,,,,,,,,,,,,,,"0"
"16","34.25",-0.75,"0.605000019073486","73.2153472900391","2001",,,,,,,,,,,,,,,,,,,,,,,,,,,,,,,,,,"0"
"17","34.25",-0.75,"0.605000019073486","77.487190246582","2011",,,,,,,,,,,,,,,,,,,,,,,,,,,,,,,,,,"0"
"18","34.25",-0.75,"0.605000019073486",NA,"1997",,,,,,,,,,,,,,,,,,,,,,,,,,,,,,,,,,"0"
"19","34.25",-0.75,"0.605000019073486","86.5873870849609","2019",,,,,,,,,,,,,,,,,,,,,,,,,,,,,,,,,,"0"
"20","34.25",-0.75,"0.605000019073486",NA,"1990",,,,,,,,,,,,,,,,,,,,,,,,,,,,,,,,,,"0"
"21","34.25",-0.75,"0.605000019073486","69.0618209838867","2000",,,,,,,,,,,,,,,,,,,,,,,,,,,,,,,,,,"0"
"22","34.25",-0.75,"0.605000019073486","72.1389541625977","2004",,,,,,,,,,,,,,,,,,,,,,,,,,,,,,,,,,"0"
"23","34.25",-0.75,"0.605000019073486","77.2070083618164","2003",,,,,,,,,,,,,,,,,,,,,,,,,,,,,,,,,,"0"
"24","34.25",-0.75,"0.605000019073486",NA,"1985",,,,,,,,,,,,,,,,,,,,,,,,,,,,,,,,,,"0"
"25","34.25",-0.75,"0.605000019073486",NA,"1995",,,,,,,,,,,,,,,,,,,,,,,,,,,,,,,,,,"0"
"26","34.25",-0.75,"0.605000019073486",NA,"1987",,,,,,,,,,,,,,,,,,,,,,,,,,,,,,,,,,"0"
"27","34.25",-0.75,"0.605000019073486","72.9160919189453","1999",,,,,,,,,,,,,,,,,,,,,,,,,,,,,,,,,,"0"
"28","34.25",-0.75,"0.605000019073486","79.3387985229492","2015",,,,,,,,,,,,,,,,,,,,,,,,,,,,,,,,,,"0"
"29","34.25",-0.75,"0.605000019073486","76.0743789672852","2008",,,,,,,,,,,,,,,,,,,,,,,,,,,,,,,,,,"0"
"30","34.25",-0.75,"0.605000019073486",NA,"1988",,,,,,,,,,,,,,,,,,,,,,,,,,,,,,,,,,"0"
"31","34.25",-0.75,"0.605000019073486",NA,"1992",,,,,,,,,,,,,,,,,,,,,,,,,,,,,,,,,,"0"
"32","34.25",-0.75,"0.605000019073486","70.6684875488281","2006",,,,,,,,,,,,,,,,,,,,,,,,,,,,,,,,,,"0"
"33","34.25",-0.75,"0.605000019073486",NA,"1994",,,,,,,,,,,,,,,,,,,,,,,,,,,,,,,,,,"0"
"34","34.25",-0.75,"0.605000019073486",NA,"2020",,,,,,,,,,,,,,,,,,,,,,,,,,,,,,,,,,"0"
"35","34.25",-0.75,"0.605000019073486","84.768440246582","2013",,,,,,,,,,,,,,,,,,,,,,,,,,,,,,,,,,"0"
"36","34.25",-0.75,"0.605000019073486","89.5807723999023","2014",,,,,,,,,,,,,,,,,,,,,,,,,,,,,,,,,,"0"
"37","34.25",-0.25,"0.605000019073486","83.114631652832","2010",,,,,,,,,,,,,,,,,,,,,,,,,,,,,,,,,,"0"
"38","34.25",-0.25,"0.605000019073486","75.726936340332","2011",,,,,,,,,,,,,,,,,,,,,,,,,,,,,,,,,,"0"
"39","34.25",-0.25,"0.605000019073486",NA,"1987",,,,,,,,,,,,,,,,,,,,,,,,,,,,,,,,,,"0"
"40","34.25",-0.25,"0.605000019073486",NA,"1997",,,,,,,,,,,,,,,,,,,,,,,,,,,,,,,,,,"0"
"41","34.25",-0.25,"0.605000019073486",NA,"1985",,,,,,,,,,,,,,,,,,,,,,,,,,,,,,,,,,"0"
"42","34.25",-0.25,"0.605000019073486",NA,"1989",,,,,,,,,,,,,,,,,,,,,,,,,,,,,,,,,,"0"
"43","34.25",-0.25,"0.605000019073486",NA,"1994",,,,,,,,,,,,,,,,,,,,,,,,,,,,,,,,,,"0"
"44","34.25",-0.25,"0.605000019073486","74.0563430786133","2017",,,,,,,,,,,,,,,,,,,,,,,,,,,,,,,,,,"0"
"45","34.25",-0.25,"0.605000019073486","82.5305023193359","2013",,,,,,,,,,,,,,,,,,,,,,,,,,,,,,,,,,"0"
"46","34.25",-0.25,"0.605000019073486",NA,"1988",,,,,,,,,,,,,,,,,,,,,,,,,,,,,,,,,,"0"
"47","34.25",-0.25,"0.605000019073486","71.1794891357422","2004",,,,,,,,,,,,,,,,,,,,,,,,,,,,,,,,,,"0"
"48","34.25",-0.25,"0.605000019073486","77.1279754638672","2015",,,,,,,,,,,,,,,,,,,,,,,,,,,,,,,,,,"0"
"49","34.25",-0.25,"0.605000019073486",NA,"2020",,,,,,,,,,,,,,,,,,,,,,,,,,,,,,,,,,"0"
"50","34.25",-0.25,"0.605000019073486","88.0281448364258","2019",,,,,,,,,,,,,,,,,,,,,,,,,,,,,,,,,,"0"
"51","34.25",-0.25,"0.605000019073486","79.5312347412109","2008",,,,,,,,,,,,,,,,,,,,,,,,,,,,,,,,,,"0"
"52","34.25",-0.25,"0.605000019073486",NA,"1991",,,,,,,,,,,,,,,,,,,,,,,,,,,,,,,,,,"0"
"53","34.25",-0.25,"0.605000019073486","77.9856185913086","2003",,,,,,,,,,,,,,,,,,,,,,,,,,,,,,,,,,"0"
"54","34.25",-0.25,"0.605000019073486",NA,"1990",,,,,,,,,,,,,,,,,,,,,,,,,,,,,,,,,,"0"
"55","34.25",-0.25,"0.605000019073486","80.0447311401367","2014",,,,,,,,,,,,,,,,,,,,,,,,,,,,,,,,,,"0"
"56","34.25",-0.25,"0.605000019073486",NA,"1998",,,,,,,,,,,,,,,,,,,,,,,,,,,,,,,,,,"0"
"57","34.25",-0.25,"0.605000019073486","76.837028503418","2006",,,,,,,,,,,,,,,,,,,,,,,,,,,,,,,,,,"0"
"58","34.25",-0.25,"0.605000019073486","76.3457870483398","1999",,,,,,,,,,,,,,,,,,,,,,,,,,,,,,,,,,"0"
"59","34.25",-0.25,"0.605000019073486",NA,"1993",,,,,,,,,,,,,,,,,,,,,,,,,,,,,,,,,,"0"
"60","34.25",-0.25,"0.605000019073486",NA,"1992",,,,,,,,,,,,,,,,,,,,,,,,,,,,,,,,,,"0"
"61","34.25",-0.25,"0.605000019073486",NA,"1986",,,,,,,,,,,,,,,,,,,,,,,,,,,,,,,,,,"0"
"62","34.25",-0.25,"0.605000019073486","84.2758483886719","2007",,,,,,,,,,,,,,,,,,,,,,,,,,,,,,,,,,"0"
"63","34.25",-0.25,"0.605000019073486",NA,"1995",,,,,,,,,,,,,,,,,,,,,,,,,,,,,,,,,,"0"
"64","34.25",-0.25,"0.605000019073486","80.872444152832","2018",,,,,,,,,,,,,,,,,,,,,,,,,,,,,,,,,,"0"
"65","34.25",-0.25,"0.605000019073486","76.9266357421875","2012",,,,,,,,,,,,,,,,,,,,,,,,,,,,,,,,,,"0"
"66","34.25",-0.25,"0.605000019073486","69.0187835693359","2009",,,,,,,,,,,,,,,,,,,,,,,,,,,,,,,,,,"0"
"67","34.25",-0.25,"0.605000019073486","70.4628067016602","2016",,,,,,,,,,,,,,,,,,,,,,,,,,,,,,,,,,"0"
"68","34.25",-0.25,"0.605000019073486","74.5016250610352","2005",,,,,,,,,,,,,,,,,,,,,,,,,,,,,,,,,,"0"
"69","34.25",-0.25,"0.605000019073486","72.7763748168945","2002",,,,,,,,,,,,,,,,,,,,,,,,,,,,,,,,,,"0"
"70","34.25",-0.25,"0.605000019073486","77.0147705078125","2001",,,,,,,,,,,,,,,,,,,,,,,,,,,,,,,,,,"0"
"71","34.25",-0.25,"0.605000019073486","65.2138595581055","2000",,,,,,,,,,,,,,,,,,,,,,,,,,,,,,,,,,"0"
"72","34.25",-0.25,"0.605000019073486",NA,"1996",,,,,,,,,,,,,,,,,,,,,,,,,,,,,,,,,,"0"
"73","34.25",0.25,"0.605000019073486",NA,"1997",,,,,,,,,,,,,,,,,,,,,,,,,,,,,,,,,,"0"
"74","34.25",0.25,"0.605000019073486",NA,"1988",,,,,,,,,,,,,,,,,,,,,,,,,,,,,,,,,,"0"
"75","34.25",0.25,"0.605000019073486",NA,"1998",,,,,,,,,,,,,,,,,,,,,,,,,,,,,,,,,,"0"
"76","34.25",0.25,"0.605000019073486",NA,"1985",,,,,,,,,,,,,,,,,,,,,,,,,,,,,,,,,,"0"
"77","34.25",0.25,"0.605000019073486","90.62353515625","2019",,,,,,,,,,,,,,,,,,,,,,,,,,,,,,,,,,"0"
"78","34.25",0.25,"0.605000019073486",NA,"1987",,,,,,,,,,,,,,,,,,,,,,,,,,,,,,,,,,"0"
"79","34.25",0.25,"0.605000019073486","79.9355163574219","2012",,,,,,,,,,,,,,,,,,,,,,,,,,,,,,,,,,"0"
"80","34.25",0.25,"0.605000019073486",NA,"1993",,,,,,,,,,,,,,,,,,,,,,,,,,,,,,,,,,"0"
"81","34.25",0.25,"0.605000019073486","84.3681411743164","2007",,,,,,,,,,,,,,,,,,,,,,,,,,,,,,,,,,"0"
"82","34.25",0.25,"0.605000019073486","77.2445297241211","2004",,,,,,,,,,,,,,,,,,,,,,,,,,,,,,,,,,"0"
"83","34.25",0.25,"0.605000019073486","83.3978424072266","2018",,,,,,,,,,,,,,,,,,,,,,,,,,,,,,,,,,"0"
"84","34.25",0.25,"0.605000019073486",NA,"1996",,,,,,,,,,,,,,,,,,,,,,,,,,,,,,,,,,"0"
"85","34.25",0.25,"0.605000019073486","74.1800079345703","2000",,,,,,,,,,,,,,,,,,,,,,,,,,,,,,,,,,"0"
"86","34.25",0.25,"0.605000019073486","80.9406433105469","2003",,,,,,,,,,,,,,,,,,,,,,,,,,,,,,,,,,"0"
"87","34.25",0.25,"0.605000019073486","79.9444732666016","2002",,,,,,,,,,,,,,,,,,,,,,,,,,,,,,,,,,"0"
"88","34.25",0.25,"0.605000019073486","77.2881469726562","2009",,,,,,,,,,,,,,,,,,,,,,,,,,,,,,,,,,"0"
"89","34.25",0.25,"0.605000019073486",NA,"1995",,,,,,,,,,,,,,,,,,,,,,,,,,,,,,,,,,"0"
"90","34.25",0.25,"0.605000019073486",NA,"1989",,,,,,,,,,,,,,,,,,,,,,,,,,,,,,,,,,"0"
"91","34.25",0.25,"0.605000019073486","81.8349075317383","2011",,,,,,,,,,,,,,,,,,,,,,,,,,,,,,,,,,"0"
"92","34.25",0.25,"0.605000019073486","89.552375793457","2014",,,,,,,,,,,,,,,,,,,,,,,,,,,,,,,,,,"0"
"93","34.25",0.25,"0.605000019073486","84.5747985839844","2015",,,,,,,,,,,,,,,,,,,,,,,,,,,,,,,,,,"0"
"94","34.25",0.25,"0.605000019073486","88.5573348999023","2013",,,,,,,,,,,,,,,,,,,,,,,,,,,,,,,,,,"0"
"95","34.25",0.25,"0.605000019073486",NA,"1992",,,,,,,,,,,,,,,,,,,,,,,,,,,,,,,,,,"0"
"96","34.25",0.25,"0.605000019073486",NA,"1990",,,,,,,,,,,,,,,,,,,,,,,,,,,,,,,,,,"0"
"97","34.25",0.25,"0.605000019073486",NA,"1994",,,,,,,,,,,,,,,,,,,,,,,,,,,,,,,,,,"0"
"98","34.25",0.25,"0.605000019073486","79.0875701904297","2006",,,,,,,,,,,,,,,,,,,,,,,,,,,,,,,,,,"0"
"99","34.25",0.25,"0.605000019073486","81.0367050170898","2008",,,,,,,,,,,,,,,,,,,,,,,,,,,,,,,,,,"0"
"100","34.25",0.25,"0.605000019073486","82.3761520385742","2001",,,,,,,,,,,,,,,,,,,,,,,,,,,,,,,,,,"0"
"101","34.25",0.25,"0.605000019073486","84.2599639892578","2017",,,,,,,,,,,,,,,,,,,,,,,,,,,,,,,,,,"0"
"102","34.25",0.25,"0.605000019073486","85.6873016357422","2010",,,,,,,,,,,,,,,,,,,,,,,,,,,,,,,,,,"0"
"103","34.25",0.25,"0.605000019073486",NA,"1986",,,,,,,,,,,,,,,,,,,,,,,,,,,,,,,,,,"0"
"104","34.25",0.25,"0.605000019073486","81.3131408691406","2005",,,,,,,,,,,,,,,,,,,,,,,,,,,,,,,,,,"0"
"105","34.25",0.25,"0.605000019073486","77.7639846801758","1999",,,,,,,,,,,,,,,,,,,,,,,,,,,,,,,,,,"0"
"106","34.25",0.25,"0.605000019073486","79.4396286010742","2016",,,,,,,,,,,,,,,,,,,,,,,,,,,,,,,,,,"0"
"107","34.25",0.25,"0.605000019073486",NA,"2020",,,,,,,,,,,,,,,,,,,,,,,,,,,,,,,,,,"0"
"108","34.25",0.25,"0.605000019073486",NA,"1991",,,,,,,,,,,,,,,,,,,,,,,,,,,,,,,,,,"0"
"109","34.25",4.25,"0.405000001192093","28.0117340087891","2016",,,,,,,,,,,,,,,,,,,,,,,,,,,,,,,,,,"0"
"110","34.25",4.25,"0.405000001192093",NA,"1991",,,,,,,,,,,,,,,,,,,,,,,,,,,,,,,,,,"0"
"111","34.25",4.25,"0.405000001192093","26.8862972259521","2008",,,,,,,,,,,,,,,,,,,,,,,,,,,,,,,,,,"0"
"112","34.25",4.25,"0.405000001192093","22.0688877105713","2003",,,,,,,,,,,,,,,,,,,,,,,,,,,,,,,,,,"0"
"113","34.25",4.25,"0.405000001192093","40.7523803710938","2019",,,,,,,,,,,,,,,,,,,,,,,,,,,,,,,,,,"0"
"114","34.25",4.25,"0.405000001192093",NA,"1987",,,,,,,,,,,,,,,,,,,,,,,,,,,,,,,,,,"0"
"115","34.25",4.25,"0.405000001192093",NA,"1996",,,,,,,,,,,,,,,,,,,,,,,,,,,,,,,,,,"0"
"116","34.25",4.25,"0.405000001192093",NA,"1990",,,,,,,,,,,,,,,,,,,,,,,,,,,,,,,,,,"0"
"117","34.25",4.25,"0.405000001192093",NA,"1992",,,,,,,,,,,,,,,,,,,,,,,,,,,,,,,,,,"0"
"118","34.25",4.25,"0.405000001192093",NA,"1989",,,,,,,,,,,,,,,,,,,,,,,,,,,,,,,,,,"0"
"119","34.25",4.25,"0.405000001192093","33.9900817871094","2014",,,,,,,,,,,,,,,,,,,,,,,,,,,,,,,,,,"0"
"120","34.25",4.25,"0.405000001192093",NA,"1998",,,,,,,,,,,,,,,,,,,,,,,,,,,,,,,,,,"0"
"121","34.25",4.25,"0.405000001192093","21.8700714111328","1999",,,,,,,,,,,,,,,,,,,,,,,,,,,,,,,,,,"0"
"122","34.25",4.25,"0.405000001192093","40.5572738647461","2012",,,,,,,,,,,,,,,,,,,,,,,,,,,,,,,,,,"0"
"123","34.25",4.25,"0.405000001192093","23.6851673126221","2005",,,,,,,,,,,,,,,,,,,,,,,,,,,,,,,,,,"0"
"124","34.25",4.25,"0.405000001192093",NA,"1986",,,,,,,,,,,,,,,,,,,,,,,,,,,,,,,,,,"0"
"125","34.25",4.25,"0.405000001192093","35.9595260620117","2013",,,,,,,,,,,,,,,,,,,,,,,,,,,,,,,,,,"0"
"126","34.25",4.25,"0.405000001192093","30.914119720459","2010",,,,,,,,,,,,,,,,,,,,,,,,,,,,,,,,,,"0"
"127","34.25",4.25,"0.405000001192093","29.5862216949463","2017",,,,,,,,,,,,,,,,,,,,,,,,,,,,,,,,,,"0"
"128","34.25",4.25,"0.405000001192093",NA,"1988",,,,,,,,,,,,,,,,,,,,,,,,,,,,,,,,,,"0"
"129","34.25",4.25,"0.405000001192093","24.0909824371338","2001",,,,,,,,,,,,,,,,,,,,,,,,,,,,,,,,,,"0"
"130","34.25",4.25,"0.405000001192093",NA,"1994",,,,,,,,,,,,,,,,,,,,,,,,,,,,,,,,,,"0"
"131","34.25",4.25,"0.405000001192093","23.0218658447266","2002",,,,,,,,,,,,,,,,,,,,,,,,,,,,,,,,,,"0"
"132","34.25",4.25,"0.405000001192093",NA,"1993",,,,,,,,,,,,,,,,,,,,,,,,,,,,,,,,,,"0"
"133","34.25",4.25,"0.405000001192093",NA,"1995",,,,,,,,,,,,,,,,,,,,,,,,,,,,,,,,,,"0"
"134","34.25",4.25,"0.405000001192093","21.6758861541748","2009",,,,,,,,,,,,,,,,,,,,,,,,,,,,,,,,,,"0"
"135","34.25",4.25,"0.405000001192093",NA,"2020",,,,,,,,,,,,,,,,,,,,,,,,,,,,,,,,,,"0"
"136","34.25",4.25,"0.405000001192093","20.8471736907959","2004",,,,,,,,,,,,,,,,,,,,,,,,,,,,,,,,,,"0"
"137","34.25",4.25,"0.405000001192093",NA,"1985",,,,,,,,,,,,,,,,,,,,,,,,,,,,,,,,,,"0"
"138","34.25",4.25,"0.405000001192093","15.609845161438","2000",,,,,,,,,,,,,,,,,,,,,,,,,,,,,,,,,,"0"
"139","34.25",4.25,"0.405000001192093",NA,"1997",,,,,,,,,,,,,,,,,,,,,,,,,,,,,,,,,,"0"
"140","34.25",4.25,"0.405000001192093","34.7855339050293","2007",,,,,,,,,,,,,,,,,,,,,,,,,,,,,,,,,,"0"
"141","34.25",4.25,"0.405000001192093","27.4278602600098","2011",,,,,,,,,,,,,,,,,,,,,,,,,,,,,,,,,,"0"
"142","34.25",4.25,"0.405000001192093","20.6041622161865","2006",,,,,,,,,,,,,,,,,,,,,,,,,,,,,,,,,,"0"
"143","34.25",4.25,"0.405000001192093","35.2781257629395","2015",,,,,,,,,,,,,,,,,,,,,,,,,,,,,,,,,,"0"
"144","34.25",4.25,"0.405000001192093","32.2045631408691","2018",,,,,,,,,,,,,,,,,,,,,,,,,,,,,,,,,,"0"
"145","34.75",-1.25,"0.704999983310699",NA,"2020",,,,,,,,,,,,,,,,,,,,,,,,,,,,,,,,,,"0"
"146","34.75",-1.25,"0.704999983310699","76.6727905273438","2008",,,,,,,,,,,,,,,,,,,,,,,,,,,,,,,,,,"0"
"147","34.75",-1.25,"0.704999983310699","81.5664291381836","2012",,,,,,,,,,,,,,,,,,,,,,,,,,,,,,,,,,"0"
"148","34.75",-1.25,"0.704999983310699",NA,"1990",,,,,,,,,,,,,,,,,,,,,,,,,,,,,,,,,,"0"
"149","34.75",-1.25,"0.704999983310699","77.4270172119141","2011",,,,,,,,,,,,,,,,,,,,,,,,,,,,,,,,,,"0"
"150","34.75",-1.25,"0.704999983310699","73.7287445068359","1999",,,,,,,,,,,,,,,,,,,,,,,,,,,,,,,,,,"0"
"151","34.75",-1.25,"0.704999983310699","69.1450729370117","2000",,,,,,,,,,,,,,,,,,,,,,,,,,,,,,,,,,"0"
"152","34.75",-1.25,"0.704999983310699",NA,"1991",,,,,,,,,,,,,,,,,,,,,,,,,,,,,,,,,,"0"
"153","34.75",-1.25,"0.704999983310699","78.5120697021484","2017",,,,,,,,,,,,,,,,,,,,,,,,,,,,,,,,,,"0"
"154","34.75",-1.25,"0.704999983310699","84.7944259643555","2016",,,,,,,,,,,,,,,,,,,,,,,,,,,,,,,,,,"0"
"155","34.75",-1.25,"0.704999983310699","84.7310028076172","2015",,,,,,,,,,,,,,,,,,,,,,,,,,,,,,,,,,"0"
"156","34.75",-1.25,"0.704999983310699","77.1576995849609","2005",,,,,,,,,,,,,,,,,,,,,,,,,,,,,,,,,,"0"
"157","34.75",-1.25,"0.704999983310699","75.9526443481445","2009",,,,,,,,,,,,,,,,,,,,,,,,,,,,,,,,,,"0"
"158","34.75",-1.25,"0.704999983310699","80.2229843139648","2018",,,,,,,,,,,,,,,,,,,,,,,,,,,,,,,,,,"0"
"159","34.75",-1.25,"0.704999983310699",NA,"1985",,,,,,,,,,,,,,,,,,,,,,,,,,,,,,,,,,"0"
"160","34.75",-1.25,"0.704999983310699",NA,"1992",,,,,,,,,,,,,,,,,,,,,,,,,,,,,,,,,,"0"
"161","34.75",-1.25,"0.704999983310699",NA,"1993",,,,,,,,,,,,,,,,,,,,,,,,,,,,,,,,,,"0"
"162","34.75",-1.25,"0.704999983310699","74.4601898193359","2004",,,,,,,,,,,,,,,,,,,,,,,,,,,,,,,,,,"0"
"163","34.75",-1.25,"0.704999983310699","76.0627899169922","2002",,,,,,,,,,,,,,,,,,,,,,,,,,,,,,,,,,"0"
"164","34.75",-1.25,"0.704999983310699",NA,"1995",,,,,,,,,,,,,,,,,,,,,,,,,,,,,,,,,,"0"
"165","34.75",-1.25,"0.704999983310699","74.3456497192383","2003",,,,,,,,,,,,,,,,,,,,,,,,,,,,,,,,,,"0"
"166","34.75",-1.25,"0.704999983310699",NA,"1997",,,,,,,,,,,,,,,,,,,,,,,,,,,,,,,,,,"0"
"167","34.75",-1.25,"0.704999983310699","81.7594604492188","2001",,,,,,,,,,,,,,,,,,,,,,,,,,,,,,,,,,"0"
"168","34.75",-1.25,"0.704999983310699","78.126579284668","2013",,,,,,,,,,,,,,,,,,,,,,,,,,,,,,,,,,"0"
"169","34.75",-1.25,"0.704999983310699",NA,"1994",,,,,,,,,,,,,,,,,,,,,,,,,,,,,,,,,,"0"
"170","34.75",-1.25,"0.704999983310699",NA,"1987",,,,,,,,,,,,,,,,,,,,,,,,,,,,,,,,,,"0"
"171","34.75",-1.25,"0.704999983310699",NA,"1998",,,,,,,,,,,,,,,,,,,,,,,,,,,,,,,,,,"0"
"172","34.75",-1.25,"0.704999983310699","87.5869750976562","2019",,,,,,,,,,,,,,,,,,,,,,,,,,,,,,,,,,"0"
"173","34.75",-1.25,"0.704999983310699",NA,"1988",,,,,,,,,,,,,,,,,,,,,,,,,,,,,,,,,,"0"
"174","34.75",-1.25,"0.704999983310699",NA,"1986",,,,,,,,,,,,,,,,,,,,,,,,,,,,,,,,,,"0"
"175","34.75",-1.25,"0.704999983310699","79.2610244750977","2010",,,,,,,,,,,,,,,,,,,,,,,,,,,,,,,,,,"0"
"176","34.75",-1.25,"0.704999983310699","78.1147689819336","2007",,,,,,,,,,,,,,,,,,,,,,,,,,,,,,,,,,"0"
"177","34.75",-1.25,"0.704999983310699",NA,"1996",,,,,,,,,,,,,,,,,,,,,,,,,,,,,,,,,,"0"
"178","34.75",-1.25,"0.704999983310699","67.237434387207","2006",,,,,,,,,,,,,,,,,,,,,,,,,,,,,,,,,,"0"
"179","34.75",-1.25,"0.704999983310699",NA,"1989",,,,,,,,,,,,,,,,,,,,,,,,,,,,,,,,,,"0"
"180","34.75",-1.25,"0.704999983310699","87.2788619995117","2014",,,,,,,,,,,,,,,,,,,,,,,,,,,,,,,,,,"0"
"181","34.75",-0.75,"0.704999983310699","90.0912399291992","2007",,,,,,,,,,,,,,,,,,,,,,,,,,,,,,,,,,"0"
"182","34.75",-0.75,"0.704999983310699",NA,"1998",,,,,,,,,,,,,,,,,,,,,,,,,,,,,,,,,,"0"
"183","34.75",-0.75,"0.704999983310699","85.3247680664062","2002",,,,,,,,,,,,,,,,,,,,,,,,,,,,,,,,,,"0"
"184","34.75",-0.75,"0.704999983310699","91.4207534790039","2010",,,,,,,,,,,,,,,,,,,,,,,,,,,,,,,,,,"0"
"185","34.75",-0.75,"0.704999983310699","87.1775817871094","2004",,,,,,,,,,,,,,,,,,,,,,,,,,,,,,,,,,"0"
"186","34.75",-0.75,"0.704999983310699","88.0554504394531","2009",,,,,,,,,,,,,,,,,,,,,,,,,,,,,,,,,,"0"
"187","34.75",-0.75,"0.704999983310699","83.6209106445312","2000",,,,,,,,,,,,,,,,,,,,,,,,,,,,,,,,,,"0"
"188","34.75",-0.75,"0.704999983310699","91.4741744995117","2012",,,,,,,,,,,,,,,,,,,,,,,,,,,,,,,,,,"0"
"189","34.75",-0.75,"0.704999983310699","87.0387573242188","2008",,,,,,,,,,,,,,,,,,,,,,,,,,,,,,,,,,"0"
"190","34.75",-0.75,"0.704999983310699","86.9579238891602","2003",,,,,,,,,,,,,,,,,,,,,,,,,,,,,,,,,,"0"
"191","34.75",-0.75,"0.704999983310699","82.3423919677734","2006",,,,,,,,,,,,,,,,,,,,,,,,,,,,,,,,,,"0"
"192","34.75",-0.75,"0.704999983310699",NA,"2020",,,,,,,,,,,,,,,,,,,,,,,,,,,,,,,,,,"0"
"193","34.75",-0.75,"0.704999983310699",NA,"1990",,,,,,,,,,,,,,,,,,,,,,,,,,,,,,,,,,"0"
"194","34.75",-0.75,"0.704999983310699",NA,"1988",,,,,,,,,,,,,,,,,,,,,,,,,,,,,,,,,,"0"
"195","34.75",-0.75,"0.704999983310699","91.0322723388672","2011",,,,,,,,,,,,,,,,,,,,,,,,,,,,,,,,,,"0"
"196","34.75",-0.75,"0.704999983310699","99.8736724853516","2016",,,,,,,,,,,,,,,,,,,,,,,,,,,,,,,,,,"0"
"197","34.75",-0.75,"0.704999983310699",NA,"1987",,,,,,,,,,,,,,,,,,,,,,,,,,,,,,,,,,"0"
"198","34.75",-0.75,"0.704999983310699","84.6787338256836","1999",,,,,,,,,,,,,,,,,,,,,,,,,,,,,,,,,,"0"
"199","34.75",-0.75,"0.704999983310699",NA,"1986",,,,,,,,,,,,,,,,,,,,,,,,,,,,,,,,,,"0"
"200","34.75",-0.75,"0.704999983310699","99.1413040161133","2017",,,,,,,,,,,,,,,,,,,,,,,,,,,,,,,,,,"0"
"201","34.75",-0.75,"0.704999983310699","105.247192382812","2019",,,,,,,,,,,,,,,,,,,,,,,,,,,,,,,,,,"0"
"202","34.75",-0.75,"0.704999983310699",NA,"1993",,,,,,,,,,,,,,,,,,,,,,,,,,,,,,,,,,"0"
"203","34.75",-0.75,"0.704999983310699","96.2407608032227","2018",,,,,,,,,,,,,,,,,,,,,,,,,,,,,,,,,,"0"
"204","34.75",-0.75,"0.704999983310699","94.6817016601562","2015",,,,,,,,,,,,,,,,,,,,,,,,,,,,,,,,,,"0"
"205","34.75",-0.75,"0.704999983310699",NA,"1992",,,,,,,,,,,,,,,,,,,,,,,,,,,,,,,,,,"0"
"206","34.75",-0.75,"0.704999983310699",NA,"1985",,,,,,,,,,,,,,,,,,,,,,,,,,,,,,,,,,"0"
"207","34.75",-0.75,"0.704999983310699","88.8733062744141","2005",,,,,,,,,,,,,,,,,,,,,,,,,,,,,,,,,,"0"
"208","34.75",-0.75,"0.704999983310699",NA,"1995",,,,,,,,,,,,,,,,,,,,,,,,,,,,,,,,,,"0"
"209","34.75",-0.75,"0.704999983310699","97.9050750732422","2013",,,,,,,,,,,,,,,,,,,,,,,,,,,,,,,,,,"0"
"210","34.75",-0.75,"0.704999983310699",NA,"1991",,,,,,,,,,,,,,,,,,,,,,,,,,,,,,,,,,"0"
"211","34.75",-0.75,"0.704999983310699",NA,"1996",,,,,,,,,,,,,,,,,,,,,,,,,,,,,,,,,,"0"
"212","34.75",-0.75,"0.704999983310699","106.463653564453","2014",,,,,,,,,,,,,,,,,,,,,,,,,,,,,,,,,,"0"
"213","34.75",-0.75,"0.704999983310699","88.5715484619141","2001",,,,,,,,,,,,,,,,,,,,,,,,,,,,,,,,,,"0"
"214","34.75",-0.75,"0.704999983310699",NA,"1994",,,,,,,,,,,,,,,,,,,,,,,,,,,,,,,,,,"0"
"215","34.75",-0.75,"0.704999983310699",NA,"1989",,,,,,,,,,,,,,,,,,,,,,,,,,,,,,,,,,"0"
"216","34.75",-0.75,"0.704999983310699",NA,"1997",,,,,,,,,,,,,,,,,,,,,,,,,,,,,,,,,,"0"
"217","34.75",0.25,"0.605000019073486","86.6251602172852","2004",,,,,,,,,,,,,,,,,,,,,,,,,,,,,,,,,,"0"
"218","34.75",0.25,"0.605000019073486","91.8407669067383","2012",,,,,,,,,,,,,,,,,,,,,,,,,,,,,,,,,,"0"
"219","34.75",0.25,"0.605000019073486","97.0475006103516","2018",,,,,,,,,,,,,,,,,,,,,,,,,,,,,,,,,,"0"
"220","34.75",0.25,"0.605000019073486","99.5169448852539","2017",,,,,,,,,,,,,,,,,,,,,,,,,,,,,,,,,,"0"
"221","34.75",0.25,"0.605000019073486",NA,"1998",,,,,,,,,,,,,,,,,,,,,,,,,,,,,,,,,,"0"
"222","34.75",0.25,"0.605000019073486","96.5278167724609","2016",,,,,,,,,,,,,,,,,,,,,,,,,,,,,,,,,,"0"
"223","34.75",0.25,"0.605000019073486",NA,"1996",,,,,,,,,,,,,,,,,,,,,,,,,,,,,,,,,,"0"
"224","34.75",0.25,"0.605000019073486","89.3001556396484","2005",,,,,,,,,,,,,,,,,,,,,,,,,,,,,,,,,,"0"
"225","34.75",0.25,"0.605000019073486",NA,"1997",,,,,,,,,,,,,,,,,,,,,,,,,,,,,,,,,,"0"
"226","34.75",0.25,"0.605000019073486",NA,"1993",,,,,,,,,,,,,,,,,,,,,,,,,,,,,,,,,,"0"
"227","34.75",0.25,"0.605000019073486","87.2604217529297","2009",,,,,,,,,,,,,,,,,,,,,,,,,,,,,,,,,,"0"
"228","34.75",0.25,"0.605000019073486",NA,"1987",,,,,,,,,,,,,,,,,,,,,,,,,,,,,,,,,,"0"
"229","34.75",0.25,"0.605000019073486","87.1595001220703","2006",,,,,,,,,,,,,,,,,,,,,,,,,,,,,,,,,,"0"
"230","34.75",0.25,"0.605000019073486","85.4327087402344","2003",,,,,,,,,,,,,,,,,,,,,,,,,,,,,,,,,,"0"
"231","34.75",0.25,"0.605000019073486","85.0454483032227","1999",,,,,,,,,,,,,,,,,,,,,,,,,,,,,,,,,,"0"
"232","34.75",0.25,"0.605000019073486",NA,"1994",,,,,,,,,,,,,,,,,,,,,,,,,,,,,,,,,,"0"
"233","34.75",0.25,"0.605000019073486","99.4095764160156","2013",,,,,,,,,,,,,,,,,,,,,,,,,,,,,,,,,,"0"
"234","34.75",0.25,"0.605000019073486","92.762077331543","2010",,,,,,,,,,,,,,,,,,,,,,,,,,,,,,,,,,"0"
"235","34.75",0.25,"0.605000019073486","88.2394409179688","2002",,,,,,,,,,,,,,,,,,,,,,,,,,,,,,,,,,"0"
"236","34.75",0.25,"0.605000019073486",NA,"1990",,,,,,,,,,,,,,,,,,,,,,,,,,,,,,,,,,"0"
"237","34.75",0.25,"0.605000019073486",NA,"1989",,,,,,,,,,,,,,,,,,,,,,,,,,,,,,,,,,"0"
"238","34.75",0.25,"0.605000019073486","91.8996124267578","2011",,,,,,,,,,,,,,,,,,,,,,,,,,,,,,,,,,"0"
"239","34.75",0.25,"0.605000019073486",NA,"1992",,,,,,,,,,,,,,,,,,,,,,,,,,,,,,,,,,"0"
"240","34.75",0.25,"0.605000019073486",NA,"1988",,,,,,,,,,,,,,,,,,,,,,,,,,,,,,,,,,"0"
"241","34.75",0.25,"0.605000019073486",NA,"2020",,,,,,,,,,,,,,,,,,,,,,,,,,,,,,,,,,"0"
"242","34.75",0.25,"0.605000019073486",NA,"1995",,,,,,,,,,,,,,,,,,,,,,,,,,,,,,,,,,"0"
"243","34.75",0.25,"0.605000019073486","86.059326171875","2008",,,,,,,,,,,,,,,,,,,,,,,,,,,,,,,,,,"0"
"244","34.75",0.25,"0.605000019073486","106.353698730469","2014",,,,,,,,,,,,,,,,,,,,,,,,,,,,,,,,,,"0"
"245","34.75",0.25,"0.605000019073486",NA,"1986",,,,,,,,,,,,,,,,,,,,,,,,,,,,,,,,,,"0"
"246","34.75",0.25,"0.605000019073486","84.4473495483398","2000",,,,,,,,,,,,,,,,,,,,,,,,,,,,,,,,,,"0"
"247","34.75",0.25,"0.605000019073486","89.2469253540039","2007",,,,,,,,,,,,,,,,,,,,,,,,,,,,,,,,,,"0"
"248","34.75",0.25,"0.605000019073486","89.4534606933594","2001",,,,,,,,,,,,,,,,,,,,,,,,,,,,,,,,,,"0"
"249","34.75",0.25,"0.605000019073486",NA,"1985",,,,,,,,,,,,,,,,,,,,,,,,,,,,,,,,,,"0"
"250","34.75",0.25,"0.605000019073486","98.307487487793","2015",,,,,,,,,,,,,,,,,,,,,,,,,,,,,,,,,,"0"
"251","34.75",0.25,"0.605000019073486",NA,"1991",,,,,,,,,,,,,,,,,,,,,,,,,,,,,,,,,,"0"
"252","34.75",0.25,"0.605000019073486","104.017959594727","2019",,,,,,,,,,,,,,,,,,,,,,,,,,,,,,,,,,"0"
"253","34.75",0.75,"0.605000019073486","92.8600540161133","2019",,,,,,,,,,,,,,,,,,,,,,,,,,,,,,,,,,"0"
"254","34.75",0.75,"0.605000019073486",NA,"1991",,,,,,,,,,,,,,,,,,,,,,,,,,,,,,,,,,"0"
"255","34.75",0.75,"0.605000019073486",NA,"1997",,,,,,,,,,,,,,,,,,,,,,,,,,,,,,,,,,"0"
"256","34.75",0.75,"0.605000019073486","90.2467880249023","2015",,,,,,,,,,,,,,,,,,,,,,,,,,,,,,,,,,"0"
"257","34.75",0.75,"0.605000019073486","95.2810440063477","2014",,,,,,,,,,,,,,,,,,,,,,,,,,,,,,,,,,"0"
"258","34.75",0.75,"0.605000019073486",NA,"1995",,,,,,,,,,,,,,,,,,,,,,,,,,,,,,,,,,"0"
"259","34.75",0.75,"0.605000019073486","87.0372695922852","2013",,,,,,,,,,,,,,,,,,,,,,,,,,,,,,,,,,"0"
"260","34.75",0.75,"0.605000019073486","77.3802871704102","2005",,,,,,,,,,,,,,,,,,,,,,,,,,,,,,,,,,"0"
"261","34.75",0.75,"0.605000019073486","91.0697860717773","2017",,,,,,,,,,,,,,,,,,,,,,,,,,,,,,,,,,"0"
"262","34.75",0.75,"0.605000019073486",NA,"1993",,,,,,,,,,,,,,,,,,,,,,,,,,,,,,,,,,"0"
"263","34.75",0.75,"0.605000019073486","73.6117401123047","2008",,,,,,,,,,,,,,,,,,,,,,,,,,,,,,,,,,"0"
"264","34.75",0.75,"0.605000019073486","87.5394287109375","2018",,,,,,,,,,,,,,,,,,,,,,,,,,,,,,,,,,"0"
"265","34.75",0.75,"0.605000019073486","80.2189254760742","2012",,,,,,,,,,,,,,,,,,,,,,,,,,,,,,,,,,"0"
"266","34.75",0.75,"0.605000019073486","72.5341567993164","2002",,,,,,,,,,,,,,,,,,,,,,,,,,,,,,,,,,"0"
"267","34.75",0.75,"0.605000019073486",NA,"1992",,,,,,,,,,,,,,,,,,,,,,,,,,,,,,,,,,"0"
"268","34.75",0.75,"0.605000019073486","76.7031173706055","2006",,,,,,,,,,,,,,,,,,,,,,,,,,,,,,,,,,"0"
"269","34.75",0.75,"0.605000019073486","75.82275390625","2009",,,,,,,,,,,,,,,,,,,,,,,,,,,,,,,,,,"0"
"270","34.75",0.75,"0.605000019073486","81.00830078125","2010",,,,,,,,,,,,,,,,,,,,,,,,,,,,,,,,,,"0"
"271","34.75",0.75,"0.605000019073486",NA,"1998",,,,,,,,,,,,,,,,,,,,,,,,,,,,,,,,,,"0"
"272","34.75",0.75,"0.605000019073486","80.5469665527344","2011",,,,,,,,,,,,,,,,,,,,,,,,,,,,,,,,,,"0"
"273","34.75",0.75,"0.605000019073486","77.876708984375","2007",,,,,,,,,,,,,,,,,,,,,,,,,,,,,,,,,,"0"
"274","34.75",0.75,"0.605000019073486","71.5638961791992","2000",,,,,,,,,,,,,,,,,,,,,,,,,,,,,,,,,,"0"
"275","34.75",0.75,"0.605000019073486",NA,"1988",,,,,,,,,,,,,,,,,,,,,,,,,,,,,,,,,,"0"
"276","34.75",0.75,"0.605000019073486","91.6720123291016","2016",,,,,,,,,,,,,,,,,,,,,,,,,,,,,,,,,,"0"
"277","34.75",0.75,"0.605000019073486",NA,"1986",,,,,,,,,,,,,,,,,,,,,,,,,,,,,,,,,,"0"
"278","34.75",0.75,"0.605000019073486",NA,"1985",,,,,,,,,,,,,,,,,,,,,,,,,,,,,,,,,,"0"
"279","34.75",0.75,"0.605000019073486",NA,"1989",,,,,,,,,,,,,,,,,,,,,,,,,,,,,,,,,,"0"
"280","34.75",0.75,"0.605000019073486","73.9939041137695","1999",,,,,,,,,,,,,,,,,,,,,,,,,,,,,,,,,,"0"
"281","34.75",0.75,"0.605000019073486",NA,"2020",,,,,,,,,,,,,,,,,,,,,,,,,,,,,,,,,,"0"
"282","34.75",0.75,"0.605000019073486",NA,"1994",,,,,,,,,,,,,,,,,,,,,,,,,,,,,,,,,,"0"
"283","34.75",0.75,"0.605000019073486","70.9687652587891","2003",,,,,,,,,,,,,,,,,,,,,,,,,,,,,,,,,,"0"
"284","34.75",0.75,"0.605000019073486",NA,"1996",,,,,,,,,,,,,,,,,,,,,,,,,,,,,,,,,,"0"
"285","34.75",0.75,"0.605000019073486","71.7257385253906","2004",,,,,,,,,,,,,,,,,,,,,,,,,,,,,,,,,,"0"
"286","34.75",0.75,"0.605000019073486","75.6149749755859","2001",,,,,,,,,,,,,,,,,,,,,,,,,,,,,,,,,,"0"
"287","34.75",0.75,"0.605000019073486",NA,"1987",,,,,,,,,,,,,,,,,,,,,,,,,,,,,,,,,,"0"
"288","34.75",0.75,"0.605000019073486",NA,"1990",,,,,,,,,,,,,,,,,,,,,,,,,,,,,,,,,,"0"
"289","34.75",3.25,"0.405000001192093","32.7170257568359","2007",,,,,,,,,,,,,,,,,,,,,,,,,,,,,,,,,,"0"
"290","34.75",3.25,"0.405000001192093","39.2171592712402","2018",,,,,,,,,,,,,,,,,,,,,,,,,,,,,,,,,,"0"
"291","34.75",3.25,"0.405000001192093","34.6408004760742","2010",,,,,,,,,,,,,,,,,,,,,,,,,,,,,,,,,,"0"
"292","34.75",3.25,"0.405000001192093",NA,"1994",,,,,,,,,,,,,,,,,,,,,,,,,,,,,,,,,,"0"
"293","34.75",3.25,"0.405000001192093","18.1449508666992","2000",,,,,,,,,,,,,,,,,,,,,,,,,,,,,,,,,,"0"
"294","34.75",3.25,"0.405000001192093",NA,"1997",,,,,,,,,,,,,,,,,,,,,,,,,,,,,,,,,,"0"
"295","34.75",3.25,"0.405000001192093","37.662296295166","2012",,,,,,,,,,,,,,,,,,,,,,,,,,,,,,,,,,"0"
"296","34.75",3.25,"0.405000001192093","25.9587574005127","2005",,,,,,,,,,,,,,,,,,,,,,,,,,,,,,,,,,"0"
"297","34.75",3.25,"0.405000001192093","32.1750831604004","2014",,,,,,,,,,,,,,,,,,,,,,,,,,,,,,,,,,"0"
"298","34.75",3.25,"0.405000001192093",NA,"1985",,,,,,,,,,,,,,,,,,,,,,,,,,,,,,,,,,"0"
"299","34.75",3.25,"0.405000001192093","35.6436729431152","2013",,,,,,,,,,,,,,,,,,,,,,,,,,,,,,,,,,"0"
"300","34.75",3.25,"0.405000001192093",NA,"2020",,,,,,,,,,,,,,,,,,,,,,,,,,,,,,,,,,"0"
"301","34.75",3.25,"0.405000001192093",NA,"1986",,,,,,,,,,,,,,,,,,,,,,,,,,,,,,,,,,"0"
"302","34.75",3.25,"0.405000001192093","30.7558364868164","2016",,,,,,,,,,,,,,,,,,,,,,,,,,,,,,,,,,"0"
"303","34.75",3.25,"0.405000001192093","22.7142887115479","1999",,,,,,,,,,,,,,,,,,,,,,,,,,,,,,,,,,"0"
"304","34.75",3.25,"0.405000001192093",NA,"1998",,,,,,,,,,,,,,,,,,,,,,,,,,,,,,,,,,"0"
"305","34.75",3.25,"0.405000001192093","23.9841232299805","2003",,,,,,,,,,,,,,,,,,,,,,,,,,,,,,,,,,"0"
"306","34.75",3.25,"0.405000001192093","25.3757286071777","2008",,,,,,,,,,,,,,,,,,,,,,,,,,,,,,,,,,"0"
"307","34.75",3.25,"0.405000001192093","31.2805786132812","2017",,,,,,,,,,,,,,,,,,,,,,,,,,,,,,,,,,"0"
"308","34.75",3.25,"0.405000001192093","22.2384872436523","2001",,,,,,,,,,,,,,,,,,,,,,,,,,,,,,,,,,"0"
"309","34.75",3.25,"0.405000001192093","30.6772632598877","2015",,,,,,,,,,,,,,,,,,,,,,,,,,,,,,,,,,"0"
"310","34.75",3.25,"0.405000001192093","23.2694816589355","2006",,,,,,,,,,,,,,,,,,,,,,,,,,,,,,,,,,"0"
"311","34.75",3.25,"0.405000001192093",NA,"1991",,,,,,,,,,,,,,,,,,,,,,,,,,,,,,,,,,"0"
"312","34.75",3.25,"0.405000001192093",NA,"1989",,,,,,,,,,,,,,,,,,,,,,,,,,,,,,,,,,"0"
"313","34.75",3.25,"0.405000001192093",NA,"1990",,,,,,,,,,,,,,,,,,,,,,,,,,,,,,,,,,"0"
"314","34.75",3.25,"0.405000001192093","43.6220092773438","2019",,,,,,,,,,,,,,,,,,,,,,,,,,,,,,,,,,"0"
"315","34.75",3.25,"0.405000001192093",NA,"1992",,,,,,,,,,,,,,,,,,,,,,,,,,,,,,,,,,"0"
"316","34.75",3.25,"0.405000001192093",NA,"1995",,,,,,,,,,,,,,,,,,,,,,,,,,,,,,,,,,"0"
"317","34.75",3.25,"0.405000001192093","30.4354114532471","2011",,,,,,,,,,,,,,,,,,,,,,,,,,,,,,,,,,"0"
"318","34.75",3.25,"0.405000001192093","21.9747924804688","2002",,,,,,,,,,,,,,,,,,,,,,,,,,,,,,,,,,"0"
"319","34.75",3.25,"0.405000001192093",NA,"1988",,,,,,,,,,,,,,,,,,,,,,,,,,,,,,,,,,"0"
"320","34.75",3.25,"0.405000001192093","20.8729991912842","2009",,,,,,,,,,,,,,,,,,,,,,,,,,,,,,,,,,"0"
"321","34.75",3.25,"0.405000001192093",NA,"1993",,,,,,,,,,,,,,,,,,,,,,,,,,,,,,,,,,"0"
"322","34.75",3.25,"0.405000001192093","21.9503860473633","2004",,,,,,,,,,,,,,,,,,,,,,,,,,,,,,,,,,"0"
"323","34.75",3.25,"0.405000001192093",NA,"1996",,,,,,,,,,,,,,,,,,,,,,,,,,,,,,,,,,"0"
"324","34.75",3.25,"0.405000001192093",NA,"1987",,,,,,,,,,,,,,,,,,,,,,,,,,,,,,,,,,"0"
"325","34.75",3.75,"0.405000001192093","10.8562612533569","2002",,,,,,,,,,,,,,,,,,,,,,,,,,,,,,,,,,"0"
"326","34.75",3.75,"0.405000001192093","15.7148780822754","2010",,,,,,,,,,,,,,,,,,,,,,,,,,,,,,,,,,"0"
"327","34.75",3.75,"0.405000001192093","14.8119087219238","2017",,,,,,,,,,,,,,,,,,,,,,,,,,,,,,,,,,"0"
"328","34.75",3.75,"0.405000001192093","22.182523727417","2019",,,,,,,,,,,,,,,,,,,,,,,,,,,,,,,,,,"0"
"329","34.75",3.75,"0.405000001192093",NA,"1992",,,,,,,,,,,,,,,,,,,,,,,,,,,,,,,,,,"0"
"330","34.75",3.75,"0.405000001192093",NA,"1994",,,,,,,,,,,,,,,,,,,,,,,,,,,,,,,,,,"0"
"331","34.75",3.75,"0.405000001192093","15.8894968032837","2014",,,,,,,,,,,,,,,,,,,,,,,,,,,,,,,,,,"0"
"332","34.75",3.75,"0.405000001192093",NA,"1989",,,,,,,,,,,,,,,,,,,,,,,,,,,,,,,,,,"0"
"333","34.75",3.75,"0.405000001192093",NA,"1991",,,,,,,,,,,,,,,,,,,,,,,,,,,,,,,,,,"0"
"334","34.75",3.75,"0.405000001192093",NA,"1997",,,,,,,,,,,,,,,,,,,,,,,,,,,,,,,,,,"0"
"335","34.75",3.75,"0.405000001192093","19.3818702697754","2012",,,,,,,,,,,,,,,,,,,,,,,,,,,,,,,,,,"0"
"336","34.75",3.75,"0.405000001192093","7.8352575302124","2000",,,,,,,,,,,,,,,,,,,,,,,,,,,,,,,,,,"0"
"337","34.75",3.75,"0.405000001192093",NA,"1987",,,,,,,,,,,,,,,,,,,,,,,,,,,,,,,,,,"0"
"338","34.75",3.75,"0.405000001192093","11.9118213653564","2003",,,,,,,,,,,,,,,,,,,,,,,,,,,,,,,,,,"0"
"339","34.75",3.75,"0.405000001192093","15.9422874450684","2015",,,,,,,,,,,,,,,,,,,,,,,,,,,,,,,,,,"0"
"340","34.75",3.75,"0.405000001192093","8.53801345825195","2009",,,,,,,,,,,,,,,,,,,,,,,,,,,,,,,,,,"0"
"341","34.75",3.75,"0.405000001192093","10.6857309341431","2006",,,,,,,,,,,,,,,,,,,,,,,,,,,,,,,,,,"0"
"342","34.75",3.75,"0.405000001192093",NA,"1995",,,,,,,,,,,,,,,,,,,,,,,,,,,,,,,,,,"0"
"343","34.75",3.75,"0.405000001192093",NA,"2020",,,,,,,,,,,,,,,,,,,,,,,,,,,,,,,,,,"0"
"344","34.75",3.75,"0.405000001192093","10.4053401947021","2001",,,,,,,,,,,,,,,,,,,,,,,,,,,,,,,,,,"0"
"345","34.75",3.75,"0.405000001192093","15.7012386322021","2007",,,,,,,,,,,,,,,,,,,,,,,,,,,,,,,,,,"0"
"346","34.75",3.75,"0.405000001192093",NA,"1993",,,,,,,,,,,,,,,,,,,,,,,,,,,,,,,,,,"0"
"347","34.75",3.75,"0.405000001192093",NA,"1985",,,,,,,,,,,,,,,,,,,,,,,,,,,,,,,,,,"0"
"348","34.75",3.75,"0.405000001192093",NA,"1998",,,,,,,,,,,,,,,,,,,,,,,,,,,,,,,,,,"0"
"349","34.75",3.75,"0.405000001192093","18.54563331604","2018",,,,,,,,,,,,,,,,,,,,,,,,,,,,,,,,,,"0"
"350","34.75",3.75,"0.405000001192093",NA,"1990",,,,,,,,,,,,,,,,,,,,,,,,,,,,,,,,,,"0"
"351","34.75",3.75,"0.405000001192093","10.3202219009399","2004",,,,,,,,,,,,,,,,,,,,,,,,,,,,,,,,,,"0"
"352","34.75",3.75,"0.405000001192093",NA,"1986",,,,,,,,,,,,,,,,,,,,,,,,,,,,,,,,,,"0"
"353","34.75",3.75,"0.405000001192093","16.1000709533691","2013",,,,,,,,,,,,,,,,,,,,,,,,,,,,,,,,,,"0"
"354","34.75",3.75,"0.405000001192093","11.0357303619385","2008",,,,,,,,,,,,,,,,,,,,,,,,,,,,,,,,,,"0"
"355","34.75",3.75,"0.405000001192093","12.3156137466431","2005",,,,,,,,,,,,,,,,,,,,,,,,,,,,,,,,,,"0"
"356","34.75",3.75,"0.405000001192093","14.6208591461182","2011",,,,,,,,,,,,,,,,,,,,,,,,,,,,,,,,,,"0"
"357","34.75",3.75,"0.405000001192093",NA,"1996",,,,,,,,,,,,,,,,,,,,,,,,,,,,,,,,,,"0"
"358","34.75",3.75,"0.405000001192093",NA,"1988",,,,,,,,,,,,,,,,,,,,,,,,,,,,,,,,,,"0"
"359","34.75",3.75,"0.405000001192093","15.9172220230103","2016",,,,,,,,,,,,,,,,,,,,,,,,,,,,,,,,,,"0"
"360","34.75",3.75,"0.405000001192093","10.6900014877319","1999",,,,,,,,,,,,,,,,,,,,,,,,,,,,,,,,,,"0"
"361","34.75",4.25,"0.405000001192093","14.0180864334106","2011",,,,,,,,,,,,,,,,,,,,,,,,,,,,,,,,,,"0"
"362","34.75",4.25,"0.405000001192093","9.29161548614502","2001",,,,,,,,,,,,,,,,,,,,,,,,,,,,,,,,,,"0"
"363","34.75",4.25,"0.405000001192093","14.0148916244507","2013",,,,,,,,,,,,,,,,,,,,,,,,,,,,,,,,,,"0"
"364","34.75",4.25,"0.405000001192093","10.9491596221924","2003",,,,,,,,,,,,,,,,,,,,,,,,,,,,,,,,,,"0"
"365","34.75",4.25,"0.405000001192093",NA,"2020",,,,,,,,,,,,,,,,,,,,,,,,,,,,,,,,,,"0"
"366","34.75",4.25,"0.405000001192093","10.8982133865356","2005",,,,,,,,,,,,,,,,,,,,,,,,,,,,,,,,,,"0"
"367","34.75",4.25,"0.405000001192093",NA,"1995",,,,,,,,,,,,,,,,,,,,,,,,,,,,,,,,,,"0"
"368","34.75",4.25,"0.405000001192093",NA,"1990",,,,,,,,,,,,,,,,,,,,,,,,,,,,,,,,,,"0"
"369","34.75",4.25,"0.405000001192093","8.35015106201172","2004",,,,,,,,,,,,,,,,,,,,,,,,,,,,,,,,,,"0"
"370","34.75",4.25,"0.405000001192093","12.7200899124146","2010",,,,,,,,,,,,,,,,,,,,,,,,,,,,,,,,,,"0"
"371","34.75",4.25,"0.405000001192093",NA,"1986",,,,,,,,,,,,,,,,,,,,,,,,,,,,,,,,,,"0"
"372","34.75",4.25,"0.405000001192093","18.838321685791","2007",,,,,,,,,,,,,,,,,,,,,,,,,,,,,,,,,,"0"
"373","34.75",4.25,"0.405000001192093","14.9163093566895","2014",,,,,,,,,,,,,,,,,,,,,,,,,,,,,,,,,,"0"
"374","34.75",4.25,"0.405000001192093",NA,"1994",,,,,,,,,,,,,,,,,,,,,,,,,,,,,,,,,,"0"
"375","34.75",4.25,"0.405000001192093",NA,"1993",,,,,,,,,,,,,,,,,,,,,,,,,,,,,,,,,,"0"
"376","34.75",4.25,"0.405000001192093",NA,"1985",,,,,,,,,,,,,,,,,,,,,,,,,,,,,,,,,,"0"
"377","34.75",4.25,"0.405000001192093",NA,"1987",,,,,,,,,,,,,,,,,,,,,,,,,,,,,,,,,,"0"
"378","34.75",4.25,"0.405000001192093","7.41148948669434","2009",,,,,,,,,,,,,,,,,,,,,,,,,,,,,,,,,,"0"
"379","34.75",4.25,"0.405000001192093","14.7770462036133","2016",,,,,,,,,,,,,,,,,,,,,,,,,,,,,,,,,,"0"
"380","34.75",4.25,"0.405000001192093","9.09626770019531","2008",,,,,,,,,,,,,,,,,,,,,,,,,,,,,,,,,,"0"
"381","34.75",4.25,"0.405000001192093","12.9126844406128","2017",,,,,,,,,,,,,,,,,,,,,,,,,,,,,,,,,,"0"
"382","34.75",4.25,"0.405000001192093",NA,"1996",,,,,,,,,,,,,,,,,,,,,,,,,,,,,,,,,,"0"
"383","34.75",4.25,"0.405000001192093",NA,"1988",,,,,,,,,,,,,,,,,,,,,,,,,,,,,,,,,,"0"
"384","34.75",4.25,"0.405000001192093","5.39970445632935","2000",,,,,,,,,,,,,,,,,,,,,,,,,,,,,,,,,,"0"
"385","34.75",4.25,"0.405000001192093","7.40033054351807","1999",,,,,,,,,,,,,,,,,,,,,,,,,,,,,,,,,,"0"
"386","34.75",4.25,"0.405000001192093",NA,"1991",,,,,,,,,,,,,,,,,,,,,,,,,,,,,,,,,,"0"
"387","34.75",4.25,"0.405000001192093","10.4952325820923","2002",,,,,,,,,,,,,,,,,,,,,,,,,,,,,,,,,,"0"
"388","34.75",4.25,"0.405000001192093","21.2792835235596","2019",,,,,,,,,,,,,,,,,,,,,,,,,,,,,,,,,,"0"
"389","34.75",4.25,"0.405000001192093",NA,"1998",,,,,,,,,,,,,,,,,,,,,,,,,,,,,,,,,,"0"
"390","34.75",4.25,"0.405000001192093",NA,"1992",,,,,,,,,,,,,,,,,,,,,,,,,,,,,,,,,,"0"
"391","34.75",4.25,"0.405000001192093","22.7024745941162","2012",,,,,,,,,,,,,,,,,,,,,,,,,,,,,,,,,,"0"
"392","34.75",4.25,"0.405000001192093",NA,"1997",,,,,,,,,,,,,,,,,,,,,,,,,,,,,,,,,,"0"
"393","34.75",4.25,"0.405000001192093",NA,"1989",,,,,,,,,,,,,,,,,,,,,,,,,,,,,,,,,,"0"
"394","34.75",4.25,"0.405000001192093","9.20468330383301","2006",,,,,,,,,,,,,,,,,,,,,,,,,,,,,,,,,,"0"
"395","34.75",4.25,"0.405000001192093","16.7195339202881","2015",,,,,,,,,,,,,,,,,,,,,,,,,,,,,,,,,,"0"
"396","34.75",4.25,"0.405000001192093","14.8188018798828","2018",,,,,,,,,,,,,,,,,,,,,,,,,,,,,,,,,,"0"
"397","35.25",-1.25,"0.025000000372529","55.1874237060547","2017","1","1","1","1","1","1","1","1","1","1","1","1","1","1","1","1","1","1","1","1","1","1","1","1","1","1","1","1","1","1","1","1","1","1"
"398","35.25",-1.25,"0.025000000372529","46.6658477783203","2009","1","1","1","1","1","1","1","1","1","1","1","1","1","1","1","1","1","1","1","1","1","1","1","1","1","1","1","1","1","1","1","1","1","1"
"399","35.25",-1.25,"0.025000000372529",NA,"1997","1","1","1","1","1","1","1","1","1","1","1","1","1","1","1","1","1","1","1","1","1","1","1","1","1","1","1","1","1","1","1","1","1","1"
"400","35.25",-1.25,"0.025000000372529","56.5640449523926","2011","1","1","1","1","1","1","1","1","1","1","1","1","1","1","1","1","1","1","1","1","1","1","1","1","1","1","1","1","1","1","1","1","1","1"
"401","35.25",-1.25,"0.025000000372529","65.2768325805664","2019","1","1","1","1","1","1","1","1","1","1","1","1","1","1","1","1","1","1","1","1","1","1","1","1","1","1","1","1","1","1","1","1","1","1"
"402","35.25",-1.25,"0.025000000372529",NA,"1993","1","1","1","1","1","1","1","1","1","1","1","1","1","1","1","1","1","1","1","1","1","1","1","1","1","1","1","1","1","1","1","1","1","1"
"403","35.25",-1.25,"0.025000000372529",NA,"1988","1","1","1","1","1","1","1","1","1","1","1","1","1","1","1","1","1","1","1","1","1","1","1","1","1","1","1","1","1","1","1","1","1","1"
"404","35.25",-1.25,"0.025000000372529",NA,"1990","1","1","1","1","1","1","1","1","1","1","1","1","1","1","1","1","1","1","1","1","1","1","1","1","1","1","1","1","1","1","1","1","1","1"
"405","35.25",-1.25,"0.025000000372529","50.1904640197754","2006","1","1","1","1","1","1","1","1","1","1","1","1","1","1","1","1","1","1","1","1","1","1","1","1","1","1","1","1","1","1","1","1","1","1"
"406","35.25",-1.25,"0.025000000372529",NA,"1994","1","1","1","1","1","1","1","1","1","1","1","1","1","1","1","1","1","1","1","1","1","1","1","1","1","1","1","1","1","1","1","1","1","1"
"407","35.25",-1.25,"0.025000000372529",NA,"1989","1","1","1","1","1","1","1","1","1","1","1","1","1","1","1","1","1","1","1","1","1","1","1","1","1","1","1","1","1","1","1","1","1","1"
"408","35.25",-1.25,"0.025000000372529","60.5197982788086","2013","1","1","1","1","1","1","1","1","1","1","1","1","1","1","1","1","1","1","1","1","1","1","1","1","1","1","1","1","1","1","1","1","1","1"
"409","35.25",-1.25,"0.025000000372529","63.6673583984375","2018","1","1","1","1","1","1","1","1","1","1","1","1","1","1","1","1","1","1","1","1","1","1","1","1","1","1","1","1","1","1","1","1","1","1"
"410","35.25",-1.25,"0.025000000372529",NA,"1995","1","1","1","1","1","1","1","1","1","1","1","1","1","1","1","1","1","1","1","1","1","1","1","1","1","1","1","1","1","1","1","1","1","1"
"411","35.25",-1.25,"0.025000000372529",NA,"1992","1","1","1","1","1","1","1","1","1","1","1","1","1","1","1","1","1","1","1","1","1","1","1","1","1","1","1","1","1","1","1","1","1","1"
"412","35.25",-1.25,"0.025000000372529",NA,"1985","1","1","1","1","1","1","1","1","1","1","1","1","1","1","1","1","1","1","1","1","1","1","1","1","1","1","1","1","1","1","1","1","1","1"
"413","35.25",-1.25,"0.025000000372529","60.9694747924805","2010","1","1","1","1","1","1","1","1","1","1","1","1","1","1","1","1","1","1","1","1","1","1","1","1","1","1","1","1","1","1","1","1","1","1"
"414","35.25",-1.25,"0.025000000372529",NA,"1998","1","1","1","1","1","1","1","1","1","1","1","1","1","1","1","1","1","1","1","1","1","1","1","1","1","1","1","1","1","1","1","1","1","1"
"415","35.25",-1.25,"0.025000000372529",NA,"2020","1","1","1","1","1","1","1","1","1","1","1","1","1","1","1","1","1","1","1","1","1","1","1","1","1","1","1","1","1","1","1","1","1","1"
"416","35.25",-1.25,"0.025000000372529",NA,"1991","1","1","1","1","1","1","1","1","1","1","1","1","1","1","1","1","1","1","1","1","1","1","1","1","1","1","1","1","1","1","1","1","1","1"
"417","35.25",-1.25,"0.025000000372529","40.5253791809082","2000","1","1","1","1","1","1","1","1","1","1","1","1","1","1","1","1","1","1","1","1","1","1","1","1","1","1","1","1","1","1","1","1","1","1"
"418","35.25",-1.25,"0.025000000372529","67.0102005004883","2001","1","1","1","1","1","1","1","1","1","1","1","1","1","1","1","1","1","1","1","1","1","1","1","1","1","1","1","1","1","1","1","1","1","1"
"419","35.25",-1.25,"0.025000000372529","59.4906196594238","2005","1","1","1","1","1","1","1","1","1","1","1","1","1","1","1","1","1","1","1","1","1","1","1","1","1","1","1","1","1","1","1","1","1","1"
"420","35.25",-1.25,"0.025000000372529",NA,"1987","1","1","1","1","1","1","1","1","1","1","1","1","1","1","1","1","1","1","1","1","1","1","1","1","1","1","1","1","1","1","1","1","1","1"
"421","35.25",-1.25,"0.025000000372529",NA,"1986","1","1","1","1","1","1","1","1","1","1","1","1","1","1","1","1","1","1","1","1","1","1","1","1","1","1","1","1","1","1","1","1","1","1"
"422","35.25",-1.25,"0.025000000372529","56.3179512023926","2002","1","1","1","1","1","1","1","1","1","1","1","1","1","1","1","1","1","1","1","1","1","1","1","1","1","1","1","1","1","1","1","1","1","1"
"423","35.25",-1.25,"0.025000000372529","58.1612319946289","2003","1","1","1","1","1","1","1","1","1","1","1","1","1","1","1","1","1","1","1","1","1","1","1","1","1","1","1","1","1","1","1","1","1","1"
"424","35.25",-1.25,"0.025000000372529",NA,"1996","1","1","1","1","1","1","1","1","1","1","1","1","1","1","1","1","1","1","1","1","1","1","1","1","1","1","1","1","1","1","1","1","1","1"
"425","35.25",-1.25,"0.025000000372529","58.1644859313965","2008","1","1","1","1","1","1","1","1","1","1","1","1","1","1","1","1","1","1","1","1","1","1","1","1","1","1","1","1","1","1","1","1","1","1"
"426","35.25",-1.25,"0.025000000372529","62.6259536743164","2014","1","1","1","1","1","1","1","1","1","1","1","1","1","1","1","1","1","1","1","1","1","1","1","1","1","1","1","1","1","1","1","1","1","1"
"427","35.25",-1.25,"0.025000000372529","61.9226341247559","2012","1","1","1","1","1","1","1","1","1","1","1","1","1","1","1","1","1","1","1","1","1","1","1","1","1","1","1","1","1","1","1","1","1","1"
"428","35.25",-1.25,"0.025000000372529","65.0604095458984","2007","1","1","1","1","1","1","1","1","1","1","1","1","1","1","1","1","1","1","1","1","1","1","1","1","1","1","1","1","1","1","1","1","1","1"
"429","35.25",-1.25,"0.025000000372529","68.4213027954102","2016","1","1","1","1","1","1","1","1","1","1","1","1","1","1","1","1","1","1","1","1","1","1","1","1","1","1","1","1","1","1","1","1","1","1"
"430","35.25",-1.25,"0.025000000372529","64.8948593139648","2015","1","1","1","1","1","1","1","1","1","1","1","1","1","1","1","1","1","1","1","1","1","1","1","1","1","1","1","1","1","1","1","1","1","1"
"431","35.25",-1.25,"0.025000000372529","48.1684722900391","1999","1","1","1","1","1","1","1","1","1","1","1","1","1","1","1","1","1","1","1","1","1","1","1","1","1","1","1","1","1","1","1","1","1","1"
"432","35.25",-1.25,"0.025000000372529","56.3457412719727","2004","1","1","1","1","1","1","1","1","1","1","1","1","1","1","1","1","1","1","1","1","1","1","1","1","1","1","1","1","1","1","1","1","1","1"
"433","35.25",-0.75,"0.504999995231628",NA,"1994",,,,,,,,,,,,,,,,,,,,,,,,,,,,,,,,,,"0"
"434","35.25",-0.75,"0.504999995231628",NA,"1993",,,,,,,,,,,,,,,,,,,,,,,,,,,,,,,,,,"0"
"435","35.25",-0.75,"0.504999995231628","88.5043716430664","2004",,,,,,,,,,,,,,,,,,,,,,,,,,,,,,,,,,"0"
"436","35.25",-0.75,"0.504999995231628",NA,"1990",,,,,,,,,,,,,,,,,,,,,,,,,,,,,,,,,,"0"
"437","35.25",-0.75,"0.504999995231628",NA,"1988",,,,,,,,,,,,,,,,,,,,,,,,,,,,,,,,,,"0"
"438","35.25",-0.75,"0.504999995231628","90.7692337036133","2002",,,,,,,,,,,,,,,,,,,,,,,,,,,,,,,,,,"0"
"439","35.25",-0.75,"0.504999995231628",NA,"1991",,,,,,,,,,,,,,,,,,,,,,,,,,,,,,,,,,"0"
"440","35.25",-0.75,"0.504999995231628","88.1503982543945","2008",,,,,,,,,,,,,,,,,,,,,,,,,,,,,,,,,,"0"
"441","35.25",-0.75,"0.504999995231628","88.2858581542969","2009",,,,,,,,,,,,,,,,,,,,,,,,,,,,,,,,,,"0"
"442","35.25",-0.75,"0.504999995231628","80.934326171875","2000",,,,,,,,,,,,,,,,,,,,,,,,,,,,,,,,,,"0"
"443","35.25",-0.75,"0.504999995231628","98.6063690185547","2013",,,,,,,,,,,,,,,,,,,,,,,,,,,,,,,,,,"0"
"444","35.25",-0.75,"0.504999995231628","111.100608825684","2016",,,,,,,,,,,,,,,,,,,,,,,,,,,,,,,,,,"0"
"445","35.25",-0.75,"0.504999995231628",NA,"1995",,,,,,,,,,,,,,,,,,,,,,,,,,,,,,,,,,"0"
"446","35.25",-0.75,"0.504999995231628",NA,"1996",,,,,,,,,,,,,,,,,,,,,,,,,,,,,,,,,,"0"
"447","35.25",-0.75,"0.504999995231628","84.3759002685547","1999",,,,,,,,,,,,,,,,,,,,,,,,,,,,,,,,,,"0"
"448","35.25",-0.75,"0.504999995231628","105.040367126465","2015",,,,,,,,,,,,,,,,,,,,,,,,,,,,,,,,,,"0"
"449","35.25",-0.75,"0.504999995231628","96.2033233642578","2010",,,,,,,,,,,,,,,,,,,,,,,,,,,,,,,,,,"0"
"450","35.25",-0.75,"0.504999995231628","92.1060256958008","2007",,,,,,,,,,,,,,,,,,,,,,,,,,,,,,,,,,"0"
"451","35.25",-0.75,"0.504999995231628","91.5321807861328","2005",,,,,,,,,,,,,,,,,,,,,,,,,,,,,,,,,,"0"
"452","35.25",-0.75,"0.504999995231628",NA,"1989",,,,,,,,,,,,,,,,,,,,,,,,,,,,,,,,,,"0"
"453","35.25",-0.75,"0.504999995231628",NA,"1986",,,,,,,,,,,,,,,,,,,,,,,,,,,,,,,,,,"0"
"454","35.25",-0.75,"0.504999995231628",NA,"1997",,,,,,,,,,,,,,,,,,,,,,,,,,,,,,,,,,"0"
"455","35.25",-0.75,"0.504999995231628","96.801628112793","2011",,,,,,,,,,,,,,,,,,,,,,,,,,,,,,,,,,"0"
"456","35.25",-0.75,"0.504999995231628","94.4900131225586","2012",,,,,,,,,,,,,,,,,,,,,,,,,,,,,,,,,,"0"
"457","35.25",-0.75,"0.504999995231628","85.1499938964844","2006",,,,,,,,,,,,,,,,,,,,,,,,,,,,,,,,,,"0"
"458","35.25",-0.75,"0.504999995231628",NA,"1992",,,,,,,,,,,,,,,,,,,,,,,,,,,,,,,,,,"0"
"459","35.25",-0.75,"0.504999995231628","93.3088607788086","2001",,,,,,,,,,,,,,,,,,,,,,,,,,,,,,,,,,"0"
"460","35.25",-0.75,"0.504999995231628",NA,"1998",,,,,,,,,,,,,,,,,,,,,,,,,,,,,,,,,,"0"
"461","35.25",-0.75,"0.504999995231628","108.453201293945","2014",,,,,,,,,,,,,,,,,,,,,,,,,,,,,,,,,,"0"
"462","35.25",-0.75,"0.504999995231628",NA,"1987",,,,,,,,,,,,,,,,,,,,,,,,,,,,,,,,,,"0"
"463","35.25",-0.75,"0.504999995231628","101.590530395508","2018",,,,,,,,,,,,,,,,,,,,,,,,,,,,,,,,,,"0"
"464","35.25",-0.75,"0.504999995231628",NA,"1985",,,,,,,,,,,,,,,,,,,,,,,,,,,,,,,,,,"0"
"465","35.25",-0.75,"0.504999995231628",NA,"2020",,,,,,,,,,,,,,,,,,,,,,,,,,,,,,,,,,"0"
"466","35.25",-0.75,"0.504999995231628","89.5735931396484","2003",,,,,,,,,,,,,,,,,,,,,,,,,,,,,,,,,,"0"
"467","35.25",-0.75,"0.504999995231628","107.920989990234","2019",,,,,,,,,,,,,,,,,,,,,,,,,,,,,,,,,,"0"
"468","35.25",-0.75,"0.504999995231628","106.095474243164","2017",,,,,,,,,,,,,,,,,,,,,,,,,,,,,,,,,,"0"
"469","35.25",-0.25,"0.504999995231628",NA,"1986",,,,,,,,,,,,,,,,,,,,,,,,,,,,,,,,,,"0"
"470","35.25",-0.25,"0.504999995231628",NA,"1998",,,,,,,,,,,,,,,,,,,,,,,,,,,,,,,,,,"0"
"471","35.25",-0.25,"0.504999995231628","98.9285125732422","2018",,,,,,,,,,,,,,,,,,,,,,,,,,,,,,,,,,"0"
"472","35.25",-0.25,"0.504999995231628","106.097206115723","2016",,,,,,,,,,,,,,,,,,,,,,,,,,,,,,,,,,"0"
"473","35.25",-0.25,"0.504999995231628",NA,"1985",,,,,,,,,,,,,,,,,,,,,,,,,,,,,,,,,,"0"
"474","35.25",-0.25,"0.504999995231628","102.022125244141","2013",,,,,,,,,,,,,,,,,,,,,,,,,,,,,,,,,,"0"
"475","35.25",-0.25,"0.504999995231628","89.3593673706055","2003",,,,,,,,,,,,,,,,,,,,,,,,,,,,,,,,,,"0"
"476","35.25",-0.25,"0.504999995231628","90.095085144043","2009",,,,,,,,,,,,,,,,,,,,,,,,,,,,,,,,,,"0"
"477","35.25",-0.25,"0.504999995231628","104.217750549316","2017",,,,,,,,,,,,,,,,,,,,,,,,,,,,,,,,,,"0"
"478","35.25",-0.25,"0.504999995231628",NA,"1995",,,,,,,,,,,,,,,,,,,,,,,,,,,,,,,,,,"0"
"479","35.25",-0.25,"0.504999995231628","89.9025192260742","2004",,,,,,,,,,,,,,,,,,,,,,,,,,,,,,,,,,"0"
"480","35.25",-0.25,"0.504999995231628","93.9378967285156","2012",,,,,,,,,,,,,,,,,,,,,,,,,,,,,,,,,,"0"
"481","35.25",-0.25,"0.504999995231628",NA,"1991",,,,,,,,,,,,,,,,,,,,,,,,,,,,,,,,,,"0"
"482","35.25",-0.25,"0.504999995231628","105.721397399902","2019",,,,,,,,,,,,,,,,,,,,,,,,,,,,,,,,,,"0"
"483","35.25",-0.25,"0.504999995231628","91.7373123168945","2006",,,,,,,,,,,,,,,,,,,,,,,,,,,,,,,,,,"0"
"484","35.25",-0.25,"0.504999995231628",NA,"1997",,,,,,,,,,,,,,,,,,,,,,,,,,,,,,,,,,"0"
"485","35.25",-0.25,"0.504999995231628","107.870613098145","2014",,,,,,,,,,,,,,,,,,,,,,,,,,,,,,,,,,"0"
"486","35.25",-0.25,"0.504999995231628","89.8196868896484","1999",,,,,,,,,,,,,,,,,,,,,,,,,,,,,,,,,,"0"
"487","35.25",-0.25,"0.504999995231628","101.711547851562","2015",,,,,,,,,,,,,,,,,,,,,,,,,,,,,,,,,,"0"
"488","35.25",-0.25,"0.504999995231628","92.0256805419922","2001",,,,,,,,,,,,,,,,,,,,,,,,,,,,,,,,,,"0"
"489","35.25",-0.25,"0.504999995231628",NA,"1989",,,,,,,,,,,,,,,,,,,,,,,,,,,,,,,,,,"0"
"490","35.25",-0.25,"0.504999995231628","95.8957672119141","2010",,,,,,,,,,,,,,,,,,,,,,,,,,,,,,,,,,"0"
"491","35.25",-0.25,"0.504999995231628",NA,"1996",,,,,,,,,,,,,,,,,,,,,,,,,,,,,,,,,,"0"
"492","35.25",-0.25,"0.504999995231628","89.8616485595703","2002",,,,,,,,,,,,,,,,,,,,,,,,,,,,,,,,,,"0"
"493","35.25",-0.25,"0.504999995231628","86.1098251342773","2000",,,,,,,,,,,,,,,,,,,,,,,,,,,,,,,,,,"0"
"494","35.25",-0.25,"0.504999995231628",NA,"1992",,,,,,,,,,,,,,,,,,,,,,,,,,,,,,,,,,"0"
"495","35.25",-0.25,"0.504999995231628",NA,"1994",,,,,,,,,,,,,,,,,,,,,,,,,,,,,,,,,,"0"
"496","35.25",-0.25,"0.504999995231628",NA,"1988",,,,,,,,,,,,,,,,,,,,,,,,,,,,,,,,,,"0"
"497","35.25",-0.25,"0.504999995231628",NA,"1990",,,,,,,,,,,,,,,,,,,,,,,,,,,,,,,,,,"0"
"498","35.25",-0.25,"0.504999995231628",NA,"1987",,,,,,,,,,,,,,,,,,,,,,,,,,,,,,,,,,"0"
"499","35.25",-0.25,"0.504999995231628","94.6830444335938","2011",,,,,,,,,,,,,,,,,,,,,,,,,,,,,,,,,,"0"
"500","35.25",-0.25,"0.504999995231628",NA,"1993",,,,,,,,,,,,,,,,,,,,,,,,,,,,,,,,,,"0"
"501","35.25",-0.25,"0.504999995231628","93.1116638183594","2005",,,,,,,,,,,,,,,,,,,,,,,,,,,,,,,,,,"0"
"502","35.25",-0.25,"0.504999995231628","89.6543655395508","2008",,,,,,,,,,,,,,,,,,,,,,,,,,,,,,,,,,"0"
"503","35.25",-0.25,"0.504999995231628","93.6930770874023","2007",,,,,,,,,,,,,,,,,,,,,,,,,,,,,,,,,,"0"
"504","35.25",-0.25,"0.504999995231628",NA,"2020",,,,,,,,,,,,,,,,,,,,,,,,,,,,,,,,,,"0"
"505","35.25",0.25,"0.504999995231628","86.7143859863281","2011",,,,,,,,,,,,,,,,,,,,,,,,,,,,,,,,,,"0"
"506","35.25",0.25,"0.504999995231628",NA,"1987",,,,,,,,,,,,,,,,,,,,,,,,,,,,,,,,,,"0"
"507","35.25",0.25,"0.504999995231628","84.3478469848633","1999",,,,,,,,,,,,,,,,,,,,,,,,,,,,,,,,,,"0"
"508","35.25",0.25,"0.504999995231628",NA,"1998",,,,,,,,,,,,,,,,,,,,,,,,,,,,,,,,,,"0"
"509","35.25",0.25,"0.504999995231628","77.4515991210938","2003",,,,,,,,,,,,,,,,,,,,,,,,,,,,,,,,,,"0"
"510","35.25",0.25,"0.504999995231628","103.922958374023","2016",,,,,,,,,,,,,,,,,,,,,,,,,,,,,,,,,,"0"
"511","35.25",0.25,"0.504999995231628",NA,"2020",,,,,,,,,,,,,,,,,,,,,,,,,,,,,,,,,,"0"
"512","35.25",0.25,"0.504999995231628","100.53736114502","2019",,,,,,,,,,,,,,,,,,,,,,,,,,,,,,,,,,"0"
"513","35.25",0.25,"0.504999995231628","84.1820449829102","2001",,,,,,,,,,,,,,,,,,,,,,,,,,,,,,,,,,"0"
"514","35.25",0.25,"0.504999995231628","100.191787719727","2015",,,,,,,,,,,,,,,,,,,,,,,,,,,,,,,,,,"0"
"515","35.25",0.25,"0.504999995231628","86.3659057617188","2005",,,,,,,,,,,,,,,,,,,,,,,,,,,,,,,,,,"0"
"516","35.25",0.25,"0.504999995231628",NA,"1985",,,,,,,,,,,,,,,,,,,,,,,,,,,,,,,,,,"0"
"517","35.25",0.25,"0.504999995231628","88.8374176025391","2010",,,,,,,,,,,,,,,,,,,,,,,,,,,,,,,,,,"0"
"518","35.25",0.25,"0.504999995231628","83.1317749023438","2009",,,,,,,,,,,,,,,,,,,,,,,,,,,,,,,,,,"0"
"519","35.25",0.25,"0.504999995231628","96.8390350341797","2013",,,,,,,,,,,,,,,,,,,,,,,,,,,,,,,,,,"0"
"520","35.25",0.25,"0.504999995231628","81.3373031616211","2004",,,,,,,,,,,,,,,,,,,,,,,,,,,,,,,,,,"0"
"521","35.25",0.25,"0.504999995231628","80.7356948852539","2002",,,,,,,,,,,,,,,,,,,,,,,,,,,,,,,,,,"0"
"522","35.25",0.25,"0.504999995231628","105.181098937988","2014",,,,,,,,,,,,,,,,,,,,,,,,,,,,,,,,,,"0"
"523","35.25",0.25,"0.504999995231628","80.6853942871094","2000",,,,,,,,,,,,,,,,,,,,,,,,,,,,,,,,,,"0"
"524","35.25",0.25,"0.504999995231628",NA,"1989",,,,,,,,,,,,,,,,,,,,,,,,,,,,,,,,,,"0"
"525","35.25",0.25,"0.504999995231628",NA,"1997",,,,,,,,,,,,,,,,,,,,,,,,,,,,,,,,,,"0"
"526","35.25",0.25,"0.504999995231628",NA,"1994",,,,,,,,,,,,,,,,,,,,,,,,,,,,,,,,,,"0"
"527","35.25",0.25,"0.504999995231628",NA,"1990",,,,,,,,,,,,,,,,,,,,,,,,,,,,,,,,,,"0"
"528","35.25",0.25,"0.504999995231628",NA,"1986",,,,,,,,,,,,,,,,,,,,,,,,,,,,,,,,,,"0"
"529","35.25",0.25,"0.504999995231628",NA,"1996",,,,,,,,,,,,,,,,,,,,,,,,,,,,,,,,,,"0"
"530","35.25",0.25,"0.504999995231628",NA,"1991",,,,,,,,,,,,,,,,,,,,,,,,,,,,,,,,,,"0"
"531","35.25",0.25,"0.504999995231628",NA,"1992",,,,,,,,,,,,,,,,,,,,,,,,,,,,,,,,,,"0"
"532","35.25",0.25,"0.504999995231628",NA,"1993",,,,,,,,,,,,,,,,,,,,,,,,,,,,,,,,,,"0"
"533","35.25",0.25,"0.504999995231628",NA,"1995",,,,,,,,,,,,,,,,,,,,,,,,,,,,,,,,,,"0"
"534","35.25",0.25,"0.504999995231628","101.105514526367","2017",,,,,,,,,,,,,,,,,,,,,,,,,,,,,,,,,,"0"
"535","35.25",0.25,"0.504999995231628","88.446403503418","2012",,,,,,,,,,,,,,,,,,,,,,,,,,,,,,,,,,"0"
"536","35.25",0.25,"0.504999995231628",NA,"1988",,,,,,,,,,,,,,,,,,,,,,,,,,,,,,,,,,"0"
"537","35.25",0.25,"0.504999995231628","85.3889007568359","2007",,,,,,,,,,,,,,,,,,,,,,,,,,,,,,,,,,"0"
"538","35.25",0.25,"0.504999995231628","82.3796463012695","2008",,,,,,,,,,,,,,,,,,,,,,,,,,,,,,,,,,"0"
"539","35.25",0.25,"0.504999995231628","94.6092987060547","2018",,,,,,,,,,,,,,,,,,,,,,,,,,,,,,,,,,"0"
"540","35.25",0.25,"0.504999995231628","84.0985870361328","2006",,,,,,,,,,,,,,,,,,,,,,,,,,,,,,,,,,"0"
"541","35.25",0.75,"0.504999995231628","61.9810981750488","2008",,,,,,,,,,,,,,,,,,,,,,,,,,,,,,,,,,"0"
"542","35.25",0.75,"0.504999995231628","61.9872970581055","1999",,,,,,,,,,,,,,,,,,,,,,,,,,,,,,,,,,"0"
"543","35.25",0.75,"0.504999995231628",NA,"1989",,,,,,,,,,,,,,,,,,,,,,,,,,,,,,,,,,"0"
"544","35.25",0.75,"0.504999995231628",NA,"1998",,,,,,,,,,,,,,,,,,,,,,,,,,,,,,,,,,"0"
"545","35.25",0.75,"0.504999995231628","57.8213996887207","2000",,,,,,,,,,,,,,,,,,,,,,,,,,,,,,,,,,"0"
"546","35.25",0.75,"0.504999995231628","81.4970703125","2019",,,,,,,,,,,,,,,,,,,,,,,,,,,,,,,,,,"0"
"547","35.25",0.75,"0.504999995231628","79.1076583862305","2014",,,,,,,,,,,,,,,,,,,,,,,,,,,,,,,,,,"0"
"548","35.25",0.75,"0.504999995231628","56.8849830627441","2009",,,,,,,,,,,,,,,,,,,,,,,,,,,,,,,,,,"0"
"549","35.25",0.75,"0.504999995231628",NA,"2020",,,,,,,,,,,,,,,,,,,,,,,,,,,,,,,,,,"0"
"550","35.25",0.75,"0.504999995231628",NA,"1990",,,,,,,,,,,,,,,,,,,,,,,,,,,,,,,,,,"0"
"551","35.25",0.75,"0.504999995231628",NA,"1988",,,,,,,,,,,,,,,,,,,,,,,,,,,,,,,,,,"0"
"552","35.25",0.75,"0.504999995231628",NA,"1986",,,,,,,,,,,,,,,,,,,,,,,,,,,,,,,,,,"0"
"553","35.25",0.75,"0.504999995231628","75.964973449707","2013",,,,,,,,,,,,,,,,,,,,,,,,,,,,,,,,,,"0"
"554","35.25",0.75,"0.504999995231628","83.6803131103516","2016",,,,,,,,,,,,,,,,,,,,,,,,,,,,,,,,,,"0"
"555","35.25",0.75,"0.504999995231628",NA,"1995",,,,,,,,,,,,,,,,,,,,,,,,,,,,,,,,,,"0"
"556","35.25",0.75,"0.504999995231628","59.8871803283691","2004",,,,,,,,,,,,,,,,,,,,,,,,,,,,,,,,,,"0"
"557","35.25",0.75,"0.504999995231628","76.8861083984375","2018",,,,,,,,,,,,,,,,,,,,,,,,,,,,,,,,,,"0"
"558","35.25",0.75,"0.504999995231628",NA,"1985",,,,,,,,,,,,,,,,,,,,,,,,,,,,,,,,,,"0"
"559","35.25",0.75,"0.504999995231628","65.2550964355469","2005",,,,,,,,,,,,,,,,,,,,,,,,,,,,,,,,,,"0"
"560","35.25",0.75,"0.504999995231628",NA,"1992",,,,,,,,,,,,,,,,,,,,,,,,,,,,,,,,,,"0"
"561","35.25",0.75,"0.504999995231628","69.3517837524414","2010",,,,,,,,,,,,,,,,,,,,,,,,,,,,,,,,,,"0"
"562","35.25",0.75,"0.504999995231628",NA,"1994",,,,,,,,,,,,,,,,,,,,,,,,,,,,,,,,,,"0"
"563","35.25",0.75,"0.504999995231628",NA,"1987",,,,,,,,,,,,,,,,,,,,,,,,,,,,,,,,,,"0"
"564","35.25",0.75,"0.504999995231628","55.5600738525391","2003",,,,,,,,,,,,,,,,,,,,,,,,,,,,,,,,,,"0"
"565","35.25",0.75,"0.504999995231628",NA,"1997",,,,,,,,,,,,,,,,,,,,,,,,,,,,,,,,,,"0"
"566","35.25",0.75,"0.504999995231628","79.1204833984375","2015",,,,,,,,,,,,,,,,,,,,,,,,,,,,,,,,,,"0"
"567","35.25",0.75,"0.504999995231628",NA,"1991",,,,,,,,,,,,,,,,,,,,,,,,,,,,,,,,,,"0"
"568","35.25",0.75,"0.504999995231628","65.5607452392578","2007",,,,,,,,,,,,,,,,,,,,,,,,,,,,,,,,,,"0"
"569","35.25",0.75,"0.504999995231628","56.0055236816406","2002",,,,,,,,,,,,,,,,,,,,,,,,,,,,,,,,,,"0"
"570","35.25",0.75,"0.504999995231628","65.9918441772461","2011",,,,,,,,,,,,,,,,,,,,,,,,,,,,,,,,,,"0"
"571","35.25",0.75,"0.504999995231628","79.8983612060547","2017",,,,,,,,,,,,,,,,,,,,,,,,,,,,,,,,,,"0"
"572","35.25",0.75,"0.504999995231628","64.2835006713867","2001",,,,,,,,,,,,,,,,,,,,,,,,,,,,,,,,,,"0"
"573","35.25",0.75,"0.504999995231628",NA,"1993",,,,,,,,,,,,,,,,,,,,,,,,,,,,,,,,,,"0"
"574","35.25",0.75,"0.504999995231628",NA,"1996",,,,,,,,,,,,,,,,,,,,,,,,,,,,,,,,,,"0"
"575","35.25",0.75,"0.504999995231628","69.5637817382812","2012",,,,,,,,,,,,,,,,,,,,,,,,,,,,,,,,,,"0"
"576","35.25",0.75,"0.504999995231628","64.4511108398438","2006",,,,,,,,,,,,,,,,,,,,,,,,,,,,,,,,,,"0"
"577","35.25",1.25,NA,"73.4546737670898","2011",,,,,,,,,,,,,,,,,,,,,,,,,,,,,,,,,,"0"
"578","35.25",1.25,NA,NA,"1990",,,,,,,,,,,,,,,,,,,,,,,,,,,,,,,,,,"0"
"579","35.25",1.25,NA,"80.7327041625977","2014",,,,,,,,,,,,,,,,,,,,,,,,,,,,,,,,,,"0"
"580","35.25",1.25,NA,"80.6576461791992","2013",,,,,,,,,,,,,,,,,,,,,,,,,,,,,,,,,,"0"
"581","35.25",1.25,NA,"69.2243118286133","2006",,,,,,,,,,,,,,,,,,,,,,,,,,,,,,,,,,"0"
"582","35.25",1.25,NA,NA,"1991",,,,,,,,,,,,,,,,,,,,,,,,,,,,,,,,,,"0"
"583","35.25",1.25,NA,NA,"1998",,,,,,,,,,,,,,,,,,,,,,,,,,,,,,,,,,"0"
"584","35.25",1.25,NA,NA,"1993",,,,,,,,,,,,,,,,,,,,,,,,,,,,,,,,,,"0"
"585","35.25",1.25,NA,NA,"1992",,,,,,,,,,,,,,,,,,,,,,,,,,,,,,,,,,"0"
"586","35.25",1.25,NA,"82.0819320678711","2019",,,,,,,,,,,,,,,,,,,,,,,,,,,,,,,,,,"0"
"587","35.25",1.25,NA,NA,"1988",,,,,,,,,,,,,,,,,,,,,,,,,,,,,,,,,,"0"
"588","35.25",1.25,NA,NA,"1989",,,,,,,,,,,,,,,,,,,,,,,,,,,,,,,,,,"0"
"589","35.25",1.25,NA,NA,"1995",,,,,,,,,,,,,,,,,,,,,,,,,,,,,,,,,,"0"
"590","35.25",1.25,NA,NA,"1987",,,,,,,,,,,,,,,,,,,,,,,,,,,,,,,,,,"0"
"591","35.25",1.25,NA,NA,"1986",,,,,,,,,,,,,,,,,,,,,,,,,,,,,,,,,,"0"
"592","35.25",1.25,NA,NA,"1996",,,,,,,,,,,,,,,,,,,,,,,,,,,,,,,,,,"0"
"593","35.25",1.25,NA,"68.986457824707","2008",,,,,,,,,,,,,,,,,,,,,,,,,,,,,,,,,,"0"
"594","35.25",1.25,NA,"72.2198333740234","2010",,,,,,,,,,,,,,,,,,,,,,,,,,,,,,,,,,"0"
"595","35.25",1.25,NA,"79.8333129882812","2015",,,,,,,,,,,,,,,,,,,,,,,,,,,,,,,,,,"0"
"596","35.25",1.25,NA,"74.8792266845703","2012",,,,,,,,,,,,,,,,,,,,,,,,,,,,,,,,,,"0"
"597","35.25",1.25,NA,"68.0564117431641","1999",,,,,,,,,,,,,,,,,,,,,,,,,,,,,,,,,,"0"
"598","35.25",1.25,NA,"71.1170196533203","2005",,,,,,,,,,,,,,,,,,,,,,,,,,,,,,,,,,"0"
"599","35.25",1.25,NA,"65.0753784179688","2004",,,,,,,,,,,,,,,,,,,,,,,,,,,,,,,,,,"0"
"600","35.25",1.25,NA,NA,"1994",,,,,,,,,,,,,,,,,,,,,,,,,,,,,,,,,,"0"
"601","35.25",1.25,NA,"65.2559280395508","2009",,,,,,,,,,,,,,,,,,,,,,,,,,,,,,,,,,"0"
"602","35.25",1.25,NA,"61.7543792724609","2003",,,,,,,,,,,,,,,,,,,,,,,,,,,,,,,,,,"0"
"603","35.25",1.25,NA,"63.3143615722656","2000",,,,,,,,,,,,,,,,,,,,,,,,,,,,,,,,,,"0"
"604","35.25",1.25,NA,"62.3668899536133","2002",,,,,,,,,,,,,,,,,,,,,,,,,,,,,,,,,,"0"
"605","35.25",1.25,NA,NA,"1985",,,,,,,,,,,,,,,,,,,,,,,,,,,,,,,,,,"0"
"606","35.25",1.25,NA,"66.9599151611328","2001",,,,,,,,,,,,,,,,,,,,,,,,,,,,,,,,,,"0"
"607","35.25",1.25,NA,NA,"2020",,,,,,,,,,,,,,,,,,,,,,,,,,,,,,,,,,"0"
"608","35.25",1.25,NA,"71.8379440307617","2007",,,,,,,,,,,,,,,,,,,,,,,,,,,,,,,,,,"0"
"609","35.25",1.25,NA,"78.2349014282227","2018",,,,,,,,,,,,,,,,,,,,,,,,,,,,,,,,,,"0"
"610","35.25",1.25,NA,"82.2532424926758","2016",,,,,,,,,,,,,,,,,,,,,,,,,,,,,,,,,,"0"
"611","35.25",1.25,NA,"79.2024688720703","2017",,,,,,,,,,,,,,,,,,,,,,,,,,,,,,,,,,"0"
"612","35.25",1.25,NA,NA,"1997",,,,,,,,,,,,,,,,,,,,,,,,,,,,,,,,,,"0"
"613","35.25",1.75,NA,"57.4561805725098","2012",,,,,,,,,,,,,,,,,,,,,,,,,,,,,,,,,,"0"
"614","35.25",1.75,NA,"46.3884429931641","2008",,,,,,,,,,,,,,,,,,,,,,,,,,,,,,,,,,"0"
"615","35.25",1.75,NA,NA,"1998",,,,,,,,,,,,,,,,,,,,,,,,,,,,,,,,,,"0"
"616","35.25",1.75,NA,"55.9201774597168","2018",,,,,,,,,,,,,,,,,,,,,,,,,,,,,,,,,,"0"
"617","35.25",1.75,NA,"51.8326759338379","2007",,,,,,,,,,,,,,,,,,,,,,,,,,,,,,,,,,"0"
"618","35.25",1.75,NA,"49.0322799682617","2016",,,,,,,,,,,,,,,,,,,,,,,,,,,,,,,,,,"0"
"619","35.25",1.75,NA,"49.2430076599121","2010",,,,,,,,,,,,,,,,,,,,,,,,,,,,,,,,,,"0"
"620","35.25",1.75,NA,"41.5396957397461","2004",,,,,,,,,,,,,,,,,,,,,,,,,,,,,,,,,,"0"
"621","35.25",1.75,NA,NA,"2020",,,,,,,,,,,,,,,,,,,,,,,,,,,,,,,,,,"0"
"622","35.25",1.75,NA,NA,"1993",,,,,,,,,,,,,,,,,,,,,,,,,,,,,,,,,,"0"
"623","35.25",1.75,NA,"49.2553253173828","2011",,,,,,,,,,,,,,,,,,,,,,,,,,,,,,,,,,"0"
"624","35.25",1.75,NA,NA,"1987",,,,,,,,,,,,,,,,,,,,,,,,,,,,,,,,,,"0"
"625","35.25",1.75,NA,NA,"1986",,,,,,,,,,,,,,,,,,,,,,,,,,,,,,,,,,"0"
"626","35.25",1.75,NA,NA,"1988",,,,,,,,,,,,,,,,,,,,,,,,,,,,,,,,,,"0"
"627","35.25",1.75,NA,NA,"1989",,,,,,,,,,,,,,,,,,,,,,,,,,,,,,,,,,"0"
"628","35.25",1.75,NA,"43.6386070251465","2001",,,,,,,,,,,,,,,,,,,,,,,,,,,,,,,,,,"0"
"629","35.25",1.75,NA,"39.4638786315918","2003",,,,,,,,,,,,,,,,,,,,,,,,,,,,,,,,,,"0"
"630","35.25",1.75,NA,NA,"1995",,,,,,,,,,,,,,,,,,,,,,,,,,,,,,,,,,"0"
"631","35.25",1.75,NA,NA,"1985",,,,,,,,,,,,,,,,,,,,,,,,,,,,,,,,,,"0"
"632","35.25",1.75,NA,"51.7518005371094","2014",,,,,,,,,,,,,,,,,,,,,,,,,,,,,,,,,,"0"
"633","35.25",1.75,NA,"35.6641006469727","2009",,,,,,,,,,,,,,,,,,,,,,,,,,,,,,,,,,"0"
"634","35.25",1.75,NA,"59.1839485168457","2019",,,,,,,,,,,,,,,,,,,,,,,,,,,,,,,,,,"0"
"635","35.25",1.75,NA,NA,"1996",,,,,,,,,,,,,,,,,,,,,,,,,,,,,,,,,,"0"
"636","35.25",1.75,NA,"50.7660751342773","2015",,,,,,,,,,,,,,,,,,,,,,,,,,,,,,,,,,"0"
"637","35.25",1.75,NA,NA,"1997",,,,,,,,,,,,,,,,,,,,,,,,,,,,,,,,,,"0"
"638","35.25",1.75,NA,"41.8021469116211","2006",,,,,,,,,,,,,,,,,,,,,,,,,,,,,,,,,,"0"
"639","35.25",1.75,NA,NA,"1991",,,,,,,,,,,,,,,,,,,,,,,,,,,,,,,,,,"0"
"640","35.25",1.75,NA,"43.3249473571777","2005",,,,,,,,,,,,,,,,,,,,,,,,,,,,,,,,,,"0"
"641","35.25",1.75,NA,"35.5002632141113","2002",,,,,,,,,,,,,,,,,,,,,,,,,,,,,,,,,,"0"
"642","35.25",1.75,NA,NA,"1990",,,,,,,,,,,,,,,,,,,,,,,,,,,,,,,,,,"0"
"643","35.25",1.75,NA,NA,"1992",,,,,,,,,,,,,,,,,,,,,,,,,,,,,,,,,,"0"
"644","35.25",1.75,NA,"35.3917083740234","2000",,,,,,,,,,,,,,,,,,,,,,,,,,,,,,,,,,"0"
"645","35.25",1.75,NA,"51.2530097961426","2017",,,,,,,,,,,,,,,,,,,,,,,,,,,,,,,,,,"0"
"646","35.25",1.75,NA,NA,"1994",,,,,,,,,,,,,,,,,,,,,,,,,,,,,,,,,,"0"
"647","35.25",1.75,NA,"58.896614074707","2013",,,,,,,,,,,,,,,,,,,,,,,,,,,,,,,,,,"0"
"648","35.25",1.75,NA,"42.6930923461914","1999",,,,,,,,,,,,,,,,,,,,,,,,,,,,,,,,,,"0"
"649","35.25",2.25,"0.405000001192093","38.1066131591797","2010",,,,,,,,,,,,,,,,,,,,,,,,,,,,,,,,,,"0"
"650","35.25",2.25,"0.405000001192093",NA,"1995",,,,,,,,,,,,,,,,,,,,,,,,,,,,,,,,,,"0"
"651","35.25",2.25,"0.405000001192093","34.9935569763184","2016",,,,,,,,,,,,,,,,,,,,,,,,,,,,,,,,,,"0"
"652","35.25",2.25,"0.405000001192093",NA,"1988",,,,,,,,,,,,,,,,,,,,,,,,,,,,,,,,,,"0"
"653","35.25",2.25,"0.405000001192093",NA,"1985",,,,,,,,,,,,,,,,,,,,,,,,,,,,,,,,,,"0"
"654","35.25",2.25,"0.405000001192093","29.08376121521","2001",,,,,,,,,,,,,,,,,,,,,,,,,,,,,,,,,,"0"
"655","35.25",2.25,"0.405000001192093",NA,"2020",,,,,,,,,,,,,,,,,,,,,,,,,,,,,,,,,,"0"
"656","35.25",2.25,"0.405000001192093","28.1123123168945","2005",,,,,,,,,,,,,,,,,,,,,,,,,,,,,,,,,,"0"
"657","35.25",2.25,"0.405000001192093",NA,"1989",,,,,,,,,,,,,,,,,,,,,,,,,,,,,,,,,,"0"
"658","35.25",2.25,"0.405000001192093",NA,"1997",,,,,,,,,,,,,,,,,,,,,,,,,,,,,,,,,,"0"
"659","35.25",2.25,"0.405000001192093","35.5707626342773","2011",,,,,,,,,,,,,,,,,,,,,,,,,,,,,,,,,,"0"
"660","35.25",2.25,"0.405000001192093","44.2164535522461","2019",,,,,,,,,,,,,,,,,,,,,,,,,,,,,,,,,,"0"
"661","35.25",2.25,"0.405000001192093",NA,"1990",,,,,,,,,,,,,,,,,,,,,,,,,,,,,,,,,,"0"
"662","35.25",2.25,"0.405000001192093",NA,"1996",,,,,,,,,,,,,,,,,,,,,,,,,,,,,,,,,,"0"
"663","35.25",2.25,"0.405000001192093","27.5821647644043","2004",,,,,,,,,,,,,,,,,,,,,,,,,,,,,,,,,,"0"
"664","35.25",2.25,"0.405000001192093",NA,"1986",,,,,,,,,,,,,,,,,,,,,,,,,,,,,,,,,,"0"
"665","35.25",2.25,"0.405000001192093","23.8367595672607","2009",,,,,,,,,,,,,,,,,,,,,,,,,,,,,,,,,,"0"
"666","35.25",2.25,"0.405000001192093","36.3144950866699","2017",,,,,,,,,,,,,,,,,,,,,,,,,,,,,,,,,,"0"
"667","35.25",2.25,"0.405000001192093","27.3269920349121","1999",,,,,,,,,,,,,,,,,,,,,,,,,,,,,,,,,,"0"
"668","35.25",2.25,"0.405000001192093",NA,"1992",,,,,,,,,,,,,,,,,,,,,,,,,,,,,,,,,,"0"
"669","35.25",2.25,"0.405000001192093","24.3348007202148","2002",,,,,,,,,,,,,,,,,,,,,,,,,,,,,,,,,,"0"
"670","35.25",2.25,"0.405000001192093",NA,"1991",,,,,,,,,,,,,,,,,,,,,,,,,,,,,,,,,,"0"
"671","35.25",2.25,"0.405000001192093","41.6752700805664","2012",,,,,,,,,,,,,,,,,,,,,,,,,,,,,,,,,,"0"
"672","35.25",2.25,"0.405000001192093","19.9780540466309","2000",,,,,,,,,,,,,,,,,,,,,,,,,,,,,,,,,,"0"
"673","35.25",2.25,"0.405000001192093","26.694543838501","2003",,,,,,,,,,,,,,,,,,,,,,,,,,,,,,,,,,"0"
"674","35.25",2.25,"0.405000001192093","26.7424926757812","2006",,,,,,,,,,,,,,,,,,,,,,,,,,,,,,,,,,"0"
"675","35.25",2.25,"0.405000001192093",NA,"1994",,,,,,,,,,,,,,,,,,,,,,,,,,,,,,,,,,"0"
"676","35.25",2.25,"0.405000001192093","43.6536407470703","2018",,,,,,,,,,,,,,,,,,,,,,,,,,,,,,,,,,"0"
"677","35.25",2.25,"0.405000001192093","43.0461692810059","2013",,,,,,,,,,,,,,,,,,,,,,,,,,,,,,,,,,"0"
"678","35.25",2.25,"0.405000001192093",NA,"1998",,,,,,,,,,,,,,,,,,,,,,,,,,,,,,,,,,"0"
"679","35.25",2.25,"0.405000001192093","36.9359016418457","2015",,,,,,,,,,,,,,,,,,,,,,,,,,,,,,,,,,"0"
"680","35.25",2.25,"0.405000001192093",NA,"1987",,,,,,,,,,,,,,,,,,,,,,,,,,,,,,,,,,"0"
"681","35.25",2.25,"0.405000001192093","39.9360008239746","2014",,,,,,,,,,,,,,,,,,,,,,,,,,,,,,,,,,"0"
"682","35.25",2.25,"0.405000001192093","40.4287528991699","2007",,,,,,,,,,,,,,,,,,,,,,,,,,,,,,,,,,"0"
"683","35.25",2.25,"0.405000001192093",NA,"1993",,,,,,,,,,,,,,,,,,,,,,,,,,,,,,,,,,"0"
"684","35.25",2.25,"0.405000001192093","32.6598701477051","2008",,,,,,,,,,,,,,,,,,,,,,,,,,,,,,,,,,"0"
"685","35.25",2.75,"0.405000001192093","10.0439863204956","2016",,,,,,,,,,,,,,,,,,,,,,,,,,,,,,,,,,"0"
"686","35.25",2.75,"0.405000001192093",NA,"1993",,,,,,,,,,,,,,,,,,,,,,,,,,,,,,,,,,"0"
"687","35.25",2.75,"0.405000001192093",NA,"1986",,,,,,,,,,,,,,,,,,,,,,,,,,,,,,,,,,"0"
"688","35.25",2.75,"0.405000001192093","13.9639415740967","2018",,,,,,,,,,,,,,,,,,,,,,,,,,,,,,,,,,"0"
"689","35.25",2.75,"0.405000001192093",NA,"1995",,,,,,,,,,,,,,,,,,,,,,,,,,,,,,,,,,"0"
"690","35.25",2.75,"0.405000001192093","7.00821352005005","2003",,,,,,,,,,,,,,,,,,,,,,,,,,,,,,,,,,"0"
"691","35.25",2.75,"0.405000001192093","5.82033824920654","2002",,,,,,,,,,,,,,,,,,,,,,,,,,,,,,,,,,"0"
"692","35.25",2.75,"0.405000001192093","6.60681056976318","2006",,,,,,,,,,,,,,,,,,,,,,,,,,,,,,,,,,"0"
"693","35.25",2.75,"0.405000001192093",NA,"1992",,,,,,,,,,,,,,,,,,,,,,,,,,,,,,,,,,"0"
"694","35.25",2.75,"0.405000001192093","6.68412446975708","2005",,,,,,,,,,,,,,,,,,,,,,,,,,,,,,,,,,"0"
"695","35.25",2.75,"0.405000001192093","6.43288087844849","2004",,,,,,,,,,,,,,,,,,,,,,,,,,,,,,,,,,"0"
"696","35.25",2.75,"0.405000001192093",NA,"1997",,,,,,,,,,,,,,,,,,,,,,,,,,,,,,,,,,"0"
"697","35.25",2.75,"0.405000001192093",NA,"2020",,,,,,,,,,,,,,,,,,,,,,,,,,,,,,,,,,"0"
"698","35.25",2.75,"0.405000001192093",NA,"1985",,,,,,,,,,,,,,,,,,,,,,,,,,,,,,,,,,"0"
"699","35.25",2.75,"0.405000001192093","14.4598445892334","2019",,,,,,,,,,,,,,,,,,,,,,,,,,,,,,,,,,"0"
"700","35.25",2.75,"0.405000001192093",NA,"1987",,,,,,,,,,,,,,,,,,,,,,,,,,,,,,,,,,"0"
"701","35.25",2.75,"0.405000001192093","9.01204872131348","2011",,,,,,,,,,,,,,,,,,,,,,,,,,,,,,,,,,"0"
"702","35.25",2.75,"0.405000001192093",NA,"1991",,,,,,,,,,,,,,,,,,,,,,,,,,,,,,,,,,"0"
"703","35.25",2.75,"0.405000001192093",NA,"1994",,,,,,,,,,,,,,,,,,,,,,,,,,,,,,,,,,"0"
"704","35.25",2.75,"0.405000001192093",NA,"1998",,,,,,,,,,,,,,,,,,,,,,,,,,,,,,,,,,"0"
"705","35.25",2.75,"0.405000001192093","9.70247459411621","2015",,,,,,,,,,,,,,,,,,,,,,,,,,,,,,,,,,"0"
"706","35.25",2.75,"0.405000001192093",NA,"1988",,,,,,,,,,,,,,,,,,,,,,,,,,,,,,,,,,"0"
"707","35.25",2.75,"0.405000001192093","11.9766798019409","2007",,,,,,,,,,,,,,,,,,,,,,,,,,,,,,,,,,"0"
"708","35.25",2.75,"0.405000001192093","11.3284273147583","2013",,,,,,,,,,,,,,,,,,,,,,,,,,,,,,,,,,"0"
"709","35.25",2.75,"0.405000001192093","11.7254953384399","2010",,,,,,,,,,,,,,,,,,,,,,,,,,,,,,,,,,"0"
"710","35.25",2.75,"0.405000001192093","10.9540300369263","2012",,,,,,,,,,,,,,,,,,,,,,,,,,,,,,,,,,"0"
"711","35.25",2.75,"0.405000001192093","6.63111066818237","2001",,,,,,,,,,,,,,,,,,,,,,,,,,,,,,,,,,"0"
"712","35.25",2.75,"0.405000001192093","5.15776443481445","2000",,,,,,,,,,,,,,,,,,,,,,,,,,,,,,,,,,"0"
"713","35.25",2.75,"0.405000001192093","7.24036693572998","1999",,,,,,,,,,,,,,,,,,,,,,,,,,,,,,,,,,"0"
"714","35.25",2.75,"0.405000001192093","9.92407131195068","2014",,,,,,,,,,,,,,,,,,,,,,,,,,,,,,,,,,"0"
"715","35.25",2.75,"0.405000001192093",NA,"1990",,,,,,,,,,,,,,,,,,,,,,,,,,,,,,,,,,"0"
"716","35.25",2.75,"0.405000001192093","8.3137845993042","2008",,,,,,,,,,,,,,,,,,,,,,,,,,,,,,,,,,"0"
"717","35.25",2.75,"0.405000001192093",NA,"1989",,,,,,,,,,,,,,,,,,,,,,,,,,,,,,,,,,"0"
"718","35.25",2.75,"0.405000001192093","9.98729515075684","2017",,,,,,,,,,,,,,,,,,,,,,,,,,,,,,,,,,"0"
"719","35.25",2.75,"0.405000001192093",NA,"1996",,,,,,,,,,,,,,,,,,,,,,,,,,,,,,,,,,"0"
"720","35.25",2.75,"0.405000001192093","6.61206436157227","2009",,,,,,,,,,,,,,,,,,,,,,,,,,,,,,,,,,"0"
"721","35.25",3.25,"0.405000001192093","12.0776300430298","2017",,,,,,,,,,,,,,,,,,,,,,,,,,,,,,,,,,"0"
"722","35.25",3.25,"0.405000001192093","10.1503219604492","2008",,,,,,,,,,,,,,,,,,,,,,,,,,,,,,,,,,"0"
"723","35.25",3.25,"0.405000001192093",NA,"1988",,,,,,,,,,,,,,,,,,,,,,,,,,,,,,,,,,"0"
"724","35.25",3.25,"0.405000001192093",NA,"1989",,,,,,,,,,,,,,,,,,,,,,,,,,,,,,,,,,"0"
"725","35.25",3.25,"0.405000001192093",NA,"1993",,,,,,,,,,,,,,,,,,,,,,,,,,,,,,,,,,"0"
"726","35.25",3.25,"0.405000001192093","11.4636306762695","2011",,,,,,,,,,,,,,,,,,,,,,,,,,,,,,,,,,"0"
"727","35.25",3.25,"0.405000001192093",NA,"1986",,,,,,,,,,,,,,,,,,,,,,,,,,,,,,,,,,"0"
"728","35.25",3.25,"0.405000001192093",NA,"1992",,,,,,,,,,,,,,,,,,,,,,,,,,,,,,,,,,"0"
"729","35.25",3.25,"0.405000001192093","9.08954811096191","2002",,,,,,,,,,,,,,,,,,,,,,,,,,,,,,,,,,"0"
"730","35.25",3.25,"0.405000001192093","17.0857181549072","2019",,,,,,,,,,,,,,,,,,,,,,,,,,,,,,,,,,"0"
"731","35.25",3.25,"0.405000001192093",NA,"1996",,,,,,,,,,,,,,,,,,,,,,,,,,,,,,,,,,"0"
"732","35.25",3.25,"0.405000001192093","8.65080261230469","1999",,,,,,,,,,,,,,,,,,,,,,,,,,,,,,,,,,"0"
"733","35.25",3.25,"0.405000001192093","14.2059946060181","2012",,,,,,,,,,,,,,,,,,,,,,,,,,,,,,,,,,"0"
"734","35.25",3.25,"0.405000001192093","7.99622058868408","2009",,,,,,,,,,,,,,,,,,,,,,,,,,,,,,,,,,"0"
"735","35.25",3.25,"0.405000001192093","9.2002477645874","2004",,,,,,,,,,,,,,,,,,,,,,,,,,,,,,,,,,"0"
"736","35.25",3.25,"0.405000001192093","11.3720235824585","2014",,,,,,,,,,,,,,,,,,,,,,,,,,,,,,,,,,"0"
"737","35.25",3.25,"0.405000001192093",NA,"1987",,,,,,,,,,,,,,,,,,,,,,,,,,,,,,,,,,"0"
"738","35.25",3.25,"0.405000001192093","10.1310520172119","2005",,,,,,,,,,,,,,,,,,,,,,,,,,,,,,,,,,"0"
"739","35.25",3.25,"0.405000001192093",NA,"1991",,,,,,,,,,,,,,,,,,,,,,,,,,,,,,,,,,"0"
"740","35.25",3.25,"0.405000001192093",NA,"1990",,,,,,,,,,,,,,,,,,,,,,,,,,,,,,,,,,"0"
"741","35.25",3.25,"0.405000001192093","8.58260536193848","2006",,,,,,,,,,,,,,,,,,,,,,,,,,,,,,,,,,"0"
"742","35.25",3.25,"0.405000001192093",NA,"2020",,,,,,,,,,,,,,,,,,,,,,,,,,,,,,,,,,"0"
"743","35.25",3.25,"0.405000001192093",NA,"1995",,,,,,,,,,,,,,,,,,,,,,,,,,,,,,,,,,"0"
"744","35.25",3.25,"0.405000001192093","8.31853199005127","2001",,,,,,,,,,,,,,,,,,,,,,,,,,,,,,,,,,"0"
"745","35.25",3.25,"0.405000001192093","12.2189884185791","2015",,,,,,,,,,,,,,,,,,,,,,,,,,,,,,,,,,"0"
"746","35.25",3.25,"0.405000001192093","6.82717514038086","2000",,,,,,,,,,,,,,,,,,,,,,,,,,,,,,,,,,"0"
"747","35.25",3.25,"0.405000001192093",NA,"1997",,,,,,,,,,,,,,,,,,,,,,,,,,,,,,,,,,"0"
"748","35.25",3.25,"0.405000001192093",NA,"1998",,,,,,,,,,,,,,,,,,,,,,,,,,,,,,,,,,"0"
"749","35.25",3.25,"0.405000001192093","16.516227722168","2018",,,,,,,,,,,,,,,,,,,,,,,,,,,,,,,,,,"0"
"750","35.25",3.25,"0.405000001192093","13.6366777420044","2007",,,,,,,,,,,,,,,,,,,,,,,,,,,,,,,,,,"0"
"751","35.25",3.25,"0.405000001192093","14.1560325622559","2013",,,,,,,,,,,,,,,,,,,,,,,,,,,,,,,,,,"0"
"752","35.25",3.25,"0.405000001192093","13.4398422241211","2010",,,,,,,,,,,,,,,,,,,,,,,,,,,,,,,,,,"0"
"753","35.25",3.25,"0.405000001192093","9.68101119995117","2003",,,,,,,,,,,,,,,,,,,,,,,,,,,,,,,,,,"0"
"754","35.25",3.25,"0.405000001192093",NA,"1985",,,,,,,,,,,,,,,,,,,,,,,,,,,,,,,,,,"0"
"755","35.25",3.25,"0.405000001192093",NA,"1994",,,,,,,,,,,,,,,,,,,,,,,,,,,,,,,,,,"0"
"756","35.25",3.25,"0.405000001192093","13.2411613464355","2016",,,,,,,,,,,,,,,,,,,,,,,,,,,,,,,,,,"0"
"757","35.25",3.75,"0.405000001192093","10.4449014663696","2013",,,,,,,,,,,,,,,,,,,,,,,,,,,,,,,,,,"0"
"758","35.25",3.75,"0.405000001192093","6.98612308502197","2004",,,,,,,,,,,,,,,,,,,,,,,,,,,,,,,,,,"0"
"759","35.25",3.75,"0.405000001192093","11.1603393554688","2016",,,,,,,,,,,,,,,,,,,,,,,,,,,,,,,,,,"0"
"760","35.25",3.75,"0.405000001192093","9.94179725646973","2015",,,,,,,,,,,,,,,,,,,,,,,,,,,,,,,,,,"0"
"761","35.25",3.75,"0.405000001192093",NA,"1997",,,,,,,,,,,,,,,,,,,,,,,,,,,,,,,,,,"0"
"762","35.25",3.75,"0.405000001192093",NA,"1992",,,,,,,,,,,,,,,,,,,,,,,,,,,,,,,,,,"0"
"763","35.25",3.75,"0.405000001192093","7.19217681884766","2002",,,,,,,,,,,,,,,,,,,,,,,,,,,,,,,,,,"0"
"764","35.25",3.75,"0.405000001192093","9.46014213562012","2007",,,,,,,,,,,,,,,,,,,,,,,,,,,,,,,,,,"0"
"765","35.25",3.75,"0.405000001192093",NA,"1985",,,,,,,,,,,,,,,,,,,,,,,,,,,,,,,,,,"0"
"766","35.25",3.75,"0.405000001192093",NA,"1987",,,,,,,,,,,,,,,,,,,,,,,,,,,,,,,,,,"0"
"767","35.25",3.75,"0.405000001192093",NA,"1994",,,,,,,,,,,,,,,,,,,,,,,,,,,,,,,,,,"0"
"768","35.25",3.75,"0.405000001192093","14.3535480499268","2018",,,,,,,,,,,,,,,,,,,,,,,,,,,,,,,,,,"0"
"769","35.25",3.75,"0.405000001192093","6.66414403915405","2001",,,,,,,,,,,,,,,,,,,,,,,,,,,,,,,,,,"0"
"770","35.25",3.75,"0.405000001192093","8.75177001953125","2011",,,,,,,,,,,,,,,,,,,,,,,,,,,,,,,,,,"0"
"771","35.25",3.75,"0.405000001192093","6.64571475982666","2006",,,,,,,,,,,,,,,,,,,,,,,,,,,,,,,,,,"0"
"772","35.25",3.75,"0.405000001192093",NA,"1990",,,,,,,,,,,,,,,,,,,,,,,,,,,,,,,,,,"0"
"773","35.25",3.75,"0.405000001192093",NA,"1989",,,,,,,,,,,,,,,,,,,,,,,,,,,,,,,,,,"0"
"774","35.25",3.75,"0.405000001192093","8.21108055114746","2005",,,,,,,,,,,,,,,,,,,,,,,,,,,,,,,,,,"0"
"775","35.25",3.75,"0.405000001192093",NA,"1996",,,,,,,,,,,,,,,,,,,,,,,,,,,,,,,,,,"0"
"776","35.25",3.75,"0.405000001192093",NA,"2020",,,,,,,,,,,,,,,,,,,,,,,,,,,,,,,,,,"0"
"777","35.25",3.75,"0.405000001192093","7.26094436645508","1999",,,,,,,,,,,,,,,,,,,,,,,,,,,,,,,,,,"0"
"778","35.25",3.75,"0.405000001192093",NA,"1998",,,,,,,,,,,,,,,,,,,,,,,,,,,,,,,,,,"0"
"779","35.25",3.75,"0.405000001192093",NA,"1991",,,,,,,,,,,,,,,,,,,,,,,,,,,,,,,,,,"0"
"780","35.25",3.75,"0.405000001192093",NA,"1995",,,,,,,,,,,,,,,,,,,,,,,,,,,,,,,,,,"0"
"781","35.25",3.75,"0.405000001192093","12.1978969573975","2012",,,,,,,,,,,,,,,,,,,,,,,,,,,,,,,,,,"0"
"782","35.25",3.75,"0.405000001192093",NA,"1988",,,,,,,,,,,,,,,,,,,,,,,,,,,,,,,,,,"0"
"783","35.25",3.75,"0.405000001192093","13.323694229126","2019",,,,,,,,,,,,,,,,,,,,,,,,,,,,,,,,,,"0"
"784","35.25",3.75,"0.405000001192093","10.7171716690063","2017",,,,,,,,,,,,,,,,,,,,,,,,,,,,,,,,,,"0"
"785","35.25",3.75,"0.405000001192093","6.74767065048218","2008",,,,,,,,,,,,,,,,,,,,,,,,,,,,,,,,,,"0"
"786","35.25",3.75,"0.405000001192093","5.68372058868408","2009",,,,,,,,,,,,,,,,,,,,,,,,,,,,,,,,,,"0"
"787","35.25",3.75,"0.405000001192093","5.39244699478149","2000",,,,,,,,,,,,,,,,,,,,,,,,,,,,,,,,,,"0"
"788","35.25",3.75,"0.405000001192093","8.40016269683838","2003",,,,,,,,,,,,,,,,,,,,,,,,,,,,,,,,,,"0"
"789","35.25",3.75,"0.405000001192093",NA,"1993",,,,,,,,,,,,,,,,,,,,,,,,,,,,,,,,,,"0"
"790","35.25",3.75,"0.405000001192093","10.4960794448853","2014",,,,,,,,,,,,,,,,,,,,,,,,,,,,,,,,,,"0"
"791","35.25",3.75,"0.405000001192093",NA,"1986",,,,,,,,,,,,,,,,,,,,,,,,,,,,,,,,,,"0"
"792","35.25",3.75,"0.405000001192093","10.1729764938354","2010",,,,,,,,,,,,,,,,,,,,,,,,,,,,,,,,,,"0"
"793","35.25",4.25,"0.405000001192093",NA,"1989",,,,,,,,,,,,,,,,,,,,,,,,,,,,,,,,,,"0"
"794","35.25",4.25,"0.405000001192093",NA,"1986",,,,,,,,,,,,,,,,,,,,,,,,,,,,,,,,,,"0"
"795","35.25",4.25,"0.405000001192093",NA,"1991",,,,,,,,,,,,,,,,,,,,,,,,,,,,,,,,,,"0"
"796","35.25",4.25,"0.405000001192093","13.8610963821411","2007",,,,,,,,,,,,,,,,,,,,,,,,,,,,,,,,,,"0"
"797","35.25",4.25,"0.405000001192093","8.36001205444336","2002",,,,,,,,,,,,,,,,,,,,,,,,,,,,,,,,,,"0"
"798","35.25",4.25,"0.405000001192093","11.6100969314575","2014",,,,,,,,,,,,,,,,,,,,,,,,,,,,,,,,,,"0"
"799","35.25",4.25,"0.405000001192093","11.8963317871094","2010",,,,,,,,,,,,,,,,,,,,,,,,,,,,,,,,,,"0"
"800","35.25",4.25,"0.405000001192093","11.4751081466675","2017",,,,,,,,,,,,,,,,,,,,,,,,,,,,,,,,,,"0"
"801","35.25",4.25,"0.405000001192093",NA,"1985",,,,,,,,,,,,,,,,,,,,,,,,,,,,,,,,,,"0"
"802","35.25",4.25,"0.405000001192093","13.4703073501587","2018",,,,,,,,,,,,,,,,,,,,,,,,,,,,,,,,,,"0"
"803","35.25",4.25,"0.405000001192093","6.25474739074707","1999",,,,,,,,,,,,,,,,,,,,,,,,,,,,,,,,,,"0"
"804","35.25",4.25,"0.405000001192093",NA,"1988",,,,,,,,,,,,,,,,,,,,,,,,,,,,,,,,,,"0"
"805","35.25",4.25,"0.405000001192093",NA,"2020",,,,,,,,,,,,,,,,,,,,,,,,,,,,,,,,,,"0"
"806","35.25",4.25,"0.405000001192093",NA,"1998",,,,,,,,,,,,,,,,,,,,,,,,,,,,,,,,,,"0"
"807","35.25",4.25,"0.405000001192093","7.75262451171875","2006",,,,,,,,,,,,,,,,,,,,,,,,,,,,,,,,,,"0"
"808","35.25",4.25,"0.405000001192093",NA,"1995",,,,,,,,,,,,,,,,,,,,,,,,,,,,,,,,,,"0"
"809","35.25",4.25,"0.405000001192093","7.13826847076416","2009",,,,,,,,,,,,,,,,,,,,,,,,,,,,,,,,,,"0"
"810","35.25",4.25,"0.405000001192093","10.551513671875","2011",,,,,,,,,,,,,,,,,,,,,,,,,,,,,,,,,,"0"
"811","35.25",4.25,"0.405000001192093",NA,"1987",,,,,,,,,,,,,,,,,,,,,,,,,,,,,,,,,,"0"
"812","35.25",4.25,"0.405000001192093","5.21366167068481","2000",,,,,,,,,,,,,,,,,,,,,,,,,,,,,,,,,,"0"
"813","35.25",4.25,"0.405000001192093","6.68586540222168","2001",,,,,,,,,,,,,,,,,,,,,,,,,,,,,,,,,,"0"
"814","35.25",4.25,"0.405000001192093",NA,"1996",,,,,,,,,,,,,,,,,,,,,,,,,,,,,,,,,,"0"
"815","35.25",4.25,"0.405000001192093","12.8011722564697","2019",,,,,,,,,,,,,,,,,,,,,,,,,,,,,,,,,,"0"
"816","35.25",4.25,"0.405000001192093","10.1544303894043","2003",,,,,,,,,,,,,,,,,,,,,,,,,,,,,,,,,,"0"
"817","35.25",4.25,"0.405000001192093","12.1226644515991","2015",,,,,,,,,,,,,,,,,,,,,,,,,,,,,,,,,,"0"
"818","35.25",4.25,"0.405000001192093",NA,"1994",,,,,,,,,,,,,,,,,,,,,,,,,,,,,,,,,,"0"
"819","35.25",4.25,"0.405000001192093","13.5912065505981","2012",,,,,,,,,,,,,,,,,,,,,,,,,,,,,,,,,,"0"
"820","35.25",4.25,"0.405000001192093","10.8476104736328","2013",,,,,,,,,,,,,,,,,,,,,,,,,,,,,,,,,,"0"
"821","35.25",4.25,"0.405000001192093",NA,"1992",,,,,,,,,,,,,,,,,,,,,,,,,,,,,,,,,,"0"
"822","35.25",4.25,"0.405000001192093","7.59204626083374","2004",,,,,,,,,,,,,,,,,,,,,,,,,,,,,,,,,,"0"
"823","35.25",4.25,"0.405000001192093","11.5243234634399","2016",,,,,,,,,,,,,,,,,,,,,,,,,,,,,,,,,,"0"
"824","35.25",4.25,"0.405000001192093",NA,"1997",,,,,,,,,,,,,,,,,,,,,,,,,,,,,,,,,,"0"
"825","35.25",4.25,"0.405000001192093","7.53634595870972","2008",,,,,,,,,,,,,,,,,,,,,,,,,,,,,,,,,,"0"
"826","35.25",4.25,"0.405000001192093",NA,"1993",,,,,,,,,,,,,,,,,,,,,,,,,,,,,,,,,,"0"
"827","35.25",4.25,"0.405000001192093","9.87868213653564","2005",,,,,,,,,,,,,,,,,,,,,,,,,,,,,,,,,,"0"
"828","35.25",4.25,"0.405000001192093",NA,"1990",,,,,,,,,,,,,,,,,,,,,,,,,,,,,,,,,,"0"
"829","35.75",-1.75,"0.025000000372529","61.9985084533691","2007",,,,,,,,,,,,,,,,,,,,,,,,,,,,,,,,,,"0"
"830","35.75",-1.75,"0.025000000372529",NA,"1997",,,,,,,,,,,,,,,,,,,,,,,,,,,,,,,,,,"0"
"831","35.75",-1.75,"0.025000000372529","54.0446243286133","2006",,,,,,,,,,,,,,,,,,,,,,,,,,,,,,,,,,"0"
"832","35.75",-1.75,"0.025000000372529",NA,"1990",,,,,,,,,,,,,,,,,,,,,,,,,,,,,,,,,,"0"
"833","35.75",-1.75,"0.025000000372529","65.382453918457","2012",,,,,,,,,,,,,,,,,,,,,,,,,,,,,,,,,,"0"
"834","35.75",-1.75,"0.025000000372529",NA,"1988",,,,,,,,,,,,,,,,,,,,,,,,,,,,,,,,,,"0"
"835","35.75",-1.75,"0.025000000372529",NA,"1996",,,,,,,,,,,,,,,,,,,,,,,,,,,,,,,,,,"0"
"836","35.75",-1.75,"0.025000000372529",NA,"1986",,,,,,,,,,,,,,,,,,,,,,,,,,,,,,,,,,"0"
"837","35.75",-1.75,"0.025000000372529","66.7172088623047","2015",,,,,,,,,,,,,,,,,,,,,,,,,,,,,,,,,,"0"
"838","35.75",-1.75,"0.025000000372529","62.9678421020508","2003",,,,,,,,,,,,,,,,,,,,,,,,,,,,,,,,,,"0"
"839","35.75",-1.75,"0.025000000372529","58.7950668334961","2004",,,,,,,,,,,,,,,,,,,,,,,,,,,,,,,,,,"0"
"840","35.75",-1.75,"0.025000000372529","69.469123840332","2016",,,,,,,,,,,,,,,,,,,,,,,,,,,,,,,,,,"0"
"841","35.75",-1.75,"0.025000000372529","45.5616226196289","2009",,,,,,,,,,,,,,,,,,,,,,,,,,,,,,,,,,"0"
"842","35.75",-1.75,"0.025000000372529",NA,"1994",,,,,,,,,,,,,,,,,,,,,,,,,,,,,,,,,,"0"
"843","35.75",-1.75,"0.025000000372529",NA,"1989",,,,,,,,,,,,,,,,,,,,,,,,,,,,,,,,,,"0"
"844","35.75",-1.75,"0.025000000372529","67.999870300293","2014",,,,,,,,,,,,,,,,,,,,,,,,,,,,,,,,,,"0"
"845","35.75",-1.75,"0.025000000372529","58.3574829101562","2017",,,,,,,,,,,,,,,,,,,,,,,,,,,,,,,,,,"0"
"846","35.75",-1.75,"0.025000000372529","56.5409240722656","2011",,,,,,,,,,,,,,,,,,,,,,,,,,,,,,,,,,"0"
"847","35.75",-1.75,"0.025000000372529","62.9105911254883","2002",,,,,,,,,,,,,,,,,,,,,,,,,,,,,,,,,,"0"
"848","35.75",-1.75,"0.025000000372529",NA,"2020",,,,,,,,,,,,,,,,,,,,,,,,,,,,,,,,,,"0"
"849","35.75",-1.75,"0.025000000372529","51.3823280334473","1999",,,,,,,,,,,,,,,,,,,,,,,,,,,,,,,,,,"0"
"850","35.75",-1.75,"0.025000000372529","66.9310989379883","2018",,,,,,,,,,,,,,,,,,,,,,,,,,,,,,,,,,"0"
"851","35.75",-1.75,"0.025000000372529",NA,"1998",,,,,,,,,,,,,,,,,,,,,,,,,,,,,,,,,,"0"
"852","35.75",-1.75,"0.025000000372529",NA,"1992",,,,,,,,,,,,,,,,,,,,,,,,,,,,,,,,,,"0"
"853","35.75",-1.75,"0.025000000372529","60.6100769042969","2005",,,,,,,,,,,,,,,,,,,,,,,,,,,,,,,,,,"0"
"854","35.75",-1.75,"0.025000000372529","57.0959243774414","2008",,,,,,,,,,,,,,,,,,,,,,,,,,,,,,,,,,"0"
"855","35.75",-1.75,"0.025000000372529",NA,"1993",,,,,,,,,,,,,,,,,,,,,,,,,,,,,,,,,,"0"
"856","35.75",-1.75,"0.025000000372529","62.118221282959","2013",,,,,,,,,,,,,,,,,,,,,,,,,,,,,,,,,,"0"
"857","35.75",-1.75,"0.025000000372529",NA,"1987",,,,,,,,,,,,,,,,,,,,,,,,,,,,,,,,,,"0"
"858","35.75",-1.75,"0.025000000372529","69.8942794799805","2019",,,,,,,,,,,,,,,,,,,,,,,,,,,,,,,,,,"0"
"859","35.75",-1.75,"0.025000000372529",NA,"1985",,,,,,,,,,,,,,,,,,,,,,,,,,,,,,,,,,"0"
"860","35.75",-1.75,"0.025000000372529",NA,"1995",,,,,,,,,,,,,,,,,,,,,,,,,,,,,,,,,,"0"
"861","35.75",-1.75,"0.025000000372529","60.2689018249512","2010",,,,,,,,,,,,,,,,,,,,,,,,,,,,,,,,,,"0"
"862","35.75",-1.75,"0.025000000372529","42.0602493286133","2000",,,,,,,,,,,,,,,,,,,,,,,,,,,,,,,,,,"0"
"863","35.75",-1.75,"0.025000000372529",NA,"1991",,,,,,,,,,,,,,,,,,,,,,,,,,,,,,,,,,"0"
"864","35.75",-1.75,"0.025000000372529","67.5871963500977","2001",,,,,,,,,,,,,,,,,,,,,,,,,,,,,,,,,,"0"
"865","35.75",-1.25,"0.025000000372529","36.5507965087891","2004",,,,,,,,,,,,,,,,,,,,,,,,,,,,,,,,,,"0"
"866","35.75",-1.25,"0.025000000372529",NA,"1987",,,,,,,,,,,,,,,,,,,,,,,,,,,,,,,,,,"0"
"867","35.75",-1.25,"0.025000000372529",NA,"1998",,,,,,,,,,,,,,,,,,,,,,,,,,,,,,,,,,"0"
"868","35.75",-1.25,"0.025000000372529","25.57497215271","2000",,,,,,,,,,,,,,,,,,,,,,,,,,,,,,,,,,"0"
"869","35.75",-1.25,"0.025000000372529","48.7686042785645","2016",,,,,,,,,,,,,,,,,,,,,,,,,,,,,,,,,,"0"
"870","35.75",-1.25,"0.025000000372529","46.0996856689453","2003",,,,,,,,,,,,,,,,,,,,,,,,,,,,,,,,,,"0"
"871","35.75",-1.25,"0.025000000372529",NA,"1991",,,,,,,,,,,,,,,,,,,,,,,,,,,,,,,,,,"0"
"872","35.75",-1.25,"0.025000000372529",NA,"1985",,,,,,,,,,,,,,,,,,,,,,,,,,,,,,,,,,"0"
"873","35.75",-1.25,"0.025000000372529",NA,"1989",,,,,,,,,,,,,,,,,,,,,,,,,,,,,,,,,,"0"
"874","35.75",-1.25,"0.025000000372529","43.2736282348633","2015",,,,,,,,,,,,,,,,,,,,,,,,,,,,,,,,,,"0"
"875","35.75",-1.25,"0.025000000372529","36.7347602844238","2008",,,,,,,,,,,,,,,,,,,,,,,,,,,,,,,,,,"0"
"876","35.75",-1.25,"0.025000000372529","40.3768157958984","2010",,,,,,,,,,,,,,,,,,,,,,,,,,,,,,,,,,"0"
"877","35.75",-1.25,"0.025000000372529","41.4041748046875","2002",,,,,,,,,,,,,,,,,,,,,,,,,,,,,,,,,,"0"
"878","35.75",-1.25,"0.025000000372529",NA,"1986",,,,,,,,,,,,,,,,,,,,,,,,,,,,,,,,,,"0"
"879","35.75",-1.25,"0.025000000372529",NA,"1990",,,,,,,,,,,,,,,,,,,,,,,,,,,,,,,,,,"0"
"880","35.75",-1.25,"0.025000000372529","36.9762840270996","2005",,,,,,,,,,,,,,,,,,,,,,,,,,,,,,,,,,"0"
"881","35.75",-1.25,"0.025000000372529","50.3431243896484","2007",,,,,,,,,,,,,,,,,,,,,,,,,,,,,,,,,,"0"
"882","35.75",-1.25,"0.025000000372529",NA,"1992",,,,,,,,,,,,,,,,,,,,,,,,,,,,,,,,,,"0"
"883","35.75",-1.25,"0.025000000372529","31.3051261901855","1999",,,,,,,,,,,,,,,,,,,,,,,,,,,,,,,,,,"0"
"884","35.75",-1.25,"0.025000000372529",NA,"1993",,,,,,,,,,,,,,,,,,,,,,,,,,,,,,,,,,"0"
"885","35.75",-1.25,"0.025000000372529","46.696174621582","2019",,,,,,,,,,,,,,,,,,,,,,,,,,,,,,,,,,"0"
"886","35.75",-1.25,"0.025000000372529",NA,"1994",,,,,,,,,,,,,,,,,,,,,,,,,,,,,,,,,,"0"
"887","35.75",-1.25,"0.025000000372529",NA,"1996",,,,,,,,,,,,,,,,,,,,,,,,,,,,,,,,,,"0"
"888","35.75",-1.25,"0.025000000372529","50.7817878723145","2001",,,,,,,,,,,,,,,,,,,,,,,,,,,,,,,,,,"0"
"889","35.75",-1.25,"0.025000000372529","48.9670639038086","2018",,,,,,,,,,,,,,,,,,,,,,,,,,,,,,,,,,"0"
"890","35.75",-1.25,"0.025000000372529",NA,"1988",,,,,,,,,,,,,,,,,,,,,,,,,,,,,,,,,,"0"
"891","35.75",-1.25,"0.025000000372529","42.4591369628906","2012",,,,,,,,,,,,,,,,,,,,,,,,,,,,,,,,,,"0"
"892","35.75",-1.25,"0.025000000372529","42.0871772766113","2014",,,,,,,,,,,,,,,,,,,,,,,,,,,,,,,,,,"0"
"893","35.75",-1.25,"0.025000000372529","35.5165824890137","2017",,,,,,,,,,,,,,,,,,,,,,,,,,,,,,,,,,"0"
"894","35.75",-1.25,"0.025000000372529","43.4148712158203","2013",,,,,,,,,,,,,,,,,,,,,,,,,,,,,,,,,,"0"
"895","35.75",-1.25,"0.025000000372529","24.5944137573242","2009",,,,,,,,,,,,,,,,,,,,,,,,,,,,,,,,,,"0"
"896","35.75",-1.25,"0.025000000372529",NA,"1995",,,,,,,,,,,,,,,,,,,,,,,,,,,,,,,,,,"0"
"897","35.75",-1.25,"0.025000000372529",NA,"2020",,,,,,,,,,,,,,,,,,,,,,,,,,,,,,,,,,"0"
"898","35.75",-1.25,"0.025000000372529","37.5203666687012","2006",,,,,,,,,,,,,,,,,,,,,,,,,,,,,,,,,,"0"
"899","35.75",-1.25,"0.025000000372529","35.248291015625","2011",,,,,,,,,,,,,,,,,,,,,,,,,,,,,,,,,,"0"
"900","35.75",-1.25,"0.025000000372529",NA,"1997",,,,,,,,,,,,,,,,,,,,,,,,,,,,,,,,,,"0"
"901","35.75",-0.75,"0.025000000372529",NA,"1995",,,,,,,,,,,,,,,,,,,,,,,,,,,,,,,,,,"0"
"902","35.75",-0.75,"0.025000000372529","79.4321594238281","2007",,,,,,,,,,,,,,,,,,,,,,,,,,,,,,,,,,"0"
"903","35.75",-0.75,"0.025000000372529","82.4454193115234","2001",,,,,,,,,,,,,,,,,,,,,,,,,,,,,,,,,,"0"
"904","35.75",-0.75,"0.025000000372529",NA,"1997",,,,,,,,,,,,,,,,,,,,,,,,,,,,,,,,,,"0"
"905","35.75",-0.75,"0.025000000372529",NA,"1991",,,,,,,,,,,,,,,,,,,,,,,,,,,,,,,,,,"0"
"906","35.75",-0.75,"0.025000000372529","71.8686599731445","2008",,,,,,,,,,,,,,,,,,,,,,,,,,,,,,,,,,"0"
"907","35.75",-0.75,"0.025000000372529",NA,"1987",,,,,,,,,,,,,,,,,,,,,,,,,,,,,,,,,,"0"
"908","35.75",-0.75,"0.025000000372529",NA,"1985",,,,,,,,,,,,,,,,,,,,,,,,,,,,,,,,,,"0"
"909","35.75",-0.75,"0.025000000372529","79.3649063110352","2013",,,,,,,,,,,,,,,,,,,,,,,,,,,,,,,,,,"0"
"910","35.75",-0.75,"0.025000000372529","78.3447189331055","2004",,,,,,,,,,,,,,,,,,,,,,,,,,,,,,,,,,"0"
"911","35.75",-0.75,"0.025000000372529","84.6071014404297","2015",,,,,,,,,,,,,,,,,,,,,,,,,,,,,,,,,,"0"
"912","35.75",-0.75,"0.025000000372529",NA,"1993",,,,,,,,,,,,,,,,,,,,,,,,,,,,,,,,,,"0"
"913","35.75",-0.75,"0.025000000372529","78.315071105957","2005",,,,,,,,,,,,,,,,,,,,,,,,,,,,,,,,,,"0"
"914","35.75",-0.75,"0.025000000372529","87.8098068237305","2014",,,,,,,,,,,,,,,,,,,,,,,,,,,,,,,,,,"0"
"915","35.75",-0.75,"0.025000000372529","84.7245101928711","2017",,,,,,,,,,,,,,,,,,,,,,,,,,,,,,,,,,"0"
"916","35.75",-0.75,"0.025000000372529",NA,"1996",,,,,,,,,,,,,,,,,,,,,,,,,,,,,,,,,,"0"
"917","35.75",-0.75,"0.025000000372529","74.2156677246094","2006",,,,,,,,,,,,,,,,,,,,,,,,,,,,,,,,,,"0"
"918","35.75",-0.75,"0.025000000372529","92.2262649536133","2016",,,,,,,,,,,,,,,,,,,,,,,,,,,,,,,,,,"0"
"919","35.75",-0.75,"0.025000000372529",NA,"1998",,,,,,,,,,,,,,,,,,,,,,,,,,,,,,,,,,"0"
"920","35.75",-0.75,"0.025000000372529",NA,"1992",,,,,,,,,,,,,,,,,,,,,,,,,,,,,,,,,,"0"
"921","35.75",-0.75,"0.025000000372529","78.8389663696289","2010",,,,,,,,,,,,,,,,,,,,,,,,,,,,,,,,,,"0"
"922","35.75",-0.75,"0.025000000372529",NA,"1988",,,,,,,,,,,,,,,,,,,,,,,,,,,,,,,,,,"0"
"923","35.75",-0.75,"0.025000000372529","85.5716857910156","2019",,,,,,,,,,,,,,,,,,,,,,,,,,,,,,,,,,"0"
"924","35.75",-0.75,"0.025000000372529","80.1898574829102","2003",,,,,,,,,,,,,,,,,,,,,,,,,,,,,,,,,,"0"
"925","35.75",-0.75,"0.025000000372529","76.5326843261719","1999",,,,,,,,,,,,,,,,,,,,,,,,,,,,,,,,,,"0"
"926","35.75",-0.75,"0.025000000372529","78.5991973876953","2011",,,,,,,,,,,,,,,,,,,,,,,,,,,,,,,,,,"0"
"927","35.75",-0.75,"0.025000000372529","71.2259063720703","2000",,,,,,,,,,,,,,,,,,,,,,,,,,,,,,,,,,"0"
"928","35.75",-0.75,"0.025000000372529",NA,"1989",,,,,,,,,,,,,,,,,,,,,,,,,,,,,,,,,,"0"
"929","35.75",-0.75,"0.025000000372529","66.9867172241211","2009",,,,,,,,,,,,,,,,,,,,,,,,,,,,,,,,,,"0"
"930","35.75",-0.75,"0.025000000372529","76.7673187255859","2012",,,,,,,,,,,,,,,,,,,,,,,,,,,,,,,,,,"0"
"931","35.75",-0.75,"0.025000000372529",NA,"2020",,,,,,,,,,,,,,,,,,,,,,,,,,,,,,,,,,"0"
"932","35.75",-0.75,"0.025000000372529",NA,"1986",,,,,,,,,,,,,,,,,,,,,,,,,,,,,,,,,,"0"
"933","35.75",-0.75,"0.025000000372529",NA,"1994",,,,,,,,,,,,,,,,,,,,,,,,,,,,,,,,,,"0"
"934","35.75",-0.75,"0.025000000372529","80.6021881103516","2002",,,,,,,,,,,,,,,,,,,,,,,,,,,,,,,,,,"0"
"935","35.75",-0.75,"0.025000000372529",NA,"1990",,,,,,,,,,,,,,,,,,,,,,,,,,,,,,,,,,"0"
"936","35.75",-0.75,"0.025000000372529","79.7046890258789","2018",,,,,,,,,,,,,,,,,,,,,,,,,,,,,,,,,,"0"
"937","35.75",-0.25,"0.025000000372529",NA,"1992",,,,,,,,,,,,,,,,,,,,,,,,,,,,,,,,,,"0"
"938","35.75",-0.25,"0.025000000372529",NA,"1986",,,,,,,,,,,,,,,,,,,,,,,,,,,,,,,,,,"0"
"939","35.75",-0.25,"0.025000000372529","80.2650299072266","2010",,,,,,,,,,,,,,,,,,,,,,,,,,,,,,,,,,"0"
"940","35.75",-0.25,"0.025000000372529",NA,"2020",,,,,,,,,,,,,,,,,,,,,,,,,,,,,,,,,,"0"
"941","35.75",-0.25,"0.025000000372529",NA,"1995",,,,,,,,,,,,,,,,,,,,,,,,,,,,,,,,,,"0"
"942","35.75",-0.25,"0.025000000372529","68.0862045288086","2006",,,,,,,,,,,,,,,,,,,,,,,,,,,,,,,,,,"0"
"943","35.75",-0.25,"0.025000000372529","72.0705337524414","2004",,,,,,,,,,,,,,,,,,,,,,,,,,,,,,,,,,"0"
"944","35.75",-0.25,"0.025000000372529","69.0787048339844","2002",,,,,,,,,,,,,,,,,,,,,,,,,,,,,,,,,,"0"
"945","35.75",-0.25,"0.025000000372529",NA,"1996",,,,,,,,,,,,,,,,,,,,,,,,,,,,,,,,,,"0"
"946","35.75",-0.25,"0.025000000372529","75.3226776123047","2001",,,,,,,,,,,,,,,,,,,,,,,,,,,,,,,,,,"0"
"947","35.75",-0.25,"0.025000000372529","87.0480728149414","2014",,,,,,,,,,,,,,,,,,,,,,,,,,,,,,,,,,"0"
"948","35.75",-0.25,"0.025000000372529","59.9439430236816","2009",,,,,,,,,,,,,,,,,,,,,,,,,,,,,,,,,,"0"
"949","35.75",-0.25,"0.025000000372529",NA,"1991",,,,,,,,,,,,,,,,,,,,,,,,,,,,,,,,,,"0"
"950","35.75",-0.25,"0.025000000372529",NA,"1997",,,,,,,,,,,,,,,,,,,,,,,,,,,,,,,,,,"0"
"951","35.75",-0.25,"0.025000000372529",NA,"1989",,,,,,,,,,,,,,,,,,,,,,,,,,,,,,,,,,"0"
"952","35.75",-0.25,"0.025000000372529","87.7018432617188","2016",,,,,,,,,,,,,,,,,,,,,,,,,,,,,,,,,,"0"
"953","35.75",-0.25,"0.025000000372529","76.151985168457","2011",,,,,,,,,,,,,,,,,,,,,,,,,,,,,,,,,,"0"
"954","35.75",-0.25,"0.025000000372529","78.8422927856445","2017",,,,,,,,,,,,,,,,,,,,,,,,,,,,,,,,,,"0"
"955","35.75",-0.25,"0.025000000372529",NA,"1990",,,,,,,,,,,,,,,,,,,,,,,,,,,,,,,,,,"0"
"956","35.75",-0.25,"0.025000000372529",NA,"1988",,,,,,,,,,,,,,,,,,,,,,,,,,,,,,,,,,"0"
"957","35.75",-0.25,"0.025000000372529","82.1021728515625","2019",,,,,,,,,,,,,,,,,,,,,,,,,,,,,,,,,,"0"
"958","35.75",-0.25,"0.025000000372529",NA,"1985",,,,,,,,,,,,,,,,,,,,,,,,,,,,,,,,,,"0"
"959","35.75",-0.25,"0.025000000372529",NA,"1994",,,,,,,,,,,,,,,,,,,,,,,,,,,,,,,,,,"0"
"960","35.75",-0.25,"0.025000000372529","76.7468109130859","2012",,,,,,,,,,,,,,,,,,,,,,,,,,,,,,,,,,"0"
"961","35.75",-0.25,"0.025000000372529","83.0952453613281","2013",,,,,,,,,,,,,,,,,,,,,,,,,,,,,,,,,,"0"
"962","35.75",-0.25,"0.025000000372529","82.5237731933594","2015",,,,,,,,,,,,,,,,,,,,,,,,,,,,,,,,,,"0"
"963","35.75",-0.25,"0.025000000372529","76.9922943115234","2007",,,,,,,,,,,,,,,,,,,,,,,,,,,,,,,,,,"0"
"964","35.75",-0.25,"0.025000000372529","73.3040313720703","2005",,,,,,,,,,,,,,,,,,,,,,,,,,,,,,,,,,"0"
"965","35.75",-0.25,"0.025000000372529","80.5181427001953","2018",,,,,,,,,,,,,,,,,,,,,,,,,,,,,,,,,,"0"
"966","35.75",-0.25,"0.025000000372529","60.627124786377","2000",,,,,,,,,,,,,,,,,,,,,,,,,,,,,,,,,,"0"
"967","35.75",-0.25,"0.025000000372529","73.6917037963867","2003",,,,,,,,,,,,,,,,,,,,,,,,,,,,,,,,,,"0"
"968","35.75",-0.25,"0.025000000372529",NA,"1987",,,,,,,,,,,,,,,,,,,,,,,,,,,,,,,,,,"0"
"969","35.75",-0.25,"0.025000000372529",NA,"1993",,,,,,,,,,,,,,,,,,,,,,,,,,,,,,,,,,"0"
"970","35.75",-0.25,"0.025000000372529","67.5003051757812","1999",,,,,,,,,,,,,,,,,,,,,,,,,,,,,,,,,,"0"
"971","35.75",-0.25,"0.025000000372529","70.9438247680664","2008",,,,,,,,,,,,,,,,,,,,,,,,,,,,,,,,,,"0"
"972","35.75",-0.25,"0.025000000372529",NA,"1998",,,,,,,,,,,,,,,,,,,,,,,,,,,,,,,,,,"0"
"973","35.75",0.25,"0.405000001192093",NA,"1990",,,,,,,,,,,,,,,,,,,,,,,,,,,,,,,,,,"0"
"974","35.75",0.25,"0.405000001192093","70.6173858642578","2005",,,,,,,,,,,,,,,,,,,,,,,,,,,,,,,,,,"0"
"975","35.75",0.25,"0.405000001192093",NA,"1985",,,,,,,,,,,,,,,,,,,,,,,,,,,,,,,,,,"0"
"976","35.75",0.25,"0.405000001192093",NA,"1989",,,,,,,,,,,,,,,,,,,,,,,,,,,,,,,,,,"0"
"977","35.75",0.25,"0.405000001192093","69.4710159301758","2008",,,,,,,,,,,,,,,,,,,,,,,,,,,,,,,,,,"0"
"978","35.75",0.25,"0.405000001192093",NA,"1997",,,,,,,,,,,,,,,,,,,,,,,,,,,,,,,,,,"0"
"979","35.75",0.25,"0.405000001192093",NA,"1993",,,,,,,,,,,,,,,,,,,,,,,,,,,,,,,,,,"0"
"980","35.75",0.25,"0.405000001192093",NA,"1986",,,,,,,,,,,,,,,,,,,,,,,,,,,,,,,,,,"0"
"981","35.75",0.25,"0.405000001192093","84.6583709716797","2019",,,,,,,,,,,,,,,,,,,,,,,,,,,,,,,,,,"0"
"982","35.75",0.25,"0.405000001192093","58.0940170288086","2009",,,,,,,,,,,,,,,,,,,,,,,,,,,,,,,,,,"0"
"983","35.75",0.25,"0.405000001192093","81.1353988647461","2012",,,,,,,,,,,,,,,,,,,,,,,,,,,,,,,,,,"0"
"984","35.75",0.25,"0.405000001192093","86.5999755859375","2014",,,,,,,,,,,,,,,,,,,,,,,,,,,,,,,,,,"0"
"985","35.75",0.25,"0.405000001192093","67.9375839233398","2003",,,,,,,,,,,,,,,,,,,,,,,,,,,,,,,,,,"0"
"986","35.75",0.25,"0.405000001192093","64.9662475585938","2006",,,,,,,,,,,,,,,,,,,,,,,,,,,,,,,,,,"0"
"987","35.75",0.25,"0.405000001192093","79.7204971313477","2010",,,,,,,,,,,,,,,,,,,,,,,,,,,,,,,,,,"0"
"988","35.75",0.25,"0.405000001192093",NA,"1988",,,,,,,,,,,,,,,,,,,,,,,,,,,,,,,,,,"0"
"989","35.75",0.25,"0.405000001192093","66.7518692016602","2004",,,,,,,,,,,,,,,,,,,,,,,,,,,,,,,,,,"0"
"990","35.75",0.25,"0.405000001192093",NA,"1991",,,,,,,,,,,,,,,,,,,,,,,,,,,,,,,,,,"0"
"991","35.75",0.25,"0.405000001192093","78.3354721069336","2017",,,,,,,,,,,,,,,,,,,,,,,,,,,,,,,,,,"0"
"992","35.75",0.25,"0.405000001192093","85.2807159423828","2018",,,,,,,,,,,,,,,,,,,,,,,,,,,,,,,,,,"0"
"993","35.75",0.25,"0.405000001192093","53.8636894226074","2000",,,,,,,,,,,,,,,,,,,,,,,,,,,,,,,,,,"0"
"994","35.75",0.25,"0.405000001192093","77.9789123535156","2007",,,,,,,,,,,,,,,,,,,,,,,,,,,,,,,,,,"0"
"995","35.75",0.25,"0.405000001192093",NA,"1998",,,,,,,,,,,,,,,,,,,,,,,,,,,,,,,,,,"0"
"996","35.75",0.25,"0.405000001192093",NA,"1996",,,,,,,,,,,,,,,,,,,,,,,,,,,,,,,,,,"0"
"997","35.75",0.25,"0.405000001192093",NA,"1987",,,,,,,,,,,,,,,,,,,,,,,,,,,,,,,,,,"0"
"998","35.75",0.25,"0.405000001192093",NA,"1995",,,,,,,,,,,,,,,,,,,,,,,,,,,,,,,,,,"0"
"999","35.75",0.25,"0.405000001192093",NA,"1994",,,,,,,,,,,,,,,,,,,,,,,,,,,,,,,,,,"0"
"1000","35.75",0.25,"0.405000001192093","82.2225494384766","2016",,,,,,,,,,,,,,,,,,,,,,,,,,,,,,,,,,"0"
"1001","35.75",0.25,"0.405000001192093",NA,"1992",,,,,,,,,,,,,,,,,,,,,,,,,,,,,,,,,,"0"
"1002","35.75",0.25,"0.405000001192093","80.8960037231445","2015",,,,,,,,,,,,,,,,,,,,,,,,,,,,,,,,,,"0"
"1003","35.75",0.25,"0.405000001192093","73.2610015869141","2011",,,,,,,,,,,,,,,,,,,,,,,,,,,,,,,,,,"0"
"1004","35.75",0.25,"0.405000001192093","68.1694869995117","2001",,,,,,,,,,,,,,,,,,,,,,,,,,,,,,,,,,"0"
"1005","35.75",0.25,"0.405000001192093","61.4508399963379","1999",,,,,,,,,,,,,,,,,,,,,,,,,,,,,,,,,,"0"
"1006","35.75",0.25,"0.405000001192093",NA,"2020",,,,,,,,,,,,,,,,,,,,,,,,,,,,,,,,,,"0"
"1007","35.75",0.25,"0.405000001192093","86.4718704223633","2013",,,,,,,,,,,,,,,,,,,,,,,,,,,,,,,,,,"0"
"1008","35.75",0.25,"0.405000001192093","63.4179611206055","2002",,,,,,,,,,,,,,,,,,,,,,,,,,,,,,,,,,"0"
"1009","35.75",0.75,"0.405000001192093","49.548957824707","1999",,,,,,,,,,,,,,,,,,,,,,,,,,,,,,,,,,"0"
"1010","35.75",0.75,"0.405000001192093",NA,"2020",,,,,,,,,,,,,,,,,,,,,,,,,,,,,,,,,,"0"
"1011","35.75",0.75,"0.405000001192093","55.5820541381836","2001",,,,,,,,,,,,,,,,,,,,,,,,,,,,,,,,,,"0"
"1012","35.75",0.75,"0.405000001192093","62.8535423278809","2011",,,,,,,,,,,,,,,,,,,,,,,,,,,,,,,,,,"0"
"1013","35.75",0.75,"0.405000001192093","42.8750228881836","2000",,,,,,,,,,,,,,,,,,,,,,,,,,,,,,,,,,"0"
"1014","35.75",0.75,"0.405000001192093","71.1538925170898","2019",,,,,,,,,,,,,,,,,,,,,,,,,,,,,,,,,,"0"
"1015","35.75",0.75,"0.405000001192093","60.002758026123","2005",,,,,,,,,,,,,,,,,,,,,,,,,,,,,,,,,,"0"
"1016","35.75",0.75,"0.405000001192093",NA,"1987",,,,,,,,,,,,,,,,,,,,,,,,,,,,,,,,,,"0"
"1017","35.75",0.75,"0.405000001192093",NA,"1998",,,,,,,,,,,,,,,,,,,,,,,,,,,,,,,,,,"0"
"1018","35.75",0.75,"0.405000001192093",NA,"1994",,,,,,,,,,,,,,,,,,,,,,,,,,,,,,,,,,"0"
"1019","35.75",0.75,"0.405000001192093","72.609748840332","2018",,,,,,,,,,,,,,,,,,,,,,,,,,,,,,,,,,"0"
"1020","35.75",0.75,"0.405000001192093",NA,"1985",,,,,,,,,,,,,,,,,,,,,,,,,,,,,,,,,,"0"
"1021","35.75",0.75,"0.405000001192093","67.9375762939453","2007",,,,,,,,,,,,,,,,,,,,,,,,,,,,,,,,,,"0"
"1022","35.75",0.75,"0.405000001192093","47.6403121948242","2009",,,,,,,,,,,,,,,,,,,,,,,,,,,,,,,,,,"0"
"1023","35.75",0.75,"0.405000001192093","76.3291473388672","2013",,,,,,,,,,,,,,,,,,,,,,,,,,,,,,,,,,"0"
"1024","35.75",0.75,"0.405000001192093","72.2051467895508","2012",,,,,,,,,,,,,,,,,,,,,,,,,,,,,,,,,,"0"
"1025","35.75",0.75,"0.405000001192093",NA,"1996",,,,,,,,,,,,,,,,,,,,,,,,,,,,,,,,,,"0"
"1026","35.75",0.75,"0.405000001192093","68.6713790893555","2010",,,,,,,,,,,,,,,,,,,,,,,,,,,,,,,,,,"0"
"1027","35.75",0.75,"0.405000001192093",NA,"1993",,,,,,,,,,,,,,,,,,,,,,,,,,,,,,,,,,"0"
"1028","35.75",0.75,"0.405000001192093","60.7453498840332","2008",,,,,,,,,,,,,,,,,,,,,,,,,,,,,,,,,,"0"
"1029","35.75",0.75,"0.405000001192093","54.0730361938477","2006",,,,,,,,,,,,,,,,,,,,,,,,,,,,,,,,,,"0"
"1030","35.75",0.75,"0.405000001192093","66.3469161987305","2015",,,,,,,,,,,,,,,,,,,,,,,,,,,,,,,,,,"0"
"1031","35.75",0.75,"0.405000001192093","58.1905555725098","2004",,,,,,,,,,,,,,,,,,,,,,,,,,,,,,,,,,"0"
"1032","35.75",0.75,"0.405000001192093","47.6464157104492","2002",,,,,,,,,,,,,,,,,,,,,,,,,,,,,,,,,,"0"
"1033","35.75",0.75,"0.405000001192093","69.3203735351562","2014",,,,,,,,,,,,,,,,,,,,,,,,,,,,,,,,,,"0"
"1034","35.75",0.75,"0.405000001192093",NA,"1995",,,,,,,,,,,,,,,,,,,,,,,,,,,,,,,,,,"0"
"1035","35.75",0.75,"0.405000001192093","66.8604125976562","2016",,,,,,,,,,,,,,,,,,,,,,,,,,,,,,,,,,"0"
"1036","35.75",0.75,"0.405000001192093",NA,"1986",,,,,,,,,,,,,,,,,,,,,,,,,,,,,,,,,,"0"
"1037","35.75",0.75,"0.405000001192093",NA,"1992",,,,,,,,,,,,,,,,,,,,,,,,,,,,,,,,,,"0"
"1038","35.75",0.75,"0.405000001192093",NA,"1997",,,,,,,,,,,,,,,,,,,,,,,,,,,,,,,,,,"0"
"1039","35.75",0.75,"0.405000001192093","55.1980018615723","2003",,,,,,,,,,,,,,,,,,,,,,,,,,,,,,,,,,"0"
"1040","35.75",0.75,"0.405000001192093",NA,"1990",,,,,,,,,,,,,,,,,,,,,,,,,,,,,,,,,,"0"
"1041","35.75",0.75,"0.405000001192093",NA,"1988",,,,,,,,,,,,,,,,,,,,,,,,,,,,,,,,,,"0"
"1042","35.75",0.75,"0.405000001192093","62.763111114502","2017",,,,,,,,,,,,,,,,,,,,,,,,,,,,,,,,,,"0"
"1043","35.75",0.75,"0.405000001192093",NA,"1989",,,,,,,,,,,,,,,,,,,,,,,,,,,,,,,,,,"0"
"1044","35.75",0.75,"0.405000001192093",NA,"1991",,,,,,,,,,,,,,,,,,,,,,,,,,,,,,,,,,"0"
"1045","35.75",1.25,NA,"52.3060073852539","2005",,,,,,,,,,,,,,,,,,,,,,,,,,,,,,,,,,"0"
"1046","35.75",1.25,NA,"40.8330726623535","2000",,,,,,,,,,,,,,,,,,,,,,,,,,,,,,,,,,"0"
"1047","35.75",1.25,NA,"64.2302780151367","2012",,,,,,,,,,,,,,,,,,,,,,,,,,,,,,,,,,"0"
"1048","35.75",1.25,NA,NA,"1997",,,,,,,,,,,,,,,,,,,,,,,,,,,,,,,,,,"0"
"1049","35.75",1.25,NA,NA,"1993",,,,,,,,,,,,,,,,,,,,,,,,,,,,,,,,,,"0"
"1050","35.75",1.25,NA,NA,"1992",,,,,,,,,,,,,,,,,,,,,,,,,,,,,,,,,,"0"
"1051","35.75",1.25,NA,NA,"1996",,,,,,,,,,,,,,,,,,,,,,,,,,,,,,,,,,"0"
"1052","35.75",1.25,NA,"55.7800674438477","2017",,,,,,,,,,,,,,,,,,,,,,,,,,,,,,,,,,"0"
"1053","35.75",1.25,NA,"54.4396476745605","2016",,,,,,,,,,,,,,,,,,,,,,,,,,,,,,,,,,"0"
"1054","35.75",1.25,NA,"53.4543380737305","2008",,,,,,,,,,,,,,,,,,,,,,,,,,,,,,,,,,"0"
"1055","35.75",1.25,NA,"61.4672088623047","2019",,,,,,,,,,,,,,,,,,,,,,,,,,,,,,,,,,"0"
"1056","35.75",1.25,NA,NA,"1988",,,,,,,,,,,,,,,,,,,,,,,,,,,,,,,,,,"0"
"1057","35.75",1.25,NA,"43.3002243041992","2009",,,,,,,,,,,,,,,,,,,,,,,,,,,,,,,,,,"0"
"1058","35.75",1.25,NA,"46.6338348388672","2003",,,,,,,,,,,,,,,,,,,,,,,,,,,,,,,,,,"0"
"1059","35.75",1.25,NA,"57.6577606201172","2011",,,,,,,,,,,,,,,,,,,,,,,,,,,,,,,,,,"0"
"1060","35.75",1.25,NA,NA,"1998",,,,,,,,,,,,,,,,,,,,,,,,,,,,,,,,,,"0"
"1061","35.75",1.25,NA,NA,"1994",,,,,,,,,,,,,,,,,,,,,,,,,,,,,,,,,,"0"
"1062","35.75",1.25,NA,"59.0781288146973","2010",,,,,,,,,,,,,,,,,,,,,,,,,,,,,,,,,,"0"
"1063","35.75",1.25,NA,NA,"1990",,,,,,,,,,,,,,,,,,,,,,,,,,,,,,,,,,"0"
"1064","35.75",1.25,NA,NA,"1986",,,,,,,,,,,,,,,,,,,,,,,,,,,,,,,,,,"0"
"1065","35.75",1.25,NA,NA,"1989",,,,,,,,,,,,,,,,,,,,,,,,,,,,,,,,,,"0"
"1066","35.75",1.25,NA,NA,"1991",,,,,,,,,,,,,,,,,,,,,,,,,,,,,,,,,,"0"
"1067","35.75",1.25,NA,"48.0392570495605","2004",,,,,,,,,,,,,,,,,,,,,,,,,,,,,,,,,,"0"
"1068","35.75",1.25,NA,"57.6775054931641","2014",,,,,,,,,,,,,,,,,,,,,,,,,,,,,,,,,,"0"
"1069","35.75",1.25,NA,"48.2003555297852","1999",,,,,,,,,,,,,,,,,,,,,,,,,,,,,,,,,,"0"
"1070","35.75",1.25,NA,"50.6261253356934","2001",,,,,,,,,,,,,,,,,,,,,,,,,,,,,,,,,,"0"
"1071","35.75",1.25,NA,"59.4684753417969","2007",,,,,,,,,,,,,,,,,,,,,,,,,,,,,,,,,,"0"
"1072","35.75",1.25,NA,"47.7184371948242","2006",,,,,,,,,,,,,,,,,,,,,,,,,,,,,,,,,,"0"
"1073","35.75",1.25,NA,NA,"1995",,,,,,,,,,,,,,,,,,,,,,,,,,,,,,,,,,"0"
"1074","35.75",1.25,NA,"42.6575088500977","2002",,,,,,,,,,,,,,,,,,,,,,,,,,,,,,,,,,"0"
"1075","35.75",1.25,NA,NA,"1987",,,,,,,,,,,,,,,,,,,,,,,,,,,,,,,,,,"0"
"1076","35.75",1.25,NA,"54.1519508361816","2015",,,,,,,,,,,,,,,,,,,,,,,,,,,,,,,,,,"0"
"1077","35.75",1.25,NA,"65.6456146240234","2013",,,,,,,,,,,,,,,,,,,,,,,,,,,,,,,,,,"0"
"1078","35.75",1.25,NA,NA,"1985",,,,,,,,,,,,,,,,,,,,,,,,,,,,,,,,,,"0"
"1079","35.75",1.25,NA,"62.9009094238281","2018",,,,,,,,,,,,,,,,,,,,,,,,,,,,,,,,,,"0"
"1080","35.75",1.25,NA,NA,"2020",,,,,,,,,,,,,,,,,,,,,,,,,,,,,,,,,,"0"
"1081","35.75",1.75,NA,"20.0874176025391","2006","1","1","1","1","1","1","1","1","1","1","1","1","1","1","1","1","1","1","1","1","1","1","1","1","1","1","1","1","1","1","1","1","1","1"
"1082","35.75",1.75,NA,"21.0567874908447","2004","1","1","1","1","1","1","1","1","1","1","1","1","1","1","1","1","1","1","1","1","1","1","1","1","1","1","1","1","1","1","1","1","1","1"
"1083","35.75",1.75,NA,NA,"1993","1","1","1","1","1","1","1","1","1","1","1","1","1","1","1","1","1","1","1","1","1","1","1","1","1","1","1","1","1","1","1","1","1","1"
"1084","35.75",1.75,NA,NA,"1985","1","1","1","1","1","1","1","1","1","1","1","1","1","1","1","1","1","1","1","1","1","1","1","1","1","1","1","1","1","1","1","1","1","1"
"1085","35.75",1.75,NA,"26.7488918304443","2016","1","1","1","1","1","1","1","1","1","1","1","1","1","1","1","1","1","1","1","1","1","1","1","1","1","1","1","1","1","1","1","1","1","1"
"1086","35.75",1.75,NA,"20.8844680786133","2003","1","1","1","1","1","1","1","1","1","1","1","1","1","1","1","1","1","1","1","1","1","1","1","1","1","1","1","1","1","1","1","1","1","1"
"1087","35.75",1.75,NA,"38.3765678405762","2018","1","1","1","1","1","1","1","1","1","1","1","1","1","1","1","1","1","1","1","1","1","1","1","1","1","1","1","1","1","1","1","1","1","1"
"1088","35.75",1.75,NA,"32.9215393066406","2017","1","1","1","1","1","1","1","1","1","1","1","1","1","1","1","1","1","1","1","1","1","1","1","1","1","1","1","1","1","1","1","1","1","1"
"1089","35.75",1.75,NA,"37.4110488891602","2013","1","1","1","1","1","1","1","1","1","1","1","1","1","1","1","1","1","1","1","1","1","1","1","1","1","1","1","1","1","1","1","1","1","1"
"1090","35.75",1.75,NA,"34.6906661987305","2019","1","1","1","1","1","1","1","1","1","1","1","1","1","1","1","1","1","1","1","1","1","1","1","1","1","1","1","1","1","1","1","1","1","1"
"1091","35.75",1.75,NA,"34.6422309875488","2007","1","1","1","1","1","1","1","1","1","1","1","1","1","1","1","1","1","1","1","1","1","1","1","1","1","1","1","1","1","1","1","1","1","1"
"1092","35.75",1.75,NA,NA,"2020","1","1","1","1","1","1","1","1","1","1","1","1","1","1","1","1","1","1","1","1","1","1","1","1","1","1","1","1","1","1","1","1","1","1"
"1093","35.75",1.75,NA,"15.2914695739746","2000","1","1","1","1","1","1","1","1","1","1","1","1","1","1","1","1","1","1","1","1","1","1","1","1","1","1","1","1","1","1","1","1","1","1"
"1094","35.75",1.75,NA,NA,"1996","1","1","1","1","1","1","1","1","1","1","1","1","1","1","1","1","1","1","1","1","1","1","1","1","1","1","1","1","1","1","1","1","1","1"
"1095","35.75",1.75,NA,NA,"1986","1","1","1","1","1","1","1","1","1","1","1","1","1","1","1","1","1","1","1","1","1","1","1","1","1","1","1","1","1","1","1","1","1","1"
"1096","35.75",1.75,NA,"27.6823863983154","2014","1","1","1","1","1","1","1","1","1","1","1","1","1","1","1","1","1","1","1","1","1","1","1","1","1","1","1","1","1","1","1","1","1","1"
"1097","35.75",1.75,NA,NA,"1989","1","1","1","1","1","1","1","1","1","1","1","1","1","1","1","1","1","1","1","1","1","1","1","1","1","1","1","1","1","1","1","1","1","1"
"1098","35.75",1.75,NA,"37.1845970153809","2012","1","1","1","1","1","1","1","1","1","1","1","1","1","1","1","1","1","1","1","1","1","1","1","1","1","1","1","1","1","1","1","1","1","1"
"1099","35.75",1.75,NA,NA,"1992","1","1","1","1","1","1","1","1","1","1","1","1","1","1","1","1","1","1","1","1","1","1","1","1","1","1","1","1","1","1","1","1","1","1"
"1100","35.75",1.75,NA,"33.6970863342285","2010","1","1","1","1","1","1","1","1","1","1","1","1","1","1","1","1","1","1","1","1","1","1","1","1","1","1","1","1","1","1","1","1","1","1"
"1101","35.75",1.75,NA,"22.6201210021973","2005","1","1","1","1","1","1","1","1","1","1","1","1","1","1","1","1","1","1","1","1","1","1","1","1","1","1","1","1","1","1","1","1","1","1"
"1102","35.75",1.75,NA,NA,"1991","1","1","1","1","1","1","1","1","1","1","1","1","1","1","1","1","1","1","1","1","1","1","1","1","1","1","1","1","1","1","1","1","1","1"
"1103","35.75",1.75,NA,NA,"1987","1","1","1","1","1","1","1","1","1","1","1","1","1","1","1","1","1","1","1","1","1","1","1","1","1","1","1","1","1","1","1","1","1","1"
"1104","35.75",1.75,NA,NA,"1998","1","1","1","1","1","1","1","1","1","1","1","1","1","1","1","1","1","1","1","1","1","1","1","1","1","1","1","1","1","1","1","1","1","1"
"1105","35.75",1.75,NA,"24.4533805847168","2001","1","1","1","1","1","1","1","1","1","1","1","1","1","1","1","1","1","1","1","1","1","1","1","1","1","1","1","1","1","1","1","1","1","1"
"1106","35.75",1.75,NA,NA,"1995","1","1","1","1","1","1","1","1","1","1","1","1","1","1","1","1","1","1","1","1","1","1","1","1","1","1","1","1","1","1","1","1","1","1"
"1107","35.75",1.75,NA,"16.2949028015137","2009","1","1","1","1","1","1","1","1","1","1","1","1","1","1","1","1","1","1","1","1","1","1","1","1","1","1","1","1","1","1","1","1","1","1"
"1108","35.75",1.75,NA,"33.038631439209","2011","1","1","1","1","1","1","1","1","1","1","1","1","1","1","1","1","1","1","1","1","1","1","1","1","1","1","1","1","1","1","1","1","1","1"
"1109","35.75",1.75,NA,NA,"1988","1","1","1","1","1","1","1","1","1","1","1","1","1","1","1","1","1","1","1","1","1","1","1","1","1","1","1","1","1","1","1","1","1","1"
"1110","35.75",1.75,NA,"17.0467891693115","2002","1","1","1","1","1","1","1","1","1","1","1","1","1","1","1","1","1","1","1","1","1","1","1","1","1","1","1","1","1","1","1","1","1","1"
"1111","35.75",1.75,NA,NA,"1990","1","1","1","1","1","1","1","1","1","1","1","1","1","1","1","1","1","1","1","1","1","1","1","1","1","1","1","1","1","1","1","1","1","1"
"1112","35.75",1.75,NA,"20.2516212463379","1999","1","1","1","1","1","1","1","1","1","1","1","1","1","1","1","1","1","1","1","1","1","1","1","1","1","1","1","1","1","1","1","1","1","1"
"1113","35.75",1.75,NA,NA,"1997","1","1","1","1","1","1","1","1","1","1","1","1","1","1","1","1","1","1","1","1","1","1","1","1","1","1","1","1","1","1","1","1","1","1"
"1114","35.75",1.75,NA,"28.5763759613037","2015","1","1","1","1","1","1","1","1","1","1","1","1","1","1","1","1","1","1","1","1","1","1","1","1","1","1","1","1","1","1","1","1","1","1"
"1115","35.75",1.75,NA,"26.1215705871582","2008","1","1","1","1","1","1","1","1","1","1","1","1","1","1","1","1","1","1","1","1","1","1","1","1","1","1","1","1","1","1","1","1","1","1"
"1116","35.75",1.75,NA,NA,"1994","1","1","1","1","1","1","1","1","1","1","1","1","1","1","1","1","1","1","1","1","1","1","1","1","1","1","1","1","1","1","1","1","1","1"
"1117","35.75",2.25,"0.405000001192093","5.01374101638794","2000",,,,,,,,,,,,,,,,,,,,,,,,,,,,,,,,,,"0"
"1118","35.75",2.25,"0.405000001192093","12.8132696151733","2012",,,,,,,,,,,,,,,,,,,,,,,,,,,,,,,,,,"0"
"1119","35.75",2.25,"0.405000001192093",NA,"1997",,,,,,,,,,,,,,,,,,,,,,,,,,,,,,,,,,"0"
"1120","35.75",2.25,"0.405000001192093","7.69978904724121","2004",,,,,,,,,,,,,,,,,,,,,,,,,,,,,,,,,,"0"
"1121","35.75",2.25,"0.405000001192093","15.9663505554199","2018",,,,,,,,,,,,,,,,,,,,,,,,,,,,,,,,,,"0"
"1122","35.75",2.25,"0.405000001192093","7.00915431976318","2002",,,,,,,,,,,,,,,,,,,,,,,,,,,,,,,,,,"0"
"1123","35.75",2.25,"0.405000001192093",NA,"2020",,,,,,,,,,,,,,,,,,,,,,,,,,,,,,,,,,"0"
"1124","35.75",2.25,"0.405000001192093","11.4132328033447","2015",,,,,,,,,,,,,,,,,,,,,,,,,,,,,,,,,,"0"
"1125","35.75",2.25,"0.405000001192093","12.0579071044922","2017",,,,,,,,,,,,,,,,,,,,,,,,,,,,,,,,,,"0"
"1126","35.75",2.25,"0.405000001192093",NA,"1995",,,,,,,,,,,,,,,,,,,,,,,,,,,,,,,,,,"0"
"1127","35.75",2.25,"0.405000001192093",NA,"1990",,,,,,,,,,,,,,,,,,,,,,,,,,,,,,,,,,"0"
"1128","35.75",2.25,"0.405000001192093",NA,"1998",,,,,,,,,,,,,,,,,,,,,,,,,,,,,,,,,,"0"
"1129","35.75",2.25,"0.405000001192093",NA,"1996",,,,,,,,,,,,,,,,,,,,,,,,,,,,,,,,,,"0"
"1130","35.75",2.25,"0.405000001192093","7.39439964294434","2005",,,,,,,,,,,,,,,,,,,,,,,,,,,,,,,,,,"0"
"1131","35.75",2.25,"0.405000001192093",NA,"1994",,,,,,,,,,,,,,,,,,,,,,,,,,,,,,,,,,"0"
"1132","35.75",2.25,"0.405000001192093",NA,"1986",,,,,,,,,,,,,,,,,,,,,,,,,,,,,,,,,,"0"
"1133","35.75",2.25,"0.405000001192093",NA,"1992",,,,,,,,,,,,,,,,,,,,,,,,,,,,,,,,,,"0"
"1134","35.75",2.25,"0.405000001192093",NA,"1993",,,,,,,,,,,,,,,,,,,,,,,,,,,,,,,,,,"0"
"1135","35.75",2.25,"0.405000001192093","8.09067535400391","2003",,,,,,,,,,,,,,,,,,,,,,,,,,,,,,,,,,"0"
"1136","35.75",2.25,"0.405000001192093","13.0993242263794","2010",,,,,,,,,,,,,,,,,,,,,,,,,,,,,,,,,,"0"
"1137","35.75",2.25,"0.405000001192093","13.2641878128052","2007",,,,,,,,,,,,,,,,,,,,,,,,,,,,,,,,,,"0"
"1138","35.75",2.25,"0.405000001192093",NA,"1989",,,,,,,,,,,,,,,,,,,,,,,,,,,,,,,,,,"0"
"1139","35.75",2.25,"0.405000001192093",NA,"1987",,,,,,,,,,,,,,,,,,,,,,,,,,,,,,,,,,"0"
"1140","35.75",2.25,"0.405000001192093",NA,"1988",,,,,,,,,,,,,,,,,,,,,,,,,,,,,,,,,,"0"
"1141","35.75",2.25,"0.405000001192093","13.8342866897583","2019",,,,,,,,,,,,,,,,,,,,,,,,,,,,,,,,,,"0"
"1142","35.75",2.25,"0.405000001192093","6.30448770523071","2009",,,,,,,,,,,,,,,,,,,,,,,,,,,,,,,,,,"0"
"1143","35.75",2.25,"0.405000001192093","7.68406915664673","1999",,,,,,,,,,,,,,,,,,,,,,,,,,,,,,,,,,"0"
"1144","35.75",2.25,"0.405000001192093","10.3034858703613","2016",,,,,,,,,,,,,,,,,,,,,,,,,,,,,,,,,,"0"
"1145","35.75",2.25,"0.405000001192093","7.15186214447021","2006",,,,,,,,,,,,,,,,,,,,,,,,,,,,,,,,,,"0"
"1146","35.75",2.25,"0.405000001192093",NA,"1985",,,,,,,,,,,,,,,,,,,,,,,,,,,,,,,,,,"0"
"1147","35.75",2.25,"0.405000001192093","9.39639663696289","2008",,,,,,,,,,,,,,,,,,,,,,,,,,,,,,,,,,"0"
"1148","35.75",2.25,"0.405000001192093","11.6516284942627","2011",,,,,,,,,,,,,,,,,,,,,,,,,,,,,,,,,,"0"
"1149","35.75",2.25,"0.405000001192093","7.88275623321533","2001",,,,,,,,,,,,,,,,,,,,,,,,,,,,,,,,,,"0"
"1150","35.75",2.25,"0.405000001192093",NA,"1991",,,,,,,,,,,,,,,,,,,,,,,,,,,,,,,,,,"0"
"1151","35.75",2.25,"0.405000001192093","13.2851037979126","2013",,,,,,,,,,,,,,,,,,,,,,,,,,,,,,,,,,"0"
"1152","35.75",2.25,"0.405000001192093","11.1976022720337","2014",,,,,,,,,,,,,,,,,,,,,,,,,,,,,,,,,,"0"
"1153","35.75",2.75,"0.405000001192093",NA,"1992",,,,,,,,,,,,,,,,,,,,,,,,,,,,,,,,,,"0"
"1154","35.75",2.75,"0.405000001192093",NA,"2020",,,,,,,,,,,,,,,,,,,,,,,,,,,,,,,,,,"0"
"1155","35.75",2.75,"0.405000001192093","3.51295399665833","2012",,,,,,,,,,,,,,,,,,,,,,,,,,,,,,,,,,"0"
"1156","35.75",2.75,"0.405000001192093","3.6722297668457","2011",,,,,,,,,,,,,,,,,,,,,,,,,,,,,,,,,,"0"
"1157","35.75",2.75,"0.405000001192093","5.14569664001465","2019",,,,,,,,,,,,,,,,,,,,,,,,,,,,,,,,,,"0"
"1158","35.75",2.75,"0.405000001192093",NA,"1990",,,,,,,,,,,,,,,,,,,,,,,,,,,,,,,,,,"0"
"1159","35.75",2.75,"0.405000001192093","5.53504753112793","2018",,,,,,,,,,,,,,,,,,,,,,,,,,,,,,,,,,"0"
"1160","35.75",2.75,"0.405000001192093","2.56856179237366","2002",,,,,,,,,,,,,,,,,,,,,,,,,,,,,,,,,,"0"
"1161","35.75",2.75,"0.405000001192093",NA,"1994",,,,,,,,,,,,,,,,,,,,,,,,,,,,,,,,,,"0"
"1162","35.75",2.75,"0.405000001192093","1.81471216678619","2000",,,,,,,,,,,,,,,,,,,,,,,,,,,,,,,,,,"0"
"1163","35.75",2.75,"0.405000001192093","2.37536096572876","2009",,,,,,,,,,,,,,,,,,,,,,,,,,,,,,,,,,"0"
"1164","35.75",2.75,"0.405000001192093",NA,"1993",,,,,,,,,,,,,,,,,,,,,,,,,,,,,,,,,,"0"
"1165","35.75",2.75,"0.405000001192093",NA,"1998",,,,,,,,,,,,,,,,,,,,,,,,,,,,,,,,,,"0"
"1166","35.75",2.75,"0.405000001192093","3.51558899879456","2015",,,,,,,,,,,,,,,,,,,,,,,,,,,,,,,,,,"0"
"1167","35.75",2.75,"0.405000001192093",NA,"1989",,,,,,,,,,,,,,,,,,,,,,,,,,,,,,,,,,"0"
"1168","35.75",2.75,"0.405000001192093",NA,"1991",,,,,,,,,,,,,,,,,,,,,,,,,,,,,,,,,,"0"
"1169","35.75",2.75,"0.405000001192093","3.05162930488586","2014",,,,,,,,,,,,,,,,,,,,,,,,,,,,,,,,,,"0"
"1170","35.75",2.75,"0.405000001192093",NA,"1995",,,,,,,,,,,,,,,,,,,,,,,,,,,,,,,,,,"0"
"1171","35.75",2.75,"0.405000001192093","3.83783197402954","2013",,,,,,,,,,,,,,,,,,,,,,,,,,,,,,,,,,"0"
"1172","35.75",2.75,"0.405000001192093",NA,"1996",,,,,,,,,,,,,,,,,,,,,,,,,,,,,,,,,,"0"
"1173","35.75",2.75,"0.405000001192093","3.97840285301208","2010",,,,,,,,,,,,,,,,,,,,,,,,,,,,,,,,,,"0"
"1174","35.75",2.75,"0.405000001192093",NA,"1987",,,,,,,,,,,,,,,,,,,,,,,,,,,,,,,,,,"0"
"1175","35.75",2.75,"0.405000001192093","3.22414827346802","2008",,,,,,,,,,,,,,,,,,,,,,,,,,,,,,,,,,"0"
"1176","35.75",2.75,"0.405000001192093",NA,"1988",,,,,,,,,,,,,,,,,,,,,,,,,,,,,,,,,,"0"
"1177","35.75",2.75,"0.405000001192093","3.78879880905151","2007",,,,,,,,,,,,,,,,,,,,,,,,,,,,,,,,,,"0"
"1178","35.75",2.75,"0.405000001192093","3.46671605110168","2016",,,,,,,,,,,,,,,,,,,,,,,,,,,,,,,,,,"0"
"1179","35.75",2.75,"0.405000001192093","2.37834858894348","2005",,,,,,,,,,,,,,,,,,,,,,,,,,,,,,,,,,"0"
"1180","35.75",2.75,"0.405000001192093",NA,"1985",,,,,,,,,,,,,,,,,,,,,,,,,,,,,,,,,,"0"
"1181","35.75",2.75,"0.405000001192093","3.7678496837616","2017",,,,,,,,,,,,,,,,,,,,,,,,,,,,,,,,,,"0"
"1182","35.75",2.75,"0.405000001192093","2.35398626327515","2001",,,,,,,,,,,,,,,,,,,,,,,,,,,,,,,,,,"0"
"1183","35.75",2.75,"0.405000001192093","2.36103057861328","1999",,,,,,,,,,,,,,,,,,,,,,,,,,,,,,,,,,"0"
"1184","35.75",2.75,"0.405000001192093",NA,"1997",,,,,,,,,,,,,,,,,,,,,,,,,,,,,,,,,,"0"
"1185","35.75",2.75,"0.405000001192093","2.45708060264587","2006",,,,,,,,,,,,,,,,,,,,,,,,,,,,,,,,,,"0"
"1186","35.75",2.75,"0.405000001192093",NA,"1986",,,,,,,,,,,,,,,,,,,,,,,,,,,,,,,,,,"0"
"1187","35.75",2.75,"0.405000001192093","2.82318687438965","2003",,,,,,,,,,,,,,,,,,,,,,,,,,,,,,,,,,"0"
"1188","35.75",2.75,"0.405000001192093","2.52110862731934","2004",,,,,,,,,,,,,,,,,,,,,,,,,,,,,,,,,,"0"
"1189","35.75",3.25,"0.405000001192093","2.56927418708801","1999",,,,,,,,,,,,,,,,,,,,,,,,,,,,,,,,,,"0"
"1190","35.75",3.25,"0.405000001192093","4.08301210403442","2016",,,,,,,,,,,,,,,,,,,,,,,,,,,,,,,,,,"0"
"1191","35.75",3.25,"0.405000001192093",NA,"1994",,,,,,,,,,,,,,,,,,,,,,,,,,,,,,,,,,"0"
"1192","35.75",3.25,"0.405000001192093","4.03303098678589","2010",,,,,,,,,,,,,,,,,,,,,,,,,,,,,,,,,,"0"
"1193","35.75",3.25,"0.405000001192093","3.11939120292664","2005",,,,,,,,,,,,,,,,,,,,,,,,,,,,,,,,,,"0"
"1194","35.75",3.25,"0.405000001192093",NA,"1985",,,,,,,,,,,,,,,,,,,,,,,,,,,,,,,,,,"0"
"1195","35.75",3.25,"0.405000001192093","2.44645571708679","2001",,,,,,,,,,,,,,,,,,,,,,,,,,,,,,,,,,"0"
"1196","35.75",3.25,"0.405000001192093",NA,"1987",,,,,,,,,,,,,,,,,,,,,,,,,,,,,,,,,,"0"
"1197","35.75",3.25,"0.405000001192093","4.12275505065918","2017",,,,,,,,,,,,,,,,,,,,,,,,,,,,,,,,,,"0"
"1198","35.75",3.25,"0.405000001192093","3.58227586746216","2014",,,,,,,,,,,,,,,,,,,,,,,,,,,,,,,,,,"0"
"1199","35.75",3.25,"0.405000001192093",NA,"1988",,,,,,,,,,,,,,,,,,,,,,,,,,,,,,,,,,"0"
"1200","35.75",3.25,"0.405000001192093",NA,"1997",,,,,,,,,,,,,,,,,,,,,,,,,,,,,,,,,,"0"
"1201","35.75",3.25,"0.405000001192093",NA,"1989",,,,,,,,,,,,,,,,,,,,,,,,,,,,,,,,,,"0"
"1202","35.75",3.25,"0.405000001192093","5.53102779388428","2019",,,,,,,,,,,,,,,,,,,,,,,,,,,,,,,,,,"0"
"1203","35.75",3.25,"0.405000001192093",NA,"1995",,,,,,,,,,,,,,,,,,,,,,,,,,,,,,,,,,"0"
"1204","35.75",3.25,"0.405000001192093",NA,"1990",,,,,,,,,,,,,,,,,,,,,,,,,,,,,,,,,,"0"
"1205","35.75",3.25,"0.405000001192093","2.96441698074341","2008",,,,,,,,,,,,,,,,,,,,,,,,,,,,,,,,,,"0"
"1206","35.75",3.25,"0.405000001192093","2.05990505218506","2000",,,,,,,,,,,,,,,,,,,,,,,,,,,,,,,,,,"0"
"1207","35.75",3.25,"0.405000001192093",NA,"1993",,,,,,,,,,,,,,,,,,,,,,,,,,,,,,,,,,"0"
"1208","35.75",3.25,"0.405000001192093",NA,"1992",,,,,,,,,,,,,,,,,,,,,,,,,,,,,,,,,,"0"
"1209","35.75",3.25,"0.405000001192093",NA,"2020",,,,,,,,,,,,,,,,,,,,,,,,,,,,,,,,,,"0"
"1210","35.75",3.25,"0.405000001192093","3.84112548828125","2007",,,,,,,,,,,,,,,,,,,,,,,,,,,,,,,,,,"0"
"1211","35.75",3.25,"0.405000001192093","4.47282266616821","2013",,,,,,,,,,,,,,,,,,,,,,,,,,,,,,,,,,"0"
"1212","35.75",3.25,"0.405000001192093",NA,"1986",,,,,,,,,,,,,,,,,,,,,,,,,,,,,,,,,,"0"
"1213","35.75",3.25,"0.405000001192093","3.99954199790955","2003",,,,,,,,,,,,,,,,,,,,,,,,,,,,,,,,,,"0"
"1214","35.75",3.25,"0.405000001192093","3.18987679481506","2002",,,,,,,,,,,,,,,,,,,,,,,,,,,,,,,,,,"0"
"1215","35.75",3.25,"0.405000001192093","3.22940540313721","2004",,,,,,,,,,,,,,,,,,,,,,,,,,,,,,,,,,"0"
"1216","35.75",3.25,"0.405000001192093","3.86496543884277","2015",,,,,,,,,,,,,,,,,,,,,,,,,,,,,,,,,,"0"
"1217","35.75",3.25,"0.405000001192093","4.38711881637573","2012",,,,,,,,,,,,,,,,,,,,,,,,,,,,,,,,,,"0"
"1218","35.75",3.25,"0.405000001192093","3.87925505638123","2011",,,,,,,,,,,,,,,,,,,,,,,,,,,,,,,,,,"0"
"1219","35.75",3.25,"0.405000001192093","6.23880195617676","2018",,,,,,,,,,,,,,,,,,,,,,,,,,,,,,,,,,"0"
"1220","35.75",3.25,"0.405000001192093",NA,"1998",,,,,,,,,,,,,,,,,,,,,,,,,,,,,,,,,,"0"
"1221","35.75",3.25,"0.405000001192093",NA,"1996",,,,,,,,,,,,,,,,,,,,,,,,,,,,,,,,,,"0"
"1222","35.75",3.25,"0.405000001192093","2.72712540626526","2006",,,,,,,,,,,,,,,,,,,,,,,,,,,,,,,,,,"0"
"1223","35.75",3.25,"0.405000001192093",NA,"1991",,,,,,,,,,,,,,,,,,,,,,,,,,,,,,,,,,"0"
"1224","35.75",3.25,"0.405000001192093","2.41341400146484","2009",,,,,,,,,,,,,,,,,,,,,,,,,,,,,,,,,,"0"
"1225","35.75",3.75,"0.405000001192093","8.87378597259521","2016",,,,,,,,,,,,,,,,,,,,,,,,,,,,,,,,,,"0"
"1226","35.75",3.75,"0.405000001192093","9.65161323547363","2019",,,,,,,,,,,,,,,,,,,,,,,,,,,,,,,,,,"0"
"1227","35.75",3.75,"0.405000001192093","9.73616695404053","2014",,,,,,,,,,,,,,,,,,,,,,,,,,,,,,,,,,"0"
"1228","35.75",3.75,"0.405000001192093","5.04654788970947","2009",,,,,,,,,,,,,,,,,,,,,,,,,,,,,,,,,,"0"
"1229","35.75",3.75,"0.405000001192093","4.05817937850952","2000",,,,,,,,,,,,,,,,,,,,,,,,,,,,,,,,,,"0"
"1230","35.75",3.75,"0.405000001192093",NA,"1986",,,,,,,,,,,,,,,,,,,,,,,,,,,,,,,,,,"0"
"1231","35.75",3.75,"0.405000001192093","8.83572101593018","2013",,,,,,,,,,,,,,,,,,,,,,,,,,,,,,,,,,"0"
"1232","35.75",3.75,"0.405000001192093","4.90511512756348","2006",,,,,,,,,,,,,,,,,,,,,,,,,,,,,,,,,,"0"
"1233","35.75",3.75,"0.405000001192093","5.19934797286987","2002",,,,,,,,,,,,,,,,,,,,,,,,,,,,,,,,,,"0"
"1234","35.75",3.75,"0.405000001192093",NA,"1997",,,,,,,,,,,,,,,,,,,,,,,,,,,,,,,,,,"0"
"1235","35.75",3.75,"0.405000001192093","7.73413038253784","2015",,,,,,,,,,,,,,,,,,,,,,,,,,,,,,,,,,"0"
"1236","35.75",3.75,"0.405000001192093",NA,"1996",,,,,,,,,,,,,,,,,,,,,,,,,,,,,,,,,,"0"
"1237","35.75",3.75,"0.405000001192093","9.13790512084961","2012",,,,,,,,,,,,,,,,,,,,,,,,,,,,,,,,,,"0"
"1238","35.75",3.75,"0.405000001192093","5.93611907958984","2008",,,,,,,,,,,,,,,,,,,,,,,,,,,,,,,,,,"0"
"1239","35.75",3.75,"0.405000001192093",NA,"1992",,,,,,,,,,,,,,,,,,,,,,,,,,,,,,,,,,"0"
"1240","35.75",3.75,"0.405000001192093",NA,"1988",,,,,,,,,,,,,,,,,,,,,,,,,,,,,,,,,,"0"
"1241","35.75",3.75,"0.405000001192093",NA,"1995",,,,,,,,,,,,,,,,,,,,,,,,,,,,,,,,,,"0"
"1242","35.75",3.75,"0.405000001192093",NA,"1994",,,,,,,,,,,,,,,,,,,,,,,,,,,,,,,,,,"0"
"1243","35.75",3.75,"0.405000001192093",NA,"2020",,,,,,,,,,,,,,,,,,,,,,,,,,,,,,,,,,"0"
"1244","35.75",3.75,"0.405000001192093","4.88162422180176","2001",,,,,,,,,,,,,,,,,,,,,,,,,,,,,,,,,,"0"
"1245","35.75",3.75,"0.405000001192093",NA,"1990",,,,,,,,,,,,,,,,,,,,,,,,,,,,,,,,,,"0"
"1246","35.75",3.75,"0.405000001192093","8.99437236785889","2017",,,,,,,,,,,,,,,,,,,,,,,,,,,,,,,,,,"0"
"1247","35.75",3.75,"0.405000001192093","5.95771980285645","2004",,,,,,,,,,,,,,,,,,,,,,,,,,,,,,,,,,"0"
"1248","35.75",3.75,"0.405000001192093","6.21387052536011","2005",,,,,,,,,,,,,,,,,,,,,,,,,,,,,,,,,,"0"
"1249","35.75",3.75,"0.405000001192093",NA,"1985",,,,,,,,,,,,,,,,,,,,,,,,,,,,,,,,,,"0"
"1250","35.75",3.75,"0.405000001192093","7.28020143508911","2003",,,,,,,,,,,,,,,,,,,,,,,,,,,,,,,,,,"0"
"1251","35.75",3.75,"0.405000001192093","7.30398988723755","2007",,,,,,,,,,,,,,,,,,,,,,,,,,,,,,,,,,"0"
"1252","35.75",3.75,"0.405000001192093",NA,"1993",,,,,,,,,,,,,,,,,,,,,,,,,,,,,,,,,,"0"
"1253","35.75",3.75,"0.405000001192093",NA,"1987",,,,,,,,,,,,,,,,,,,,,,,,,,,,,,,,,,"0"
"1254","35.75",3.75,"0.405000001192093",NA,"1989",,,,,,,,,,,,,,,,,,,,,,,,,,,,,,,,,,"0"
"1255","35.75",3.75,"0.405000001192093",NA,"1991",,,,,,,,,,,,,,,,,,,,,,,,,,,,,,,,,,"0"
"1256","35.75",3.75,"0.405000001192093","11.907338142395","2018",,,,,,,,,,,,,,,,,,,,,,,,,,,,,,,,,,"0"
"1257","35.75",3.75,"0.405000001192093","6.99449396133423","2011",,,,,,,,,,,,,,,,,,,,,,,,,,,,,,,,,,"0"
"1258","35.75",3.75,"0.405000001192093","8.18667984008789","2010",,,,,,,,,,,,,,,,,,,,,,,,,,,,,,,,,,"0"
"1259","35.75",3.75,"0.405000001192093",NA,"1998",,,,,,,,,,,,,,,,,,,,,,,,,,,,,,,,,,"0"
"1260","35.75",3.75,"0.405000001192093","5.08332586288452","1999",,,,,,,,,,,,,,,,,,,,,,,,,,,,,,,,,,"0"
"1261","35.75",4.25,"0.405000001192093","9.9657154083252","2002",,,,,,,,,,,,,,,,,,,,,,,,,,,,,,,,,,"0"
"1262","35.75",4.25,"0.405000001192093","18.235221862793","2019",,,,,,,,,,,,,,,,,,,,,,,,,,,,,,,,,,"0"
"1263","35.75",4.25,"0.405000001192093","7.75288677215576","2000",,,,,,,,,,,,,,,,,,,,,,,,,,,,,,,,,,"0"
"1264","35.75",4.25,"0.405000001192093",NA,"1990",,,,,,,,,,,,,,,,,,,,,,,,,,,,,,,,,,"0"
"1265","35.75",4.25,"0.405000001192093",NA,"1993",,,,,,,,,,,,,,,,,,,,,,,,,,,,,,,,,,"0"
"1266","35.75",4.25,"0.405000001192093","13.7905006408691","2015",,,,,,,,,,,,,,,,,,,,,,,,,,,,,,,,,,"0"
"1267","35.75",4.25,"0.405000001192093","14.1099033355713","2016",,,,,,,,,,,,,,,,,,,,,,,,,,,,,,,,,,"0"
"1268","35.75",4.25,"0.405000001192093",NA,"1995",,,,,,,,,,,,,,,,,,,,,,,,,,,,,,,,,,"0"
"1269","35.75",4.25,"0.405000001192093",NA,"1991",,,,,,,,,,,,,,,,,,,,,,,,,,,,,,,,,,"0"
"1270","35.75",4.25,"0.405000001192093","10.2160511016846","2008",,,,,,,,,,,,,,,,,,,,,,,,,,,,,,,,,,"0"
"1271","35.75",4.25,"0.405000001192093","12.639612197876","2005",,,,,,,,,,,,,,,,,,,,,,,,,,,,,,,,,,"0"
"1272","35.75",4.25,"0.405000001192093","14.3210563659668","2010",,,,,,,,,,,,,,,,,,,,,,,,,,,,,,,,,,"0"
"1273","35.75",4.25,"0.405000001192093",NA,"1992",,,,,,,,,,,,,,,,,,,,,,,,,,,,,,,,,,"0"
"1274","35.75",4.25,"0.405000001192093","15.0189456939697","2014",,,,,,,,,,,,,,,,,,,,,,,,,,,,,,,,,,"0"
"1275","35.75",4.25,"0.405000001192093",NA,"2020",,,,,,,,,,,,,,,,,,,,,,,,,,,,,,,,,,"0"
"1276","35.75",4.25,"0.405000001192093","8.95047855377197","2001",,,,,,,,,,,,,,,,,,,,,,,,,,,,,,,,,,"0"
"1277","35.75",4.25,"0.405000001192093","9.94077968597412","2009",,,,,,,,,,,,,,,,,,,,,,,,,,,,,,,,,,"0"
"1278","35.75",4.25,"0.405000001192093","16.2120780944824","2017",,,,,,,,,,,,,,,,,,,,,,,,,,,,,,,,,,"0"
"1279","35.75",4.25,"0.405000001192093",NA,"1997",,,,,,,,,,,,,,,,,,,,,,,,,,,,,,,,,,"0"
"1280","35.75",4.25,"0.405000001192093","16.3856754302979","2012",,,,,,,,,,,,,,,,,,,,,,,,,,,,,,,,,,"0"
"1281","35.75",4.25,"0.405000001192093",NA,"1987",,,,,,,,,,,,,,,,,,,,,,,,,,,,,,,,,,"0"
"1282","35.75",4.25,"0.405000001192093",NA,"1994",,,,,,,,,,,,,,,,,,,,,,,,,,,,,,,,,,"0"
"1283","35.75",4.25,"0.405000001192093",NA,"1989",,,,,,,,,,,,,,,,,,,,,,,,,,,,,,,,,,"0"
"1284","35.75",4.25,"0.405000001192093","10.6641492843628","2004",,,,,,,,,,,,,,,,,,,,,,,,,,,,,,,,,,"0"
"1285","35.75",4.25,"0.405000001192093","12.2432622909546","2011",,,,,,,,,,,,,,,,,,,,,,,,,,,,,,,,,,"0"
"1286","35.75",4.25,"0.405000001192093","15.6412563323975","2007",,,,,,,,,,,,,,,,,,,,,,,,,,,,,,,,,,"0"
"1287","35.75",4.25,"0.405000001192093","8.75434398651123","1999",,,,,,,,,,,,,,,,,,,,,,,,,,,,,,,,,,"0"
"1288","35.75",4.25,"0.405000001192093","14.9684772491455","2003",,,,,,,,,,,,,,,,,,,,,,,,,,,,,,,,,,"0"
"1289","35.75",4.25,"0.405000001192093","10.823073387146","2006",,,,,,,,,,,,,,,,,,,,,,,,,,,,,,,,,,"0"
"1290","35.75",4.25,"0.405000001192093",NA,"1996",,,,,,,,,,,,,,,,,,,,,,,,,,,,,,,,,,"0"
"1291","35.75",4.25,"0.405000001192093",NA,"1986",,,,,,,,,,,,,,,,,,,,,,,,,,,,,,,,,,"0"
"1292","35.75",4.25,"0.405000001192093","14.0620231628418","2013",,,,,,,,,,,,,,,,,,,,,,,,,,,,,,,,,,"0"
"1293","35.75",4.25,"0.405000001192093",NA,"1988",,,,,,,,,,,,,,,,,,,,,,,,,,,,,,,,,,"0"
"1294","35.75",4.25,"0.405000001192093",NA,"1998",,,,,,,,,,,,,,,,,,,,,,,,,,,,,,,,,,"0"
"1295","35.75",4.25,"0.405000001192093","19.6257953643799","2018",,,,,,,,,,,,,,,,,,,,,,,,,,,,,,,,,,"0"
"1296","35.75",4.25,"0.405000001192093",NA,"1985",,,,,,,,,,,,,,,,,,,,,,,,,,,,,,,,,,"0"
"1297","36.25",-2.25,"0.025000000372529","18.7079792022705","2017",,,,,,,,,,,,,,,,,,,,,,,,,,,,,,,,,,"0"
"1298","36.25",-2.25,"0.025000000372529","35.7952651977539","2018",,,,,,,,,,,,,,,,,,,,,,,,,,,,,,,,,,"0"
"1299","36.25",-2.25,"0.025000000372529","22.1636428833008","1999",,,,,,,,,,,,,,,,,,,,,,,,,,,,,,,,,,"0"
"1300","36.25",-2.25,"0.025000000372529","29.7688751220703","2003",,,,,,,,,,,,,,,,,,,,,,,,,,,,,,,,,,"0"
"1301","36.25",-2.25,"0.025000000372529","15.7314434051514","2000",,,,,,,,,,,,,,,,,,,,,,,,,,,,,,,,,,"0"
"1302","36.25",-2.25,"0.025000000372529",NA,"1996",,,,,,,,,,,,,,,,,,,,,,,,,,,,,,,,,,"0"
"1303","36.25",-2.25,"0.025000000372529","20.4845237731934","2004",,,,,,,,,,,,,,,,,,,,,,,,,,,,,,,,,,"0"
"1304","36.25",-2.25,"0.025000000372529","32.8459434509277","2001",,,,,,,,,,,,,,,,,,,,,,,,,,,,,,,,,,"0"
"1305","36.25",-2.25,"0.025000000372529","22.927225112915","2011",,,,,,,,,,,,,,,,,,,,,,,,,,,,,,,,,,"0"
"1306","36.25",-2.25,"0.025000000372529",NA,"1997",,,,,,,,,,,,,,,,,,,,,,,,,,,,,,,,,,"0"
"1307","36.25",-2.25,"0.025000000372529","28.1765995025635","2007",,,,,,,,,,,,,,,,,,,,,,,,,,,,,,,,,,"0"
"1308","36.25",-2.25,"0.025000000372529","28.4682788848877","2016",,,,,,,,,,,,,,,,,,,,,,,,,,,,,,,,,,"0"
"1309","36.25",-2.25,"0.025000000372529",NA,"1993",,,,,,,,,,,,,,,,,,,,,,,,,,,,,,,,,,"0"
"1310","36.25",-2.25,"0.025000000372529","27.4988632202148","2014",,,,,,,,,,,,,,,,,,,,,,,,,,,,,,,,,,"0"
"1311","36.25",-2.25,"0.025000000372529","29.5757350921631","2002",,,,,,,,,,,,,,,,,,,,,,,,,,,,,,,,,,"0"
"1312","36.25",-2.25,"0.025000000372529",NA,"1990",,,,,,,,,,,,,,,,,,,,,,,,,,,,,,,,,,"0"
"1313","36.25",-2.25,"0.025000000372529","27.65114402771","2019",,,,,,,,,,,,,,,,,,,,,,,,,,,,,,,,,,"0"
"1314","36.25",-2.25,"0.025000000372529",NA,"1989",,,,,,,,,,,,,,,,,,,,,,,,,,,,,,,,,,"0"
"1315","36.25",-2.25,"0.025000000372529",NA,"1987",,,,,,,,,,,,,,,,,,,,,,,,,,,,,,,,,,"0"
"1316","36.25",-2.25,"0.025000000372529",NA,"2020",,,,,,,,,,,,,,,,,,,,,,,,,,,,,,,,,,"0"
"1317","36.25",-2.25,"0.025000000372529",NA,"1986",,,,,,,,,,,,,,,,,,,,,,,,,,,,,,,,,,"0"
"1318","36.25",-2.25,"0.025000000372529","27.173246383667","2006",,,,,,,,,,,,,,,,,,,,,,,,,,,,,,,,,,"0"
"1319","36.25",-2.25,"0.025000000372529",NA,"1985",,,,,,,,,,,,,,,,,,,,,,,,,,,,,,,,,,"0"
"1320","36.25",-2.25,"0.025000000372529",NA,"1995",,,,,,,,,,,,,,,,,,,,,,,,,,,,,,,,,,"0"
"1321","36.25",-2.25,"0.025000000372529","24.8106994628906","2008",,,,,,,,,,,,,,,,,,,,,,,,,,,,,,,,,,"0"
"1322","36.25",-2.25,"0.025000000372529",NA,"1992",,,,,,,,,,,,,,,,,,,,,,,,,,,,,,,,,,"0"
"1323","36.25",-2.25,"0.025000000372529","14.615592956543","2009",,,,,,,,,,,,,,,,,,,,,,,,,,,,,,,,,,"0"
"1324","36.25",-2.25,"0.025000000372529","36.8898391723633","2013",,,,,,,,,,,,,,,,,,,,,,,,,,,,,,,,,,"0"
"1325","36.25",-2.25,"0.025000000372529","21.917121887207","2005",,,,,,,,,,,,,,,,,,,,,,,,,,,,,,,,,,"0"
"1326","36.25",-2.25,"0.025000000372529","26.825704574585","2015",,,,,,,,,,,,,,,,,,,,,,,,,,,,,,,,,,"0"
"1327","36.25",-2.25,"0.025000000372529","33.0486145019531","2012",,,,,,,,,,,,,,,,,,,,,,,,,,,,,,,,,,"0"
"1328","36.25",-2.25,"0.025000000372529",NA,"1988",,,,,,,,,,,,,,,,,,,,,,,,,,,,,,,,,,"0"
"1329","36.25",-2.25,"0.025000000372529",NA,"1991",,,,,,,,,,,,,,,,,,,,,,,,,,,,,,,,,,"0"
"1330","36.25",-2.25,"0.025000000372529","31.0185527801514","2010",,,,,,,,,,,,,,,,,,,,,,,,,,,,,,,,,,"0"
"1331","36.25",-2.25,"0.025000000372529",NA,"1998",,,,,,,,,,,,,,,,,,,,,,,,,,,,,,,,,,"0"
"1332","36.25",-2.25,"0.025000000372529",NA,"1994",,,,,,,,,,,,,,,,,,,,,,,,,,,,,,,,,,"0"
"1333","36.25",-1.75,"0.025000000372529","29.3097801208496","2002",,,,,,,,,,,,,,,,,,,,,,,,,,,,,,,,,,"0"
"1334","36.25",-1.75,"0.025000000372529",NA,"1985",,,,,,,,,,,,,,,,,,,,,,,,,,,,,,,,,,"0"
"1335","36.25",-1.75,"0.025000000372529","30.1453247070312","2007",,,,,,,,,,,,,,,,,,,,,,,,,,,,,,,,,,"0"
"1336","36.25",-1.75,"0.025000000372529","27.5138607025146","2003",,,,,,,,,,,,,,,,,,,,,,,,,,,,,,,,,,"0"
"1337","36.25",-1.75,"0.025000000372529","37.7814598083496","2018",,,,,,,,,,,,,,,,,,,,,,,,,,,,,,,,,,"0"
"1338","36.25",-1.75,"0.025000000372529","26.5522365570068","2006",,,,,,,,,,,,,,,,,,,,,,,,,,,,,,,,,,"0"
"1339","36.25",-1.75,"0.025000000372529","23.0631847381592","2011",,,,,,,,,,,,,,,,,,,,,,,,,,,,,,,,,,"0"
"1340","36.25",-1.75,"0.025000000372529","32.6334686279297","2012",,,,,,,,,,,,,,,,,,,,,,,,,,,,,,,,,,"0"
"1341","36.25",-1.75,"0.025000000372529","16.1244201660156","2009",,,,,,,,,,,,,,,,,,,,,,,,,,,,,,,,,,"0"
"1342","36.25",-1.75,"0.025000000372529","33.5114974975586","2016",,,,,,,,,,,,,,,,,,,,,,,,,,,,,,,,,,"0"
"1343","36.25",-1.75,"0.025000000372529","24.5158004760742","2005",,,,,,,,,,,,,,,,,,,,,,,,,,,,,,,,,,"0"
"1344","36.25",-1.75,"0.025000000372529",NA,"1993",,,,,,,,,,,,,,,,,,,,,,,,,,,,,,,,,,"0"
"1345","36.25",-1.75,"0.025000000372529","14.9953212738037","2000",,,,,,,,,,,,,,,,,,,,,,,,,,,,,,,,,,"0"
"1346","36.25",-1.75,"0.025000000372529","24.4545269012451","2008",,,,,,,,,,,,,,,,,,,,,,,,,,,,,,,,,,"0"
"1347","36.25",-1.75,"0.025000000372529",NA,"1995",,,,,,,,,,,,,,,,,,,,,,,,,,,,,,,,,,"0"
"1348","36.25",-1.75,"0.025000000372529",NA,"1990",,,,,,,,,,,,,,,,,,,,,,,,,,,,,,,,,,"0"
"1349","36.25",-1.75,"0.025000000372529",NA,"1996",,,,,,,,,,,,,,,,,,,,,,,,,,,,,,,,,,"0"
"1350","36.25",-1.75,"0.025000000372529",NA,"1992",,,,,,,,,,,,,,,,,,,,,,,,,,,,,,,,,,"0"
"1351","36.25",-1.75,"0.025000000372529",NA,"1998",,,,,,,,,,,,,,,,,,,,,,,,,,,,,,,,,,"0"
"1352","36.25",-1.75,"0.025000000372529","21.5687122344971","2017",,,,,,,,,,,,,,,,,,,,,,,,,,,,,,,,,,"0"
"1353","36.25",-1.75,"0.025000000372529","32.3579635620117","2001",,,,,,,,,,,,,,,,,,,,,,,,,,,,,,,,,,"0"
"1354","36.25",-1.75,"0.025000000372529",NA,"1994",,,,,,,,,,,,,,,,,,,,,,,,,,,,,,,,,,"0"
"1355","36.25",-1.75,"0.025000000372529","32.162353515625","2010",,,,,,,,,,,,,,,,,,,,,,,,,,,,,,,,,,"0"
"1356","36.25",-1.75,"0.025000000372529",NA,"2020",,,,,,,,,,,,,,,,,,,,,,,,,,,,,,,,,,"0"
"1357","36.25",-1.75,"0.025000000372529",NA,"1987",,,,,,,,,,,,,,,,,,,,,,,,,,,,,,,,,,"0"
"1358","36.25",-1.75,"0.025000000372529",NA,"1991",,,,,,,,,,,,,,,,,,,,,,,,,,,,,,,,,,"0"
"1359","36.25",-1.75,"0.025000000372529","39.033145904541","2013",,,,,,,,,,,,,,,,,,,,,,,,,,,,,,,,,,"0"
"1360","36.25",-1.75,"0.025000000372529",NA,"1986",,,,,,,,,,,,,,,,,,,,,,,,,,,,,,,,,,"0"
"1361","36.25",-1.75,"0.025000000372529","31.7553176879883","2015",,,,,,,,,,,,,,,,,,,,,,,,,,,,,,,,,,"0"
"1362","36.25",-1.75,"0.025000000372529","31.9615917205811","2019",,,,,,,,,,,,,,,,,,,,,,,,,,,,,,,,,,"0"
"1363","36.25",-1.75,"0.025000000372529","28.0310974121094","2014",,,,,,,,,,,,,,,,,,,,,,,,,,,,,,,,,,"0"
"1364","36.25",-1.75,"0.025000000372529","24.4856414794922","2004",,,,,,,,,,,,,,,,,,,,,,,,,,,,,,,,,,"0"
"1365","36.25",-1.75,"0.025000000372529",NA,"1988",,,,,,,,,,,,,,,,,,,,,,,,,,,,,,,,,,"0"
"1366","36.25",-1.75,"0.025000000372529",NA,"1997",,,,,,,,,,,,,,,,,,,,,,,,,,,,,,,,,,"0"
"1367","36.25",-1.75,"0.025000000372529","25.0784511566162","1999",,,,,,,,,,,,,,,,,,,,,,,,,,,,,,,,,,"0"
"1368","36.25",-1.75,"0.025000000372529",NA,"1989",,,,,,,,,,,,,,,,,,,,,,,,,,,,,,,,,,"0"
"1369","36.25",-1.25,"0.025000000372529","40.5002899169922","2001",,,,,,,,,,,,,,,,,,,,,,,,,,,,,,,,,,"0"
"1370","36.25",-1.25,"0.025000000372529",NA,"1990",,,,,,,,,,,,,,,,,,,,,,,,,,,,,,,,,,"0"
"1371","36.25",-1.25,"0.025000000372529",NA,"1991",,,,,,,,,,,,,,,,,,,,,,,,,,,,,,,,,,"0"
"1372","36.25",-1.25,"0.025000000372529","34.4728088378906","2002",,,,,,,,,,,,,,,,,,,,,,,,,,,,,,,,,,"0"
"1373","36.25",-1.25,"0.025000000372529","31.2031059265137","2017",,,,,,,,,,,,,,,,,,,,,,,,,,,,,,,,,,"0"
"1374","36.25",-1.25,"0.025000000372529",NA,"2020",,,,,,,,,,,,,,,,,,,,,,,,,,,,,,,,,,"0"
"1375","36.25",-1.25,"0.025000000372529",NA,"1995",,,,,,,,,,,,,,,,,,,,,,,,,,,,,,,,,,"0"
"1376","36.25",-1.25,"0.025000000372529","40.0903625488281","2012",,,,,,,,,,,,,,,,,,,,,,,,,,,,,,,,,,"0"
"1377","36.25",-1.25,"0.025000000372529","19.8930416107178","2009",,,,,,,,,,,,,,,,,,,,,,,,,,,,,,,,,,"0"
"1378","36.25",-1.25,"0.025000000372529","37.4404296875","2003",,,,,,,,,,,,,,,,,,,,,,,,,,,,,,,,,,"0"
"1379","36.25",-1.25,"0.025000000372529",NA,"1989",,,,,,,,,,,,,,,,,,,,,,,,,,,,,,,,,,"0"
"1380","36.25",-1.25,"0.025000000372529","41.8635215759277","2013",,,,,,,,,,,,,,,,,,,,,,,,,,,,,,,,,,"0"
"1381","36.25",-1.25,"0.025000000372529","29.4011287689209","2005",,,,,,,,,,,,,,,,,,,,,,,,,,,,,,,,,,"0"
"1382","36.25",-1.25,"0.025000000372529",NA,"1986",,,,,,,,,,,,,,,,,,,,,,,,,,,,,,,,,,"0"
"1383","36.25",-1.25,"0.025000000372529",NA,"1994",,,,,,,,,,,,,,,,,,,,,,,,,,,,,,,,,,"0"
"1384","36.25",-1.25,"0.025000000372529",NA,"1992",,,,,,,,,,,,,,,,,,,,,,,,,,,,,,,,,,"0"
"1385","36.25",-1.25,"0.025000000372529",NA,"1997",,,,,,,,,,,,,,,,,,,,,,,,,,,,,,,,,,"0"
"1386","36.25",-1.25,"0.025000000372529",NA,"1993",,,,,,,,,,,,,,,,,,,,,,,,,,,,,,,,,,"0"
"1387","36.25",-1.25,"0.025000000372529","27.9711990356445","2008",,,,,,,,,,,,,,,,,,,,,,,,,,,,,,,,,,"0"
"1388","36.25",-1.25,"0.025000000372529","39.7018508911133","2015",,,,,,,,,,,,,,,,,,,,,,,,,,,,,,,,,,"0"
"1389","36.25",-1.25,"0.025000000372529","34.4206504821777","2006",,,,,,,,,,,,,,,,,,,,,,,,,,,,,,,,,,"0"
"1390","36.25",-1.25,"0.025000000372529","30.5881004333496","2004",,,,,,,,,,,,,,,,,,,,,,,,,,,,,,,,,,"0"
"1391","36.25",-1.25,"0.025000000372529","41.8146896362305","2019",,,,,,,,,,,,,,,,,,,,,,,,,,,,,,,,,,"0"
"1392","36.25",-1.25,"0.025000000372529","42.2795143127441","2007",,,,,,,,,,,,,,,,,,,,,,,,,,,,,,,,,,"0"
"1393","36.25",-1.25,"0.025000000372529",NA,"1988",,,,,,,,,,,,,,,,,,,,,,,,,,,,,,,,,,"0"
"1394","36.25",-1.25,"0.025000000372529","22.4189262390137","2000",,,,,,,,,,,,,,,,,,,,,,,,,,,,,,,,,,"0"
"1395","36.25",-1.25,"0.025000000372529",NA,"1996",,,,,,,,,,,,,,,,,,,,,,,,,,,,,,,,,,"0"
"1396","36.25",-1.25,"0.025000000372529",NA,"1998",,,,,,,,,,,,,,,,,,,,,,,,,,,,,,,,,,"0"
"1397","36.25",-1.25,"0.025000000372529",NA,"1985",,,,,,,,,,,,,,,,,,,,,,,,,,,,,,,,,,"0"
"1398","36.25",-1.25,"0.025000000372529","29.8523426055908","1999",,,,,,,,,,,,,,,,,,,,,,,,,,,,,,,,,,"0"
"1399","36.25",-1.25,"0.025000000372529",NA,"1987",,,,,,,,,,,,,,,,,,,,,,,,,,,,,,,,,,"0"
"1400","36.25",-1.25,"0.025000000372529","40.0566749572754","2010",,,,,,,,,,,,,,,,,,,,,,,,,,,,,,,,,,"0"
"1401","36.25",-1.25,"0.025000000372529","45.1152381896973","2018",,,,,,,,,,,,,,,,,,,,,,,,,,,,,,,,,,"0"
"1402","36.25",-1.25,"0.025000000372529","29.8954200744629","2011",,,,,,,,,,,,,,,,,,,,,,,,,,,,,,,,,,"0"
"1403","36.25",-1.25,"0.025000000372529","45.0094184875488","2016",,,,,,,,,,,,,,,,,,,,,,,,,,,,,,,,,,"0"
"1404","36.25",-1.25,"0.025000000372529","38.1052055358887","2014",,,,,,,,,,,,,,,,,,,,,,,,,,,,,,,,,,"0"
"1405","36.25",-0.75,"0.025000000372529",NA,"1992",,,,,,,,,,,,,,,,,,,,,,,,,,,,,,,,,,"0"
"1406","36.25",-0.75,"0.025000000372529","68.5936508178711","2019",,,,,,,,,,,,,,,,,,,,,,,,,,,,,,,,,,"0"
"1407","36.25",-0.75,"0.025000000372529","64.3178024291992","2014",,,,,,,,,,,,,,,,,,,,,,,,,,,,,,,,,,"0"
"1408","36.25",-0.75,"0.025000000372529","63.6239967346191","2007",,,,,,,,,,,,,,,,,,,,,,,,,,,,,,,,,,"0"
"1409","36.25",-0.75,"0.025000000372529",NA,"1986",,,,,,,,,,,,,,,,,,,,,,,,,,,,,,,,,,"0"
"1410","36.25",-0.75,"0.025000000372529","64.7408294677734","2015",,,,,,,,,,,,,,,,,,,,,,,,,,,,,,,,,,"0"
"1411","36.25",-0.75,"0.025000000372529","67.1021728515625","2018",,,,,,,,,,,,,,,,,,,,,,,,,,,,,,,,,,"0"
"1412","36.25",-0.75,"0.025000000372529",NA,"1985",,,,,,,,,,,,,,,,,,,,,,,,,,,,,,,,,,"0"
"1413","36.25",-0.75,"0.025000000372529",NA,"1998",,,,,,,,,,,,,,,,,,,,,,,,,,,,,,,,,,"0"
"1414","36.25",-0.75,"0.025000000372529",NA,"1989",,,,,,,,,,,,,,,,,,,,,,,,,,,,,,,,,,"0"
"1415","36.25",-0.75,"0.025000000372529",NA,"1995",,,,,,,,,,,,,,,,,,,,,,,,,,,,,,,,,,"0"
"1416","36.25",-0.75,"0.025000000372529","61.6142196655273","2017",,,,,,,,,,,,,,,,,,,,,,,,,,,,,,,,,,"0"
"1417","36.25",-0.75,"0.025000000372529","59.5185775756836","2003",,,,,,,,,,,,,,,,,,,,,,,,,,,,,,,,,,"0"
"1418","36.25",-0.75,"0.025000000372529","51.5502090454102","2004",,,,,,,,,,,,,,,,,,,,,,,,,,,,,,,,,,"0"
"1419","36.25",-0.75,"0.025000000372529","47.4977188110352","1999",,,,,,,,,,,,,,,,,,,,,,,,,,,,,,,,,,"0"
"1420","36.25",-0.75,"0.025000000372529",NA,"1990",,,,,,,,,,,,,,,,,,,,,,,,,,,,,,,,,,"0"
"1421","36.25",-0.75,"0.025000000372529","62.5923347473145","2013",,,,,,,,,,,,,,,,,,,,,,,,,,,,,,,,,,"0"
"1422","36.25",-0.75,"0.025000000372529",NA,"1997",,,,,,,,,,,,,,,,,,,,,,,,,,,,,,,,,,"0"
"1423","36.25",-0.75,"0.025000000372529","39.9835777282715","2000",,,,,,,,,,,,,,,,,,,,,,,,,,,,,,,,,,"0"
"1424","36.25",-0.75,"0.025000000372529",NA,"1993",,,,,,,,,,,,,,,,,,,,,,,,,,,,,,,,,,"0"
"1425","36.25",-0.75,"0.025000000372529","53.913501739502","2002",,,,,,,,,,,,,,,,,,,,,,,,,,,,,,,,,,"0"
"1426","36.25",-0.75,"0.025000000372529","51.3054656982422","2006",,,,,,,,,,,,,,,,,,,,,,,,,,,,,,,,,,"0"
"1427","36.25",-0.75,"0.025000000372529",NA,"1994",,,,,,,,,,,,,,,,,,,,,,,,,,,,,,,,,,"0"
"1428","36.25",-0.75,"0.025000000372529","38.5817604064941","2009",,,,,,,,,,,,,,,,,,,,,,,,,,,,,,,,,,"0"
"1429","36.25",-0.75,"0.025000000372529",NA,"2020",,,,,,,,,,,,,,,,,,,,,,,,,,,,,,,,,,"0"
"1430","36.25",-0.75,"0.025000000372529",NA,"1988",,,,,,,,,,,,,,,,,,,,,,,,,,,,,,,,,,"0"
"1431","36.25",-0.75,"0.025000000372529","61.5652046203613","2001",,,,,,,,,,,,,,,,,,,,,,,,,,,,,,,,,,"0"
"1432","36.25",-0.75,"0.025000000372529",NA,"1996",,,,,,,,,,,,,,,,,,,,,,,,,,,,,,,,,,"0"
"1433","36.25",-0.75,"0.025000000372529",NA,"1991",,,,,,,,,,,,,,,,,,,,,,,,,,,,,,,,,,"0"
"1434","36.25",-0.75,"0.025000000372529","65.2649459838867","2010",,,,,,,,,,,,,,,,,,,,,,,,,,,,,,,,,,"0"
"1435","36.25",-0.75,"0.025000000372529","49.0422897338867","2008",,,,,,,,,,,,,,,,,,,,,,,,,,,,,,,,,,"0"
"1436","36.25",-0.75,"0.025000000372529","60.3939056396484","2012",,,,,,,,,,,,,,,,,,,,,,,,,,,,,,,,,,"0"
"1437","36.25",-0.75,"0.025000000372529","58.3852195739746","2011",,,,,,,,,,,,,,,,,,,,,,,,,,,,,,,,,,"0"
"1438","36.25",-0.75,"0.025000000372529",NA,"1987",,,,,,,,,,,,,,,,,,,,,,,,,,,,,,,,,,"0"
"1439","36.25",-0.75,"0.025000000372529","50.2267036437988","2005",,,,,,,,,,,,,,,,,,,,,,,,,,,,,,,,,,"0"
"1440","36.25",-0.75,"0.025000000372529","75.7184143066406","2016",,,,,,,,,,,,,,,,,,,,,,,,,,,,,,,,,,"0"
"1441","36.25",-0.25,"0.025000000372529","54.4226379394531","1999","1","1","1","1","1","1","1","1","1","1","1","1","1","1","1","1","1","1","1","1","1","1","1","1","1","1","1","1","1","1","1","1","1","1"
"1442","36.25",-0.25,"0.025000000372529","64.7534561157227","2003","1","1","1","1","1","1","1","1","1","1","1","1","1","1","1","1","1","1","1","1","1","1","1","1","1","1","1","1","1","1","1","1","1","1"
"1443","36.25",-0.25,"0.025000000372529","76.5199584960938","2010","1","1","1","1","1","1","1","1","1","1","1","1","1","1","1","1","1","1","1","1","1","1","1","1","1","1","1","1","1","1","1","1","1","1"
"1444","36.25",-0.25,"0.025000000372529","59.0776672363281","2002","1","1","1","1","1","1","1","1","1","1","1","1","1","1","1","1","1","1","1","1","1","1","1","1","1","1","1","1","1","1","1","1","1","1"
"1445","36.25",-0.25,"0.025000000372529",NA,"1986","1","1","1","1","1","1","1","1","1","1","1","1","1","1","1","1","1","1","1","1","1","1","1","1","1","1","1","1","1","1","1","1","1","1"
"1446","36.25",-0.25,"0.025000000372529",NA,"1994","1","1","1","1","1","1","1","1","1","1","1","1","1","1","1","1","1","1","1","1","1","1","1","1","1","1","1","1","1","1","1","1","1","1"
"1447","36.25",-0.25,"0.025000000372529","45.1872329711914","2009","1","1","1","1","1","1","1","1","1","1","1","1","1","1","1","1","1","1","1","1","1","1","1","1","1","1","1","1","1","1","1","1","1","1"
"1448","36.25",-0.25,"0.025000000372529","70.0252380371094","2011","1","1","1","1","1","1","1","1","1","1","1","1","1","1","1","1","1","1","1","1","1","1","1","1","1","1","1","1","1","1","1","1","1","1"
"1449","36.25",-0.25,"0.025000000372529",NA,"1988","1","1","1","1","1","1","1","1","1","1","1","1","1","1","1","1","1","1","1","1","1","1","1","1","1","1","1","1","1","1","1","1","1","1"
"1450","36.25",-0.25,"0.025000000372529",NA,"1997","1","1","1","1","1","1","1","1","1","1","1","1","1","1","1","1","1","1","1","1","1","1","1","1","1","1","1","1","1","1","1","1","1","1"
"1451","36.25",-0.25,"0.025000000372529","61.0715675354004","2004","1","1","1","1","1","1","1","1","1","1","1","1","1","1","1","1","1","1","1","1","1","1","1","1","1","1","1","1","1","1","1","1","1","1"
"1452","36.25",-0.25,"0.025000000372529","69.7854690551758","2015","1","1","1","1","1","1","1","1","1","1","1","1","1","1","1","1","1","1","1","1","1","1","1","1","1","1","1","1","1","1","1","1","1","1"
"1453","36.25",-0.25,"0.025000000372529",NA,"1989","1","1","1","1","1","1","1","1","1","1","1","1","1","1","1","1","1","1","1","1","1","1","1","1","1","1","1","1","1","1","1","1","1","1"
"1454","36.25",-0.25,"0.025000000372529",NA,"1995","1","1","1","1","1","1","1","1","1","1","1","1","1","1","1","1","1","1","1","1","1","1","1","1","1","1","1","1","1","1","1","1","1","1"
"1455","36.25",-0.25,"0.025000000372529",NA,"1992","1","1","1","1","1","1","1","1","1","1","1","1","1","1","1","1","1","1","1","1","1","1","1","1","1","1","1","1","1","1","1","1","1","1"
"1456","36.25",-0.25,"0.025000000372529","68.8148422241211","2017","1","1","1","1","1","1","1","1","1","1","1","1","1","1","1","1","1","1","1","1","1","1","1","1","1","1","1","1","1","1","1","1","1","1"
"1457","36.25",-0.25,"0.025000000372529","58.8262367248535","2008","1","1","1","1","1","1","1","1","1","1","1","1","1","1","1","1","1","1","1","1","1","1","1","1","1","1","1","1","1","1","1","1","1","1"
"1458","36.25",-0.25,"0.025000000372529",NA,"1993","1","1","1","1","1","1","1","1","1","1","1","1","1","1","1","1","1","1","1","1","1","1","1","1","1","1","1","1","1","1","1","1","1","1"
"1459","36.25",-0.25,"0.025000000372529","74.9971389770508","2019","1","1","1","1","1","1","1","1","1","1","1","1","1","1","1","1","1","1","1","1","1","1","1","1","1","1","1","1","1","1","1","1","1","1"
"1460","36.25",-0.25,"0.025000000372529","79.231086730957","2016","1","1","1","1","1","1","1","1","1","1","1","1","1","1","1","1","1","1","1","1","1","1","1","1","1","1","1","1","1","1","1","1","1","1"
"1461","36.25",-0.25,"0.025000000372529",NA,"1990","1","1","1","1","1","1","1","1","1","1","1","1","1","1","1","1","1","1","1","1","1","1","1","1","1","1","1","1","1","1","1","1","1","1"
"1462","36.25",-0.25,"0.025000000372529",NA,"2020","1","1","1","1","1","1","1","1","1","1","1","1","1","1","1","1","1","1","1","1","1","1","1","1","1","1","1","1","1","1","1","1","1","1"
"1463","36.25",-0.25,"0.025000000372529","75.9831771850586","2018","1","1","1","1","1","1","1","1","1","1","1","1","1","1","1","1","1","1","1","1","1","1","1","1","1","1","1","1","1","1","1","1","1","1"
"1464","36.25",-0.25,"0.025000000372529","77.3225173950195","2013","1","1","1","1","1","1","1","1","1","1","1","1","1","1","1","1","1","1","1","1","1","1","1","1","1","1","1","1","1","1","1","1","1","1"
"1465","36.25",-0.25,"0.025000000372529","72.8756790161133","2014","1","1","1","1","1","1","1","1","1","1","1","1","1","1","1","1","1","1","1","1","1","1","1","1","1","1","1","1","1","1","1","1","1","1"
"1466","36.25",-0.25,"0.025000000372529","62.1857986450195","2005","1","1","1","1","1","1","1","1","1","1","1","1","1","1","1","1","1","1","1","1","1","1","1","1","1","1","1","1","1","1","1","1","1","1"
"1467","36.25",-0.25,"0.025000000372529","64.6416015625","2001","1","1","1","1","1","1","1","1","1","1","1","1","1","1","1","1","1","1","1","1","1","1","1","1","1","1","1","1","1","1","1","1","1","1"
"1468","36.25",-0.25,"0.025000000372529","61.1454925537109","2006","1","1","1","1","1","1","1","1","1","1","1","1","1","1","1","1","1","1","1","1","1","1","1","1","1","1","1","1","1","1","1","1","1","1"
"1469","36.25",-0.25,"0.025000000372529","48.9318885803223","2000","1","1","1","1","1","1","1","1","1","1","1","1","1","1","1","1","1","1","1","1","1","1","1","1","1","1","1","1","1","1","1","1","1","1"
"1470","36.25",-0.25,"0.025000000372529","69.1650924682617","2007","1","1","1","1","1","1","1","1","1","1","1","1","1","1","1","1","1","1","1","1","1","1","1","1","1","1","1","1","1","1","1","1","1","1"
"1471","36.25",-0.25,"0.025000000372529",NA,"1985","1","1","1","1","1","1","1","1","1","1","1","1","1","1","1","1","1","1","1","1","1","1","1","1","1","1","1","1","1","1","1","1","1","1"
"1472","36.25",-0.25,"0.025000000372529",NA,"1991","1","1","1","1","1","1","1","1","1","1","1","1","1","1","1","1","1","1","1","1","1","1","1","1","1","1","1","1","1","1","1","1","1","1"
"1473","36.25",-0.25,"0.025000000372529",NA,"1998","1","1","1","1","1","1","1","1","1","1","1","1","1","1","1","1","1","1","1","1","1","1","1","1","1","1","1","1","1","1","1","1","1","1"
"1474","36.25",-0.25,"0.025000000372529","71.0221405029297","2012","1","1","1","1","1","1","1","1","1","1","1","1","1","1","1","1","1","1","1","1","1","1","1","1","1","1","1","1","1","1","1","1","1","1"
"1475","36.25",-0.25,"0.025000000372529",NA,"1996","1","1","1","1","1","1","1","1","1","1","1","1","1","1","1","1","1","1","1","1","1","1","1","1","1","1","1","1","1","1","1","1","1","1"
"1476","36.25",-0.25,"0.025000000372529",NA,"1987","1","1","1","1","1","1","1","1","1","1","1","1","1","1","1","1","1","1","1","1","1","1","1","1","1","1","1","1","1","1","1","1","1","1"
"1477","36.25",0.25,NA,NA,"1990","1","1","1","1","1","1","1","1","1","1","1","1","1","1","1","1","1","1","1","1","1","1","1","1","1","1","1","1","1","1","1","1","1","1"
"1478","36.25",0.25,NA,"55.7630996704102","2004","1","1","1","1","1","1","1","1","1","1","1","1","1","1","1","1","1","1","1","1","1","1","1","1","1","1","1","1","1","1","1","1","1","1"
"1479","36.25",0.25,NA,"65.4123153686523","2014","1","1","1","1","1","1","1","1","1","1","1","1","1","1","1","1","1","1","1","1","1","1","1","1","1","1","1","1","1","1","1","1","1","1"
"1480","36.25",0.25,NA,"62.6679916381836","2015","1","1","1","1","1","1","1","1","1","1","1","1","1","1","1","1","1","1","1","1","1","1","1","1","1","1","1","1","1","1","1","1","1","1"
"1481","36.25",0.25,NA,"61.2214088439941","2017","1","1","1","1","1","1","1","1","1","1","1","1","1","1","1","1","1","1","1","1","1","1","1","1","1","1","1","1","1","1","1","1","1","1"
"1482","36.25",0.25,NA,"57.2578887939453","2003","1","1","1","1","1","1","1","1","1","1","1","1","1","1","1","1","1","1","1","1","1","1","1","1","1","1","1","1","1","1","1","1","1","1"
"1483","36.25",0.25,NA,NA,"1986","1","1","1","1","1","1","1","1","1","1","1","1","1","1","1","1","1","1","1","1","1","1","1","1","1","1","1","1","1","1","1","1","1","1"
"1484","36.25",0.25,NA,NA,"1995","1","1","1","1","1","1","1","1","1","1","1","1","1","1","1","1","1","1","1","1","1","1","1","1","1","1","1","1","1","1","1","1","1","1"
"1485","36.25",0.25,NA,"74.0442810058594","2018","1","1","1","1","1","1","1","1","1","1","1","1","1","1","1","1","1","1","1","1","1","1","1","1","1","1","1","1","1","1","1","1","1","1"
"1486","36.25",0.25,NA,"56.5284881591797","2005","1","1","1","1","1","1","1","1","1","1","1","1","1","1","1","1","1","1","1","1","1","1","1","1","1","1","1","1","1","1","1","1","1","1"
"1487","36.25",0.25,NA,"49.4250106811523","1999","1","1","1","1","1","1","1","1","1","1","1","1","1","1","1","1","1","1","1","1","1","1","1","1","1","1","1","1","1","1","1","1","1","1"
"1488","36.25",0.25,NA,"70.620246887207","2010","1","1","1","1","1","1","1","1","1","1","1","1","1","1","1","1","1","1","1","1","1","1","1","1","1","1","1","1","1","1","1","1","1","1"
"1489","36.25",0.25,NA,NA,"1987","1","1","1","1","1","1","1","1","1","1","1","1","1","1","1","1","1","1","1","1","1","1","1","1","1","1","1","1","1","1","1","1","1","1"
"1490","36.25",0.25,NA,"50.7791290283203","2002","1","1","1","1","1","1","1","1","1","1","1","1","1","1","1","1","1","1","1","1","1","1","1","1","1","1","1","1","1","1","1","1","1","1"
"1491","36.25",0.25,NA,NA,"1992","1","1","1","1","1","1","1","1","1","1","1","1","1","1","1","1","1","1","1","1","1","1","1","1","1","1","1","1","1","1","1","1","1","1"
"1492","36.25",0.25,NA,NA,"2020","1","1","1","1","1","1","1","1","1","1","1","1","1","1","1","1","1","1","1","1","1","1","1","1","1","1","1","1","1","1","1","1","1","1"
"1493","36.25",0.25,NA,NA,"1998","1","1","1","1","1","1","1","1","1","1","1","1","1","1","1","1","1","1","1","1","1","1","1","1","1","1","1","1","1","1","1","1","1","1"
"1494","36.25",0.25,NA,NA,"1997","1","1","1","1","1","1","1","1","1","1","1","1","1","1","1","1","1","1","1","1","1","1","1","1","1","1","1","1","1","1","1","1","1","1"
"1495","36.25",0.25,NA,"41.7133331298828","2000","1","1","1","1","1","1","1","1","1","1","1","1","1","1","1","1","1","1","1","1","1","1","1","1","1","1","1","1","1","1","1","1","1","1"
"1496","36.25",0.25,NA,NA,"1994","1","1","1","1","1","1","1","1","1","1","1","1","1","1","1","1","1","1","1","1","1","1","1","1","1","1","1","1","1","1","1","1","1","1"
"1497","36.25",0.25,NA,NA,"1996","1","1","1","1","1","1","1","1","1","1","1","1","1","1","1","1","1","1","1","1","1","1","1","1","1","1","1","1","1","1","1","1","1","1"
"1498","36.25",0.25,NA,NA,"1991","1","1","1","1","1","1","1","1","1","1","1","1","1","1","1","1","1","1","1","1","1","1","1","1","1","1","1","1","1","1","1","1","1","1"
"1499","36.25",0.25,NA,"68.9594421386719","2012","1","1","1","1","1","1","1","1","1","1","1","1","1","1","1","1","1","1","1","1","1","1","1","1","1","1","1","1","1","1","1","1","1","1"
"1500","36.25",0.25,NA,"75.2032318115234","2013","1","1","1","1","1","1","1","1","1","1","1","1","1","1","1","1","1","1","1","1","1","1","1","1","1","1","1","1","1","1","1","1","1","1"
"1501","36.25",0.25,NA,"49.2635841369629","2006","1","1","1","1","1","1","1","1","1","1","1","1","1","1","1","1","1","1","1","1","1","1","1","1","1","1","1","1","1","1","1","1","1","1"
"1502","36.25",0.25,NA,NA,"1988","1","1","1","1","1","1","1","1","1","1","1","1","1","1","1","1","1","1","1","1","1","1","1","1","1","1","1","1","1","1","1","1","1","1"
"1503","36.25",0.25,NA,NA,"1985","1","1","1","1","1","1","1","1","1","1","1","1","1","1","1","1","1","1","1","1","1","1","1","1","1","1","1","1","1","1","1","1","1","1"
"1504","36.25",0.25,NA,"70.2368621826172","2019","1","1","1","1","1","1","1","1","1","1","1","1","1","1","1","1","1","1","1","1","1","1","1","1","1","1","1","1","1","1","1","1","1","1"
"1505","36.25",0.25,NA,NA,"1989","1","1","1","1","1","1","1","1","1","1","1","1","1","1","1","1","1","1","1","1","1","1","1","1","1","1","1","1","1","1","1","1","1","1"
"1506","36.25",0.25,NA,NA,"1993","1","1","1","1","1","1","1","1","1","1","1","1","1","1","1","1","1","1","1","1","1","1","1","1","1","1","1","1","1","1","1","1","1","1"
"1507","36.25",0.25,NA,"54.9544372558594","2008","1","1","1","1","1","1","1","1","1","1","1","1","1","1","1","1","1","1","1","1","1","1","1","1","1","1","1","1","1","1","1","1","1","1"
"1508","36.25",0.25,NA,"67.3197555541992","2007","1","1","1","1","1","1","1","1","1","1","1","1","1","1","1","1","1","1","1","1","1","1","1","1","1","1","1","1","1","1","1","1","1","1"
"1509","36.25",0.25,NA,"61.2259368896484","2011","1","1","1","1","1","1","1","1","1","1","1","1","1","1","1","1","1","1","1","1","1","1","1","1","1","1","1","1","1","1","1","1","1","1"
"1510","36.25",0.25,NA,"59.095588684082","2001","1","1","1","1","1","1","1","1","1","1","1","1","1","1","1","1","1","1","1","1","1","1","1","1","1","1","1","1","1","1","1","1","1","1"
"1511","36.25",0.25,NA,"37.3525352478027","2009","1","1","1","1","1","1","1","1","1","1","1","1","1","1","1","1","1","1","1","1","1","1","1","1","1","1","1","1","1","1","1","1","1","1"
"1512","36.25",0.25,NA,"73.2622299194336","2016","1","1","1","1","1","1","1","1","1","1","1","1","1","1","1","1","1","1","1","1","1","1","1","1","1","1","1","1","1","1","1","1","1","1"
"1513","36.25",0.75,NA,NA,"1994",,,,,,,,,,,,,,,,,,,,,,,,,,,,,,,,,,"0"
"1514","36.25",0.75,NA,NA,"1987",,,,,,,,,,,,,,,,,,,,,,,,,,,,,,,,,,"0"
"1515","36.25",0.75,NA,"43.0379486083984","2015",,,,,,,,,,,,,,,,,,,,,,,,,,,,,,,,,,"0"
"1516","36.25",0.75,NA,"50.7172622680664","2010",,,,,,,,,,,,,,,,,,,,,,,,,,,,,,,,,,"0"
"1517","36.25",0.75,NA,"36.7405967712402","2005",,,,,,,,,,,,,,,,,,,,,,,,,,,,,,,,,,"0"
"1518","36.25",0.75,NA,"23.5296401977539","2000",,,,,,,,,,,,,,,,,,,,,,,,,,,,,,,,,,"0"
"1519","36.25",0.75,NA,"43.9834632873535","2014",,,,,,,,,,,,,,,,,,,,,,,,,,,,,,,,,,"0"
"1520","36.25",0.75,NA,NA,"1988",,,,,,,,,,,,,,,,,,,,,,,,,,,,,,,,,,"0"
"1521","36.25",0.75,NA,"36.6366882324219","2001",,,,,,,,,,,,,,,,,,,,,,,,,,,,,,,,,,"0"
"1522","36.25",0.75,NA,"37.2869529724121","2008",,,,,,,,,,,,,,,,,,,,,,,,,,,,,,,,,,"0"
"1523","36.25",0.75,NA,"32.1397476196289","2006",,,,,,,,,,,,,,,,,,,,,,,,,,,,,,,,,,"0"
"1524","36.25",0.75,NA,"43.7305755615234","2017",,,,,,,,,,,,,,,,,,,,,,,,,,,,,,,,,,"0"
"1525","36.25",0.75,NA,"47.7162017822266","2007",,,,,,,,,,,,,,,,,,,,,,,,,,,,,,,,,,"0"
"1526","36.25",0.75,NA,"25.1439208984375","2009",,,,,,,,,,,,,,,,,,,,,,,,,,,,,,,,,,"0"
"1527","36.25",0.75,NA,NA,"1998",,,,,,,,,,,,,,,,,,,,,,,,,,,,,,,,,,"0"
"1528","36.25",0.75,NA,NA,"1990",,,,,,,,,,,,,,,,,,,,,,,,,,,,,,,,,,"0"
"1529","36.25",0.75,NA,NA,"1985",,,,,,,,,,,,,,,,,,,,,,,,,,,,,,,,,,"0"
"1530","36.25",0.75,NA,"48.4062538146973","2016",,,,,,,,,,,,,,,,,,,,,,,,,,,,,,,,,,"0"
"1531","36.25",0.75,NA,"54.4728584289551","2012",,,,,,,,,,,,,,,,,,,,,,,,,,,,,,,,,,"0"
"1532","36.25",0.75,NA,NA,"1986",,,,,,,,,,,,,,,,,,,,,,,,,,,,,,,,,,"0"
"1533","36.25",0.75,NA,NA,"1996",,,,,,,,,,,,,,,,,,,,,,,,,,,,,,,,,,"0"
"1534","36.25",0.75,NA,NA,"1995",,,,,,,,,,,,,,,,,,,,,,,,,,,,,,,,,,"0"
"1535","36.25",0.75,NA,NA,"1993",,,,,,,,,,,,,,,,,,,,,,,,,,,,,,,,,,"0"
"1536","36.25",0.75,NA,"29.7077865600586","1999",,,,,,,,,,,,,,,,,,,,,,,,,,,,,,,,,,"0"
"1537","36.25",0.75,NA,"56.1583709716797","2018",,,,,,,,,,,,,,,,,,,,,,,,,,,,,,,,,,"0"
"1538","36.25",0.75,NA,"29.7953777313232","2002",,,,,,,,,,,,,,,,,,,,,,,,,,,,,,,,,,"0"
"1539","36.25",0.75,NA,NA,"1997",,,,,,,,,,,,,,,,,,,,,,,,,,,,,,,,,,"0"
"1540","36.25",0.75,NA,NA,"1991",,,,,,,,,,,,,,,,,,,,,,,,,,,,,,,,,,"0"
"1541","36.25",0.75,NA,NA,"1989",,,,,,,,,,,,,,,,,,,,,,,,,,,,,,,,,,"0"
"1542","36.25",0.75,NA,NA,"2020",,,,,,,,,,,,,,,,,,,,,,,,,,,,,,,,,,"0"
"1543","36.25",0.75,NA,"37.3850860595703","2004",,,,,,,,,,,,,,,,,,,,,,,,,,,,,,,,,,"0"
"1544","36.25",0.75,NA,NA,"1992",,,,,,,,,,,,,,,,,,,,,,,,,,,,,,,,,,"0"
"1545","36.25",0.75,NA,"36.2125396728516","2003",,,,,,,,,,,,,,,,,,,,,,,,,,,,,,,,,,"0"
"1546","36.25",0.75,NA,"53.9633255004883","2019",,,,,,,,,,,,,,,,,,,,,,,,,,,,,,,,,,"0"
"1547","36.25",0.75,NA,"47.8594703674316","2011",,,,,,,,,,,,,,,,,,,,,,,,,,,,,,,,,,"0"
"1548","36.25",0.75,NA,"55.4017028808594","2013",,,,,,,,,,,,,,,,,,,,,,,,,,,,,,,,,,"0"
"1549","36.25",1.25,NA,"24.0797080993652","2005",,,,,,,,,,,,,,,,,,,,,,,,,,,,,,,,,,"0"
"1550","36.25",1.25,NA,"13.2618179321289","2000",,,,,,,,,,,,,,,,,,,,,,,,,,,,,,,,,,"0"
"1551","36.25",1.25,NA,"31.0125007629395","2010",,,,,,,,,,,,,,,,,,,,,,,,,,,,,,,,,,"0"
"1552","36.25",1.25,NA,NA,"1987",,,,,,,,,,,,,,,,,,,,,,,,,,,,,,,,,,"0"
"1553","36.25",1.25,NA,"16.9810237884521","2002",,,,,,,,,,,,,,,,,,,,,,,,,,,,,,,,,,"0"
"1554","36.25",1.25,NA,"18.0686588287354","1999",,,,,,,,,,,,,,,,,,,,,,,,,,,,,,,,,,"0"
"1555","36.25",1.25,NA,"31.7077484130859","2013",,,,,,,,,,,,,,,,,,,,,,,,,,,,,,,,,,"0"
"1556","36.25",1.25,NA,NA,"1986",,,,,,,,,,,,,,,,,,,,,,,,,,,,,,,,,,"0"
"1557","36.25",1.25,NA,NA,"1985",,,,,,,,,,,,,,,,,,,,,,,,,,,,,,,,,,"0"
"1558","36.25",1.25,NA,NA,"1991",,,,,,,,,,,,,,,,,,,,,,,,,,,,,,,,,,"0"
"1559","36.25",1.25,NA,"16.2995834350586","2009",,,,,,,,,,,,,,,,,,,,,,,,,,,,,,,,,,"0"
"1560","36.25",1.25,NA,"27.3915557861328","2016",,,,,,,,,,,,,,,,,,,,,,,,,,,,,,,,,,"0"
"1561","36.25",1.25,NA,NA,"1994",,,,,,,,,,,,,,,,,,,,,,,,,,,,,,,,,,"0"
"1562","36.25",1.25,NA,NA,"1997",,,,,,,,,,,,,,,,,,,,,,,,,,,,,,,,,,"0"
"1563","36.25",1.25,NA,"30.2905216217041","2017",,,,,,,,,,,,,,,,,,,,,,,,,,,,,,,,,,"0"
"1564","36.25",1.25,NA,"19.9749221801758","2006",,,,,,,,,,,,,,,,,,,,,,,,,,,,,,,,,,"0"
"1565","36.25",1.25,NA,"25.7836437225342","2014",,,,,,,,,,,,,,,,,,,,,,,,,,,,,,,,,,"0"
"1566","36.25",1.25,NA,NA,"1992",,,,,,,,,,,,,,,,,,,,,,,,,,,,,,,,,,"0"
"1567","36.25",1.25,NA,NA,"1998",,,,,,,,,,,,,,,,,,,,,,,,,,,,,,,,,,"0"
"1568","36.25",1.25,NA,"20.6620140075684","2003",,,,,,,,,,,,,,,,,,,,,,,,,,,,,,,,,,"0"
"1569","36.25",1.25,NA,NA,"1996",,,,,,,,,,,,,,,,,,,,,,,,,,,,,,,,,,"0"
"1570","36.25",1.25,NA,"21.6368274688721","2004",,,,,,,,,,,,,,,,,,,,,,,,,,,,,,,,,,"0"
"1571","36.25",1.25,NA,NA,"1990",,,,,,,,,,,,,,,,,,,,,,,,,,,,,,,,,,"0"
"1572","36.25",1.25,NA,NA,"1993",,,,,,,,,,,,,,,,,,,,,,,,,,,,,,,,,,"0"
"1573","36.25",1.25,NA,NA,"1989",,,,,,,,,,,,,,,,,,,,,,,,,,,,,,,,,,"0"
"1574","36.25",1.25,NA,"23.1864604949951","2001",,,,,,,,,,,,,,,,,,,,,,,,,,,,,,,,,,"0"
"1575","36.25",1.25,NA,NA,"1995",,,,,,,,,,,,,,,,,,,,,,,,,,,,,,,,,,"0"
"1576","36.25",1.25,NA,"25.4476184844971","2015",,,,,,,,,,,,,,,,,,,,,,,,,,,,,,,,,,"0"
"1577","36.25",1.25,NA,"34.499813079834","2019",,,,,,,,,,,,,,,,,,,,,,,,,,,,,,,,,,"0"
"1578","36.25",1.25,NA,"30.6241302490234","2011",,,,,,,,,,,,,,,,,,,,,,,,,,,,,,,,,,"0"
"1579","36.25",1.25,NA,"35.4863548278809","2012",,,,,,,,,,,,,,,,,,,,,,,,,,,,,,,,,,"0"
"1580","36.25",1.25,NA,NA,"1988",,,,,,,,,,,,,,,,,,,,,,,,,,,,,,,,,,"0"
"1581","36.25",1.25,NA,"37.8880958557129","2018",,,,,,,,,,,,,,,,,,,,,,,,,,,,,,,,,,"0"
"1582","36.25",1.25,NA,NA,"2020",,,,,,,,,,,,,,,,,,,,,,,,,,,,,,,,,,"0"
"1583","36.25",1.25,NA,"21.8211193084717","2008",,,,,,,,,,,,,,,,,,,,,,,,,,,,,,,,,,"0"
"1584","36.25",1.25,NA,"29.2575283050537","2007",,,,,,,,,,,,,,,,,,,,,,,,,,,,,,,,,,"0"
"1585","36.25",1.75,"0.025000000372529","10.5749139785767","2013",,,,,,,,,,,,,,,,,,,,,,,,,,,,,,,,,,"0"
"1586","36.25",1.75,"0.025000000372529",NA,"1986",,,,,,,,,,,,,,,,,,,,,,,,,,,,,,,,,,"0"
"1587","36.25",1.75,"0.025000000372529",NA,"1995",,,,,,,,,,,,,,,,,,,,,,,,,,,,,,,,,,"0"
"1588","36.25",1.75,"0.025000000372529",NA,"1989",,,,,,,,,,,,,,,,,,,,,,,,,,,,,,,,,,"0"
"1589","36.25",1.75,"0.025000000372529",NA,"1987",,,,,,,,,,,,,,,,,,,,,,,,,,,,,,,,,,"0"
"1590","36.25",1.75,"0.025000000372529","6.52544641494751","2006",,,,,,,,,,,,,,,,,,,,,,,,,,,,,,,,,,"0"
"1591","36.25",1.75,"0.025000000372529","10.4180202484131","2019",,,,,,,,,,,,,,,,,,,,,,,,,,,,,,,,,,"0"
"1592","36.25",1.75,"0.025000000372529","9.32235431671143","2015",,,,,,,,,,,,,,,,,,,,,,,,,,,,,,,,,,"0"
"1593","36.25",1.75,"0.025000000372529",NA,"1988",,,,,,,,,,,,,,,,,,,,,,,,,,,,,,,,,,"0"
"1594","36.25",1.75,"0.025000000372529","6.86402606964111","2004",,,,,,,,,,,,,,,,,,,,,,,,,,,,,,,,,,"0"
"1595","36.25",1.75,"0.025000000372529",NA,"1994",,,,,,,,,,,,,,,,,,,,,,,,,,,,,,,,,,"0"
"1596","36.25",1.75,"0.025000000372529","10.484203338623","2017",,,,,,,,,,,,,,,,,,,,,,,,,,,,,,,,,,"0"
"1597","36.25",1.75,"0.025000000372529","13.4728479385376","2018",,,,,,,,,,,,,,,,,,,,,,,,,,,,,,,,,,"0"
"1598","36.25",1.75,"0.025000000372529","6.13670253753662","2002",,,,,,,,,,,,,,,,,,,,,,,,,,,,,,,,,,"0"
"1599","36.25",1.75,"0.025000000372529","8.46482276916504","2016",,,,,,,,,,,,,,,,,,,,,,,,,,,,,,,,,,"0"
"1600","36.25",1.75,"0.025000000372529",NA,"1997",,,,,,,,,,,,,,,,,,,,,,,,,,,,,,,,,,"0"
"1601","36.25",1.75,"0.025000000372529","6.8677225112915","2003",,,,,,,,,,,,,,,,,,,,,,,,,,,,,,,,,,"0"
"1602","36.25",1.75,"0.025000000372529",NA,"2020",,,,,,,,,,,,,,,,,,,,,,,,,,,,,,,,,,"0"
"1603","36.25",1.75,"0.025000000372529","4.74430513381958","2000",,,,,,,,,,,,,,,,,,,,,,,,,,,,,,,,,,"0"
"1604","36.25",1.75,"0.025000000372529","6.4647650718689","1999",,,,,,,,,,,,,,,,,,,,,,,,,,,,,,,,,,"0"
"1605","36.25",1.75,"0.025000000372529","6.62085485458374","2001",,,,,,,,,,,,,,,,,,,,,,,,,,,,,,,,,,"0"
"1606","36.25",1.75,"0.025000000372529","7.39605188369751","2005",,,,,,,,,,,,,,,,,,,,,,,,,,,,,,,,,,"0"
"1607","36.25",1.75,"0.025000000372529","11.059024810791","2010",,,,,,,,,,,,,,,,,,,,,,,,,,,,,,,,,,"0"
"1608","36.25",1.75,"0.025000000372529","9.5306568145752","2014",,,,,,,,,,,,,,,,,,,,,,,,,,,,,,,,,,"0"
"1609","36.25",1.75,"0.025000000372529",NA,"1985",,,,,,,,,,,,,,,,,,,,,,,,,,,,,,,,,,"0"
"1610","36.25",1.75,"0.025000000372529","11.9489765167236","2012",,,,,,,,,,,,,,,,,,,,,,,,,,,,,,,,,,"0"
"1611","36.25",1.75,"0.025000000372529",NA,"1996",,,,,,,,,,,,,,,,,,,,,,,,,,,,,,,,,,"0"
"1612","36.25",1.75,"0.025000000372529",NA,"1991",,,,,,,,,,,,,,,,,,,,,,,,,,,,,,,,,,"0"
"1613","36.25",1.75,"0.025000000372529","10.9142665863037","2007",,,,,,,,,,,,,,,,,,,,,,,,,,,,,,,,,,"0"
"1614","36.25",1.75,"0.025000000372529",NA,"1990",,,,,,,,,,,,,,,,,,,,,,,,,,,,,,,,,,"0"
"1615","36.25",1.75,"0.025000000372529",NA,"1993",,,,,,,,,,,,,,,,,,,,,,,,,,,,,,,,,,"0"
"1616","36.25",1.75,"0.025000000372529",NA,"1998",,,,,,,,,,,,,,,,,,,,,,,,,,,,,,,,,,"0"
"1617","36.25",1.75,"0.025000000372529","5.6497106552124","2009",,,,,,,,,,,,,,,,,,,,,,,,,,,,,,,,,,"0"
"1618","36.25",1.75,"0.025000000372529","7.78576326370239","2008",,,,,,,,,,,,,,,,,,,,,,,,,,,,,,,,,,"0"
"1619","36.25",1.75,"0.025000000372529","11.7607727050781","2011",,,,,,,,,,,,,,,,,,,,,,,,,,,,,,,,,,"0"
"1620","36.25",1.75,"0.025000000372529",NA,"1992",,,,,,,,,,,,,,,,,,,,,,,,,,,,,,,,,,"0"
"1621","36.25",2.25,"0.405000001192093","10.252311706543","2012",,,,,,,,,,,,,,,,,,,,,,,,,,,,,,,,,,"0"
"1622","36.25",2.25,"0.405000001192093","5.42474508285522","2005",,,,,,,,,,,,,,,,,,,,,,,,,,,,,,,,,,"0"
"1623","36.25",2.25,"0.405000001192093",NA,"1996",,,,,,,,,,,,,,,,,,,,,,,,,,,,,,,,,,"0"
"1624","36.25",2.25,"0.405000001192093","5.86190414428711","2002",,,,,,,,,,,,,,,,,,,,,,,,,,,,,,,,,,"0"
"1625","36.25",2.25,"0.405000001192093","9.14291858673096","2013",,,,,,,,,,,,,,,,,,,,,,,,,,,,,,,,,,"0"
"1626","36.25",2.25,"0.405000001192093","10.8342370986938","2019",,,,,,,,,,,,,,,,,,,,,,,,,,,,,,,,,,"0"
"1627","36.25",2.25,"0.405000001192093",NA,"1990",,,,,,,,,,,,,,,,,,,,,,,,,,,,,,,,,,"0"
"1628","36.25",2.25,"0.405000001192093",NA,"1992",,,,,,,,,,,,,,,,,,,,,,,,,,,,,,,,,,"0"
"1629","36.25",2.25,"0.405000001192093","4.99188280105591","2009",,,,,,,,,,,,,,,,,,,,,,,,,,,,,,,,,,"0"
"1630","36.25",2.25,"0.405000001192093",NA,"1986",,,,,,,,,,,,,,,,,,,,,,,,,,,,,,,,,,"0"
"1631","36.25",2.25,"0.405000001192093",NA,"1993",,,,,,,,,,,,,,,,,,,,,,,,,,,,,,,,,,"0"
"1632","36.25",2.25,"0.405000001192093","4.97366809844971","1999",,,,,,,,,,,,,,,,,,,,,,,,,,,,,,,,,,"0"
"1633","36.25",2.25,"0.405000001192093",NA,"1994",,,,,,,,,,,,,,,,,,,,,,,,,,,,,,,,,,"0"
"1634","36.25",2.25,"0.405000001192093",NA,"1988",,,,,,,,,,,,,,,,,,,,,,,,,,,,,,,,,,"0"
"1635","36.25",2.25,"0.405000001192093",NA,"1991",,,,,,,,,,,,,,,,,,,,,,,,,,,,,,,,,,"0"
"1636","36.25",2.25,"0.405000001192093","6.18228673934937","2004",,,,,,,,,,,,,,,,,,,,,,,,,,,,,,,,,,"0"
"1637","36.25",2.25,"0.405000001192093",NA,"1995",,,,,,,,,,,,,,,,,,,,,,,,,,,,,,,,,,"0"
"1638","36.25",2.25,"0.405000001192093","12.6029891967773","2018",,,,,,,,,,,,,,,,,,,,,,,,,,,,,,,,,,"0"
"1639","36.25",2.25,"0.405000001192093",NA,"1985",,,,,,,,,,,,,,,,,,,,,,,,,,,,,,,,,,"0"
"1640","36.25",2.25,"0.405000001192093","5.4476113319397","2006",,,,,,,,,,,,,,,,,,,,,,,,,,,,,,,,,,"0"
"1641","36.25",2.25,"0.405000001192093","10.062891960144","2015",,,,,,,,,,,,,,,,,,,,,,,,,,,,,,,,,,"0"
"1642","36.25",2.25,"0.405000001192093","8.49572944641113","2007",,,,,,,,,,,,,,,,,,,,,,,,,,,,,,,,,,"0"
"1643","36.25",2.25,"0.405000001192093",NA,"1998",,,,,,,,,,,,,,,,,,,,,,,,,,,,,,,,,,"0"
"1644","36.25",2.25,"0.405000001192093","5.46240139007568","2001",,,,,,,,,,,,,,,,,,,,,,,,,,,,,,,,,,"0"
"1645","36.25",2.25,"0.405000001192093","6.88327312469482","2008",,,,,,,,,,,,,,,,,,,,,,,,,,,,,,,,,,"0"
"1646","36.25",2.25,"0.405000001192093","5.80722856521606","2003",,,,,,,,,,,,,,,,,,,,,,,,,,,,,,,,,,"0"
"1647","36.25",2.25,"0.405000001192093","9.31832122802734","2017",,,,,,,,,,,,,,,,,,,,,,,,,,,,,,,,,,"0"
"1648","36.25",2.25,"0.405000001192093","9.52694702148438","2011",,,,,,,,,,,,,,,,,,,,,,,,,,,,,,,,,,"0"
"1649","36.25",2.25,"0.405000001192093",NA,"1987",,,,,,,,,,,,,,,,,,,,,,,,,,,,,,,,,,"0"
"1650","36.25",2.25,"0.405000001192093","8.01268196105957","2016",,,,,,,,,,,,,,,,,,,,,,,,,,,,,,,,,,"0"
"1651","36.25",2.25,"0.405000001192093","4.16687917709351","2000",,,,,,,,,,,,,,,,,,,,,,,,,,,,,,,,,,"0"
"1652","36.25",2.25,"0.405000001192093",NA,"1997",,,,,,,,,,,,,,,,,,,,,,,,,,,,,,,,,,"0"
"1653","36.25",2.25,"0.405000001192093","9.42888736724854","2014",,,,,,,,,,,,,,,,,,,,,,,,,,,,,,,,,,"0"
"1654","36.25",2.25,"0.405000001192093","8.79925441741943","2010",,,,,,,,,,,,,,,,,,,,,,,,,,,,,,,,,,"0"
"1655","36.25",2.25,"0.405000001192093",NA,"1989",,,,,,,,,,,,,,,,,,,,,,,,,,,,,,,,,,"0"
"1656","36.25",2.25,"0.405000001192093",NA,"2020",,,,,,,,,,,,,,,,,,,,,,,,,,,,,,,,,,"0"
"1657","36.25",2.75,"0.405000001192093","3.94610452651978","2008",,,,,,,,,,,,,,,,,,,,,,,,,,,,,,,,,,"0"
"1658","36.25",2.75,"0.405000001192093",NA,"1996",,,,,,,,,,,,,,,,,,,,,,,,,,,,,,,,,,"0"
"1659","36.25",2.75,"0.405000001192093","2.89673924446106","2000",,,,,,,,,,,,,,,,,,,,,,,,,,,,,,,,,,"0"
"1660","36.25",2.75,"0.405000001192093",NA,"1993",,,,,,,,,,,,,,,,,,,,,,,,,,,,,,,,,,"0"
"1661","36.25",2.75,"0.405000001192093","3.37023901939392","2006",,,,,,,,,,,,,,,,,,,,,,,,,,,,,,,,,,"0"
"1662","36.25",2.75,"0.405000001192093","4.60375118255615","2014",,,,,,,,,,,,,,,,,,,,,,,,,,,,,,,,,,"0"
"1663","36.25",2.75,"0.405000001192093","5.41910839080811","2017",,,,,,,,,,,,,,,,,,,,,,,,,,,,,,,,,,"0"
"1664","36.25",2.75,"0.405000001192093","5.99749708175659","2019",,,,,,,,,,,,,,,,,,,,,,,,,,,,,,,,,,"0"
"1665","36.25",2.75,"0.405000001192093",NA,"1995",,,,,,,,,,,,,,,,,,,,,,,,,,,,,,,,,,"0"
"1666","36.25",2.75,"0.405000001192093","3.08197999000549","2009",,,,,,,,,,,,,,,,,,,,,,,,,,,,,,,,,,"0"
"1667","36.25",2.75,"0.405000001192093",NA,"1991",,,,,,,,,,,,,,,,,,,,,,,,,,,,,,,,,,"0"
"1668","36.25",2.75,"0.405000001192093",NA,"1998",,,,,,,,,,,,,,,,,,,,,,,,,,,,,,,,,,"0"
"1669","36.25",2.75,"0.405000001192093","3.27921652793884","2001",,,,,,,,,,,,,,,,,,,,,,,,,,,,,,,,,,"0"
"1670","36.25",2.75,"0.405000001192093","4.68859672546387","2013",,,,,,,,,,,,,,,,,,,,,,,,,,,,,,,,,,"0"
"1671","36.25",2.75,"0.405000001192093","4.39613199234009","2016",,,,,,,,,,,,,,,,,,,,,,,,,,,,,,,,,,"0"
"1672","36.25",2.75,"0.405000001192093","4.24498128890991","2003",,,,,,,,,,,,,,,,,,,,,,,,,,,,,,,,,,"0"
"1673","36.25",2.75,"0.405000001192093",NA,"1990",,,,,,,,,,,,,,,,,,,,,,,,,,,,,,,,,,"0"
"1674","36.25",2.75,"0.405000001192093",NA,"1994",,,,,,,,,,,,,,,,,,,,,,,,,,,,,,,,,,"0"
"1675","36.25",2.75,"0.405000001192093","4.95165824890137","2015",,,,,,,,,,,,,,,,,,,,,,,,,,,,,,,,,,"0"
"1676","36.25",2.75,"0.405000001192093",NA,"1987",,,,,,,,,,,,,,,,,,,,,,,,,,,,,,,,,,"0"
"1677","36.25",2.75,"0.405000001192093","3.55794858932495","2004",,,,,,,,,,,,,,,,,,,,,,,,,,,,,,,,,,"0"
"1678","36.25",2.75,"0.405000001192093","4.99346971511841","2012",,,,,,,,,,,,,,,,,,,,,,,,,,,,,,,,,,"0"
"1679","36.25",2.75,"0.405000001192093",NA,"1992",,,,,,,,,,,,,,,,,,,,,,,,,,,,,,,,,,"0"
"1680","36.25",2.75,"0.405000001192093","7.24982929229736","2018",,,,,,,,,,,,,,,,,,,,,,,,,,,,,,,,,,"0"
"1681","36.25",2.75,"0.405000001192093","4.59547328948975","2011",,,,,,,,,,,,,,,,,,,,,,,,,,,,,,,,,,"0"
"1682","36.25",2.75,"0.405000001192093","4.45131254196167","2010",,,,,,,,,,,,,,,,,,,,,,,,,,,,,,,,,,"0"
"1683","36.25",2.75,"0.405000001192093",NA,"1997",,,,,,,,,,,,,,,,,,,,,,,,,,,,,,,,,,"0"
"1684","36.25",2.75,"0.405000001192093",NA,"2020",,,,,,,,,,,,,,,,,,,,,,,,,,,,,,,,,,"0"
"1685","36.25",2.75,"0.405000001192093","3.64135885238647","2002",,,,,,,,,,,,,,,,,,,,,,,,,,,,,,,,,,"0"
"1686","36.25",2.75,"0.405000001192093","3.05483603477478","2005",,,,,,,,,,,,,,,,,,,,,,,,,,,,,,,,,,"0"
"1687","36.25",2.75,"0.405000001192093","3.45696067810059","1999",,,,,,,,,,,,,,,,,,,,,,,,,,,,,,,,,,"0"
"1688","36.25",2.75,"0.405000001192093",NA,"1989",,,,,,,,,,,,,,,,,,,,,,,,,,,,,,,,,,"0"
"1689","36.25",2.75,"0.405000001192093",NA,"1986",,,,,,,,,,,,,,,,,,,,,,,,,,,,,,,,,,"0"
"1690","36.25",2.75,"0.405000001192093",NA,"1985",,,,,,,,,,,,,,,,,,,,,,,,,,,,,,,,,,"0"
"1691","36.25",2.75,"0.405000001192093","4.76698398590088","2007",,,,,,,,,,,,,,,,,,,,,,,,,,,,,,,,,,"0"
"1692","36.25",2.75,"0.405000001192093",NA,"1988",,,,,,,,,,,,,,,,,,,,,,,,,,,,,,,,,,"0"
"1693","36.25",4.25,"0.104999996721745","7.58556413650513","2006","1","1","1","1","1","1","1","1","1","1","1","1","1","1","1","1","1","1","1","1","1","1","1","1","1","1","1","1","1","1","1","1","1","1"
"1694","36.25",4.25,"0.104999996721745",NA,"1989","1","1","1","1","1","1","1","1","1","1","1","1","1","1","1","1","1","1","1","1","1","1","1","1","1","1","1","1","1","1","1","1","1","1"
"1695","36.25",4.25,"0.104999996721745",NA,"1987","1","1","1","1","1","1","1","1","1","1","1","1","1","1","1","1","1","1","1","1","1","1","1","1","1","1","1","1","1","1","1","1","1","1"
"1696","36.25",4.25,"0.104999996721745","10.2263460159302","2018","1","1","1","1","1","1","1","1","1","1","1","1","1","1","1","1","1","1","1","1","1","1","1","1","1","1","1","1","1","1","1","1","1","1"
"1697","36.25",4.25,"0.104999996721745",NA,"1988","1","1","1","1","1","1","1","1","1","1","1","1","1","1","1","1","1","1","1","1","1","1","1","1","1","1","1","1","1","1","1","1","1","1"
"1698","36.25",4.25,"0.104999996721745","10.7248430252075","2019","1","1","1","1","1","1","1","1","1","1","1","1","1","1","1","1","1","1","1","1","1","1","1","1","1","1","1","1","1","1","1","1","1","1"
"1699","36.25",4.25,"0.104999996721745","5.32045698165894","1999","1","1","1","1","1","1","1","1","1","1","1","1","1","1","1","1","1","1","1","1","1","1","1","1","1","1","1","1","1","1","1","1","1","1"
"1700","36.25",4.25,"0.104999996721745","8.38790416717529","2010","1","1","1","1","1","1","1","1","1","1","1","1","1","1","1","1","1","1","1","1","1","1","1","1","1","1","1","1","1","1","1","1","1","1"
"1701","36.25",4.25,"0.104999996721745","10.0726261138916","2007","1","1","1","1","1","1","1","1","1","1","1","1","1","1","1","1","1","1","1","1","1","1","1","1","1","1","1","1","1","1","1","1","1","1"
"1702","36.25",4.25,"0.104999996721745","9.83244705200195","2017","1","1","1","1","1","1","1","1","1","1","1","1","1","1","1","1","1","1","1","1","1","1","1","1","1","1","1","1","1","1","1","1","1","1"
"1703","36.25",4.25,"0.104999996721745","3.5993185043335","2000","1","1","1","1","1","1","1","1","1","1","1","1","1","1","1","1","1","1","1","1","1","1","1","1","1","1","1","1","1","1","1","1","1","1"
"1704","36.25",4.25,"0.104999996721745","7.46191930770874","2011","1","1","1","1","1","1","1","1","1","1","1","1","1","1","1","1","1","1","1","1","1","1","1","1","1","1","1","1","1","1","1","1","1","1"
"1705","36.25",4.25,"0.104999996721745",NA,"1985","1","1","1","1","1","1","1","1","1","1","1","1","1","1","1","1","1","1","1","1","1","1","1","1","1","1","1","1","1","1","1","1","1","1"
"1706","36.25",4.25,"0.104999996721745","7.78699541091919","2015","1","1","1","1","1","1","1","1","1","1","1","1","1","1","1","1","1","1","1","1","1","1","1","1","1","1","1","1","1","1","1","1","1","1"
"1707","36.25",4.25,"0.104999996721745",NA,"2020","1","1","1","1","1","1","1","1","1","1","1","1","1","1","1","1","1","1","1","1","1","1","1","1","1","1","1","1","1","1","1","1","1","1"
"1708","36.25",4.25,"0.104999996721745",NA,"1995","1","1","1","1","1","1","1","1","1","1","1","1","1","1","1","1","1","1","1","1","1","1","1","1","1","1","1","1","1","1","1","1","1","1"
"1709","36.25",4.25,"0.104999996721745","6.90282869338989","2002","1","1","1","1","1","1","1","1","1","1","1","1","1","1","1","1","1","1","1","1","1","1","1","1","1","1","1","1","1","1","1","1","1","1"
"1710","36.25",4.25,"0.104999996721745","7.5184588432312","2014","1","1","1","1","1","1","1","1","1","1","1","1","1","1","1","1","1","1","1","1","1","1","1","1","1","1","1","1","1","1","1","1","1","1"
"1711","36.25",4.25,"0.104999996721745","6.39872407913208","2004","1","1","1","1","1","1","1","1","1","1","1","1","1","1","1","1","1","1","1","1","1","1","1","1","1","1","1","1","1","1","1","1","1","1"
"1712","36.25",4.25,"0.104999996721745","6.09033727645874","2008","1","1","1","1","1","1","1","1","1","1","1","1","1","1","1","1","1","1","1","1","1","1","1","1","1","1","1","1","1","1","1","1","1","1"
"1713","36.25",4.25,"0.104999996721745","6.13932275772095","2016","1","1","1","1","1","1","1","1","1","1","1","1","1","1","1","1","1","1","1","1","1","1","1","1","1","1","1","1","1","1","1","1","1","1"
"1714","36.25",4.25,"0.104999996721745",NA,"1990","1","1","1","1","1","1","1","1","1","1","1","1","1","1","1","1","1","1","1","1","1","1","1","1","1","1","1","1","1","1","1","1","1","1"
"1715","36.25",4.25,"0.104999996721745","4.65648603439331","2009","1","1","1","1","1","1","1","1","1","1","1","1","1","1","1","1","1","1","1","1","1","1","1","1","1","1","1","1","1","1","1","1","1","1"
"1716","36.25",4.25,"0.104999996721745","4.35173845291138","2001","1","1","1","1","1","1","1","1","1","1","1","1","1","1","1","1","1","1","1","1","1","1","1","1","1","1","1","1","1","1","1","1","1","1"
"1717","36.25",4.25,"0.104999996721745","6.0299129486084","2005","1","1","1","1","1","1","1","1","1","1","1","1","1","1","1","1","1","1","1","1","1","1","1","1","1","1","1","1","1","1","1","1","1","1"
"1718","36.25",4.25,"0.104999996721745",NA,"1997","1","1","1","1","1","1","1","1","1","1","1","1","1","1","1","1","1","1","1","1","1","1","1","1","1","1","1","1","1","1","1","1","1","1"
"1719","36.25",4.25,"0.104999996721745",NA,"1996","1","1","1","1","1","1","1","1","1","1","1","1","1","1","1","1","1","1","1","1","1","1","1","1","1","1","1","1","1","1","1","1","1","1"
"1720","36.25",4.25,"0.104999996721745",NA,"1992","1","1","1","1","1","1","1","1","1","1","1","1","1","1","1","1","1","1","1","1","1","1","1","1","1","1","1","1","1","1","1","1","1","1"
"1721","36.25",4.25,"0.104999996721745","7.76206827163696","2012","1","1","1","1","1","1","1","1","1","1","1","1","1","1","1","1","1","1","1","1","1","1","1","1","1","1","1","1","1","1","1","1","1","1"
"1722","36.25",4.25,"0.104999996721745","7.52625179290771","2013","1","1","1","1","1","1","1","1","1","1","1","1","1","1","1","1","1","1","1","1","1","1","1","1","1","1","1","1","1","1","1","1","1","1"
"1723","36.25",4.25,"0.104999996721745","10.0033369064331","2003","1","1","1","1","1","1","1","1","1","1","1","1","1","1","1","1","1","1","1","1","1","1","1","1","1","1","1","1","1","1","1","1","1","1"
"1724","36.25",4.25,"0.104999996721745",NA,"1998","1","1","1","1","1","1","1","1","1","1","1","1","1","1","1","1","1","1","1","1","1","1","1","1","1","1","1","1","1","1","1","1","1","1"
"1725","36.25",4.25,"0.104999996721745",NA,"1986","1","1","1","1","1","1","1","1","1","1","1","1","1","1","1","1","1","1","1","1","1","1","1","1","1","1","1","1","1","1","1","1","1","1"
"1726","36.25",4.25,"0.104999996721745",NA,"1991","1","1","1","1","1","1","1","1","1","1","1","1","1","1","1","1","1","1","1","1","1","1","1","1","1","1","1","1","1","1","1","1","1","1"
"1727","36.25",4.25,"0.104999996721745",NA,"1994","1","1","1","1","1","1","1","1","1","1","1","1","1","1","1","1","1","1","1","1","1","1","1","1","1","1","1","1","1","1","1","1","1","1"
"1728","36.25",4.25,"0.104999996721745",NA,"1993","1","1","1","1","1","1","1","1","1","1","1","1","1","1","1","1","1","1","1","1","1","1","1","1","1","1","1","1","1","1","1","1","1","1"
"1729","36.75",-2.25,"0.025000000372529",NA,"1992",,,,,,,,,,,,,,,,,,,,,,,,,,,,,,,,,,"0"
"1730","36.75",-2.25,"0.025000000372529","45.9197883605957","2010",,,,,,,,,,,,,,,,,,,,,,,,,,,,,,,,,,"0"
"1731","36.75",-2.25,"0.025000000372529",NA,"1996",,,,,,,,,,,,,,,,,,,,,,,,,,,,,,,,,,"0"
"1732","36.75",-2.25,"0.025000000372529","42.7042961120605","2014",,,,,,,,,,,,,,,,,,,,,,,,,,,,,,,,,,"0"
"1733","36.75",-2.25,"0.025000000372529",NA,"1997",,,,,,,,,,,,,,,,,,,,,,,,,,,,,,,,,,"0"
"1734","36.75",-2.25,"0.025000000372529","34.777530670166","2008",,,,,,,,,,,,,,,,,,,,,,,,,,,,,,,,,,"0"
"1735","36.75",-2.25,"0.025000000372529",NA,"1989",,,,,,,,,,,,,,,,,,,,,,,,,,,,,,,,,,"0"
"1736","36.75",-2.25,"0.025000000372529","36.6970558166504","2015",,,,,,,,,,,,,,,,,,,,,,,,,,,,,,,,,,"0"
"1737","36.75",-2.25,"0.025000000372529",NA,"1998",,,,,,,,,,,,,,,,,,,,,,,,,,,,,,,,,,"0"
"1738","36.75",-2.25,"0.025000000372529","49.0028800964355","2013",,,,,,,,,,,,,,,,,,,,,,,,,,,,,,,,,,"0"
"1739","36.75",-2.25,"0.025000000372529","51.680549621582","2018",,,,,,,,,,,,,,,,,,,,,,,,,,,,,,,,,,"0"
"1740","36.75",-2.25,"0.025000000372529","44.0168304443359","2019",,,,,,,,,,,,,,,,,,,,,,,,,,,,,,,,,,"0"
"1741","36.75",-2.25,"0.025000000372529","32.082145690918","2004",,,,,,,,,,,,,,,,,,,,,,,,,,,,,,,,,,"0"
"1742","36.75",-2.25,"0.025000000372529","31.7716464996338","2005",,,,,,,,,,,,,,,,,,,,,,,,,,,,,,,,,,"0"
"1743","36.75",-2.25,"0.025000000372529","22.5564346313477","2009",,,,,,,,,,,,,,,,,,,,,,,,,,,,,,,,,,"0"
"1744","36.75",-2.25,"0.025000000372529","47.8194770812988","2003",,,,,,,,,,,,,,,,,,,,,,,,,,,,,,,,,,"0"
"1745","36.75",-2.25,"0.025000000372529",NA,"1994",,,,,,,,,,,,,,,,,,,,,,,,,,,,,,,,,,"0"
"1746","36.75",-2.25,"0.025000000372529",NA,"1988",,,,,,,,,,,,,,,,,,,,,,,,,,,,,,,,,,"0"
"1747","36.75",-2.25,"0.025000000372529","30.9779987335205","2000",,,,,,,,,,,,,,,,,,,,,,,,,,,,,,,,,,"0"
"1748","36.75",-2.25,"0.025000000372529",NA,"2020",,,,,,,,,,,,,,,,,,,,,,,,,,,,,,,,,,"0"
"1749","36.75",-2.25,"0.025000000372529","38.8746528625488","2011",,,,,,,,,,,,,,,,,,,,,,,,,,,,,,,,,,"0"
"1750","36.75",-2.25,"0.025000000372529","43.8539428710938","2012",,,,,,,,,,,,,,,,,,,,,,,,,,,,,,,,,,"0"
"1751","36.75",-2.25,"0.025000000372529","47.8171272277832","2001",,,,,,,,,,,,,,,,,,,,,,,,,,,,,,,,,,"0"
"1752","36.75",-2.25,"0.025000000372529",NA,"1987",,,,,,,,,,,,,,,,,,,,,,,,,,,,,,,,,,"0"
"1753","36.75",-2.25,"0.025000000372529","32.4472618103027","2017",,,,,,,,,,,,,,,,,,,,,,,,,,,,,,,,,,"0"
"1754","36.75",-2.25,"0.025000000372529","37.401439666748","2006",,,,,,,,,,,,,,,,,,,,,,,,,,,,,,,,,,"0"
"1755","36.75",-2.25,"0.025000000372529",NA,"1990",,,,,,,,,,,,,,,,,,,,,,,,,,,,,,,,,,"0"
"1756","36.75",-2.25,"0.025000000372529","47.5462989807129","2016",,,,,,,,,,,,,,,,,,,,,,,,,,,,,,,,,,"0"
"1757","36.75",-2.25,"0.025000000372529",NA,"1991",,,,,,,,,,,,,,,,,,,,,,,,,,,,,,,,,,"0"
"1758","36.75",-2.25,"0.025000000372529",NA,"1986",,,,,,,,,,,,,,,,,,,,,,,,,,,,,,,,,,"0"
"1759","36.75",-2.25,"0.025000000372529",NA,"1985",,,,,,,,,,,,,,,,,,,,,,,,,,,,,,,,,,"0"
"1760","36.75",-2.25,"0.025000000372529",NA,"1995",,,,,,,,,,,,,,,,,,,,,,,,,,,,,,,,,,"0"
"1761","36.75",-2.25,"0.025000000372529","40.9763984680176","2002",,,,,,,,,,,,,,,,,,,,,,,,,,,,,,,,,,"0"
"1762","36.75",-2.25,"0.025000000372529","37.4579887390137","1999",,,,,,,,,,,,,,,,,,,,,,,,,,,,,,,,,,"0"
"1763","36.75",-2.25,"0.025000000372529","43.0707550048828","2007",,,,,,,,,,,,,,,,,,,,,,,,,,,,,,,,,,"0"
"1764","36.75",-2.25,"0.025000000372529",NA,"1993",,,,,,,,,,,,,,,,,,,,,,,,,,,,,,,,,,"0"
"1765","36.75",-1.75,"0.025000000372529","27.6448707580566","2017",,,,,,,,,,,,,,,,,,,,,,,,,,,,,,,,,,"0"
"1766","36.75",-1.75,"0.025000000372529",NA,"1990",,,,,,,,,,,,,,,,,,,,,,,,,,,,,,,,,,"0"
"1767","36.75",-1.75,"0.025000000372529","36.0467910766602","2002",,,,,,,,,,,,,,,,,,,,,,,,,,,,,,,,,,"0"
"1768","36.75",-1.75,"0.025000000372529","28.1052589416504","1999",,,,,,,,,,,,,,,,,,,,,,,,,,,,,,,,,,"0"
"1769","36.75",-1.75,"0.025000000372529",NA,"1985",,,,,,,,,,,,,,,,,,,,,,,,,,,,,,,,,,"0"
"1770","36.75",-1.75,"0.025000000372529","36.4697875976562","2014",,,,,,,,,,,,,,,,,,,,,,,,,,,,,,,,,,"0"
"1771","36.75",-1.75,"0.025000000372529",NA,"1997",,,,,,,,,,,,,,,,,,,,,,,,,,,,,,,,,,"0"
"1772","36.75",-1.75,"0.025000000372529",NA,"1994",,,,,,,,,,,,,,,,,,,,,,,,,,,,,,,,,,"0"
"1773","36.75",-1.75,"0.025000000372529","31.4637870788574","2011",,,,,,,,,,,,,,,,,,,,,,,,,,,,,,,,,,"0"
"1774","36.75",-1.75,"0.025000000372529","45.30322265625","2016",,,,,,,,,,,,,,,,,,,,,,,,,,,,,,,,,,"0"
"1775","36.75",-1.75,"0.025000000372529",NA,"1996",,,,,,,,,,,,,,,,,,,,,,,,,,,,,,,,,,"0"
"1776","36.75",-1.75,"0.025000000372529","37.2177772521973","2012",,,,,,,,,,,,,,,,,,,,,,,,,,,,,,,,,,"0"
"1777","36.75",-1.75,"0.025000000372529",NA,"1991",,,,,,,,,,,,,,,,,,,,,,,,,,,,,,,,,,"0"
"1778","36.75",-1.75,"0.025000000372529",NA,"1993",,,,,,,,,,,,,,,,,,,,,,,,,,,,,,,,,,"0"
"1779","36.75",-1.75,"0.025000000372529","27.707878112793","2005",,,,,,,,,,,,,,,,,,,,,,,,,,,,,,,,,,"0"
"1780","36.75",-1.75,"0.025000000372529",NA,"1995",,,,,,,,,,,,,,,,,,,,,,,,,,,,,,,,,,"0"
"1781","36.75",-1.75,"0.025000000372529","40.5412750244141","2007",,,,,,,,,,,,,,,,,,,,,,,,,,,,,,,,,,"0"
"1782","36.75",-1.75,"0.025000000372529","19.4790267944336","2000",,,,,,,,,,,,,,,,,,,,,,,,,,,,,,,,,,"0"
"1783","36.75",-1.75,"0.025000000372529",NA,"1989",,,,,,,,,,,,,,,,,,,,,,,,,,,,,,,,,,"0"
"1784","36.75",-1.75,"0.025000000372529","33.5121307373047","2015",,,,,,,,,,,,,,,,,,,,,,,,,,,,,,,,,,"0"
"1785","36.75",-1.75,"0.025000000372529","40.2993698120117","2013",,,,,,,,,,,,,,,,,,,,,,,,,,,,,,,,,,"0"
"1786","36.75",-1.75,"0.025000000372529","33.8256797790527","2006",,,,,,,,,,,,,,,,,,,,,,,,,,,,,,,,,,"0"
"1787","36.75",-1.75,"0.025000000372529",NA,"1998",,,,,,,,,,,,,,,,,,,,,,,,,,,,,,,,,,"0"
"1788","36.75",-1.75,"0.025000000372529",NA,"1992",,,,,,,,,,,,,,,,,,,,,,,,,,,,,,,,,,"0"
"1789","36.75",-1.75,"0.025000000372529",NA,"1988",,,,,,,,,,,,,,,,,,,,,,,,,,,,,,,,,,"0"
"1790","36.75",-1.75,"0.025000000372529","38.0592994689941","2019",,,,,,,,,,,,,,,,,,,,,,,,,,,,,,,,,,"0"
"1791","36.75",-1.75,"0.025000000372529","43.8721122741699","2010",,,,,,,,,,,,,,,,,,,,,,,,,,,,,,,,,,"0"
"1792","36.75",-1.75,"0.025000000372529",NA,"1986",,,,,,,,,,,,,,,,,,,,,,,,,,,,,,,,,,"0"
"1793","36.75",-1.75,"0.025000000372529","27.3205871582031","2008",,,,,,,,,,,,,,,,,,,,,,,,,,,,,,,,,,"0"
"1794","36.75",-1.75,"0.025000000372529","28.5631484985352","2004",,,,,,,,,,,,,,,,,,,,,,,,,,,,,,,,,,"0"
"1795","36.75",-1.75,"0.025000000372529",NA,"2020",,,,,,,,,,,,,,,,,,,,,,,,,,,,,,,,,,"0"
"1796","36.75",-1.75,"0.025000000372529",NA,"1987",,,,,,,,,,,,,,,,,,,,,,,,,,,,,,,,,,"0"
"1797","36.75",-1.75,"0.025000000372529","43.6818466186523","2001",,,,,,,,,,,,,,,,,,,,,,,,,,,,,,,,,,"0"
"1798","36.75",-1.75,"0.025000000372529","35.6817436218262","2003",,,,,,,,,,,,,,,,,,,,,,,,,,,,,,,,,,"0"
"1799","36.75",-1.75,"0.025000000372529","45.3651847839355","2018",,,,,,,,,,,,,,,,,,,,,,,,,,,,,,,,,,"0"
"1800","36.75",-1.75,"0.025000000372529","18.3226547241211","2009",,,,,,,,,,,,,,,,,,,,,,,,,,,,,,,,,,"0"
"1801","36.75",-1.25,"0.704999983310699","52.6785087585449","2003",,,,,,,,,,,,,,,,,,,,,,,,,,,,,,,,,,"0"
"1802","36.75",-1.25,"0.704999983310699","54.1993103027344","2010",,,,,,,,,,,,,,,,,,,,,,,,,,,,,,,,,,"0"
"1803","36.75",-1.25,"0.704999983310699",NA,"1987",,,,,,,,,,,,,,,,,,,,,,,,,,,,,,,,,,"0"
"1804","36.75",-1.25,"0.704999983310699",NA,"1998",,,,,,,,,,,,,,,,,,,,,,,,,,,,,,,,,,"0"
"1805","36.75",-1.25,"0.704999983310699","58.2048301696777","2019",,,,,,,,,,,,,,,,,,,,,,,,,,,,,,,,,,"0"
"1806","36.75",-1.25,"0.704999983310699","54.6906661987305","2012",,,,,,,,,,,,,,,,,,,,,,,,,,,,,,,,,,"0"
"1807","36.75",-1.25,"0.704999983310699",NA,"1985",,,,,,,,,,,,,,,,,,,,,,,,,,,,,,,,,,"0"
"1808","36.75",-1.25,"0.704999983310699","39.5011672973633","2009",,,,,,,,,,,,,,,,,,,,,,,,,,,,,,,,,,"0"
"1809","36.75",-1.25,"0.704999983310699","49.1958656311035","2002",,,,,,,,,,,,,,,,,,,,,,,,,,,,,,,,,,"0"
"1810","36.75",-1.25,"0.704999983310699",NA,"1995",,,,,,,,,,,,,,,,,,,,,,,,,,,,,,,,,,"0"
"1811","36.75",-1.25,"0.704999983310699",NA,"1990",,,,,,,,,,,,,,,,,,,,,,,,,,,,,,,,,,"0"
"1812","36.75",-1.25,"0.704999983310699",NA,"1997",,,,,,,,,,,,,,,,,,,,,,,,,,,,,,,,,,"0"
"1813","36.75",-1.25,"0.704999983310699",NA,"1992",,,,,,,,,,,,,,,,,,,,,,,,,,,,,,,,,,"0"
"1814","36.75",-1.25,"0.704999983310699",NA,"1993",,,,,,,,,,,,,,,,,,,,,,,,,,,,,,,,,,"0"
"1815","36.75",-1.25,"0.704999983310699",NA,"1996",,,,,,,,,,,,,,,,,,,,,,,,,,,,,,,,,,"0"
"1816","36.75",-1.25,"0.704999983310699","43.6792030334473","1999",,,,,,,,,,,,,,,,,,,,,,,,,,,,,,,,,,"0"
"1817","36.75",-1.25,"0.704999983310699","47.9648399353027","2006",,,,,,,,,,,,,,,,,,,,,,,,,,,,,,,,,,"0"
"1818","36.75",-1.25,"0.704999983310699",NA,"1986",,,,,,,,,,,,,,,,,,,,,,,,,,,,,,,,,,"0"
"1819","36.75",-1.25,"0.704999983310699","54.6299819946289","2001",,,,,,,,,,,,,,,,,,,,,,,,,,,,,,,,,,"0"
"1820","36.75",-1.25,"0.704999983310699","51.7549591064453","2011",,,,,,,,,,,,,,,,,,,,,,,,,,,,,,,,,,"0"
"1821","36.75",-1.25,"0.704999983310699","62.1668357849121","2016",,,,,,,,,,,,,,,,,,,,,,,,,,,,,,,,,,"0"
"1822","36.75",-1.25,"0.704999983310699","57.6895637512207","2018",,,,,,,,,,,,,,,,,,,,,,,,,,,,,,,,,,"0"
"1823","36.75",-1.25,"0.704999983310699","51.9577407836914","2017",,,,,,,,,,,,,,,,,,,,,,,,,,,,,,,,,,"0"
"1824","36.75",-1.25,"0.704999983310699","58.9899444580078","2015",,,,,,,,,,,,,,,,,,,,,,,,,,,,,,,,,,"0"
"1825","36.75",-1.25,"0.704999983310699","48.409122467041","2005",,,,,,,,,,,,,,,,,,,,,,,,,,,,,,,,,,"0"
"1826","36.75",-1.25,"0.704999983310699","55.4657096862793","2007",,,,,,,,,,,,,,,,,,,,,,,,,,,,,,,,,,"0"
"1827","36.75",-1.25,"0.704999983310699","57.7552070617676","2013",,,,,,,,,,,,,,,,,,,,,,,,,,,,,,,,,,"0"
"1828","36.75",-1.25,"0.704999983310699",NA,"1991",,,,,,,,,,,,,,,,,,,,,,,,,,,,,,,,,,"0"
"1829","36.75",-1.25,"0.704999983310699",NA,"1994",,,,,,,,,,,,,,,,,,,,,,,,,,,,,,,,,,"0"
"1830","36.75",-1.25,"0.704999983310699","46.7869338989258","2004",,,,,,,,,,,,,,,,,,,,,,,,,,,,,,,,,,"0"
"1831","36.75",-1.25,"0.704999983310699",NA,"1989",,,,,,,,,,,,,,,,,,,,,,,,,,,,,,,,,,"0"
"1832","36.75",-1.25,"0.704999983310699","60.5154266357422","2014",,,,,,,,,,,,,,,,,,,,,,,,,,,,,,,,,,"0"
"1833","36.75",-1.25,"0.704999983310699",NA,"1988",,,,,,,,,,,,,,,,,,,,,,,,,,,,,,,,,,"0"
"1834","36.75",-1.25,"0.704999983310699",NA,"2020",,,,,,,,,,,,,,,,,,,,,,,,,,,,,,,,,,"0"
"1835","36.75",-1.25,"0.704999983310699","37.995174407959","2000",,,,,,,,,,,,,,,,,,,,,,,,,,,,,,,,,,"0"
"1836","36.75",-1.25,"0.704999983310699","46.0432586669922","2008",,,,,,,,,,,,,,,,,,,,,,,,,,,,,,,,,,"0"
"1837","36.75",-0.75,"0.704999983310699","77.4553070068359","2004","1","1","1","1","1","1","1","1","1","1","1","1","1","1","1","1","1","1","1","1","1","1","1","1","1","1","1","1","1","1","1","1","1","1"
"1838","36.75",-0.75,"0.704999983310699",NA,"1987","1","1","1","1","1","1","1","1","1","1","1","1","1","1","1","1","1","1","1","1","1","1","1","1","1","1","1","1","1","1","1","1","1","1"
"1839","36.75",-0.75,"0.704999983310699","77.6361541748047","2006","1","1","1","1","1","1","1","1","1","1","1","1","1","1","1","1","1","1","1","1","1","1","1","1","1","1","1","1","1","1","1","1","1","1"
"1840","36.75",-0.75,"0.704999983310699",NA,"1991","1","1","1","1","1","1","1","1","1","1","1","1","1","1","1","1","1","1","1","1","1","1","1","1","1","1","1","1","1","1","1","1","1","1"
"1841","36.75",-0.75,"0.704999983310699","78.0057525634766","2002","1","1","1","1","1","1","1","1","1","1","1","1","1","1","1","1","1","1","1","1","1","1","1","1","1","1","1","1","1","1","1","1","1","1"
"1842","36.75",-0.75,"0.704999983310699",NA,"1997","1","1","1","1","1","1","1","1","1","1","1","1","1","1","1","1","1","1","1","1","1","1","1","1","1","1","1","1","1","1","1","1","1","1"
"1843","36.75",-0.75,"0.704999983310699","94.0393981933594","2016","1","1","1","1","1","1","1","1","1","1","1","1","1","1","1","1","1","1","1","1","1","1","1","1","1","1","1","1","1","1","1","1","1","1"
"1844","36.75",-0.75,"0.704999983310699",NA,"1988","1","1","1","1","1","1","1","1","1","1","1","1","1","1","1","1","1","1","1","1","1","1","1","1","1","1","1","1","1","1","1","1","1","1"
"1845","36.75",-0.75,"0.704999983310699","78.3640213012695","2003","1","1","1","1","1","1","1","1","1","1","1","1","1","1","1","1","1","1","1","1","1","1","1","1","1","1","1","1","1","1","1","1","1","1"
"1846","36.75",-0.75,"0.704999983310699",NA,"1992","1","1","1","1","1","1","1","1","1","1","1","1","1","1","1","1","1","1","1","1","1","1","1","1","1","1","1","1","1","1","1","1","1","1"
"1847","36.75",-0.75,"0.704999983310699","96.4183120727539","2015","1","1","1","1","1","1","1","1","1","1","1","1","1","1","1","1","1","1","1","1","1","1","1","1","1","1","1","1","1","1","1","1","1","1"
"1848","36.75",-0.75,"0.704999983310699",NA,"1986","1","1","1","1","1","1","1","1","1","1","1","1","1","1","1","1","1","1","1","1","1","1","1","1","1","1","1","1","1","1","1","1","1","1"
"1849","36.75",-0.75,"0.704999983310699",NA,"1990","1","1","1","1","1","1","1","1","1","1","1","1","1","1","1","1","1","1","1","1","1","1","1","1","1","1","1","1","1","1","1","1","1","1"
"1850","36.75",-0.75,"0.704999983310699","89.337028503418","2011","1","1","1","1","1","1","1","1","1","1","1","1","1","1","1","1","1","1","1","1","1","1","1","1","1","1","1","1","1","1","1","1","1","1"
"1851","36.75",-0.75,"0.704999983310699",NA,"2020","1","1","1","1","1","1","1","1","1","1","1","1","1","1","1","1","1","1","1","1","1","1","1","1","1","1","1","1","1","1","1","1","1","1"
"1852","36.75",-0.75,"0.704999983310699","100.090072631836","2014","1","1","1","1","1","1","1","1","1","1","1","1","1","1","1","1","1","1","1","1","1","1","1","1","1","1","1","1","1","1","1","1","1","1"
"1853","36.75",-0.75,"0.704999983310699","76.9842071533203","2008","1","1","1","1","1","1","1","1","1","1","1","1","1","1","1","1","1","1","1","1","1","1","1","1","1","1","1","1","1","1","1","1","1","1"
"1854","36.75",-0.75,"0.704999983310699","91.1696243286133","2017","1","1","1","1","1","1","1","1","1","1","1","1","1","1","1","1","1","1","1","1","1","1","1","1","1","1","1","1","1","1","1","1","1","1"
"1855","36.75",-0.75,"0.704999983310699","77.4882049560547","2001","1","1","1","1","1","1","1","1","1","1","1","1","1","1","1","1","1","1","1","1","1","1","1","1","1","1","1","1","1","1","1","1","1","1"
"1856","36.75",-0.75,"0.704999983310699","69.0909652709961","2000","1","1","1","1","1","1","1","1","1","1","1","1","1","1","1","1","1","1","1","1","1","1","1","1","1","1","1","1","1","1","1","1","1","1"
"1857","36.75",-0.75,"0.704999983310699","84.5119400024414","2012","1","1","1","1","1","1","1","1","1","1","1","1","1","1","1","1","1","1","1","1","1","1","1","1","1","1","1","1","1","1","1","1","1","1"
"1858","36.75",-0.75,"0.704999983310699","72.3138122558594","1999","1","1","1","1","1","1","1","1","1","1","1","1","1","1","1","1","1","1","1","1","1","1","1","1","1","1","1","1","1","1","1","1","1","1"
"1859","36.75",-0.75,"0.704999983310699",NA,"1989","1","1","1","1","1","1","1","1","1","1","1","1","1","1","1","1","1","1","1","1","1","1","1","1","1","1","1","1","1","1","1","1","1","1"
"1860","36.75",-0.75,"0.704999983310699","83.5006790161133","2005","1","1","1","1","1","1","1","1","1","1","1","1","1","1","1","1","1","1","1","1","1","1","1","1","1","1","1","1","1","1","1","1","1","1"
"1861","36.75",-0.75,"0.704999983310699",NA,"1996","1","1","1","1","1","1","1","1","1","1","1","1","1","1","1","1","1","1","1","1","1","1","1","1","1","1","1","1","1","1","1","1","1","1"
"1862","36.75",-0.75,"0.704999983310699","94.5790786743164","2019","1","1","1","1","1","1","1","1","1","1","1","1","1","1","1","1","1","1","1","1","1","1","1","1","1","1","1","1","1","1","1","1","1","1"
"1863","36.75",-0.75,"0.704999983310699",NA,"1998","1","1","1","1","1","1","1","1","1","1","1","1","1","1","1","1","1","1","1","1","1","1","1","1","1","1","1","1","1","1","1","1","1","1"
"1864","36.75",-0.75,"0.704999983310699","84.0849838256836","2010","1","1","1","1","1","1","1","1","1","1","1","1","1","1","1","1","1","1","1","1","1","1","1","1","1","1","1","1","1","1","1","1","1","1"
"1865","36.75",-0.75,"0.704999983310699","72.7078475952148","2009","1","1","1","1","1","1","1","1","1","1","1","1","1","1","1","1","1","1","1","1","1","1","1","1","1","1","1","1","1","1","1","1","1","1"
"1866","36.75",-0.75,"0.704999983310699",NA,"1993","1","1","1","1","1","1","1","1","1","1","1","1","1","1","1","1","1","1","1","1","1","1","1","1","1","1","1","1","1","1","1","1","1","1"
"1867","36.75",-0.75,"0.704999983310699",NA,"1995","1","1","1","1","1","1","1","1","1","1","1","1","1","1","1","1","1","1","1","1","1","1","1","1","1","1","1","1","1","1","1","1","1","1"
"1868","36.75",-0.75,"0.704999983310699",NA,"1994","1","1","1","1","1","1","1","1","1","1","1","1","1","1","1","1","1","1","1","1","1","1","1","1","1","1","1","1","1","1","1","1","1","1"
"1869","36.75",-0.75,"0.704999983310699","82.1059646606445","2007","1","1","1","1","1","1","1","1","1","1","1","1","1","1","1","1","1","1","1","1","1","1","1","1","1","1","1","1","1","1","1","1","1","1"
"1870","36.75",-0.75,"0.704999983310699",NA,"1985","1","1","1","1","1","1","1","1","1","1","1","1","1","1","1","1","1","1","1","1","1","1","1","1","1","1","1","1","1","1","1","1","1","1"
"1871","36.75",-0.75,"0.704999983310699","88.1701965332031","2013","1","1","1","1","1","1","1","1","1","1","1","1","1","1","1","1","1","1","1","1","1","1","1","1","1","1","1","1","1","1","1","1","1","1"
"1872","36.75",-0.75,"0.704999983310699","88.0564346313477","2018","1","1","1","1","1","1","1","1","1","1","1","1","1","1","1","1","1","1","1","1","1","1","1","1","1","1","1","1","1","1","1","1","1","1"
"1873","36.75",-0.25,"0.025000000372529","54.6868362426758","1999",,,,,,,,,,,,,,,,,,,,,,,,,,,,,,,,,,"0"
"1874","36.75",-0.25,"0.025000000372529",NA,"1989",,,,,,,,,,,,,,,,,,,,,,,,,,,,,,,,,,"0"
"1875","36.75",-0.25,"0.025000000372529",NA,"1993",,,,,,,,,,,,,,,,,,,,,,,,,,,,,,,,,,"0"
"1876","36.75",-0.25,"0.025000000372529",NA,"1994",,,,,,,,,,,,,,,,,,,,,,,,,,,,,,,,,,"0"
"1877","36.75",-0.25,"0.025000000372529",NA,"1991",,,,,,,,,,,,,,,,,,,,,,,,,,,,,,,,,,"0"
"1878","36.75",-0.25,"0.025000000372529","69.8006286621094","2010",,,,,,,,,,,,,,,,,,,,,,,,,,,,,,,,,,"0"
"1879","36.75",-0.25,"0.025000000372529",NA,"2020",,,,,,,,,,,,,,,,,,,,,,,,,,,,,,,,,,"0"
"1880","36.75",-0.25,"0.025000000372529","58.3338088989258","2004",,,,,,,,,,,,,,,,,,,,,,,,,,,,,,,,,,"0"
"1881","36.75",-0.25,"0.025000000372529",NA,"1985",,,,,,,,,,,,,,,,,,,,,,,,,,,,,,,,,,"0"
"1882","36.75",-0.25,"0.025000000372529","61.9924926757812","2002",,,,,,,,,,,,,,,,,,,,,,,,,,,,,,,,,,"0"
"1883","36.75",-0.25,"0.025000000372529","65.6949615478516","2012",,,,,,,,,,,,,,,,,,,,,,,,,,,,,,,,,,"0"
"1884","36.75",-0.25,"0.025000000372529","76.6247863769531","2016",,,,,,,,,,,,,,,,,,,,,,,,,,,,,,,,,,"0"
"1885","36.75",-0.25,"0.025000000372529",NA,"1992",,,,,,,,,,,,,,,,,,,,,,,,,,,,,,,,,,"0"
"1886","36.75",-0.25,"0.025000000372529","66.7621536254883","2017",,,,,,,,,,,,,,,,,,,,,,,,,,,,,,,,,,"0"
"1887","36.75",-0.25,"0.025000000372529","75.0975036621094","2014",,,,,,,,,,,,,,,,,,,,,,,,,,,,,,,,,,"0"
"1888","36.75",-0.25,"0.025000000372529","64.0136260986328","2003",,,,,,,,,,,,,,,,,,,,,,,,,,,,,,,,,,"0"
"1889","36.75",-0.25,"0.025000000372529","60.4722061157227","2001",,,,,,,,,,,,,,,,,,,,,,,,,,,,,,,,,,"0"
"1890","36.75",-0.25,"0.025000000372529","71.3105239868164","2018",,,,,,,,,,,,,,,,,,,,,,,,,,,,,,,,,,"0"
"1891","36.75",-0.25,"0.025000000372529",NA,"1986",,,,,,,,,,,,,,,,,,,,,,,,,,,,,,,,,,"0"
"1892","36.75",-0.25,"0.025000000372529","56.2390060424805","2008",,,,,,,,,,,,,,,,,,,,,,,,,,,,,,,,,,"0"
"1893","36.75",-0.25,"0.025000000372529","49.6725578308105","2009",,,,,,,,,,,,,,,,,,,,,,,,,,,,,,,,,,"0"
"1894","36.75",-0.25,"0.025000000372529",NA,"1997",,,,,,,,,,,,,,,,,,,,,,,,,,,,,,,,,,"0"
"1895","36.75",-0.25,"0.025000000372529","65.5871429443359","2007",,,,,,,,,,,,,,,,,,,,,,,,,,,,,,,,,,"0"
"1896","36.75",-0.25,"0.025000000372529",NA,"1996",,,,,,,,,,,,,,,,,,,,,,,,,,,,,,,,,,"0"
"1897","36.75",-0.25,"0.025000000372529","68.9091949462891","2011",,,,,,,,,,,,,,,,,,,,,,,,,,,,,,,,,,"0"
"1898","36.75",-0.25,"0.025000000372529",NA,"1998",,,,,,,,,,,,,,,,,,,,,,,,,,,,,,,,,,"0"
"1899","36.75",-0.25,"0.025000000372529",NA,"1987",,,,,,,,,,,,,,,,,,,,,,,,,,,,,,,,,,"0"
"1900","36.75",-0.25,"0.025000000372529",NA,"1988",,,,,,,,,,,,,,,,,,,,,,,,,,,,,,,,,,"0"
"1901","36.75",-0.25,"0.025000000372529",NA,"1995",,,,,,,,,,,,,,,,,,,,,,,,,,,,,,,,,,"0"
"1902","36.75",-0.25,"0.025000000372529","71.0919494628906","2013",,,,,,,,,,,,,,,,,,,,,,,,,,,,,,,,,,"0"
"1903","36.75",-0.25,"0.025000000372529",NA,"1990",,,,,,,,,,,,,,,,,,,,,,,,,,,,,,,,,,"0"
"1904","36.75",-0.25,"0.025000000372529","50.905590057373","2000",,,,,,,,,,,,,,,,,,,,,,,,,,,,,,,,,,"0"
"1905","36.75",-0.25,"0.025000000372529","60.3314018249512","2006",,,,,,,,,,,,,,,,,,,,,,,,,,,,,,,,,,"0"
"1906","36.75",-0.25,"0.025000000372529","61.1231803894043","2005",,,,,,,,,,,,,,,,,,,,,,,,,,,,,,,,,,"0"
"1907","36.75",-0.25,"0.025000000372529","70.3153991699219","2015",,,,,,,,,,,,,,,,,,,,,,,,,,,,,,,,,,"0"
"1908","36.75",-0.25,"0.025000000372529","74.8794784545898","2019",,,,,,,,,,,,,,,,,,,,,,,,,,,,,,,,,,"0"
"1909","36.75",0.25,"0.025000000372529",NA,"1997",,,,,,,,,,,,,,,,,,,,,,,,,,,,,,,,,,"0"
"1910","36.75",0.25,"0.025000000372529","36.220043182373","2002",,,,,,,,,,,,,,,,,,,,,,,,,,,,,,,,,,"0"
"1911","36.75",0.25,"0.025000000372529",NA,"1995",,,,,,,,,,,,,,,,,,,,,,,,,,,,,,,,,,"0"
"1912","36.75",0.25,"0.025000000372529","51.0460968017578","2012",,,,,,,,,,,,,,,,,,,,,,,,,,,,,,,,,,"0"
"1913","36.75",0.25,"0.025000000372529",NA,"1992",,,,,,,,,,,,,,,,,,,,,,,,,,,,,,,,,,"0"
"1914","36.75",0.25,"0.025000000372529","46.2183036804199","2007",,,,,,,,,,,,,,,,,,,,,,,,,,,,,,,,,,"0"
"1915","36.75",0.25,"0.025000000372529",NA,"1990",,,,,,,,,,,,,,,,,,,,,,,,,,,,,,,,,,"0"
"1916","36.75",0.25,"0.025000000372529","49.0339317321777","2013",,,,,,,,,,,,,,,,,,,,,,,,,,,,,,,,,,"0"
"1917","36.75",0.25,"0.025000000372529","40.8967399597168","2015",,,,,,,,,,,,,,,,,,,,,,,,,,,,,,,,,,"0"
"1918","36.75",0.25,"0.025000000372529","30.0192241668701","1999",,,,,,,,,,,,,,,,,,,,,,,,,,,,,,,,,,"0"
"1919","36.75",0.25,"0.025000000372529","34.2699012756348","2006",,,,,,,,,,,,,,,,,,,,,,,,,,,,,,,,,,"0"
"1920","36.75",0.25,"0.025000000372529",NA,"1994",,,,,,,,,,,,,,,,,,,,,,,,,,,,,,,,,,"0"
"1921","36.75",0.25,"0.025000000372529",NA,"1987",,,,,,,,,,,,,,,,,,,,,,,,,,,,,,,,,,"0"
"1922","36.75",0.25,"0.025000000372529","36.6120147705078","2005",,,,,,,,,,,,,,,,,,,,,,,,,,,,,,,,,,"0"
"1923","36.75",0.25,"0.025000000372529","51.3645286560059","2018",,,,,,,,,,,,,,,,,,,,,,,,,,,,,,,,,,"0"
"1924","36.75",0.25,"0.025000000372529","43.4382286071777","2011",,,,,,,,,,,,,,,,,,,,,,,,,,,,,,,,,,"0"
"1925","36.75",0.25,"0.025000000372529",NA,"1991",,,,,,,,,,,,,,,,,,,,,,,,,,,,,,,,,,"0"
"1926","36.75",0.25,"0.025000000372529",NA,"2020",,,,,,,,,,,,,,,,,,,,,,,,,,,,,,,,,,"0"
"1927","36.75",0.25,"0.025000000372529",NA,"1989",,,,,,,,,,,,,,,,,,,,,,,,,,,,,,,,,,"0"
"1928","36.75",0.25,"0.025000000372529","40.6680068969727","2014",,,,,,,,,,,,,,,,,,,,,,,,,,,,,,,,,,"0"
"1929","36.75",0.25,"0.025000000372529",NA,"1998",,,,,,,,,,,,,,,,,,,,,,,,,,,,,,,,,,"0"
"1930","36.75",0.25,"0.025000000372529",NA,"1996",,,,,,,,,,,,,,,,,,,,,,,,,,,,,,,,,,"0"
"1931","36.75",0.25,"0.025000000372529","37.318172454834","2017",,,,,,,,,,,,,,,,,,,,,,,,,,,,,,,,,,"0"
"1932","36.75",0.25,"0.025000000372529",NA,"1993",,,,,,,,,,,,,,,,,,,,,,,,,,,,,,,,,,"0"
"1933","36.75",0.25,"0.025000000372529",NA,"1985",,,,,,,,,,,,,,,,,,,,,,,,,,,,,,,,,,"0"
"1934","36.75",0.25,"0.025000000372529","51.0442199707031","2019",,,,,,,,,,,,,,,,,,,,,,,,,,,,,,,,,,"0"
"1935","36.75",0.25,"0.025000000372529","38.6949501037598","2001",,,,,,,,,,,,,,,,,,,,,,,,,,,,,,,,,,"0"
"1936","36.75",0.25,"0.025000000372529",NA,"1986",,,,,,,,,,,,,,,,,,,,,,,,,,,,,,,,,,"0"
"1937","36.75",0.25,"0.025000000372529","51.9090423583984","2010",,,,,,,,,,,,,,,,,,,,,,,,,,,,,,,,,,"0"
"1938","36.75",0.25,"0.025000000372529","40.0022621154785","2004",,,,,,,,,,,,,,,,,,,,,,,,,,,,,,,,,,"0"
"1939","36.75",0.25,"0.025000000372529","36.0987396240234","2008",,,,,,,,,,,,,,,,,,,,,,,,,,,,,,,,,,"0"
"1940","36.75",0.25,"0.025000000372529",NA,"1988",,,,,,,,,,,,,,,,,,,,,,,,,,,,,,,,,,"0"
"1941","36.75",0.25,"0.025000000372529","23.6855316162109","2000",,,,,,,,,,,,,,,,,,,,,,,,,,,,,,,,,,"0"
"1942","36.75",0.25,"0.025000000372529","44.3046531677246","2003",,,,,,,,,,,,,,,,,,,,,,,,,,,,,,,,,,"0"
"1943","36.75",0.25,"0.025000000372529","23.3998832702637","2009",,,,,,,,,,,,,,,,,,,,,,,,,,,,,,,,,,"0"
"1944","36.75",0.25,"0.025000000372529","49.226978302002","2016",,,,,,,,,,,,,,,,,,,,,,,,,,,,,,,,,,"0"
"1945","36.75",0.75,"0.025000000372529",NA,"1987",,,,,,,,,,,,,,,,,,,,,,,,,,,,,,,,,,"0"
"1946","36.75",0.75,"0.025000000372529","53.586353302002","2013",,,,,,,,,,,,,,,,,,,,,,,,,,,,,,,,,,"0"
"1947","36.75",0.75,"0.025000000372529","48.4642295837402","2016",,,,,,,,,,,,,,,,,,,,,,,,,,,,,,,,,,"0"
"1948","36.75",0.75,"0.025000000372529",NA,"1991",,,,,,,,,,,,,,,,,,,,,,,,,,,,,,,,,,"0"
"1949","36.75",0.75,"0.025000000372529","33.5698890686035","2001",,,,,,,,,,,,,,,,,,,,,,,,,,,,,,,,,,"0"
"1950","36.75",0.75,"0.025000000372529","42.2040977478027","2011",,,,,,,,,,,,,,,,,,,,,,,,,,,,,,,,,,"0"
"1951","36.75",0.75,"0.025000000372529",NA,"1997",,,,,,,,,,,,,,,,,,,,,,,,,,,,,,,,,,"0"
"1952","36.75",0.75,"0.025000000372529",NA,"1994",,,,,,,,,,,,,,,,,,,,,,,,,,,,,,,,,,"0"
"1953","36.75",0.75,"0.025000000372529",NA,"1995",,,,,,,,,,,,,,,,,,,,,,,,,,,,,,,,,,"0"
"1954","36.75",0.75,"0.025000000372529","43.882999420166","2015",,,,,,,,,,,,,,,,,,,,,,,,,,,,,,,,,,"0"
"1955","36.75",0.75,"0.025000000372529",NA,"1986",,,,,,,,,,,,,,,,,,,,,,,,,,,,,,,,,,"0"
"1956","36.75",0.75,"0.025000000372529","46.154052734375","2007",,,,,,,,,,,,,,,,,,,,,,,,,,,,,,,,,,"0"
"1957","36.75",0.75,"0.025000000372529","39.7100715637207","2003",,,,,,,,,,,,,,,,,,,,,,,,,,,,,,,,,,"0"
"1958","36.75",0.75,"0.025000000372529","51.1355857849121","2019",,,,,,,,,,,,,,,,,,,,,,,,,,,,,,,,,,"0"
"1959","36.75",0.75,"0.025000000372529","41.1612319946289","2014",,,,,,,,,,,,,,,,,,,,,,,,,,,,,,,,,,"0"
"1960","36.75",0.75,"0.025000000372529","37.1293296813965","2004",,,,,,,,,,,,,,,,,,,,,,,,,,,,,,,,,,"0"
"1961","36.75",0.75,"0.025000000372529",NA,"2020",,,,,,,,,,,,,,,,,,,,,,,,,,,,,,,,,,"0"
"1962","36.75",0.75,"0.025000000372529","37.070068359375","2008",,,,,,,,,,,,,,,,,,,,,,,,,,,,,,,,,,"0"
"1963","36.75",0.75,"0.025000000372529","34.6093101501465","2005",,,,,,,,,,,,,,,,,,,,,,,,,,,,,,,,,,"0"
"1964","36.75",0.75,"0.025000000372529",NA,"1998",,,,,,,,,,,,,,,,,,,,,,,,,,,,,,,,,,"0"
"1965","36.75",0.75,"0.025000000372529",NA,"1996",,,,,,,,,,,,,,,,,,,,,,,,,,,,,,,,,,"0"
"1966","36.75",0.75,"0.025000000372529","52.863639831543","2018",,,,,,,,,,,,,,,,,,,,,,,,,,,,,,,,,,"0"
"1967","36.75",0.75,"0.025000000372529","29.8478374481201","1999",,,,,,,,,,,,,,,,,,,,,,,,,,,,,,,,,,"0"
"1968","36.75",0.75,"0.025000000372529","56.4722213745117","2012",,,,,,,,,,,,,,,,,,,,,,,,,,,,,,,,,,"0"
"1969","36.75",0.75,"0.025000000372529","25.1621875762939","2009",,,,,,,,,,,,,,,,,,,,,,,,,,,,,,,,,,"0"
"1970","36.75",0.75,"0.025000000372529","48.7375564575195","2010",,,,,,,,,,,,,,,,,,,,,,,,,,,,,,,,,,"0"
"1971","36.75",0.75,"0.025000000372529","32.4908180236816","2006",,,,,,,,,,,,,,,,,,,,,,,,,,,,,,,,,,"0"
"1972","36.75",0.75,"0.025000000372529",NA,"1990",,,,,,,,,,,,,,,,,,,,,,,,,,,,,,,,,,"0"
"1973","36.75",0.75,"0.025000000372529",NA,"1992",,,,,,,,,,,,,,,,,,,,,,,,,,,,,,,,,,"0"
"1974","36.75",0.75,"0.025000000372529",NA,"1988",,,,,,,,,,,,,,,,,,,,,,,,,,,,,,,,,,"0"
"1975","36.75",0.75,"0.025000000372529","32.3972396850586","2002",,,,,,,,,,,,,,,,,,,,,,,,,,,,,,,,,,"0"
"1976","36.75",0.75,"0.025000000372529","23.0411396026611","2000",,,,,,,,,,,,,,,,,,,,,,,,,,,,,,,,,,"0"
"1977","36.75",0.75,"0.025000000372529",NA,"1985",,,,,,,,,,,,,,,,,,,,,,,,,,,,,,,,,,"0"
"1978","36.75",0.75,"0.025000000372529",NA,"1993",,,,,,,,,,,,,,,,,,,,,,,,,,,,,,,,,,"0"
"1979","36.75",0.75,"0.025000000372529",NA,"1989",,,,,,,,,,,,,,,,,,,,,,,,,,,,,,,,,,"0"
"1980","36.75",0.75,"0.025000000372529","41.1697120666504","2017",,,,,,,,,,,,,,,,,,,,,,,,,,,,,,,,,,"0"
"1981","36.75",1.25,"0.025000000372529","54.5143241882324","2016",,,,,,,,,,,,,,,,,,,,,,,,,,,,,,,,,,"0"
"1982","36.75",1.25,"0.025000000372529",NA,"1992",,,,,,,,,,,,,,,,,,,,,,,,,,,,,,,,,,"0"
"1983","36.75",1.25,"0.025000000372529","48.425422668457","2011",,,,,,,,,,,,,,,,,,,,,,,,,,,,,,,,,,"0"
"1984","36.75",1.25,"0.025000000372529","64.3706359863281","2018",,,,,,,,,,,,,,,,,,,,,,,,,,,,,,,,,,"0"
"1985","36.75",1.25,"0.025000000372529","51.131591796875","2015",,,,,,,,,,,,,,,,,,,,,,,,,,,,,,,,,,"0"
"1986","36.75",1.25,"0.025000000372529",NA,"1985",,,,,,,,,,,,,,,,,,,,,,,,,,,,,,,,,,"0"
"1987","36.75",1.25,"0.025000000372529",NA,"1988",,,,,,,,,,,,,,,,,,,,,,,,,,,,,,,,,,"0"
"1988","36.75",1.25,"0.025000000372529","43.7559127807617","2005",,,,,,,,,,,,,,,,,,,,,,,,,,,,,,,,,,"0"
"1989","36.75",1.25,"0.025000000372529","51.2415542602539","2007",,,,,,,,,,,,,,,,,,,,,,,,,,,,,,,,,,"0"
"1990","36.75",1.25,"0.025000000372529",NA,"1991",,,,,,,,,,,,,,,,,,,,,,,,,,,,,,,,,,"0"
"1991","36.75",1.25,"0.025000000372529","41.7699851989746","2003",,,,,,,,,,,,,,,,,,,,,,,,,,,,,,,,,,"0"
"1992","36.75",1.25,"0.025000000372529",NA,"1994",,,,,,,,,,,,,,,,,,,,,,,,,,,,,,,,,,"0"
"1993","36.75",1.25,"0.025000000372529",NA,"1997",,,,,,,,,,,,,,,,,,,,,,,,,,,,,,,,,,"0"
"1994","36.75",1.25,"0.025000000372529","38.7459869384766","1999",,,,,,,,,,,,,,,,,,,,,,,,,,,,,,,,,,"0"
"1995","36.75",1.25,"0.025000000372529","42.3596878051758","2001",,,,,,,,,,,,,,,,,,,,,,,,,,,,,,,,,,"0"
"1996","36.75",1.25,"0.025000000372529",NA,"1986",,,,,,,,,,,,,,,,,,,,,,,,,,,,,,,,,,"0"
"1997","36.75",1.25,"0.025000000372529","60.3801612854004","2019",,,,,,,,,,,,,,,,,,,,,,,,,,,,,,,,,,"0"
"1998","36.75",1.25,"0.025000000372529",NA,"1993",,,,,,,,,,,,,,,,,,,,,,,,,,,,,,,,,,"0"
"1999","36.75",1.25,"0.025000000372529","58.1551322937012","2013",,,,,,,,,,,,,,,,,,,,,,,,,,,,,,,,,,"0"
"2000","36.75",1.25,"0.025000000372529","42.3822937011719","2004",,,,,,,,,,,,,,,,,,,,,,,,,,,,,,,,,,"0"
"2001","36.75",1.25,"0.025000000372529",NA,"2020",,,,,,,,,,,,,,,,,,,,,,,,,,,,,,,,,,"0"
"2002","36.75",1.25,"0.025000000372529",NA,"1996",,,,,,,,,,,,,,,,,,,,,,,,,,,,,,,,,,"0"
"2003","36.75",1.25,"0.025000000372529",NA,"1998",,,,,,,,,,,,,,,,,,,,,,,,,,,,,,,,,,"0"
"2004","36.75",1.25,"0.025000000372529",NA,"1987",,,,,,,,,,,,,,,,,,,,,,,,,,,,,,,,,,"0"
"2005","36.75",1.25,"0.025000000372529","41.0700492858887","2006",,,,,,,,,,,,,,,,,,,,,,,,,,,,,,,,,,"0"
"2006","36.75",1.25,"0.025000000372529",NA,"1990",,,,,,,,,,,,,,,,,,,,,,,,,,,,,,,,,,"0"
"2007","36.75",1.25,"0.025000000372529",NA,"1995",,,,,,,,,,,,,,,,,,,,,,,,,,,,,,,,,,"0"
"2008","36.75",1.25,"0.025000000372529","38.2492828369141","2002",,,,,,,,,,,,,,,,,,,,,,,,,,,,,,,,,,"0"
"2009","36.75",1.25,"0.025000000372529","52.6655387878418","2010",,,,,,,,,,,,,,,,,,,,,,,,,,,,,,,,,,"0"
"2010","36.75",1.25,"0.025000000372529",NA,"1989",,,,,,,,,,,,,,,,,,,,,,,,,,,,,,,,,,"0"
"2011","36.75",1.25,"0.025000000372529","30.5551872253418","2000",,,,,,,,,,,,,,,,,,,,,,,,,,,,,,,,,,"0"
"2012","36.75",1.25,"0.025000000372529","49.8220024108887","2014",,,,,,,,,,,,,,,,,,,,,,,,,,,,,,,,,,"0"
"2013","36.75",1.25,"0.025000000372529","45.4853973388672","2008",,,,,,,,,,,,,,,,,,,,,,,,,,,,,,,,,,"0"
"2014","36.75",1.25,"0.025000000372529","33.8040542602539","2009",,,,,,,,,,,,,,,,,,,,,,,,,,,,,,,,,,"0"
"2015","36.75",1.25,"0.025000000372529","59.1060256958008","2012",,,,,,,,,,,,,,,,,,,,,,,,,,,,,,,,,,"0"
"2016","36.75",1.25,"0.025000000372529","51.3979187011719","2017",,,,,,,,,,,,,,,,,,,,,,,,,,,,,,,,,,"0"
"2017","36.75",1.75,"0.025000000372529","17.991340637207","2008",,,,,,,,,,,,,,,,,,,,,,,,,,,,,,,,,,"0"
"2018","36.75",1.75,"0.025000000372529","17.8014297485352","2003",,,,,,,,,,,,,,,,,,,,,,,,,,,,,,,,,,"0"
"2019","36.75",1.75,"0.025000000372529",NA,"1985",,,,,,,,,,,,,,,,,,,,,,,,,,,,,,,,,,"0"
"2020","36.75",1.75,"0.025000000372529",NA,"1993",,,,,,,,,,,,,,,,,,,,,,,,,,,,,,,,,,"0"
"2021","36.75",1.75,"0.025000000372529","26.0890159606934","2012",,,,,,,,,,,,,,,,,,,,,,,,,,,,,,,,,,"0"
"2022","36.75",1.75,"0.025000000372529","17.228536605835","2005",,,,,,,,,,,,,,,,,,,,,,,,,,,,,,,,,,"0"
"2023","36.75",1.75,"0.025000000372529",NA,"1992",,,,,,,,,,,,,,,,,,,,,,,,,,,,,,,,,,"0"
"2024","36.75",1.75,"0.025000000372529","22.4750843048096","2017",,,,,,,,,,,,,,,,,,,,,,,,,,,,,,,,,,"0"
"2025","36.75",1.75,"0.025000000372529",NA,"1995",,,,,,,,,,,,,,,,,,,,,,,,,,,,,,,,,,"0"
"2026","36.75",1.75,"0.025000000372529","17.8015651702881","2006",,,,,,,,,,,,,,,,,,,,,,,,,,,,,,,,,,"0"
"2027","36.75",1.75,"0.025000000372529",NA,"2020",,,,,,,,,,,,,,,,,,,,,,,,,,,,,,,,,,"0"
"2028","36.75",1.75,"0.025000000372529",NA,"1986",,,,,,,,,,,,,,,,,,,,,,,,,,,,,,,,,,"0"
"2029","36.75",1.75,"0.025000000372529",NA,"1994",,,,,,,,,,,,,,,,,,,,,,,,,,,,,,,,,,"0"
"2030","36.75",1.75,"0.025000000372529",NA,"1990",,,,,,,,,,,,,,,,,,,,,,,,,,,,,,,,,,"0"
"2031","36.75",1.75,"0.025000000372529",NA,"1988",,,,,,,,,,,,,,,,,,,,,,,,,,,,,,,,,,"0"
"2032","36.75",1.75,"0.025000000372529","9.71642971038818","2000",,,,,,,,,,,,,,,,,,,,,,,,,,,,,,,,,,"0"
"2033","36.75",1.75,"0.025000000372529","23.4773693084717","2014",,,,,,,,,,,,,,,,,,,,,,,,,,,,,,,,,,"0"
"2034","36.75",1.75,"0.025000000372529",NA,"1991",,,,,,,,,,,,,,,,,,,,,,,,,,,,,,,,,,"0"
"2035","36.75",1.75,"0.025000000372529","32.9198913574219","2018",,,,,,,,,,,,,,,,,,,,,,,,,,,,,,,,,,"0"
"2036","36.75",1.75,"0.025000000372529","24.0527935028076","2013",,,,,,,,,,,,,,,,,,,,,,,,,,,,,,,,,,"0"
"2037","36.75",1.75,"0.025000000372529","21.293420791626","2011",,,,,,,,,,,,,,,,,,,,,,,,,,,,,,,,,,"0"
"2038","36.75",1.75,"0.025000000372529","21.5293312072754","2010",,,,,,,,,,,,,,,,,,,,,,,,,,,,,,,,,,"0"
"2039","36.75",1.75,"0.025000000372529","16.6213283538818","2002",,,,,,,,,,,,,,,,,,,,,,,,,,,,,,,,,,"0"
"2040","36.75",1.75,"0.025000000372529","12.9384031295776","2009",,,,,,,,,,,,,,,,,,,,,,,,,,,,,,,,,,"0"
"2041","36.75",1.75,"0.025000000372529","14.0376558303833","1999",,,,,,,,,,,,,,,,,,,,,,,,,,,,,,,,,,"0"
"2042","36.75",1.75,"0.025000000372529",NA,"1996",,,,,,,,,,,,,,,,,,,,,,,,,,,,,,,,,,"0"
"2043","36.75",1.75,"0.025000000372529",NA,"1989",,,,,,,,,,,,,,,,,,,,,,,,,,,,,,,,,,"0"
"2044","36.75",1.75,"0.025000000372529","24.1966571807861","2007",,,,,,,,,,,,,,,,,,,,,,,,,,,,,,,,,,"0"
"2045","36.75",1.75,"0.025000000372529","24.051944732666","2015",,,,,,,,,,,,,,,,,,,,,,,,,,,,,,,,,,"0"
"2046","36.75",1.75,"0.025000000372529",NA,"1987",,,,,,,,,,,,,,,,,,,,,,,,,,,,,,,,,,"0"
"2047","36.75",1.75,"0.025000000372529","28.4174270629883","2019",,,,,,,,,,,,,,,,,,,,,,,,,,,,,,,,,,"0"
"2048","36.75",1.75,"0.025000000372529","23.2801780700684","2016",,,,,,,,,,,,,,,,,,,,,,,,,,,,,,,,,,"0"
"2049","36.75",1.75,"0.025000000372529","18.2871971130371","2004",,,,,,,,,,,,,,,,,,,,,,,,,,,,,,,,,,"0"
"2050","36.75",1.75,"0.025000000372529",NA,"1997",,,,,,,,,,,,,,,,,,,,,,,,,,,,,,,,,,"0"
"2051","36.75",1.75,"0.025000000372529","16.4521617889404","2001",,,,,,,,,,,,,,,,,,,,,,,,,,,,,,,,,,"0"
"2052","36.75",1.75,"0.025000000372529",NA,"1998",,,,,,,,,,,,,,,,,,,,,,,,,,,,,,,,,,"0"
"2053","36.75",2.25,"0.025000000372529","22.7016887664795","2014",,,,,,,,,,,,,,,,,,,,,,,,,,,,,,,,,,"0"
"2054","36.75",2.25,"0.025000000372529","15.4542541503906","1999",,,,,,,,,,,,,,,,,,,,,,,,,,,,,,,,,,"0"
"2055","36.75",2.25,"0.025000000372529","24.215145111084","2012",,,,,,,,,,,,,,,,,,,,,,,,,,,,,,,,,,"0"
"2056","36.75",2.25,"0.025000000372529","20.2042274475098","2010",,,,,,,,,,,,,,,,,,,,,,,,,,,,,,,,,,"0"
"2057","36.75",2.25,"0.025000000372529","18.4883518218994","2011",,,,,,,,,,,,,,,,,,,,,,,,,,,,,,,,,,"0"
"2058","36.75",2.25,"0.025000000372529",NA,"1988",,,,,,,,,,,,,,,,,,,,,,,,,,,,,,,,,,"0"
"2059","36.75",2.25,"0.025000000372529","14.1411304473877","2009",,,,,,,,,,,,,,,,,,,,,,,,,,,,,,,,,,"0"
"2060","36.75",2.25,"0.025000000372529",NA,"1994",,,,,,,,,,,,,,,,,,,,,,,,,,,,,,,,,,"0"
"2061","36.75",2.25,"0.025000000372529",NA,"1995",,,,,,,,,,,,,,,,,,,,,,,,,,,,,,,,,,"0"
"2062","36.75",2.25,"0.025000000372529",NA,"1992",,,,,,,,,,,,,,,,,,,,,,,,,,,,,,,,,,"0"
"2063","36.75",2.25,"0.025000000372529","20.9857940673828","2017",,,,,,,,,,,,,,,,,,,,,,,,,,,,,,,,,,"0"
"2064","36.75",2.25,"0.025000000372529","11.5720911026001","2000",,,,,,,,,,,,,,,,,,,,,,,,,,,,,,,,,,"0"
"2065","36.75",2.25,"0.025000000372529","14.9605522155762","2005",,,,,,,,,,,,,,,,,,,,,,,,,,,,,,,,,,"0"
"2066","36.75",2.25,"0.025000000372529","22.1003265380859","2016",,,,,,,,,,,,,,,,,,,,,,,,,,,,,,,,,,"0"
"2067","36.75",2.25,"0.025000000372529",NA,"1998",,,,,,,,,,,,,,,,,,,,,,,,,,,,,,,,,,"0"
"2068","36.75",2.25,"0.025000000372529","18.3164386749268","2006",,,,,,,,,,,,,,,,,,,,,,,,,,,,,,,,,,"0"
"2069","36.75",2.25,"0.025000000372529",NA,"1985",,,,,,,,,,,,,,,,,,,,,,,,,,,,,,,,,,"0"
"2070","36.75",2.25,"0.025000000372529","18.8339691162109","2008",,,,,,,,,,,,,,,,,,,,,,,,,,,,,,,,,,"0"
"2071","36.75",2.25,"0.025000000372529","23.9661693572998","2015",,,,,,,,,,,,,,,,,,,,,,,,,,,,,,,,,,"0"
"2072","36.75",2.25,"0.025000000372529","18.6695251464844","2003",,,,,,,,,,,,,,,,,,,,,,,,,,,,,,,,,,"0"
"2073","36.75",2.25,"0.025000000372529","22.2416572570801","2007",,,,,,,,,,,,,,,,,,,,,,,,,,,,,,,,,,"0"
"2074","36.75",2.25,"0.025000000372529",NA,"1993",,,,,,,,,,,,,,,,,,,,,,,,,,,,,,,,,,"0"
"2075","36.75",2.25,"0.025000000372529",NA,"1990",,,,,,,,,,,,,,,,,,,,,,,,,,,,,,,,,,"0"
"2076","36.75",2.25,"0.025000000372529",NA,"1986",,,,,,,,,,,,,,,,,,,,,,,,,,,,,,,,,,"0"
"2077","36.75",2.25,"0.025000000372529",NA,"1989",,,,,,,,,,,,,,,,,,,,,,,,,,,,,,,,,,"0"
"2078","36.75",2.25,"0.025000000372529",NA,"1997",,,,,,,,,,,,,,,,,,,,,,,,,,,,,,,,,,"0"
"2079","36.75",2.25,"0.025000000372529","18.7202072143555","2002",,,,,,,,,,,,,,,,,,,,,,,,,,,,,,,,,,"0"
"2080","36.75",2.25,"0.025000000372529","22.5498371124268","2013",,,,,,,,,,,,,,,,,,,,,,,,,,,,,,,,,,"0"
"2081","36.75",2.25,"0.025000000372529",NA,"1996",,,,,,,,,,,,,,,,,,,,,,,,,,,,,,,,,,"0"
"2082","36.75",2.25,"0.025000000372529","31.2659683227539","2018",,,,,,,,,,,,,,,,,,,,,,,,,,,,,,,,,,"0"
"2083","36.75",2.25,"0.025000000372529",NA,"1987",,,,,,,,,,,,,,,,,,,,,,,,,,,,,,,,,,"0"
"2084","36.75",2.25,"0.025000000372529",NA,"2020",,,,,,,,,,,,,,,,,,,,,,,,,,,,,,,,,,"0"
"2085","36.75",2.25,"0.025000000372529",NA,"1991",,,,,,,,,,,,,,,,,,,,,,,,,,,,,,,,,,"0"
"2086","36.75",2.25,"0.025000000372529","18.1311531066895","2004",,,,,,,,,,,,,,,,,,,,,,,,,,,,,,,,,,"0"
"2087","36.75",2.25,"0.025000000372529","17.0379753112793","2001",,,,,,,,,,,,,,,,,,,,,,,,,,,,,,,,,,"0"
"2088","36.75",2.25,"0.025000000372529","25.3279552459717","2019",,,,,,,,,,,,,,,,,,,,,,,,,,,,,,,,,,"0"
"2089","36.75",2.75,"0.025000000372529",NA,"1995",,,,,,,,,,,,,,,,,,,,,,,,,,,,,,,,,,"0"
"2090","36.75",2.75,"0.025000000372529","10.0338544845581","2009",,,,,,,,,,,,,,,,,,,,,,,,,,,,,,,,,,"0"
"2091","36.75",2.75,"0.025000000372529",NA,"2020",,,,,,,,,,,,,,,,,,,,,,,,,,,,,,,,,,"0"
"2092","36.75",2.75,"0.025000000372529",NA,"1991",,,,,,,,,,,,,,,,,,,,,,,,,,,,,,,,,,"0"
"2093","36.75",2.75,"0.025000000372529","15.3782958984375","2008",,,,,,,,,,,,,,,,,,,,,,,,,,,,,,,,,,"0"
"2094","36.75",2.75,"0.025000000372529","16.3815784454346","2006",,,,,,,,,,,,,,,,,,,,,,,,,,,,,,,,,,"0"
"2095","36.75",2.75,"0.025000000372529","14.1891307830811","2010",,,,,,,,,,,,,,,,,,,,,,,,,,,,,,,,,,"0"
"2096","36.75",2.75,"0.025000000372529","11.4909038543701","2001",,,,,,,,,,,,,,,,,,,,,,,,,,,,,,,,,,"0"
"2097","36.75",2.75,"0.025000000372529","14.2577466964722","2004",,,,,,,,,,,,,,,,,,,,,,,,,,,,,,,,,,"0"
"2098","36.75",2.75,"0.025000000372529",NA,"1986",,,,,,,,,,,,,,,,,,,,,,,,,,,,,,,,,,"0"
"2099","36.75",2.75,"0.025000000372529","16.2236289978027","2003",,,,,,,,,,,,,,,,,,,,,,,,,,,,,,,,,,"0"
"2100","36.75",2.75,"0.025000000372529",NA,"1994",,,,,,,,,,,,,,,,,,,,,,,,,,,,,,,,,,"0"
"2101","36.75",2.75,"0.025000000372529",NA,"1985",,,,,,,,,,,,,,,,,,,,,,,,,,,,,,,,,,"0"
"2102","36.75",2.75,"0.025000000372529",NA,"1987",,,,,,,,,,,,,,,,,,,,,,,,,,,,,,,,,,"0"
"2103","36.75",2.75,"0.025000000372529",NA,"1996",,,,,,,,,,,,,,,,,,,,,,,,,,,,,,,,,,"0"
"2104","36.75",2.75,"0.025000000372529","15.8118314743042","2014",,,,,,,,,,,,,,,,,,,,,,,,,,,,,,,,,,"0"
"2105","36.75",2.75,"0.025000000372529","16.3195114135742","2012",,,,,,,,,,,,,,,,,,,,,,,,,,,,,,,,,,"0"
"2106","36.75",2.75,"0.025000000372529","17.893274307251","2019",,,,,,,,,,,,,,,,,,,,,,,,,,,,,,,,,,"0"
"2107","36.75",2.75,"0.025000000372529",NA,"1990",,,,,,,,,,,,,,,,,,,,,,,,,,,,,,,,,,"0"
"2108","36.75",2.75,"0.025000000372529",NA,"1988",,,,,,,,,,,,,,,,,,,,,,,,,,,,,,,,,,"0"
"2109","36.75",2.75,"0.025000000372529","12.9979305267334","2002",,,,,,,,,,,,,,,,,,,,,,,,,,,,,,,,,,"0"
"2110","36.75",2.75,"0.025000000372529","12.5831308364868","2005",,,,,,,,,,,,,,,,,,,,,,,,,,,,,,,,,,"0"
"2111","36.75",2.75,"0.025000000372529","24.5298957824707","2018",,,,,,,,,,,,,,,,,,,,,,,,,,,,,,,,,,"0"
"2112","36.75",2.75,"0.025000000372529","16.7365207672119","2013",,,,,,,,,,,,,,,,,,,,,,,,,,,,,,,,,,"0"
"2113","36.75",2.75,"0.025000000372529","17.3561859130859","2015",,,,,,,,,,,,,,,,,,,,,,,,,,,,,,,,,,"0"
"2114","36.75",2.75,"0.025000000372529",NA,"1993",,,,,,,,,,,,,,,,,,,,,,,,,,,,,,,,,,"0"
"2115","36.75",2.75,"0.025000000372529",NA,"1997",,,,,,,,,,,,,,,,,,,,,,,,,,,,,,,,,,"0"
"2116","36.75",2.75,"0.025000000372529","15.5240716934204","2017",,,,,,,,,,,,,,,,,,,,,,,,,,,,,,,,,,"0"
"2117","36.75",2.75,"0.025000000372529","16.0036602020264","2016",,,,,,,,,,,,,,,,,,,,,,,,,,,,,,,,,,"0"
"2118","36.75",2.75,"0.025000000372529",NA,"1989",,,,,,,,,,,,,,,,,,,,,,,,,,,,,,,,,,"0"
"2119","36.75",2.75,"0.025000000372529","11.9426670074463","1999",,,,,,,,,,,,,,,,,,,,,,,,,,,,,,,,,,"0"
"2120","36.75",2.75,"0.025000000372529","18.5199775695801","2007",,,,,,,,,,,,,,,,,,,,,,,,,,,,,,,,,,"0"
"2121","36.75",2.75,"0.025000000372529","12.4150066375732","2011",,,,,,,,,,,,,,,,,,,,,,,,,,,,,,,,,,"0"
"2122","36.75",2.75,"0.025000000372529",NA,"1992",,,,,,,,,,,,,,,,,,,,,,,,,,,,,,,,,,"0"
"2123","36.75",2.75,"0.025000000372529",NA,"1998",,,,,,,,,,,,,,,,,,,,,,,,,,,,,,,,,,"0"
"2124","36.75",2.75,"0.025000000372529","8.5311393737793","2000",,,,,,,,,,,,,,,,,,,,,,,,,,,,,,,,,,"0"
"2125","36.75",3.25,"0.104999996721745","3.3986074924469","2006",,,,,,,,,,,,,,,,,,,,,,,,,,,,,,,,,,"0"
"2126","36.75",3.25,"0.104999996721745",NA,"1990",,,,,,,,,,,,,,,,,,,,,,,,,,,,,,,,,,"0"
"2127","36.75",3.25,"0.104999996721745","4.0442156791687","2016",,,,,,,,,,,,,,,,,,,,,,,,,,,,,,,,,,"0"
"2128","36.75",3.25,"0.104999996721745",NA,"1991",,,,,,,,,,,,,,,,,,,,,,,,,,,,,,,,,,"0"
"2129","36.75",3.25,"0.104999996721745",NA,"1988",,,,,,,,,,,,,,,,,,,,,,,,,,,,,,,,,,"0"
"2130","36.75",3.25,"0.104999996721745",NA,"1985",,,,,,,,,,,,,,,,,,,,,,,,,,,,,,,,,,"0"
"2131","36.75",3.25,"0.104999996721745",NA,"1996",,,,,,,,,,,,,,,,,,,,,,,,,,,,,,,,,,"0"
"2132","36.75",3.25,"0.104999996721745","3.1017050743103","2001",,,,,,,,,,,,,,,,,,,,,,,,,,,,,,,,,,"0"
"2133","36.75",3.25,"0.104999996721745",NA,"1994",,,,,,,,,,,,,,,,,,,,,,,,,,,,,,,,,,"0"
"2134","36.75",3.25,"0.104999996721745","4.08164739608765","2003",,,,,,,,,,,,,,,,,,,,,,,,,,,,,,,,,,"0"
"2135","36.75",3.25,"0.104999996721745","4.61643218994141","2008",,,,,,,,,,,,,,,,,,,,,,,,,,,,,,,,,,"0"
"2136","36.75",3.25,"0.104999996721745",NA,"1993",,,,,,,,,,,,,,,,,,,,,,,,,,,,,,,,,,"0"
"2137","36.75",3.25,"0.104999996721745",NA,"1986",,,,,,,,,,,,,,,,,,,,,,,,,,,,,,,,,,"0"
"2138","36.75",3.25,"0.104999996721745",NA,"1998",,,,,,,,,,,,,,,,,,,,,,,,,,,,,,,,,,"0"
"2139","36.75",3.25,"0.104999996721745",NA,"1987",,,,,,,,,,,,,,,,,,,,,,,,,,,,,,,,,,"0"
"2140","36.75",3.25,"0.104999996721745","4.57869625091553","2019",,,,,,,,,,,,,,,,,,,,,,,,,,,,,,,,,,"0"
"2141","36.75",3.25,"0.104999996721745","2.62774729728699","2000",,,,,,,,,,,,,,,,,,,,,,,,,,,,,,,,,,"0"
"2142","36.75",3.25,"0.104999996721745","3.22836065292358","1999",,,,,,,,,,,,,,,,,,,,,,,,,,,,,,,,,,"0"
"2143","36.75",3.25,"0.104999996721745",NA,"1997",,,,,,,,,,,,,,,,,,,,,,,,,,,,,,,,,,"0"
"2144","36.75",3.25,"0.104999996721745","4.115478515625","2011",,,,,,,,,,,,,,,,,,,,,,,,,,,,,,,,,,"0"
"2145","36.75",3.25,"0.104999996721745","4.52063179016113","2017",,,,,,,,,,,,,,,,,,,,,,,,,,,,,,,,,,"0"
"2146","36.75",3.25,"0.104999996721745","3.346435546875","2002",,,,,,,,,,,,,,,,,,,,,,,,,,,,,,,,,,"0"
"2147","36.75",3.25,"0.104999996721745","4.58433485031128","2010",,,,,,,,,,,,,,,,,,,,,,,,,,,,,,,,,,"0"
"2148","36.75",3.25,"0.104999996721745",NA,"1989",,,,,,,,,,,,,,,,,,,,,,,,,,,,,,,,,,"0"
"2149","36.75",3.25,"0.104999996721745",NA,"2020",,,,,,,,,,,,,,,,,,,,,,,,,,,,,,,,,,"0"
"2150","36.75",3.25,"0.104999996721745","4.93358850479126","2007",,,,,,,,,,,,,,,,,,,,,,,,,,,,,,,,,,"0"
"2151","36.75",3.25,"0.104999996721745",NA,"1992",,,,,,,,,,,,,,,,,,,,,,,,,,,,,,,,,,"0"
"2152","36.75",3.25,"0.104999996721745","3.06309604644775","2005",,,,,,,,,,,,,,,,,,,,,,,,,,,,,,,,,,"0"
"2153","36.75",3.25,"0.104999996721745","4.1758451461792","2014",,,,,,,,,,,,,,,,,,,,,,,,,,,,,,,,,,"0"
"2154","36.75",3.25,"0.104999996721745","4.163161277771","2015",,,,,,,,,,,,,,,,,,,,,,,,,,,,,,,,,,"0"
"2155","36.75",3.25,"0.104999996721745","3.90009880065918","2012",,,,,,,,,,,,,,,,,,,,,,,,,,,,,,,,,,"0"
"2156","36.75",3.25,"0.104999996721745","3.06131792068481","2009",,,,,,,,,,,,,,,,,,,,,,,,,,,,,,,,,,"0"
"2157","36.75",3.25,"0.104999996721745","6.52922630310059","2018",,,,,,,,,,,,,,,,,,,,,,,,,,,,,,,,,,"0"
"2158","36.75",3.25,"0.104999996721745","3.51345252990723","2004",,,,,,,,,,,,,,,,,,,,,,,,,,,,,,,,,,"0"
"2159","36.75",3.25,"0.104999996721745",NA,"1995",,,,,,,,,,,,,,,,,,,,,,,,,,,,,,,,,,"0"
"2160","36.75",3.25,"0.104999996721745","4.10516595840454","2013",,,,,,,,,,,,,,,,,,,,,,,,,,,,,,,,,,"0"
"2161","36.75",3.75,"0.104999996721745","6.49023723602295","2001",,,,,,,,,,,,,,,,,,,,,,,,,,,,,,,,,,"0"
"2162","36.75",3.75,"0.104999996721745",NA,"1993",,,,,,,,,,,,,,,,,,,,,,,,,,,,,,,,,,"0"
"2163","36.75",3.75,"0.104999996721745","7.47957754135132","2002",,,,,,,,,,,,,,,,,,,,,,,,,,,,,,,,,,"0"
"2164","36.75",3.75,"0.104999996721745","9.38592624664307","2011",,,,,,,,,,,,,,,,,,,,,,,,,,,,,,,,,,"0"
"2165","36.75",3.75,"0.104999996721745","10.6256504058838","2017",,,,,,,,,,,,,,,,,,,,,,,,,,,,,,,,,,"0"
"2166","36.75",3.75,"0.104999996721745","7.54817247390747","2004",,,,,,,,,,,,,,,,,,,,,,,,,,,,,,,,,,"0"
"2167","36.75",3.75,"0.104999996721745","10.0954818725586","2003",,,,,,,,,,,,,,,,,,,,,,,,,,,,,,,,,,"0"
"2168","36.75",3.75,"0.104999996721745","10.9523277282715","2010",,,,,,,,,,,,,,,,,,,,,,,,,,,,,,,,,,"0"
"2169","36.75",3.75,"0.104999996721745",NA,"1988",,,,,,,,,,,,,,,,,,,,,,,,,,,,,,,,,,"0"
"2170","36.75",3.75,"0.104999996721745",NA,"1989",,,,,,,,,,,,,,,,,,,,,,,,,,,,,,,,,,"0"
"2171","36.75",3.75,"0.104999996721745",NA,"1998",,,,,,,,,,,,,,,,,,,,,,,,,,,,,,,,,,"0"
"2172","36.75",3.75,"0.104999996721745",NA,"1995",,,,,,,,,,,,,,,,,,,,,,,,,,,,,,,,,,"0"
"2173","36.75",3.75,"0.104999996721745",NA,"1997",,,,,,,,,,,,,,,,,,,,,,,,,,,,,,,,,,"0"
"2174","36.75",3.75,"0.104999996721745","10.6963939666748","2019",,,,,,,,,,,,,,,,,,,,,,,,,,,,,,,,,,"0"
"2175","36.75",3.75,"0.104999996721745","6.76748371124268","2005",,,,,,,,,,,,,,,,,,,,,,,,,,,,,,,,,,"0"
"2176","36.75",3.75,"0.104999996721745",NA,"1996",,,,,,,,,,,,,,,,,,,,,,,,,,,,,,,,,,"0"
"2177","36.75",3.75,"0.104999996721745",NA,"1990",,,,,,,,,,,,,,,,,,,,,,,,,,,,,,,,,,"0"
"2178","36.75",3.75,"0.104999996721745",NA,"1987",,,,,,,,,,,,,,,,,,,,,,,,,,,,,,,,,,"0"
"2179","36.75",3.75,"0.104999996721745",NA,"1986",,,,,,,,,,,,,,,,,,,,,,,,,,,,,,,,,,"0"
"2180","36.75",3.75,"0.104999996721745",NA,"1994",,,,,,,,,,,,,,,,,,,,,,,,,,,,,,,,,,"0"
"2181","36.75",3.75,"0.104999996721745",NA,"1991",,,,,,,,,,,,,,,,,,,,,,,,,,,,,,,,,,"0"
"2182","36.75",3.75,"0.104999996721745","7.82726716995239","2016",,,,,,,,,,,,,,,,,,,,,,,,,,,,,,,,,,"0"
"2183","36.75",3.75,"0.104999996721745","8.08946800231934","2008",,,,,,,,,,,,,,,,,,,,,,,,,,,,,,,,,,"0"
"2184","36.75",3.75,"0.104999996721745","5.56575965881348","2009",,,,,,,,,,,,,,,,,,,,,,,,,,,,,,,,,,"0"
"2185","36.75",3.75,"0.104999996721745","15.0098543167114","2018",,,,,,,,,,,,,,,,,,,,,,,,,,,,,,,,,,"0"
"2186","36.75",3.75,"0.104999996721745","4.83863925933838","2000",,,,,,,,,,,,,,,,,,,,,,,,,,,,,,,,,,"0"
"2187","36.75",3.75,"0.104999996721745","9.69924545288086","2015",,,,,,,,,,,,,,,,,,,,,,,,,,,,,,,,,,"0"
"2188","36.75",3.75,"0.104999996721745","12.0567674636841","2007",,,,,,,,,,,,,,,,,,,,,,,,,,,,,,,,,,"0"
"2189","36.75",3.75,"0.104999996721745","5.62259578704834","1999",,,,,,,,,,,,,,,,,,,,,,,,,,,,,,,,,,"0"
"2190","36.75",3.75,"0.104999996721745","9.6402530670166","2013",,,,,,,,,,,,,,,,,,,,,,,,,,,,,,,,,,"0"
"2191","36.75",3.75,"0.104999996721745",NA,"2020",,,,,,,,,,,,,,,,,,,,,,,,,,,,,,,,,,"0"
"2192","36.75",3.75,"0.104999996721745",NA,"1985",,,,,,,,,,,,,,,,,,,,,,,,,,,,,,,,,,"0"
"2193","36.75",3.75,"0.104999996721745","9.54475784301758","2014",,,,,,,,,,,,,,,,,,,,,,,,,,,,,,,,,,"0"
"2194","36.75",3.75,"0.104999996721745","7.29018449783325","2006",,,,,,,,,,,,,,,,,,,,,,,,,,,,,,,,,,"0"
"2195","36.75",3.75,"0.104999996721745",NA,"1992",,,,,,,,,,,,,,,,,,,,,,,,,,,,,,,,,,"0"
"2196","36.75",3.75,"0.104999996721745","7.37954568862915","2012",,,,,,,,,,,,,,,,,,,,,,,,,,,,,,,,,,"0"
"2197","36.75",4.25,"0.104999996721745","12.9759340286255","2016",,,,,,,,,,,,,,,,,,,,,,,,,,,,,,,,,,"0"
"2198","36.75",4.25,"0.104999996721745",NA,"1995",,,,,,,,,,,,,,,,,,,,,,,,,,,,,,,,,,"0"
"2199","36.75",4.25,"0.104999996721745",NA,"1988",,,,,,,,,,,,,,,,,,,,,,,,,,,,,,,,,,"0"
"2200","36.75",4.25,"0.104999996721745",NA,"1987",,,,,,,,,,,,,,,,,,,,,,,,,,,,,,,,,,"0"
"2201","36.75",4.25,"0.104999996721745","12.279598236084","2004",,,,,,,,,,,,,,,,,,,,,,,,,,,,,,,,,,"0"
"2202","36.75",4.25,"0.104999996721745","10.849928855896","2005",,,,,,,,,,,,,,,,,,,,,,,,,,,,,,,,,,"0"
"2203","36.75",4.25,"0.104999996721745","7.29456615447998","2000",,,,,,,,,,,,,,,,,,,,,,,,,,,,,,,,,,"0"
"2204","36.75",4.25,"0.104999996721745","9.24684524536133","2001",,,,,,,,,,,,,,,,,,,,,,,,,,,,,,,,,,"0"
"2205","36.75",4.25,"0.104999996721745",NA,"2020",,,,,,,,,,,,,,,,,,,,,,,,,,,,,,,,,,"0"
"2206","36.75",4.25,"0.104999996721745",NA,"1989",,,,,,,,,,,,,,,,,,,,,,,,,,,,,,,,,,"0"
"2207","36.75",4.25,"0.104999996721745",NA,"1992",,,,,,,,,,,,,,,,,,,,,,,,,,,,,,,,,,"0"
"2208","36.75",4.25,"0.104999996721745","17.4297180175781","2003",,,,,,,,,,,,,,,,,,,,,,,,,,,,,,,,,,"0"
"2209","36.75",4.25,"0.104999996721745","14.4775295257568","2011",,,,,,,,,,,,,,,,,,,,,,,,,,,,,,,,,,"0"
"2210","36.75",4.25,"0.104999996721745",NA,"1986",,,,,,,,,,,,,,,,,,,,,,,,,,,,,,,,,,"0"
"2211","36.75",4.25,"0.104999996721745",NA,"1997",,,,,,,,,,,,,,,,,,,,,,,,,,,,,,,,,,"0"
"2212","36.75",4.25,"0.104999996721745",NA,"1985",,,,,,,,,,,,,,,,,,,,,,,,,,,,,,,,,,"0"
"2213","36.75",4.25,"0.104999996721745","16.9740562438965","2013",,,,,,,,,,,,,,,,,,,,,,,,,,,,,,,,,,"0"
"2214","36.75",4.25,"0.104999996721745",NA,"1994",,,,,,,,,,,,,,,,,,,,,,,,,,,,,,,,,,"0"
"2215","36.75",4.25,"0.104999996721745",NA,"1990",,,,,,,,,,,,,,,,,,,,,,,,,,,,,,,,,,"0"
"2216","36.75",4.25,"0.104999996721745","13.7625322341919","2006",,,,,,,,,,,,,,,,,,,,,,,,,,,,,,,,,,"0"
"2217","36.75",4.25,"0.104999996721745","16.4714794158936","2015",,,,,,,,,,,,,,,,,,,,,,,,,,,,,,,,,,"0"
"2218","36.75",4.25,"0.104999996721745",NA,"1996",,,,,,,,,,,,,,,,,,,,,,,,,,,,,,,,,,"0"
"2219","36.75",4.25,"0.104999996721745","10.1699457168579","2009",,,,,,,,,,,,,,,,,,,,,,,,,,,,,,,,,,"0"
"2220","36.75",4.25,"0.104999996721745","13.6562166213989","2008",,,,,,,,,,,,,,,,,,,,,,,,,,,,,,,,,,"0"
"2221","36.75",4.25,"0.104999996721745","20.0509777069092","2019",,,,,,,,,,,,,,,,,,,,,,,,,,,,,,,,,,"0"
"2222","36.75",4.25,"0.104999996721745","22.6718292236328","2018",,,,,,,,,,,,,,,,,,,,,,,,,,,,,,,,,,"0"
"2223","36.75",4.25,"0.104999996721745","15.3039531707764","2012",,,,,,,,,,,,,,,,,,,,,,,,,,,,,,,,,,"0"
"2224","36.75",4.25,"0.104999996721745",NA,"1991",,,,,,,,,,,,,,,,,,,,,,,,,,,,,,,,,,"0"
"2225","36.75",4.25,"0.104999996721745","18.8071632385254","2014",,,,,,,,,,,,,,,,,,,,,,,,,,,,,,,,,,"0"
"2226","36.75",4.25,"0.104999996721745","21.4303703308105","2007",,,,,,,,,,,,,,,,,,,,,,,,,,,,,,,,,,"0"
"2227","36.75",4.25,"0.104999996721745","18.5329265594482","2010",,,,,,,,,,,,,,,,,,,,,,,,,,,,,,,,,,"0"
"2228","36.75",4.25,"0.104999996721745","9.900559425354","1999",,,,,,,,,,,,,,,,,,,,,,,,,,,,,,,,,,"0"
"2229","36.75",4.25,"0.104999996721745","19.0130043029785","2017",,,,,,,,,,,,,,,,,,,,,,,,,,,,,,,,,,"0"
"2230","36.75",4.25,"0.104999996721745",NA,"1998",,,,,,,,,,,,,,,,,,,,,,,,,,,,,,,,,,"0"
"2231","36.75",4.25,"0.104999996721745","14.349591255188","2002",,,,,,,,,,,,,,,,,,,,,,,,,,,,,,,,,,"0"
"2232","36.75",4.25,"0.104999996721745",NA,"1993",,,,,,,,,,,,,,,,,,,,,,,,,,,,,,,,,,"0"
"2233","37.25",-2.75,"0.025000000372529","32.4835014343262","2011",,,,,,,,,,,,,,,,,,,,,,,,,,,,,,,,,,"0"
"2234","37.25",-2.75,"0.025000000372529",NA,"1988",,,,,,,,,,,,,,,,,,,,,,,,,,,,,,,,,,"0"
"2235","37.25",-2.75,"0.025000000372529",NA,"1987",,,,,,,,,,,,,,,,,,,,,,,,,,,,,,,,,,"0"
"2236","37.25",-2.75,"0.025000000372529","36.5138397216797","2007",,,,,,,,,,,,,,,,,,,,,,,,,,,,,,,,,,"0"
"2237","37.25",-2.75,"0.025000000372529",NA,"1993",,,,,,,,,,,,,,,,,,,,,,,,,,,,,,,,,,"0"
"2238","37.25",-2.75,"0.025000000372529","32.1287422180176","2002",,,,,,,,,,,,,,,,,,,,,,,,,,,,,,,,,,"0"
"2239","37.25",-2.75,"0.025000000372529",NA,"1989",,,,,,,,,,,,,,,,,,,,,,,,,,,,,,,,,,"0"
"2240","37.25",-2.75,"0.025000000372529","37.4473724365234","2003",,,,,,,,,,,,,,,,,,,,,,,,,,,,,,,,,,"0"
"2241","37.25",-2.75,"0.025000000372529",NA,"1997",,,,,,,,,,,,,,,,,,,,,,,,,,,,,,,,,,"0"
"2242","37.25",-2.75,"0.025000000372529","39.3563804626465","2001",,,,,,,,,,,,,,,,,,,,,,,,,,,,,,,,,,"0"
"2243","37.25",-2.75,"0.025000000372529","30.2638492584229","2005",,,,,,,,,,,,,,,,,,,,,,,,,,,,,,,,,,"0"
"2244","37.25",-2.75,"0.025000000372529","38.49609375","2010",,,,,,,,,,,,,,,,,,,,,,,,,,,,,,,,,,"0"
"2245","37.25",-2.75,"0.025000000372529","28.3195686340332","2000",,,,,,,,,,,,,,,,,,,,,,,,,,,,,,,,,,"0"
"2246","37.25",-2.75,"0.025000000372529","32.286075592041","2015",,,,,,,,,,,,,,,,,,,,,,,,,,,,,,,,,,"0"
"2247","37.25",-2.75,"0.025000000372529","39.0912971496582","2014",,,,,,,,,,,,,,,,,,,,,,,,,,,,,,,,,,"0"
"2248","37.25",-2.75,"0.025000000372529",NA,"1995",,,,,,,,,,,,,,,,,,,,,,,,,,,,,,,,,,"0"
"2249","37.25",-2.75,"0.025000000372529","41.0312919616699","2018",,,,,,,,,,,,,,,,,,,,,,,,,,,,,,,,,,"0"
"2250","37.25",-2.75,"0.025000000372529",NA,"1986",,,,,,,,,,,,,,,,,,,,,,,,,,,,,,,,,,"0"
"2251","37.25",-2.75,"0.025000000372529","36.0480728149414","2013",,,,,,,,,,,,,,,,,,,,,,,,,,,,,,,,,,"0"
"2252","37.25",-2.75,"0.025000000372529",NA,"1990",,,,,,,,,,,,,,,,,,,,,,,,,,,,,,,,,,"0"
"2253","37.25",-2.75,"0.025000000372529","33.4723930358887","1999",,,,,,,,,,,,,,,,,,,,,,,,,,,,,,,,,,"0"
"2254","37.25",-2.75,"0.025000000372529","29.6134986877441","2004",,,,,,,,,,,,,,,,,,,,,,,,,,,,,,,,,,"0"
"2255","37.25",-2.75,"0.025000000372529","30.0686302185059","2008",,,,,,,,,,,,,,,,,,,,,,,,,,,,,,,,,,"0"
"2256","37.25",-2.75,"0.025000000372529",NA,"1991",,,,,,,,,,,,,,,,,,,,,,,,,,,,,,,,,,"0"
"2257","37.25",-2.75,"0.025000000372529",NA,"2020",,,,,,,,,,,,,,,,,,,,,,,,,,,,,,,,,,"0"
"2258","37.25",-2.75,"0.025000000372529",NA,"1985",,,,,,,,,,,,,,,,,,,,,,,,,,,,,,,,,,"0"
"2259","37.25",-2.75,"0.025000000372529","34.4051933288574","2016",,,,,,,,,,,,,,,,,,,,,,,,,,,,,,,,,,"0"
"2260","37.25",-2.75,"0.025000000372529","34.9872207641602","2012",,,,,,,,,,,,,,,,,,,,,,,,,,,,,,,,,,"0"
"2261","37.25",-2.75,"0.025000000372529",NA,"1994",,,,,,,,,,,,,,,,,,,,,,,,,,,,,,,,,,"0"
"2262","37.25",-2.75,"0.025000000372529","35.4270858764648","2019",,,,,,,,,,,,,,,,,,,,,,,,,,,,,,,,,,"0"
"2263","37.25",-2.75,"0.025000000372529",NA,"1996",,,,,,,,,,,,,,,,,,,,,,,,,,,,,,,,,,"0"
"2264","37.25",-2.75,"0.025000000372529","22.8729782104492","2009",,,,,,,,,,,,,,,,,,,,,,,,,,,,,,,,,,"0"
"2265","37.25",-2.75,"0.025000000372529","34.7248306274414","2006",,,,,,,,,,,,,,,,,,,,,,,,,,,,,,,,,,"0"
"2266","37.25",-2.75,"0.025000000372529",NA,"1998",,,,,,,,,,,,,,,,,,,,,,,,,,,,,,,,,,"0"
"2267","37.25",-2.75,"0.025000000372529","27.2164325714111","2017",,,,,,,,,,,,,,,,,,,,,,,,,,,,,,,,,,"0"
"2268","37.25",-2.75,"0.025000000372529",NA,"1992",,,,,,,,,,,,,,,,,,,,,,,,,,,,,,,,,,"0"
"2269","37.25",-2.25,"0.025000000372529","22.2544174194336","2005",,,,,,,,,,,,,,,,,,,,,,,,,,,,,,,,,,"0"
"2270","37.25",-2.25,"0.025000000372529","48.4483337402344","2018",,,,,,,,,,,,,,,,,,,,,,,,,,,,,,,,,,"0"
"2271","37.25",-2.25,"0.025000000372529",NA,"1993",,,,,,,,,,,,,,,,,,,,,,,,,,,,,,,,,,"0"
"2272","37.25",-2.25,"0.025000000372529",NA,"1989",,,,,,,,,,,,,,,,,,,,,,,,,,,,,,,,,,"0"
"2273","37.25",-2.25,"0.025000000372529",NA,"1988",,,,,,,,,,,,,,,,,,,,,,,,,,,,,,,,,,"0"
"2274","37.25",-2.25,"0.025000000372529","35.456672668457","2007",,,,,,,,,,,,,,,,,,,,,,,,,,,,,,,,,,"0"
"2275","37.25",-2.25,"0.025000000372529",NA,"1992",,,,,,,,,,,,,,,,,,,,,,,,,,,,,,,,,,"0"
"2276","37.25",-2.25,"0.025000000372529","34.9349060058594","2014",,,,,,,,,,,,,,,,,,,,,,,,,,,,,,,,,,"0"
"2277","37.25",-2.25,"0.025000000372529","37.6642227172852","2013",,,,,,,,,,,,,,,,,,,,,,,,,,,,,,,,,,"0"
"2278","37.25",-2.25,"0.025000000372529","29.1224536895752","2011",,,,,,,,,,,,,,,,,,,,,,,,,,,,,,,,,,"0"
"2279","37.25",-2.25,"0.025000000372529","27.0535564422607","2015",,,,,,,,,,,,,,,,,,,,,,,,,,,,,,,,,,"0"
"2280","37.25",-2.25,"0.025000000372529","38.7929267883301","2003",,,,,,,,,,,,,,,,,,,,,,,,,,,,,,,,,,"0"
"2281","37.25",-2.25,"0.025000000372529","31.0892868041992","2002",,,,,,,,,,,,,,,,,,,,,,,,,,,,,,,,,,"0"
"2282","37.25",-2.25,"0.025000000372529",NA,"1998",,,,,,,,,,,,,,,,,,,,,,,,,,,,,,,,,,"0"
"2283","37.25",-2.25,"0.025000000372529","37.6945037841797","2016",,,,,,,,,,,,,,,,,,,,,,,,,,,,,,,,,,"0"
"2284","37.25",-2.25,"0.025000000372529","28.5518703460693","1999",,,,,,,,,,,,,,,,,,,,,,,,,,,,,,,,,,"0"
"2285","37.25",-2.25,"0.025000000372529","35.6828346252441","2019",,,,,,,,,,,,,,,,,,,,,,,,,,,,,,,,,,"0"
"2286","37.25",-2.25,"0.025000000372529","25.8093338012695","2004",,,,,,,,,,,,,,,,,,,,,,,,,,,,,,,,,,"0"
"2287","37.25",-2.25,"0.025000000372529","30.5922870635986","2012",,,,,,,,,,,,,,,,,,,,,,,,,,,,,,,,,,"0"
"2288","37.25",-2.25,"0.025000000372529","26.6500110626221","2000",,,,,,,,,,,,,,,,,,,,,,,,,,,,,,,,,,"0"
"2289","37.25",-2.25,"0.025000000372529","37.8314247131348","2010",,,,,,,,,,,,,,,,,,,,,,,,,,,,,,,,,,"0"
"2290","37.25",-2.25,"0.025000000372529",NA,"1995",,,,,,,,,,,,,,,,,,,,,,,,,,,,,,,,,,"0"
"2291","37.25",-2.25,"0.025000000372529",NA,"1986",,,,,,,,,,,,,,,,,,,,,,,,,,,,,,,,,,"0"
"2292","37.25",-2.25,"0.025000000372529",NA,"1985",,,,,,,,,,,,,,,,,,,,,,,,,,,,,,,,,,"0"
"2293","37.25",-2.25,"0.025000000372529",NA,"1997",,,,,,,,,,,,,,,,,,,,,,,,,,,,,,,,,,"0"
"2294","37.25",-2.25,"0.025000000372529",NA,"1987",,,,,,,,,,,,,,,,,,,,,,,,,,,,,,,,,,"0"
"2295","37.25",-2.25,"0.025000000372529","16.7445755004883","2009",,,,,,,,,,,,,,,,,,,,,,,,,,,,,,,,,,"0"
"2296","37.25",-2.25,"0.025000000372529",NA,"1991",,,,,,,,,,,,,,,,,,,,,,,,,,,,,,,,,,"0"
"2297","37.25",-2.25,"0.025000000372529","33.8742370605469","2006",,,,,,,,,,,,,,,,,,,,,,,,,,,,,,,,,,"0"
"2298","37.25",-2.25,"0.025000000372529",NA,"2020",,,,,,,,,,,,,,,,,,,,,,,,,,,,,,,,,,"0"
"2299","37.25",-2.25,"0.025000000372529","26.8504772186279","2008",,,,,,,,,,,,,,,,,,,,,,,,,,,,,,,,,,"0"
"2300","37.25",-2.25,"0.025000000372529","24.7109985351562","2017",,,,,,,,,,,,,,,,,,,,,,,,,,,,,,,,,,"0"
"2301","37.25",-2.25,"0.025000000372529","39.5051231384277","2001",,,,,,,,,,,,,,,,,,,,,,,,,,,,,,,,,,"0"
"2302","37.25",-2.25,"0.025000000372529",NA,"1990",,,,,,,,,,,,,,,,,,,,,,,,,,,,,,,,,,"0"
"2303","37.25",-2.25,"0.025000000372529",NA,"1994",,,,,,,,,,,,,,,,,,,,,,,,,,,,,,,,,,"0"
"2304","37.25",-2.25,"0.025000000372529",NA,"1996",,,,,,,,,,,,,,,,,,,,,,,,,,,,,,,,,,"0"
"2305","37.25",-1.75,"0.605000019073486",NA,"1990",,,,,,,,,,,,,,,,,,,,,,,,,,,,,,,,,,"0"
"2306","37.25",-1.75,"0.605000019073486",NA,"1991",,,,,,,,,,,,,,,,,,,,,,,,,,,,,,,,,,"0"
"2307","37.25",-1.75,"0.605000019073486",NA,"1998",,,,,,,,,,,,,,,,,,,,,,,,,,,,,,,,,,"0"
"2308","37.25",-1.75,"0.605000019073486","46.598072052002","2013",,,,,,,,,,,,,,,,,,,,,,,,,,,,,,,,,,"0"
"2309","37.25",-1.75,"0.605000019073486","37.8122367858887","2000",,,,,,,,,,,,,,,,,,,,,,,,,,,,,,,,,,"0"
"2310","37.25",-1.75,"0.605000019073486","28.643970489502","2009",,,,,,,,,,,,,,,,,,,,,,,,,,,,,,,,,,"0"
"2311","37.25",-1.75,"0.605000019073486","46.663818359375","2017",,,,,,,,,,,,,,,,,,,,,,,,,,,,,,,,,,"0"
"2312","37.25",-1.75,"0.605000019073486","52.1325035095215","2016",,,,,,,,,,,,,,,,,,,,,,,,,,,,,,,,,,"0"
"2313","37.25",-1.75,"0.605000019073486",NA,"1997",,,,,,,,,,,,,,,,,,,,,,,,,,,,,,,,,,"0"
"2314","37.25",-1.75,"0.605000019073486","42.8902320861816","2012",,,,,,,,,,,,,,,,,,,,,,,,,,,,,,,,,,"0"
"2315","37.25",-1.75,"0.605000019073486","47.9419212341309","2001",,,,,,,,,,,,,,,,,,,,,,,,,,,,,,,,,,"0"
"2316","37.25",-1.75,"0.605000019073486",NA,"1989",,,,,,,,,,,,,,,,,,,,,,,,,,,,,,,,,,"0"
"2317","37.25",-1.75,"0.605000019073486","48.3182983398438","2003",,,,,,,,,,,,,,,,,,,,,,,,,,,,,,,,,,"0"
"2318","37.25",-1.75,"0.605000019073486","37.0521659851074","2008",,,,,,,,,,,,,,,,,,,,,,,,,,,,,,,,,,"0"
"2319","37.25",-1.75,"0.605000019073486",NA,"1996",,,,,,,,,,,,,,,,,,,,,,,,,,,,,,,,,,"0"
"2320","37.25",-1.75,"0.605000019073486",NA,"1994",,,,,,,,,,,,,,,,,,,,,,,,,,,,,,,,,,"0"
"2321","37.25",-1.75,"0.605000019073486",NA,"1986",,,,,,,,,,,,,,,,,,,,,,,,,,,,,,,,,,"0"
"2322","37.25",-1.75,"0.605000019073486","39.6725158691406","2004",,,,,,,,,,,,,,,,,,,,,,,,,,,,,,,,,,"0"
"2323","37.25",-1.75,"0.605000019073486","55.7369918823242","2019",,,,,,,,,,,,,,,,,,,,,,,,,,,,,,,,,,"0"
"2324","37.25",-1.75,"0.605000019073486",NA,"1992",,,,,,,,,,,,,,,,,,,,,,,,,,,,,,,,,,"0"
"2325","37.25",-1.75,"0.605000019073486",NA,"1987",,,,,,,,,,,,,,,,,,,,,,,,,,,,,,,,,,"0"
"2326","37.25",-1.75,"0.605000019073486","47.1370544433594","2007",,,,,,,,,,,,,,,,,,,,,,,,,,,,,,,,,,"0"
"2327","37.25",-1.75,"0.605000019073486",NA,"1988",,,,,,,,,,,,,,,,,,,,,,,,,,,,,,,,,,"0"
"2328","37.25",-1.75,"0.605000019073486","49.9210395812988","2014",,,,,,,,,,,,,,,,,,,,,,,,,,,,,,,,,,"0"
"2329","37.25",-1.75,"0.605000019073486","57.6303291320801","2018",,,,,,,,,,,,,,,,,,,,,,,,,,,,,,,,,,"0"
"2330","37.25",-1.75,"0.605000019073486","43.8574676513672","2002",,,,,,,,,,,,,,,,,,,,,,,,,,,,,,,,,,"0"
"2331","37.25",-1.75,"0.605000019073486",NA,"2020",,,,,,,,,,,,,,,,,,,,,,,,,,,,,,,,,,"0"
"2332","37.25",-1.75,"0.605000019073486","41.1678085327148","2006",,,,,,,,,,,,,,,,,,,,,,,,,,,,,,,,,,"0"
"2333","37.25",-1.75,"0.605000019073486","48.8932266235352","2010",,,,,,,,,,,,,,,,,,,,,,,,,,,,,,,,,,"0"
"2334","37.25",-1.75,"0.605000019073486",NA,"1985",,,,,,,,,,,,,,,,,,,,,,,,,,,,,,,,,,"0"
"2335","37.25",-1.75,"0.605000019073486","42.3941688537598","2015",,,,,,,,,,,,,,,,,,,,,,,,,,,,,,,,,,"0"
"2336","37.25",-1.75,"0.605000019073486","38.2700653076172","1999",,,,,,,,,,,,,,,,,,,,,,,,,,,,,,,,,,"0"
"2337","37.25",-1.75,"0.605000019073486",NA,"1995",,,,,,,,,,,,,,,,,,,,,,,,,,,,,,,,,,"0"
"2338","37.25",-1.75,"0.605000019073486","43.7272834777832","2011",,,,,,,,,,,,,,,,,,,,,,,,,,,,,,,,,,"0"
"2339","37.25",-1.75,"0.605000019073486",NA,"1993",,,,,,,,,,,,,,,,,,,,,,,,,,,,,,,,,,"0"
"2340","37.25",-1.75,"0.605000019073486","37.1134910583496","2005",,,,,,,,,,,,,,,,,,,,,,,,,,,,,,,,,,"0"
"2341","37.25",-1.25,"0.605000019073486","55.9825782775879","2016",,,,,,,,,,,,,,,,,,,,,,,,,,,,,,,,,,"0"
"2342","37.25",-1.25,"0.605000019073486","36.8147468566895","2009",,,,,,,,,,,,,,,,,,,,,,,,,,,,,,,,,,"0"
"2343","37.25",-1.25,"0.605000019073486","51.9218139648438","2002",,,,,,,,,,,,,,,,,,,,,,,,,,,,,,,,,,"0"
"2344","37.25",-1.25,"0.605000019073486","37.4360733032227","1999",,,,,,,,,,,,,,,,,,,,,,,,,,,,,,,,,,"0"
"2345","37.25",-1.25,"0.605000019073486",NA,"1991",,,,,,,,,,,,,,,,,,,,,,,,,,,,,,,,,,"0"
"2346","37.25",-1.25,"0.605000019073486",NA,"1995",,,,,,,,,,,,,,,,,,,,,,,,,,,,,,,,,,"0"
"2347","37.25",-1.25,"0.605000019073486","47.1535873413086","2012",,,,,,,,,,,,,,,,,,,,,,,,,,,,,,,,,,"0"
"2348","37.25",-1.25,"0.605000019073486",NA,"1985",,,,,,,,,,,,,,,,,,,,,,,,,,,,,,,,,,"0"
"2349","37.25",-1.25,"0.605000019073486","56.0259323120117","2010",,,,,,,,,,,,,,,,,,,,,,,,,,,,,,,,,,"0"
"2350","37.25",-1.25,"0.605000019073486","56.0369606018066","2014",,,,,,,,,,,,,,,,,,,,,,,,,,,,,,,,,,"0"
"2351","37.25",-1.25,"0.605000019073486","50.0624809265137","2007",,,,,,,,,,,,,,,,,,,,,,,,,,,,,,,,,,"0"
"2352","37.25",-1.25,"0.605000019073486",NA,"2020",,,,,,,,,,,,,,,,,,,,,,,,,,,,,,,,,,"0"
"2353","37.25",-1.25,"0.605000019073486","45.0854377746582","2005",,,,,,,,,,,,,,,,,,,,,,,,,,,,,,,,,,"0"
"2354","37.25",-1.25,"0.605000019073486","54.1132125854492","2017",,,,,,,,,,,,,,,,,,,,,,,,,,,,,,,,,,"0"
"2355","37.25",-1.25,"0.605000019073486","46.9132270812988","2011",,,,,,,,,,,,,,,,,,,,,,,,,,,,,,,,,,"0"
"2356","37.25",-1.25,"0.605000019073486","42.6927795410156","2008",,,,,,,,,,,,,,,,,,,,,,,,,,,,,,,,,,"0"
"2357","37.25",-1.25,"0.605000019073486","46.0877532958984","2004",,,,,,,,,,,,,,,,,,,,,,,,,,,,,,,,,,"0"
"2358","37.25",-1.25,"0.605000019073486",NA,"1988",,,,,,,,,,,,,,,,,,,,,,,,,,,,,,,,,,"0"
"2359","37.25",-1.25,"0.605000019073486",NA,"1998",,,,,,,,,,,,,,,,,,,,,,,,,,,,,,,,,,"0"
"2360","37.25",-1.25,"0.605000019073486",NA,"1993",,,,,,,,,,,,,,,,,,,,,,,,,,,,,,,,,,"0"
"2361","37.25",-1.25,"0.605000019073486","53.2512054443359","2015",,,,,,,,,,,,,,,,,,,,,,,,,,,,,,,,,,"0"
"2362","37.25",-1.25,"0.605000019073486",NA,"1987",,,,,,,,,,,,,,,,,,,,,,,,,,,,,,,,,,"0"
"2363","37.25",-1.25,"0.605000019073486","58.004753112793","2018",,,,,,,,,,,,,,,,,,,,,,,,,,,,,,,,,,"0"
"2364","37.25",-1.25,"0.605000019073486","43.2203941345215","2006",,,,,,,,,,,,,,,,,,,,,,,,,,,,,,,,,,"0"
"2365","37.25",-1.25,"0.605000019073486",NA,"1996",,,,,,,,,,,,,,,,,,,,,,,,,,,,,,,,,,"0"
"2366","37.25",-1.25,"0.605000019073486",NA,"1992",,,,,,,,,,,,,,,,,,,,,,,,,,,,,,,,,,"0"
"2367","37.25",-1.25,"0.605000019073486","52.0890159606934","2001",,,,,,,,,,,,,,,,,,,,,,,,,,,,,,,,,,"0"
"2368","37.25",-1.25,"0.605000019073486",NA,"1994",,,,,,,,,,,,,,,,,,,,,,,,,,,,,,,,,,"0"
"2369","37.25",-1.25,"0.605000019073486","58.3067893981934","2019",,,,,,,,,,,,,,,,,,,,,,,,,,,,,,,,,,"0"
"2370","37.25",-1.25,"0.605000019073486","51.9362030029297","2003",,,,,,,,,,,,,,,,,,,,,,,,,,,,,,,,,,"0"
"2371","37.25",-1.25,"0.605000019073486",NA,"1990",,,,,,,,,,,,,,,,,,,,,,,,,,,,,,,,,,"0"
"2372","37.25",-1.25,"0.605000019073486","39.7503433227539","2000",,,,,,,,,,,,,,,,,,,,,,,,,,,,,,,,,,"0"
"2373","37.25",-1.25,"0.605000019073486",NA,"1986",,,,,,,,,,,,,,,,,,,,,,,,,,,,,,,,,,"0"
"2374","37.25",-1.25,"0.605000019073486","51.5365905761719","2013",,,,,,,,,,,,,,,,,,,,,,,,,,,,,,,,,,"0"
"2375","37.25",-1.25,"0.605000019073486",NA,"1989",,,,,,,,,,,,,,,,,,,,,,,,,,,,,,,,,,"0"
"2376","37.25",-1.25,"0.605000019073486",NA,"1997",,,,,,,,,,,,,,,,,,,,,,,,,,,,,,,,,,"0"
"2377","37.25",-0.75,"0.704999983310699","61.9420204162598","2004",,,,,,,,,,,,,,,,,,,,,,,,,,,,,,,,,,"0"
"2378","37.25",-0.75,"0.704999983310699","79.1490097045898","2019",,,,,,,,,,,,,,,,,,,,,,,,,,,,,,,,,,"0"
"2379","37.25",-0.75,"0.704999983310699",NA,"1988",,,,,,,,,,,,,,,,,,,,,,,,,,,,,,,,,,"0"
"2380","37.25",-0.75,"0.704999983310699","69.1605224609375","2010",,,,,,,,,,,,,,,,,,,,,,,,,,,,,,,,,,"0"
"2381","37.25",-0.75,"0.704999983310699","57.7800178527832","2009",,,,,,,,,,,,,,,,,,,,,,,,,,,,,,,,,,"0"
"2382","37.25",-0.75,"0.704999983310699",NA,"1997",,,,,,,,,,,,,,,,,,,,,,,,,,,,,,,,,,"0"
"2383","37.25",-0.75,"0.704999983310699","58.150749206543","1999",,,,,,,,,,,,,,,,,,,,,,,,,,,,,,,,,,"0"
"2384","37.25",-0.75,"0.704999983310699","53.7882766723633","2000",,,,,,,,,,,,,,,,,,,,,,,,,,,,,,,,,,"0"
"2385","37.25",-0.75,"0.704999983310699",NA,"1990",,,,,,,,,,,,,,,,,,,,,,,,,,,,,,,,,,"0"
"2386","37.25",-0.75,"0.704999983310699",NA,"1992",,,,,,,,,,,,,,,,,,,,,,,,,,,,,,,,,,"0"
"2387","37.25",-0.75,"0.704999983310699","68.1567840576172","2012",,,,,,,,,,,,,,,,,,,,,,,,,,,,,,,,,,"0"
"2388","37.25",-0.75,"0.704999983310699",NA,"1986",,,,,,,,,,,,,,,,,,,,,,,,,,,,,,,,,,"0"
"2389","37.25",-0.75,"0.704999983310699","79.1299209594727","2018",,,,,,,,,,,,,,,,,,,,,,,,,,,,,,,,,,"0"
"2390","37.25",-0.75,"0.704999983310699",NA,"1985",,,,,,,,,,,,,,,,,,,,,,,,,,,,,,,,,,"0"
"2391","37.25",-0.75,"0.704999983310699",NA,"1993",,,,,,,,,,,,,,,,,,,,,,,,,,,,,,,,,,"0"
"2392","37.25",-0.75,"0.704999983310699","66.3300247192383","2005",,,,,,,,,,,,,,,,,,,,,,,,,,,,,,,,,,"0"
"2393","37.25",-0.75,"0.704999983310699","71.6051025390625","2017",,,,,,,,,,,,,,,,,,,,,,,,,,,,,,,,,,"0"
"2394","37.25",-0.75,"0.704999983310699",NA,"1991",,,,,,,,,,,,,,,,,,,,,,,,,,,,,,,,,,"0"
"2395","37.25",-0.75,"0.704999983310699",NA,"1995",,,,,,,,,,,,,,,,,,,,,,,,,,,,,,,,,,"0"
"2396","37.25",-0.75,"0.704999983310699",NA,"1994",,,,,,,,,,,,,,,,,,,,,,,,,,,,,,,,,,"0"
"2397","37.25",-0.75,"0.704999983310699","61.2781295776367","2006",,,,,,,,,,,,,,,,,,,,,,,,,,,,,,,,,,"0"
"2398","37.25",-0.75,"0.704999983310699","77.7706146240234","2014",,,,,,,,,,,,,,,,,,,,,,,,,,,,,,,,,,"0"
"2399","37.25",-0.75,"0.704999983310699","65.109260559082","2003",,,,,,,,,,,,,,,,,,,,,,,,,,,,,,,,,,"0"
"2400","37.25",-0.75,"0.704999983310699","72.9242477416992","2013",,,,,,,,,,,,,,,,,,,,,,,,,,,,,,,,,,"0"
"2401","37.25",-0.75,"0.704999983310699",NA,"1989",,,,,,,,,,,,,,,,,,,,,,,,,,,,,,,,,,"0"
"2402","37.25",-0.75,"0.704999983310699","61.368350982666","2001",,,,,,,,,,,,,,,,,,,,,,,,,,,,,,,,,,"0"
"2403","37.25",-0.75,"0.704999983310699",NA,"2020",,,,,,,,,,,,,,,,,,,,,,,,,,,,,,,,,,"0"
"2404","37.25",-0.75,"0.704999983310699","66.2311172485352","2007",,,,,,,,,,,,,,,,,,,,,,,,,,,,,,,,,,"0"
"2405","37.25",-0.75,"0.704999983310699","77.7417068481445","2016",,,,,,,,,,,,,,,,,,,,,,,,,,,,,,,,,,"0"
"2406","37.25",-0.75,"0.704999983310699","66.5041046142578","2002",,,,,,,,,,,,,,,,,,,,,,,,,,,,,,,,,,"0"
"2407","37.25",-0.75,"0.704999983310699",NA,"1987",,,,,,,,,,,,,,,,,,,,,,,,,,,,,,,,,,"0"
"2408","37.25",-0.75,"0.704999983310699","63.1225204467773","2008",,,,,,,,,,,,,,,,,,,,,,,,,,,,,,,,,,"0"
"2409","37.25",-0.75,"0.704999983310699",NA,"1996",,,,,,,,,,,,,,,,,,,,,,,,,,,,,,,,,,"0"
"2410","37.25",-0.75,"0.704999983310699","69.3595428466797","2011",,,,,,,,,,,,,,,,,,,,,,,,,,,,,,,,,,"0"
"2411","37.25",-0.75,"0.704999983310699",NA,"1998",,,,,,,,,,,,,,,,,,,,,,,,,,,,,,,,,,"0"
"2412","37.25",-0.75,"0.704999983310699","77.5464477539062","2015",,,,,,,,,,,,,,,,,,,,,,,,,,,,,,,,,,"0"
"2413","37.25",-0.25,"0.704999983310699",NA,"1990","3","3","3","3","3","3","3","3","3","3","3","3","3","3","3","3","3","3","3","3","3","3","3","3","3","3","3","3","3","3","3","3","3","1"
"2414","37.25",-0.25,"0.704999983310699","69.6267929077148","2008","3","3","3","3","3","3","3","3","3","3","3","3","3","3","3","3","3","3","3","3","3","3","3","3","3","3","3","3","3","3","3","3","3","1"
"2415","37.25",-0.25,"0.704999983310699","76.1947326660156","2017","3","3","3","3","3","3","3","3","3","3","3","3","3","3","3","3","3","3","3","3","3","3","3","3","3","3","3","3","3","3","3","3","3","1"
"2416","37.25",-0.25,"0.704999983310699","79.6170806884766","2013","3","3","3","3","3","3","3","3","3","3","3","3","3","3","3","3","3","3","3","3","3","3","3","3","3","3","3","3","3","3","3","3","3","1"
"2417","37.25",-0.25,"0.704999983310699",NA,"1998","3","3","3","3","3","3","3","3","3","3","3","3","3","3","3","3","3","3","3","3","3","3","3","3","3","3","3","3","3","3","3","3","3","1"
"2418","37.25",-0.25,"0.704999983310699","66.8434066772461","2001","3","3","3","3","3","3","3","3","3","3","3","3","3","3","3","3","3","3","3","3","3","3","3","3","3","3","3","3","3","3","3","3","3","1"
"2419","37.25",-0.25,"0.704999983310699","68.5984802246094","2002","3","3","3","3","3","3","3","3","3","3","3","3","3","3","3","3","3","3","3","3","3","3","3","3","3","3","3","3","3","3","3","3","3","1"
"2420","37.25",-0.25,"0.704999983310699","76.7613296508789","2018","3","3","3","3","3","3","3","3","3","3","3","3","3","3","3","3","3","3","3","3","3","3","3","3","3","3","3","3","3","3","3","3","3","1"
"2421","37.25",-0.25,"0.704999983310699",NA,"2020","3","3","3","3","3","3","3","3","3","3","3","3","3","3","3","3","3","3","3","3","3","3","3","3","3","3","3","3","3","3","3","3","3","1"
"2422","37.25",-0.25,"0.704999983310699",NA,"1995","3","3","3","3","3","3","3","3","3","3","3","3","3","3","3","3","3","3","3","3","3","3","3","3","3","3","3","3","3","3","3","3","3","1"
"2423","37.25",-0.25,"0.704999983310699",NA,"1989","3","3","3","3","3","3","3","3","3","3","3","3","3","3","3","3","3","3","3","3","3","3","3","3","3","3","3","3","3","3","3","3","3","1"
"2424","37.25",-0.25,"0.704999983310699",NA,"1985","3","3","3","3","3","3","3","3","3","3","3","3","3","3","3","3","3","3","3","3","3","3","3","3","3","3","3","3","3","3","3","3","3","1"
"2425","37.25",-0.25,"0.704999983310699",NA,"1987","3","3","3","3","3","3","3","3","3","3","3","3","3","3","3","3","3","3","3","3","3","3","3","3","3","3","3","3","3","3","3","3","3","1"
"2426","37.25",-0.25,"0.704999983310699",NA,"1993","3","3","3","3","3","3","3","3","3","3","3","3","3","3","3","3","3","3","3","3","3","3","3","3","3","3","3","3","3","3","3","3","3","1"
"2427","37.25",-0.25,"0.704999983310699","79.5353317260742","2015","3","3","3","3","3","3","3","3","3","3","3","3","3","3","3","3","3","3","3","3","3","3","3","3","3","3","3","3","3","3","3","3","3","1"
"2428","37.25",-0.25,"0.704999983310699","85.5061492919922","2014","3","3","3","3","3","3","3","3","3","3","3","3","3","3","3","3","3","3","3","3","3","3","3","3","3","3","3","3","3","3","3","3","3","1"
"2429","37.25",-0.25,"0.704999983310699","66.3673706054688","1999","3","3","3","3","3","3","3","3","3","3","3","3","3","3","3","3","3","3","3","3","3","3","3","3","3","3","3","3","3","3","3","3","3","1"
"2430","37.25",-0.25,"0.704999983310699","77.6316146850586","2011","3","3","3","3","3","3","3","3","3","3","3","3","3","3","3","3","3","3","3","3","3","3","3","3","3","3","3","3","3","3","3","3","3","1"
"2431","37.25",-0.25,"0.704999983310699","74.2920532226562","2010","3","3","3","3","3","3","3","3","3","3","3","3","3","3","3","3","3","3","3","3","3","3","3","3","3","3","3","3","3","3","3","3","3","1"
"2432","37.25",-0.25,"0.704999983310699","68.2612228393555","2004","3","3","3","3","3","3","3","3","3","3","3","3","3","3","3","3","3","3","3","3","3","3","3","3","3","3","3","3","3","3","3","3","3","1"
"2433","37.25",-0.25,"0.704999983310699",NA,"1997","3","3","3","3","3","3","3","3","3","3","3","3","3","3","3","3","3","3","3","3","3","3","3","3","3","3","3","3","3","3","3","3","3","1"
"2434","37.25",-0.25,"0.704999983310699","66.4247055053711","2000","3","3","3","3","3","3","3","3","3","3","3","3","3","3","3","3","3","3","3","3","3","3","3","3","3","3","3","3","3","3","3","3","3","1"
"2435","37.25",-0.25,"0.704999983310699",NA,"1992","3","3","3","3","3","3","3","3","3","3","3","3","3","3","3","3","3","3","3","3","3","3","3","3","3","3","3","3","3","3","3","3","3","1"
"2436","37.25",-0.25,"0.704999983310699",NA,"1986","3","3","3","3","3","3","3","3","3","3","3","3","3","3","3","3","3","3","3","3","3","3","3","3","3","3","3","3","3","3","3","3","3","1"
"2437","37.25",-0.25,"0.704999983310699","73.1200256347656","2005","3","3","3","3","3","3","3","3","3","3","3","3","3","3","3","3","3","3","3","3","3","3","3","3","3","3","3","3","3","3","3","3","3","1"
"2438","37.25",-0.25,"0.704999983310699",NA,"1988","3","3","3","3","3","3","3","3","3","3","3","3","3","3","3","3","3","3","3","3","3","3","3","3","3","3","3","3","3","3","3","3","3","1"
"2439","37.25",-0.25,"0.704999983310699",NA,"1994","3","3","3","3","3","3","3","3","3","3","3","3","3","3","3","3","3","3","3","3","3","3","3","3","3","3","3","3","3","3","3","3","3","1"
"2440","37.25",-0.25,"0.704999983310699","75.0862121582031","2012","3","3","3","3","3","3","3","3","3","3","3","3","3","3","3","3","3","3","3","3","3","3","3","3","3","3","3","3","3","3","3","3","3","1"
"2441","37.25",-0.25,"0.704999983310699","72.7901611328125","2007","3","3","3","3","3","3","3","3","3","3","3","3","3","3","3","3","3","3","3","3","3","3","3","3","3","3","3","3","3","3","3","3","3","1"
"2442","37.25",-0.25,"0.704999983310699",NA,"1991","3","3","3","3","3","3","3","3","3","3","3","3","3","3","3","3","3","3","3","3","3","3","3","3","3","3","3","3","3","3","3","3","3","1"
"2443","37.25",-0.25,"0.704999983310699","70.9063949584961","2003","3","3","3","3","3","3","3","3","3","3","3","3","3","3","3","3","3","3","3","3","3","3","3","3","3","3","3","3","3","3","3","3","3","1"
"2444","37.25",-0.25,"0.704999983310699","76.7818984985352","2016","3","3","3","3","3","3","3","3","3","3","3","3","3","3","3","3","3","3","3","3","3","3","3","3","3","3","3","3","3","3","3","3","3","1"
"2445","37.25",-0.25,"0.704999983310699","70.5885467529297","2006","3","3","3","3","3","3","3","3","3","3","3","3","3","3","3","3","3","3","3","3","3","3","3","3","3","3","3","3","3","3","3","3","3","1"
"2446","37.25",-0.25,"0.704999983310699",NA,"1996","3","3","3","3","3","3","3","3","3","3","3","3","3","3","3","3","3","3","3","3","3","3","3","3","3","3","3","3","3","3","3","3","3","1"
"2447","37.25",-0.25,"0.704999983310699","82.6241683959961","2019","3","3","3","3","3","3","3","3","3","3","3","3","3","3","3","3","3","3","3","3","3","3","3","3","3","3","3","3","3","3","3","3","3","1"
"2448","37.25",-0.25,"0.704999983310699","66.1644744873047","2009","3","3","3","3","3","3","3","3","3","3","3","3","3","3","3","3","3","3","3","3","3","3","3","3","3","3","3","3","3","3","3","3","3","1"
"2449","37.25",0.25,"0.025000000372529",NA,"1995","1","1","1","1","1","1","1","1","1","1","1","1","1","1","1","1","1","1","1","1","1","1","1","1","1","1","1","1","1","1","1","1","1","1"
"2450","37.25",0.25,"0.025000000372529","41.1609573364258","2001","1","1","1","1","1","1","1","1","1","1","1","1","1","1","1","1","1","1","1","1","1","1","1","1","1","1","1","1","1","1","1","1","1","1"
"2451","37.25",0.25,"0.025000000372529",NA,"2020","1","1","1","1","1","1","1","1","1","1","1","1","1","1","1","1","1","1","1","1","1","1","1","1","1","1","1","1","1","1","1","1","1","1"
"2452","37.25",0.25,"0.025000000372529","51.6150932312012","2007","1","1","1","1","1","1","1","1","1","1","1","1","1","1","1","1","1","1","1","1","1","1","1","1","1","1","1","1","1","1","1","1","1","1"
"2453","37.25",0.25,"0.025000000372529","37.7876739501953","2006","1","1","1","1","1","1","1","1","1","1","1","1","1","1","1","1","1","1","1","1","1","1","1","1","1","1","1","1","1","1","1","1","1","1"
"2454","37.25",0.25,"0.025000000372529",NA,"1993","1","1","1","1","1","1","1","1","1","1","1","1","1","1","1","1","1","1","1","1","1","1","1","1","1","1","1","1","1","1","1","1","1","1"
"2455","37.25",0.25,"0.025000000372529","41.7355728149414","2017","1","1","1","1","1","1","1","1","1","1","1","1","1","1","1","1","1","1","1","1","1","1","1","1","1","1","1","1","1","1","1","1","1","1"
"2456","37.25",0.25,"0.025000000372529",NA,"1989","1","1","1","1","1","1","1","1","1","1","1","1","1","1","1","1","1","1","1","1","1","1","1","1","1","1","1","1","1","1","1","1","1","1"
"2457","37.25",0.25,"0.025000000372529","47.6524620056152","2014","1","1","1","1","1","1","1","1","1","1","1","1","1","1","1","1","1","1","1","1","1","1","1","1","1","1","1","1","1","1","1","1","1","1"
"2458","37.25",0.25,"0.025000000372529","39.1172866821289","2008","1","1","1","1","1","1","1","1","1","1","1","1","1","1","1","1","1","1","1","1","1","1","1","1","1","1","1","1","1","1","1","1","1","1"
"2459","37.25",0.25,"0.025000000372529","44.3516464233398","2005","1","1","1","1","1","1","1","1","1","1","1","1","1","1","1","1","1","1","1","1","1","1","1","1","1","1","1","1","1","1","1","1","1","1"
"2460","37.25",0.25,"0.025000000372529","37.4514122009277","1999","1","1","1","1","1","1","1","1","1","1","1","1","1","1","1","1","1","1","1","1","1","1","1","1","1","1","1","1","1","1","1","1","1","1"
"2461","37.25",0.25,"0.025000000372529","51.6180534362793","2013","1","1","1","1","1","1","1","1","1","1","1","1","1","1","1","1","1","1","1","1","1","1","1","1","1","1","1","1","1","1","1","1","1","1"
"2462","37.25",0.25,"0.025000000372529",NA,"1990","1","1","1","1","1","1","1","1","1","1","1","1","1","1","1","1","1","1","1","1","1","1","1","1","1","1","1","1","1","1","1","1","1","1"
"2463","37.25",0.25,"0.025000000372529","46.5536918640137","2010","1","1","1","1","1","1","1","1","1","1","1","1","1","1","1","1","1","1","1","1","1","1","1","1","1","1","1","1","1","1","1","1","1","1"
"2464","37.25",0.25,"0.025000000372529",NA,"1986","1","1","1","1","1","1","1","1","1","1","1","1","1","1","1","1","1","1","1","1","1","1","1","1","1","1","1","1","1","1","1","1","1","1"
"2465","37.25",0.25,"0.025000000372529","49.0899429321289","2003","1","1","1","1","1","1","1","1","1","1","1","1","1","1","1","1","1","1","1","1","1","1","1","1","1","1","1","1","1","1","1","1","1","1"
"2466","37.25",0.25,"0.025000000372529",NA,"1991","1","1","1","1","1","1","1","1","1","1","1","1","1","1","1","1","1","1","1","1","1","1","1","1","1","1","1","1","1","1","1","1","1","1"
"2467","37.25",0.25,"0.025000000372529",NA,"1996","1","1","1","1","1","1","1","1","1","1","1","1","1","1","1","1","1","1","1","1","1","1","1","1","1","1","1","1","1","1","1","1","1","1"
"2468","37.25",0.25,"0.025000000372529","42.2350730895996","2002","1","1","1","1","1","1","1","1","1","1","1","1","1","1","1","1","1","1","1","1","1","1","1","1","1","1","1","1","1","1","1","1","1","1"
"2469","37.25",0.25,"0.025000000372529","41.5713729858398","2004","1","1","1","1","1","1","1","1","1","1","1","1","1","1","1","1","1","1","1","1","1","1","1","1","1","1","1","1","1","1","1","1","1","1"
"2470","37.25",0.25,"0.025000000372529",NA,"1998","1","1","1","1","1","1","1","1","1","1","1","1","1","1","1","1","1","1","1","1","1","1","1","1","1","1","1","1","1","1","1","1","1","1"
"2471","37.25",0.25,"0.025000000372529","41.7400131225586","2011","1","1","1","1","1","1","1","1","1","1","1","1","1","1","1","1","1","1","1","1","1","1","1","1","1","1","1","1","1","1","1","1","1","1"
"2472","37.25",0.25,"0.025000000372529",NA,"1992","1","1","1","1","1","1","1","1","1","1","1","1","1","1","1","1","1","1","1","1","1","1","1","1","1","1","1","1","1","1","1","1","1","1"
"2473","37.25",0.25,"0.025000000372529",NA,"1994","1","1","1","1","1","1","1","1","1","1","1","1","1","1","1","1","1","1","1","1","1","1","1","1","1","1","1","1","1","1","1","1","1","1"
"2474","37.25",0.25,"0.025000000372529",NA,"1987","1","1","1","1","1","1","1","1","1","1","1","1","1","1","1","1","1","1","1","1","1","1","1","1","1","1","1","1","1","1","1","1","1","1"
"2475","37.25",0.25,"0.025000000372529","43.4878425598145","2015","1","1","1","1","1","1","1","1","1","1","1","1","1","1","1","1","1","1","1","1","1","1","1","1","1","1","1","1","1","1","1","1","1","1"
"2476","37.25",0.25,"0.025000000372529",NA,"1988","1","1","1","1","1","1","1","1","1","1","1","1","1","1","1","1","1","1","1","1","1","1","1","1","1","1","1","1","1","1","1","1","1","1"
"2477","37.25",0.25,"0.025000000372529",NA,"1985","1","1","1","1","1","1","1","1","1","1","1","1","1","1","1","1","1","1","1","1","1","1","1","1","1","1","1","1","1","1","1","1","1","1"
"2478","37.25",0.25,"0.025000000372529","54.6318359375","2018","1","1","1","1","1","1","1","1","1","1","1","1","1","1","1","1","1","1","1","1","1","1","1","1","1","1","1","1","1","1","1","1","1","1"
"2479","37.25",0.25,"0.025000000372529","32.0886421203613","2000","1","1","1","1","1","1","1","1","1","1","1","1","1","1","1","1","1","1","1","1","1","1","1","1","1","1","1","1","1","1","1","1","1","1"
"2480","37.25",0.25,"0.025000000372529","54.190845489502","2019","1","1","1","1","1","1","1","1","1","1","1","1","1","1","1","1","1","1","1","1","1","1","1","1","1","1","1","1","1","1","1","1","1","1"
"2481","37.25",0.25,"0.025000000372529","52.2829360961914","2012","1","1","1","1","1","1","1","1","1","1","1","1","1","1","1","1","1","1","1","1","1","1","1","1","1","1","1","1","1","1","1","1","1","1"
"2482","37.25",0.25,"0.025000000372529","30.463264465332","2009","1","1","1","1","1","1","1","1","1","1","1","1","1","1","1","1","1","1","1","1","1","1","1","1","1","1","1","1","1","1","1","1","1","1"
"2483","37.25",0.25,"0.025000000372529",NA,"1997","1","1","1","1","1","1","1","1","1","1","1","1","1","1","1","1","1","1","1","1","1","1","1","1","1","1","1","1","1","1","1","1","1","1"
"2484","37.25",0.25,"0.025000000372529","45.0421485900879","2016","1","1","1","1","1","1","1","1","1","1","1","1","1","1","1","1","1","1","1","1","1","1","1","1","1","1","1","1","1","1","1","1","1","1"
"2485","37.25",0.75,"0.025000000372529","15.0648317337036","2000","1","1","1","1","1","1","1","1","1","1","1","1","1","1","1","1","1","1","1","1","1","1","1","1","1","1","1","1","1","1","1","1","1","1"
"2486","37.25",0.75,"0.025000000372529","20.9144992828369","1999","1","1","1","1","1","1","1","1","1","1","1","1","1","1","1","1","1","1","1","1","1","1","1","1","1","1","1","1","1","1","1","1","1","1"
"2487","37.25",0.75,"0.025000000372529","19.3440036773682","2001","1","1","1","1","1","1","1","1","1","1","1","1","1","1","1","1","1","1","1","1","1","1","1","1","1","1","1","1","1","1","1","1","1","1"
"2488","37.25",0.75,"0.025000000372529",NA,"1989","1","1","1","1","1","1","1","1","1","1","1","1","1","1","1","1","1","1","1","1","1","1","1","1","1","1","1","1","1","1","1","1","1","1"
"2489","37.25",0.75,"0.025000000372529",NA,"1988","1","1","1","1","1","1","1","1","1","1","1","1","1","1","1","1","1","1","1","1","1","1","1","1","1","1","1","1","1","1","1","1","1","1"
"2490","37.25",0.75,"0.025000000372529",NA,"1996","1","1","1","1","1","1","1","1","1","1","1","1","1","1","1","1","1","1","1","1","1","1","1","1","1","1","1","1","1","1","1","1","1","1"
"2491","37.25",0.75,"0.025000000372529",NA,"1985","1","1","1","1","1","1","1","1","1","1","1","1","1","1","1","1","1","1","1","1","1","1","1","1","1","1","1","1","1","1","1","1","1","1"
"2492","37.25",0.75,"0.025000000372529","27.8189373016357","2004","1","1","1","1","1","1","1","1","1","1","1","1","1","1","1","1","1","1","1","1","1","1","1","1","1","1","1","1","1","1","1","1","1","1"
"2493","37.25",0.75,"0.025000000372529","16.6724758148193","2009","1","1","1","1","1","1","1","1","1","1","1","1","1","1","1","1","1","1","1","1","1","1","1","1","1","1","1","1","1","1","1","1","1","1"
"2494","37.25",0.75,"0.025000000372529","19.6657867431641","2017","1","1","1","1","1","1","1","1","1","1","1","1","1","1","1","1","1","1","1","1","1","1","1","1","1","1","1","1","1","1","1","1","1","1"
"2495","37.25",0.75,"0.025000000372529","20.9302959442139","2005","1","1","1","1","1","1","1","1","1","1","1","1","1","1","1","1","1","1","1","1","1","1","1","1","1","1","1","1","1","1","1","1","1","1"
"2496","37.25",0.75,"0.025000000372529","29.3686561584473","2003","1","1","1","1","1","1","1","1","1","1","1","1","1","1","1","1","1","1","1","1","1","1","1","1","1","1","1","1","1","1","1","1","1","1"
"2497","37.25",0.75,"0.025000000372529","21.0325489044189","2015","1","1","1","1","1","1","1","1","1","1","1","1","1","1","1","1","1","1","1","1","1","1","1","1","1","1","1","1","1","1","1","1","1","1"
"2498","37.25",0.75,"0.025000000372529",NA,"1994","1","1","1","1","1","1","1","1","1","1","1","1","1","1","1","1","1","1","1","1","1","1","1","1","1","1","1","1","1","1","1","1","1","1"
"2499","37.25",0.75,"0.025000000372529",NA,"1987","1","1","1","1","1","1","1","1","1","1","1","1","1","1","1","1","1","1","1","1","1","1","1","1","1","1","1","1","1","1","1","1","1","1"
"2500","37.25",0.75,"0.025000000372529",NA,"1995","1","1","1","1","1","1","1","1","1","1","1","1","1","1","1","1","1","1","1","1","1","1","1","1","1","1","1","1","1","1","1","1","1","1"
"2501","37.25",0.75,"0.025000000372529",NA,"1990","1","1","1","1","1","1","1","1","1","1","1","1","1","1","1","1","1","1","1","1","1","1","1","1","1","1","1","1","1","1","1","1","1","1"
"2502","37.25",0.75,"0.025000000372529",NA,"1997","1","1","1","1","1","1","1","1","1","1","1","1","1","1","1","1","1","1","1","1","1","1","1","1","1","1","1","1","1","1","1","1","1","1"
"2503","37.25",0.75,"0.025000000372529","25.0050239562988","2002","1","1","1","1","1","1","1","1","1","1","1","1","1","1","1","1","1","1","1","1","1","1","1","1","1","1","1","1","1","1","1","1","1","1"
"2504","37.25",0.75,"0.025000000372529",NA,"1991","1","1","1","1","1","1","1","1","1","1","1","1","1","1","1","1","1","1","1","1","1","1","1","1","1","1","1","1","1","1","1","1","1","1"
"2505","37.25",0.75,"0.025000000372529","20.8578834533691","2006","1","1","1","1","1","1","1","1","1","1","1","1","1","1","1","1","1","1","1","1","1","1","1","1","1","1","1","1","1","1","1","1","1","1"
"2506","37.25",0.75,"0.025000000372529",NA,"1992","1","1","1","1","1","1","1","1","1","1","1","1","1","1","1","1","1","1","1","1","1","1","1","1","1","1","1","1","1","1","1","1","1","1"
"2507","37.25",0.75,"0.025000000372529","29.7047882080078","2007","1","1","1","1","1","1","1","1","1","1","1","1","1","1","1","1","1","1","1","1","1","1","1","1","1","1","1","1","1","1","1","1","1","1"
"2508","37.25",0.75,"0.025000000372529","25.9497470855713","2019","1","1","1","1","1","1","1","1","1","1","1","1","1","1","1","1","1","1","1","1","1","1","1","1","1","1","1","1","1","1","1","1","1","1"
"2509","37.25",0.75,"0.025000000372529","20.9073581695557","2011","1","1","1","1","1","1","1","1","1","1","1","1","1","1","1","1","1","1","1","1","1","1","1","1","1","1","1","1","1","1","1","1","1","1"
"2510","37.25",0.75,"0.025000000372529","27.5344562530518","2018","1","1","1","1","1","1","1","1","1","1","1","1","1","1","1","1","1","1","1","1","1","1","1","1","1","1","1","1","1","1","1","1","1","1"
"2511","37.25",0.75,"0.025000000372529","23.0983123779297","2016","1","1","1","1","1","1","1","1","1","1","1","1","1","1","1","1","1","1","1","1","1","1","1","1","1","1","1","1","1","1","1","1","1","1"
"2512","37.25",0.75,"0.025000000372529",NA,"1998","1","1","1","1","1","1","1","1","1","1","1","1","1","1","1","1","1","1","1","1","1","1","1","1","1","1","1","1","1","1","1","1","1","1"
"2513","37.25",0.75,"0.025000000372529",NA,"2020","1","1","1","1","1","1","1","1","1","1","1","1","1","1","1","1","1","1","1","1","1","1","1","1","1","1","1","1","1","1","1","1","1","1"
"2514","37.25",0.75,"0.025000000372529",NA,"1993","1","1","1","1","1","1","1","1","1","1","1","1","1","1","1","1","1","1","1","1","1","1","1","1","1","1","1","1","1","1","1","1","1","1"
"2515","37.25",0.75,"0.025000000372529","22.8099327087402","2010","1","1","1","1","1","1","1","1","1","1","1","1","1","1","1","1","1","1","1","1","1","1","1","1","1","1","1","1","1","1","1","1","1","1"
"2516","37.25",0.75,"0.025000000372529","22.6603031158447","2008","1","1","1","1","1","1","1","1","1","1","1","1","1","1","1","1","1","1","1","1","1","1","1","1","1","1","1","1","1","1","1","1","1","1"
"2517","37.25",0.75,"0.025000000372529","22.3311672210693","2014","1","1","1","1","1","1","1","1","1","1","1","1","1","1","1","1","1","1","1","1","1","1","1","1","1","1","1","1","1","1","1","1","1","1"
"2518","37.25",0.75,"0.025000000372529",NA,"1986","1","1","1","1","1","1","1","1","1","1","1","1","1","1","1","1","1","1","1","1","1","1","1","1","1","1","1","1","1","1","1","1","1","1"
"2519","37.25",0.75,"0.025000000372529","25.8583641052246","2013","1","1","1","1","1","1","1","1","1","1","1","1","1","1","1","1","1","1","1","1","1","1","1","1","1","1","1","1","1","1","1","1","1","1"
"2520","37.25",0.75,"0.025000000372529","26.1338214874268","2012","1","1","1","1","1","1","1","1","1","1","1","1","1","1","1","1","1","1","1","1","1","1","1","1","1","1","1","1","1","1","1","1","1","1"
"2521","37.25",1.25,"0.025000000372529","38.0548362731934","2015","1","1","1","1","1","1","1","1","1","1","1","1","1","1","1","1","1","1","1","1","1","1","1","1","1","1","1","1","1","1","1","1","1","1"
"2522","37.25",1.25,"0.025000000372529",NA,"1992","1","1","1","1","1","1","1","1","1","1","1","1","1","1","1","1","1","1","1","1","1","1","1","1","1","1","1","1","1","1","1","1","1","1"
"2523","37.25",1.25,"0.025000000372529","45.550407409668","2007","1","1","1","1","1","1","1","1","1","1","1","1","1","1","1","1","1","1","1","1","1","1","1","1","1","1","1","1","1","1","1","1","1","1"
"2524","37.25",1.25,"0.025000000372529","38.543514251709","2010","1","1","1","1","1","1","1","1","1","1","1","1","1","1","1","1","1","1","1","1","1","1","1","1","1","1","1","1","1","1","1","1","1","1"
"2525","37.25",1.25,"0.025000000372529",NA,"1993","1","1","1","1","1","1","1","1","1","1","1","1","1","1","1","1","1","1","1","1","1","1","1","1","1","1","1","1","1","1","1","1","1","1"
"2526","37.25",1.25,"0.025000000372529","42.5195007324219","2013","1","1","1","1","1","1","1","1","1","1","1","1","1","1","1","1","1","1","1","1","1","1","1","1","1","1","1","1","1","1","1","1","1","1"
"2527","37.25",1.25,"0.025000000372529","26.1541004180908","2000","1","1","1","1","1","1","1","1","1","1","1","1","1","1","1","1","1","1","1","1","1","1","1","1","1","1","1","1","1","1","1","1","1","1"
"2528","37.25",1.25,"0.025000000372529","33.6859855651855","2006","1","1","1","1","1","1","1","1","1","1","1","1","1","1","1","1","1","1","1","1","1","1","1","1","1","1","1","1","1","1","1","1","1","1"
"2529","37.25",1.25,"0.025000000372529",NA,"1991","1","1","1","1","1","1","1","1","1","1","1","1","1","1","1","1","1","1","1","1","1","1","1","1","1","1","1","1","1","1","1","1","1","1"
"2530","37.25",1.25,"0.025000000372529","39.7562561035156","2008","1","1","1","1","1","1","1","1","1","1","1","1","1","1","1","1","1","1","1","1","1","1","1","1","1","1","1","1","1","1","1","1","1","1"
"2531","37.25",1.25,"0.025000000372529","41.1558952331543","2012","1","1","1","1","1","1","1","1","1","1","1","1","1","1","1","1","1","1","1","1","1","1","1","1","1","1","1","1","1","1","1","1","1","1"
"2532","37.25",1.25,"0.025000000372529",NA,"1996","1","1","1","1","1","1","1","1","1","1","1","1","1","1","1","1","1","1","1","1","1","1","1","1","1","1","1","1","1","1","1","1","1","1"
"2533","37.25",1.25,"0.025000000372529","42.210994720459","2019","1","1","1","1","1","1","1","1","1","1","1","1","1","1","1","1","1","1","1","1","1","1","1","1","1","1","1","1","1","1","1","1","1","1"
"2534","37.25",1.25,"0.025000000372529","32.4638671875","1999","1","1","1","1","1","1","1","1","1","1","1","1","1","1","1","1","1","1","1","1","1","1","1","1","1","1","1","1","1","1","1","1","1","1"
"2535","37.25",1.25,"0.025000000372529",NA,"1989","1","1","1","1","1","1","1","1","1","1","1","1","1","1","1","1","1","1","1","1","1","1","1","1","1","1","1","1","1","1","1","1","1","1"
"2536","37.25",1.25,"0.025000000372529","39.2176094055176","2003","1","1","1","1","1","1","1","1","1","1","1","1","1","1","1","1","1","1","1","1","1","1","1","1","1","1","1","1","1","1","1","1","1","1"
"2537","37.25",1.25,"0.025000000372529","39.8657150268555","2004","1","1","1","1","1","1","1","1","1","1","1","1","1","1","1","1","1","1","1","1","1","1","1","1","1","1","1","1","1","1","1","1","1","1"
"2538","37.25",1.25,"0.025000000372529","31.4336738586426","2011","1","1","1","1","1","1","1","1","1","1","1","1","1","1","1","1","1","1","1","1","1","1","1","1","1","1","1","1","1","1","1","1","1","1"
"2539","37.25",1.25,"0.025000000372529","45.4549217224121","2018","1","1","1","1","1","1","1","1","1","1","1","1","1","1","1","1","1","1","1","1","1","1","1","1","1","1","1","1","1","1","1","1","1","1"
"2540","37.25",1.25,"0.025000000372529","35.0032577514648","2017","1","1","1","1","1","1","1","1","1","1","1","1","1","1","1","1","1","1","1","1","1","1","1","1","1","1","1","1","1","1","1","1","1","1"
"2541","37.25",1.25,"0.025000000372529",NA,"1986","1","1","1","1","1","1","1","1","1","1","1","1","1","1","1","1","1","1","1","1","1","1","1","1","1","1","1","1","1","1","1","1","1","1"
"2542","37.25",1.25,"0.025000000372529",NA,"2020","1","1","1","1","1","1","1","1","1","1","1","1","1","1","1","1","1","1","1","1","1","1","1","1","1","1","1","1","1","1","1","1","1","1"
"2543","37.25",1.25,"0.025000000372529","36.6814041137695","2005","1","1","1","1","1","1","1","1","1","1","1","1","1","1","1","1","1","1","1","1","1","1","1","1","1","1","1","1","1","1","1","1","1","1"
"2544","37.25",1.25,"0.025000000372529",NA,"1998","1","1","1","1","1","1","1","1","1","1","1","1","1","1","1","1","1","1","1","1","1","1","1","1","1","1","1","1","1","1","1","1","1","1"
"2545","37.25",1.25,"0.025000000372529","36.1780166625977","2002","1","1","1","1","1","1","1","1","1","1","1","1","1","1","1","1","1","1","1","1","1","1","1","1","1","1","1","1","1","1","1","1","1","1"
"2546","37.25",1.25,"0.025000000372529","29.0436344146729","2009","1","1","1","1","1","1","1","1","1","1","1","1","1","1","1","1","1","1","1","1","1","1","1","1","1","1","1","1","1","1","1","1","1","1"
"2547","37.25",1.25,"0.025000000372529",NA,"1988","1","1","1","1","1","1","1","1","1","1","1","1","1","1","1","1","1","1","1","1","1","1","1","1","1","1","1","1","1","1","1","1","1","1"
"2548","37.25",1.25,"0.025000000372529",NA,"1990","1","1","1","1","1","1","1","1","1","1","1","1","1","1","1","1","1","1","1","1","1","1","1","1","1","1","1","1","1","1","1","1","1","1"
"2549","37.25",1.25,"0.025000000372529",NA,"1994","1","1","1","1","1","1","1","1","1","1","1","1","1","1","1","1","1","1","1","1","1","1","1","1","1","1","1","1","1","1","1","1","1","1"
"2550","37.25",1.25,"0.025000000372529",NA,"1995","1","1","1","1","1","1","1","1","1","1","1","1","1","1","1","1","1","1","1","1","1","1","1","1","1","1","1","1","1","1","1","1","1","1"
"2551","37.25",1.25,"0.025000000372529","33.013744354248","2001","1","1","1","1","1","1","1","1","1","1","1","1","1","1","1","1","1","1","1","1","1","1","1","1","1","1","1","1","1","1","1","1","1","1"
"2552","37.25",1.25,"0.025000000372529","41.1515464782715","2016","1","1","1","1","1","1","1","1","1","1","1","1","1","1","1","1","1","1","1","1","1","1","1","1","1","1","1","1","1","1","1","1","1","1"
"2553","37.25",1.25,"0.025000000372529",NA,"1985","1","1","1","1","1","1","1","1","1","1","1","1","1","1","1","1","1","1","1","1","1","1","1","1","1","1","1","1","1","1","1","1","1","1"
"2554","37.25",1.25,"0.025000000372529",NA,"1997","1","1","1","1","1","1","1","1","1","1","1","1","1","1","1","1","1","1","1","1","1","1","1","1","1","1","1","1","1","1","1","1","1","1"
"2555","37.25",1.25,"0.025000000372529",NA,"1987","1","1","1","1","1","1","1","1","1","1","1","1","1","1","1","1","1","1","1","1","1","1","1","1","1","1","1","1","1","1","1","1","1","1"
"2556","37.25",1.25,"0.025000000372529","39.1311225891113","2014","1","1","1","1","1","1","1","1","1","1","1","1","1","1","1","1","1","1","1","1","1","1","1","1","1","1","1","1","1","1","1","1","1","1"
"2557","37.25",1.75,"0.025000000372529","31.5550746917725","2014","1","1","1","1","1","1","1","1","1","1","1","1","1","1","1","1","1","1","1","1","1","1","1","1","1","1","1","1","1","1","1","1","1","1"
"2558","37.25",1.75,"0.025000000372529","33.4082450866699","2007","1","1","1","1","1","1","1","1","1","1","1","1","1","1","1","1","1","1","1","1","1","1","1","1","1","1","1","1","1","1","1","1","1","1"
"2559","37.25",1.75,"0.025000000372529","30.4637565612793","2016","1","1","1","1","1","1","1","1","1","1","1","1","1","1","1","1","1","1","1","1","1","1","1","1","1","1","1","1","1","1","1","1","1","1"
"2560","37.25",1.75,"0.025000000372529",NA,"1991","1","1","1","1","1","1","1","1","1","1","1","1","1","1","1","1","1","1","1","1","1","1","1","1","1","1","1","1","1","1","1","1","1","1"
"2561","37.25",1.75,"0.025000000372529","36.6781387329102","2018","1","1","1","1","1","1","1","1","1","1","1","1","1","1","1","1","1","1","1","1","1","1","1","1","1","1","1","1","1","1","1","1","1","1"
"2562","37.25",1.75,"0.025000000372529","26.9048976898193","2003","1","1","1","1","1","1","1","1","1","1","1","1","1","1","1","1","1","1","1","1","1","1","1","1","1","1","1","1","1","1","1","1","1","1"
"2563","37.25",1.75,"0.025000000372529",NA,"1995","1","1","1","1","1","1","1","1","1","1","1","1","1","1","1","1","1","1","1","1","1","1","1","1","1","1","1","1","1","1","1","1","1","1"
"2564","37.25",1.75,"0.025000000372529",NA,"1997","1","1","1","1","1","1","1","1","1","1","1","1","1","1","1","1","1","1","1","1","1","1","1","1","1","1","1","1","1","1","1","1","1","1"
"2565","37.25",1.75,"0.025000000372529","27.9503002166748","2002","1","1","1","1","1","1","1","1","1","1","1","1","1","1","1","1","1","1","1","1","1","1","1","1","1","1","1","1","1","1","1","1","1","1"
"2566","37.25",1.75,"0.025000000372529",NA,"1992","1","1","1","1","1","1","1","1","1","1","1","1","1","1","1","1","1","1","1","1","1","1","1","1","1","1","1","1","1","1","1","1","1","1"
"2567","37.25",1.75,"0.025000000372529",NA,"1998","1","1","1","1","1","1","1","1","1","1","1","1","1","1","1","1","1","1","1","1","1","1","1","1","1","1","1","1","1","1","1","1","1","1"
"2568","37.25",1.75,"0.025000000372529",NA,"1990","1","1","1","1","1","1","1","1","1","1","1","1","1","1","1","1","1","1","1","1","1","1","1","1","1","1","1","1","1","1","1","1","1","1"
"2569","37.25",1.75,"0.025000000372529","30.7893867492676","2012","1","1","1","1","1","1","1","1","1","1","1","1","1","1","1","1","1","1","1","1","1","1","1","1","1","1","1","1","1","1","1","1","1","1"
"2570","37.25",1.75,"0.025000000372529","29.3494052886963","2015","1","1","1","1","1","1","1","1","1","1","1","1","1","1","1","1","1","1","1","1","1","1","1","1","1","1","1","1","1","1","1","1","1","1"
"2571","37.25",1.75,"0.025000000372529",NA,"1996","1","1","1","1","1","1","1","1","1","1","1","1","1","1","1","1","1","1","1","1","1","1","1","1","1","1","1","1","1","1","1","1","1","1"
"2572","37.25",1.75,"0.025000000372529","23.7565174102783","1999","1","1","1","1","1","1","1","1","1","1","1","1","1","1","1","1","1","1","1","1","1","1","1","1","1","1","1","1","1","1","1","1","1","1"
"2573","37.25",1.75,"0.025000000372529","27.7115383148193","2010","1","1","1","1","1","1","1","1","1","1","1","1","1","1","1","1","1","1","1","1","1","1","1","1","1","1","1","1","1","1","1","1","1","1"
"2574","37.25",1.75,"0.025000000372529","26.9422359466553","2008","1","1","1","1","1","1","1","1","1","1","1","1","1","1","1","1","1","1","1","1","1","1","1","1","1","1","1","1","1","1","1","1","1","1"
"2575","37.25",1.75,"0.025000000372529",NA,"1987","1","1","1","1","1","1","1","1","1","1","1","1","1","1","1","1","1","1","1","1","1","1","1","1","1","1","1","1","1","1","1","1","1","1"
"2576","37.25",1.75,"0.025000000372529",NA,"1994","1","1","1","1","1","1","1","1","1","1","1","1","1","1","1","1","1","1","1","1","1","1","1","1","1","1","1","1","1","1","1","1","1","1"
"2577","37.25",1.75,"0.025000000372529",NA,"1985","1","1","1","1","1","1","1","1","1","1","1","1","1","1","1","1","1","1","1","1","1","1","1","1","1","1","1","1","1","1","1","1","1","1"
"2578","37.25",1.75,"0.025000000372529","23.1523551940918","2005","1","1","1","1","1","1","1","1","1","1","1","1","1","1","1","1","1","1","1","1","1","1","1","1","1","1","1","1","1","1","1","1","1","1"
"2579","37.25",1.75,"0.025000000372529","32.1004104614258","2019","1","1","1","1","1","1","1","1","1","1","1","1","1","1","1","1","1","1","1","1","1","1","1","1","1","1","1","1","1","1","1","1","1","1"
"2580","37.25",1.75,"0.025000000372529","24.460657119751","2001","1","1","1","1","1","1","1","1","1","1","1","1","1","1","1","1","1","1","1","1","1","1","1","1","1","1","1","1","1","1","1","1","1","1"
"2581","37.25",1.75,"0.025000000372529","20.4739151000977","2009","1","1","1","1","1","1","1","1","1","1","1","1","1","1","1","1","1","1","1","1","1","1","1","1","1","1","1","1","1","1","1","1","1","1"
"2582","37.25",1.75,"0.025000000372529","31.8995323181152","2013","1","1","1","1","1","1","1","1","1","1","1","1","1","1","1","1","1","1","1","1","1","1","1","1","1","1","1","1","1","1","1","1","1","1"
"2583","37.25",1.75,"0.025000000372529","27.4373245239258","2004","1","1","1","1","1","1","1","1","1","1","1","1","1","1","1","1","1","1","1","1","1","1","1","1","1","1","1","1","1","1","1","1","1","1"
"2584","37.25",1.75,"0.025000000372529",NA,"1989","1","1","1","1","1","1","1","1","1","1","1","1","1","1","1","1","1","1","1","1","1","1","1","1","1","1","1","1","1","1","1","1","1","1"
"2585","37.25",1.75,"0.025000000372529",NA,"1988","1","1","1","1","1","1","1","1","1","1","1","1","1","1","1","1","1","1","1","1","1","1","1","1","1","1","1","1","1","1","1","1","1","1"
"2586","37.25",1.75,"0.025000000372529",NA,"2020","1","1","1","1","1","1","1","1","1","1","1","1","1","1","1","1","1","1","1","1","1","1","1","1","1","1","1","1","1","1","1","1","1","1"
"2587","37.25",1.75,"0.025000000372529","19.5316734313965","2000","1","1","1","1","1","1","1","1","1","1","1","1","1","1","1","1","1","1","1","1","1","1","1","1","1","1","1","1","1","1","1","1","1","1"
"2588","37.25",1.75,"0.025000000372529","26.3867568969727","2017","1","1","1","1","1","1","1","1","1","1","1","1","1","1","1","1","1","1","1","1","1","1","1","1","1","1","1","1","1","1","1","1","1","1"
"2589","37.25",1.75,"0.025000000372529","23.2406692504883","2011","1","1","1","1","1","1","1","1","1","1","1","1","1","1","1","1","1","1","1","1","1","1","1","1","1","1","1","1","1","1","1","1","1","1"
"2590","37.25",1.75,"0.025000000372529",NA,"1986","1","1","1","1","1","1","1","1","1","1","1","1","1","1","1","1","1","1","1","1","1","1","1","1","1","1","1","1","1","1","1","1","1","1"
"2591","37.25",1.75,"0.025000000372529",NA,"1993","1","1","1","1","1","1","1","1","1","1","1","1","1","1","1","1","1","1","1","1","1","1","1","1","1","1","1","1","1","1","1","1","1","1"
"2592","37.25",1.75,"0.025000000372529","25.2315101623535","2006","1","1","1","1","1","1","1","1","1","1","1","1","1","1","1","1","1","1","1","1","1","1","1","1","1","1","1","1","1","1","1","1","1","1"
"2593","37.25",2.25,"0.025000000372529","4.67932653427124","2009",,,,,,,,,,,,,,,,,,,,,,,,,,,,,,,,,,"0"
"2594","37.25",2.25,"0.025000000372529",NA,"1991",,,,,,,,,,,,,,,,,,,,,,,,,,,,,,,,,,"0"
"2595","37.25",2.25,"0.025000000372529","4.48771810531616","2000",,,,,,,,,,,,,,,,,,,,,,,,,,,,,,,,,,"0"
"2596","37.25",2.25,"0.025000000372529","7.51045036315918","2010",,,,,,,,,,,,,,,,,,,,,,,,,,,,,,,,,,"0"
"2597","37.25",2.25,"0.025000000372529",NA,"2020",,,,,,,,,,,,,,,,,,,,,,,,,,,,,,,,,,"0"
"2598","37.25",2.25,"0.025000000372529",NA,"1994",,,,,,,,,,,,,,,,,,,,,,,,,,,,,,,,,,"0"
"2599","37.25",2.25,"0.025000000372529","6.86345291137695","2008",,,,,,,,,,,,,,,,,,,,,,,,,,,,,,,,,,"0"
"2600","37.25",2.25,"0.025000000372529","6.5048713684082","2003",,,,,,,,,,,,,,,,,,,,,,,,,,,,,,,,,,"0"
"2601","37.25",2.25,"0.025000000372529","6.61353492736816","2014",,,,,,,,,,,,,,,,,,,,,,,,,,,,,,,,,,"0"
"2602","37.25",2.25,"0.025000000372529","8.48164367675781","2019",,,,,,,,,,,,,,,,,,,,,,,,,,,,,,,,,,"0"
"2603","37.25",2.25,"0.025000000372529","6.95775318145752","2001",,,,,,,,,,,,,,,,,,,,,,,,,,,,,,,,,,"0"
"2604","37.25",2.25,"0.025000000372529","6.75019264221191","2006",,,,,,,,,,,,,,,,,,,,,,,,,,,,,,,,,,"0"
"2605","37.25",2.25,"0.025000000372529","4.50080013275146","2005",,,,,,,,,,,,,,,,,,,,,,,,,,,,,,,,,,"0"
"2606","37.25",2.25,"0.025000000372529",NA,"1993",,,,,,,,,,,,,,,,,,,,,,,,,,,,,,,,,,"0"
"2607","37.25",2.25,"0.025000000372529",NA,"1996",,,,,,,,,,,,,,,,,,,,,,,,,,,,,,,,,,"0"
"2608","37.25",2.25,"0.025000000372529",NA,"1986",,,,,,,,,,,,,,,,,,,,,,,,,,,,,,,,,,"0"
"2609","37.25",2.25,"0.025000000372529",NA,"1995",,,,,,,,,,,,,,,,,,,,,,,,,,,,,,,,,,"0"
"2610","37.25",2.25,"0.025000000372529",NA,"1990",,,,,,,,,,,,,,,,,,,,,,,,,,,,,,,,,,"0"
"2611","37.25",2.25,"0.025000000372529","6.16158962249756","2016",,,,,,,,,,,,,,,,,,,,,,,,,,,,,,,,,,"0"
"2612","37.25",2.25,"0.025000000372529",NA,"1998",,,,,,,,,,,,,,,,,,,,,,,,,,,,,,,,,,"0"
"2613","37.25",2.25,"0.025000000372529","8.52861785888672","2007",,,,,,,,,,,,,,,,,,,,,,,,,,,,,,,,,,"0"
"2614","37.25",2.25,"0.025000000372529",NA,"1997",,,,,,,,,,,,,,,,,,,,,,,,,,,,,,,,,,"0"
"2615","37.25",2.25,"0.025000000372529","6.94483423233032","2015",,,,,,,,,,,,,,,,,,,,,,,,,,,,,,,,,,"0"
"2616","37.25",2.25,"0.025000000372529","6.13452863693237","1999",,,,,,,,,,,,,,,,,,,,,,,,,,,,,,,,,,"0"
"2617","37.25",2.25,"0.025000000372529","6.33669853210449","2004",,,,,,,,,,,,,,,,,,,,,,,,,,,,,,,,,,"0"
"2618","37.25",2.25,"0.025000000372529",NA,"1992",,,,,,,,,,,,,,,,,,,,,,,,,,,,,,,,,,"0"
"2619","37.25",2.25,"0.025000000372529",NA,"1987",,,,,,,,,,,,,,,,,,,,,,,,,,,,,,,,,,"0"
"2620","37.25",2.25,"0.025000000372529","6.4974513053894","2011",,,,,,,,,,,,,,,,,,,,,,,,,,,,,,,,,,"0"
"2621","37.25",2.25,"0.025000000372529","5.43131589889526","2017",,,,,,,,,,,,,,,,,,,,,,,,,,,,,,,,,,"0"
"2622","37.25",2.25,"0.025000000372529",NA,"1988",,,,,,,,,,,,,,,,,,,,,,,,,,,,,,,,,,"0"
"2623","37.25",2.25,"0.025000000372529",NA,"1989",,,,,,,,,,,,,,,,,,,,,,,,,,,,,,,,,,"0"
"2624","37.25",2.25,"0.025000000372529","7.04860162734985","2002",,,,,,,,,,,,,,,,,,,,,,,,,,,,,,,,,,"0"
"2625","37.25",2.25,"0.025000000372529","7.17956018447876","2012",,,,,,,,,,,,,,,,,,,,,,,,,,,,,,,,,,"0"
"2626","37.25",2.25,"0.025000000372529","11.9533376693726","2018",,,,,,,,,,,,,,,,,,,,,,,,,,,,,,,,,,"0"
"2627","37.25",2.25,"0.025000000372529",NA,"1985",,,,,,,,,,,,,,,,,,,,,,,,,,,,,,,,,,"0"
"2628","37.25",2.25,"0.025000000372529","7.51057863235474","2013",,,,,,,,,,,,,,,,,,,,,,,,,,,,,,,,,,"0"
"2629","37.25",2.75,"0.104999996721745","7.92982482910156","2015",,,,,,,,,,,,,,,,,,,,,,,,,,,,,,,,,,"0"
"2630","37.25",2.75,"0.104999996721745",NA,"1992",,,,,,,,,,,,,,,,,,,,,,,,,,,,,,,,,,"0"
"2631","37.25",2.75,"0.104999996721745","6.96018314361572","2002",,,,,,,,,,,,,,,,,,,,,,,,,,,,,,,,,,"0"
"2632","37.25",2.75,"0.104999996721745","8.16378688812256","2012",,,,,,,,,,,,,,,,,,,,,,,,,,,,,,,,,,"0"
"2633","37.25",2.75,"0.104999996721745",NA,"1997",,,,,,,,,,,,,,,,,,,,,,,,,,,,,,,,,,"0"
"2634","37.25",2.75,"0.104999996721745","8.3844633102417","2008",,,,,,,,,,,,,,,,,,,,,,,,,,,,,,,,,,"0"
"2635","37.25",2.75,"0.104999996721745","8.27831840515137","2001",,,,,,,,,,,,,,,,,,,,,,,,,,,,,,,,,,"0"
"2636","37.25",2.75,"0.104999996721745","14.3362092971802","2018",,,,,,,,,,,,,,,,,,,,,,,,,,,,,,,,,,"0"
"2637","37.25",2.75,"0.104999996721745",NA,"1991",,,,,,,,,,,,,,,,,,,,,,,,,,,,,,,,,,"0"
"2638","37.25",2.75,"0.104999996721745","5.42365741729736","2009",,,,,,,,,,,,,,,,,,,,,,,,,,,,,,,,,,"0"
"2639","37.25",2.75,"0.104999996721745",NA,"1994",,,,,,,,,,,,,,,,,,,,,,,,,,,,,,,,,,"0"
"2640","37.25",2.75,"0.104999996721745",NA,"1990",,,,,,,,,,,,,,,,,,,,,,,,,,,,,,,,,,"0"
"2641","37.25",2.75,"0.104999996721745","7.78415393829346","2004",,,,,,,,,,,,,,,,,,,,,,,,,,,,,,,,,,"0"
"2642","37.25",2.75,"0.104999996721745","8.71337127685547","2010",,,,,,,,,,,,,,,,,,,,,,,,,,,,,,,,,,"0"
"2643","37.25",2.75,"0.104999996721745",NA,"1995",,,,,,,,,,,,,,,,,,,,,,,,,,,,,,,,,,"0"
"2644","37.25",2.75,"0.104999996721745",NA,"1987",,,,,,,,,,,,,,,,,,,,,,,,,,,,,,,,,,"0"
"2645","37.25",2.75,"0.104999996721745",NA,"1993",,,,,,,,,,,,,,,,,,,,,,,,,,,,,,,,,,"0"
"2646","37.25",2.75,"0.104999996721745","9.86825561523438","2007",,,,,,,,,,,,,,,,,,,,,,,,,,,,,,,,,,"0"
"2647","37.25",2.75,"0.104999996721745","7.68915319442749","2016",,,,,,,,,,,,,,,,,,,,,,,,,,,,,,,,,,"0"
"2648","37.25",2.75,"0.104999996721745",NA,"1996",,,,,,,,,,,,,,,,,,,,,,,,,,,,,,,,,,"0"
"2649","37.25",2.75,"0.104999996721745",NA,"1985",,,,,,,,,,,,,,,,,,,,,,,,,,,,,,,,,,"0"
"2650","37.25",2.75,"0.104999996721745","7.4423885345459","2017",,,,,,,,,,,,,,,,,,,,,,,,,,,,,,,,,,"0"
"2651","37.25",2.75,"0.104999996721745",NA,"1989",,,,,,,,,,,,,,,,,,,,,,,,,,,,,,,,,,"0"
"2652","37.25",2.75,"0.104999996721745","7.54868650436401","1999",,,,,,,,,,,,,,,,,,,,,,,,,,,,,,,,,,"0"
"2653","37.25",2.75,"0.104999996721745","9.34064960479736","2013",,,,,,,,,,,,,,,,,,,,,,,,,,,,,,,,,,"0"
"2654","37.25",2.75,"0.104999996721745","7.10349369049072","2014",,,,,,,,,,,,,,,,,,,,,,,,,,,,,,,,,,"0"
"2655","37.25",2.75,"0.104999996721745",NA,"2020",,,,,,,,,,,,,,,,,,,,,,,,,,,,,,,,,,"0"
"2656","37.25",2.75,"0.104999996721745",NA,"1988",,,,,,,,,,,,,,,,,,,,,,,,,,,,,,,,,,"0"
"2657","37.25",2.75,"0.104999996721745","10.7406511306763","2019",,,,,,,,,,,,,,,,,,,,,,,,,,,,,,,,,,"0"
"2658","37.25",2.75,"0.104999996721745","8.27657699584961","2006",,,,,,,,,,,,,,,,,,,,,,,,,,,,,,,,,,"0"
"2659","37.25",2.75,"0.104999996721745","8.23188591003418","2011",,,,,,,,,,,,,,,,,,,,,,,,,,,,,,,,,,"0"
"2660","37.25",2.75,"0.104999996721745","5.62199306488037","2000",,,,,,,,,,,,,,,,,,,,,,,,,,,,,,,,,,"0"
"2661","37.25",2.75,"0.104999996721745","8.04256248474121","2003",,,,,,,,,,,,,,,,,,,,,,,,,,,,,,,,,,"0"
"2662","37.25",2.75,"0.104999996721745",NA,"1998",,,,,,,,,,,,,,,,,,,,,,,,,,,,,,,,,,"0"
"2663","37.25",2.75,"0.104999996721745",NA,"1986",,,,,,,,,,,,,,,,,,,,,,,,,,,,,,,,,,"0"
"2664","37.25",2.75,"0.104999996721745","5.9521336555481","2005",,,,,,,,,,,,,,,,,,,,,,,,,,,,,,,,,,"0"
"2665","37.25",3.25,"0.104999996721745","3.69501280784607","2002",,,,,,,,,,,,,,,,,,,,,,,,,,,,,,,,,,"0"
"2666","37.25",3.25,"0.104999996721745",NA,"1986",,,,,,,,,,,,,,,,,,,,,,,,,,,,,,,,,,"0"
"2667","37.25",3.25,"0.104999996721745","3.93886923789978","2008",,,,,,,,,,,,,,,,,,,,,,,,,,,,,,,,,,"0"
"2668","37.25",3.25,"0.104999996721745","2.93602585792542","2000",,,,,,,,,,,,,,,,,,,,,,,,,,,,,,,,,,"0"
"2669","37.25",3.25,"0.104999996721745","3.71068000793457","2004",,,,,,,,,,,,,,,,,,,,,,,,,,,,,,,,,,"0"
"2670","37.25",3.25,"0.104999996721745","4.44575262069702","2007",,,,,,,,,,,,,,,,,,,,,,,,,,,,,,,,,,"0"
"2671","37.25",3.25,"0.104999996721745","4.43969249725342","2015",,,,,,,,,,,,,,,,,,,,,,,,,,,,,,,,,,"0"
"2672","37.25",3.25,"0.104999996721745","4.50517082214355","2013",,,,,,,,,,,,,,,,,,,,,,,,,,,,,,,,,,"0"
"2673","37.25",3.25,"0.104999996721745",NA,"1995",,,,,,,,,,,,,,,,,,,,,,,,,,,,,,,,,,"0"
"2674","37.25",3.25,"0.104999996721745","5.05480003356934","2003",,,,,,,,,,,,,,,,,,,,,,,,,,,,,,,,,,"0"
"2675","37.25",3.25,"0.104999996721745",NA,"1997",,,,,,,,,,,,,,,,,,,,,,,,,,,,,,,,,,"0"
"2676","37.25",3.25,"0.104999996721745",NA,"1988",,,,,,,,,,,,,,,,,,,,,,,,,,,,,,,,,,"0"
"2677","37.25",3.25,"0.104999996721745","3.89285826683044","2017",,,,,,,,,,,,,,,,,,,,,,,,,,,,,,,,,,"0"
"2678","37.25",3.25,"0.104999996721745",NA,"1991",,,,,,,,,,,,,,,,,,,,,,,,,,,,,,,,,,"0"
"2679","37.25",3.25,"0.104999996721745",NA,"1985",,,,,,,,,,,,,,,,,,,,,,,,,,,,,,,,,,"0"
"2680","37.25",3.25,"0.104999996721745",NA,"2020",,,,,,,,,,,,,,,,,,,,,,,,,,,,,,,,,,"0"
"2681","37.25",3.25,"0.104999996721745","3.76141119003296","2006",,,,,,,,,,,,,,,,,,,,,,,,,,,,,,,,,,"0"
"2682","37.25",3.25,"0.104999996721745","4.03360939025879","2012",,,,,,,,,,,,,,,,,,,,,,,,,,,,,,,,,,"0"
"2683","37.25",3.25,"0.104999996721745","4.09911394119263","2016",,,,,,,,,,,,,,,,,,,,,,,,,,,,,,,,,,"0"
"2684","37.25",3.25,"0.104999996721745","3.05099749565125","2009",,,,,,,,,,,,,,,,,,,,,,,,,,,,,,,,,,"0"
"2685","37.25",3.25,"0.104999996721745","5.26284837722778","2010",,,,,,,,,,,,,,,,,,,,,,,,,,,,,,,,,,"0"
"2686","37.25",3.25,"0.104999996721745",NA,"1989",,,,,,,,,,,,,,,,,,,,,,,,,,,,,,,,,,"0"
"2687","37.25",3.25,"0.104999996721745",NA,"1987",,,,,,,,,,,,,,,,,,,,,,,,,,,,,,,,,,"0"
"2688","37.25",3.25,"0.104999996721745",NA,"1990",,,,,,,,,,,,,,,,,,,,,,,,,,,,,,,,,,"0"
"2689","37.25",3.25,"0.104999996721745",NA,"1998",,,,,,,,,,,,,,,,,,,,,,,,,,,,,,,,,,"0"
"2690","37.25",3.25,"0.104999996721745","4.58965826034546","2011",,,,,,,,,,,,,,,,,,,,,,,,,,,,,,,,,,"0"
"2691","37.25",3.25,"0.104999996721745",NA,"1992",,,,,,,,,,,,,,,,,,,,,,,,,,,,,,,,,,"0"
"2692","37.25",3.25,"0.104999996721745",NA,"1996",,,,,,,,,,,,,,,,,,,,,,,,,,,,,,,,,,"0"
"2693","37.25",3.25,"0.104999996721745","3.49322032928467","1999",,,,,,,,,,,,,,,,,,,,,,,,,,,,,,,,,,"0"
"2694","37.25",3.25,"0.104999996721745",NA,"1994",,,,,,,,,,,,,,,,,,,,,,,,,,,,,,,,,,"0"
"2695","37.25",3.25,"0.104999996721745","3.81979012489319","2014",,,,,,,,,,,,,,,,,,,,,,,,,,,,,,,,,,"0"
"2696","37.25",3.25,"0.104999996721745","3.16852760314941","2005",,,,,,,,,,,,,,,,,,,,,,,,,,,,,,,,,,"0"
"2697","37.25",3.25,"0.104999996721745",NA,"1993",,,,,,,,,,,,,,,,,,,,,,,,,,,,,,,,,,"0"
"2698","37.25",3.25,"0.104999996721745","3.72636222839355","2001",,,,,,,,,,,,,,,,,,,,,,,,,,,,,,,,,,"0"
"2699","37.25",3.25,"0.104999996721745","8.00896549224854","2018",,,,,,,,,,,,,,,,,,,,,,,,,,,,,,,,,,"0"
"2700","37.25",3.25,"0.104999996721745","5.38708209991455","2019",,,,,,,,,,,,,,,,,,,,,,,,,,,,,,,,,,"0"
"2701","37.25",3.75,"0.104999996721745",NA,"1988",,,,,,,,,,,,,,,,,,,,,,,,,,,,,,,,,,"0"
"2702","37.25",3.75,"0.104999996721745",NA,"1989",,,,,,,,,,,,,,,,,,,,,,,,,,,,,,,,,,"0"
"2703","37.25",3.75,"0.104999996721745","7.24573087692261","2002",,,,,,,,,,,,,,,,,,,,,,,,,,,,,,,,,,"0"
"2704","37.25",3.75,"0.104999996721745","17.0993194580078","2018",,,,,,,,,,,,,,,,,,,,,,,,,,,,,,,,,,"0"
"2705","37.25",3.75,"0.104999996721745",NA,"1994",,,,,,,,,,,,,,,,,,,,,,,,,,,,,,,,,,"0"
"2706","37.25",3.75,"0.104999996721745","8.94078826904297","2016",,,,,,,,,,,,,,,,,,,,,,,,,,,,,,,,,,"0"
"2707","37.25",3.75,"0.104999996721745",NA,"1992",,,,,,,,,,,,,,,,,,,,,,,,,,,,,,,,,,"0"
"2708","37.25",3.75,"0.104999996721745","6.95727348327637","2004",,,,,,,,,,,,,,,,,,,,,,,,,,,,,,,,,,"0"
"2709","37.25",3.75,"0.104999996721745",NA,"1998",,,,,,,,,,,,,,,,,,,,,,,,,,,,,,,,,,"0"
"2710","37.25",3.75,"0.104999996721745",NA,"1997",,,,,,,,,,,,,,,,,,,,,,,,,,,,,,,,,,"0"
"2711","37.25",3.75,"0.104999996721745",NA,"1995",,,,,,,,,,,,,,,,,,,,,,,,,,,,,,,,,,"0"
"2712","37.25",3.75,"0.104999996721745",NA,"1993",,,,,,,,,,,,,,,,,,,,,,,,,,,,,,,,,,"0"
"2713","37.25",3.75,"0.104999996721745",NA,"1996",,,,,,,,,,,,,,,,,,,,,,,,,,,,,,,,,,"0"
"2714","37.25",3.75,"0.104999996721745","6.92110919952393","2001",,,,,,,,,,,,,,,,,,,,,,,,,,,,,,,,,,"0"
"2715","37.25",3.75,"0.104999996721745",NA,"1990",,,,,,,,,,,,,,,,,,,,,,,,,,,,,,,,,,"0"
"2716","37.25",3.75,"0.104999996721745","4.51631879806519","2000",,,,,,,,,,,,,,,,,,,,,,,,,,,,,,,,,,"0"
"2717","37.25",3.75,"0.104999996721745",NA,"2020",,,,,,,,,,,,,,,,,,,,,,,,,,,,,,,,,,"0"
"2718","37.25",3.75,"0.104999996721745","6.68930912017822","2006",,,,,,,,,,,,,,,,,,,,,,,,,,,,,,,,,,"0"
"2719","37.25",3.75,"0.104999996721745","5.59939527511597","2009",,,,,,,,,,,,,,,,,,,,,,,,,,,,,,,,,,"0"
"2720","37.25",3.75,"0.104999996721745","5.73633527755737","2005",,,,,,,,,,,,,,,,,,,,,,,,,,,,,,,,,,"0"
"2721","37.25",3.75,"0.104999996721745","8.51617050170898","2017",,,,,,,,,,,,,,,,,,,,,,,,,,,,,,,,,,"0"
"2722","37.25",3.75,"0.104999996721745","5.39969444274902","1999",,,,,,,,,,,,,,,,,,,,,,,,,,,,,,,,,,"0"
"2723","37.25",3.75,"0.104999996721745",NA,"1985",,,,,,,,,,,,,,,,,,,,,,,,,,,,,,,,,,"0"
"2724","37.25",3.75,"0.104999996721745","9.25653839111328","2011",,,,,,,,,,,,,,,,,,,,,,,,,,,,,,,,,,"0"
"2725","37.25",3.75,"0.104999996721745","7.9078164100647","2007",,,,,,,,,,,,,,,,,,,,,,,,,,,,,,,,,,"0"
"2726","37.25",3.75,"0.104999996721745","7.63473606109619","2014",,,,,,,,,,,,,,,,,,,,,,,,,,,,,,,,,,"0"
"2727","37.25",3.75,"0.104999996721745",NA,"1991",,,,,,,,,,,,,,,,,,,,,,,,,,,,,,,,,,"0"
"2728","37.25",3.75,"0.104999996721745","12.011791229248","2010",,,,,,,,,,,,,,,,,,,,,,,,,,,,,,,,,,"0"
"2729","37.25",3.75,"0.104999996721745",NA,"1987",,,,,,,,,,,,,,,,,,,,,,,,,,,,,,,,,,"0"
"2730","37.25",3.75,"0.104999996721745","9.44115543365479","2015",,,,,,,,,,,,,,,,,,,,,,,,,,,,,,,,,,"0"
"2731","37.25",3.75,"0.104999996721745","9.38492870330811","2013",,,,,,,,,,,,,,,,,,,,,,,,,,,,,,,,,,"0"
"2732","37.25",3.75,"0.104999996721745","10.458890914917","2003",,,,,,,,,,,,,,,,,,,,,,,,,,,,,,,,,,"0"
"2733","37.25",3.75,"0.104999996721745",NA,"1986",,,,,,,,,,,,,,,,,,,,,,,,,,,,,,,,,,"0"
"2734","37.25",3.75,"0.104999996721745","8.95710468292236","2008",,,,,,,,,,,,,,,,,,,,,,,,,,,,,,,,,,"0"
"2735","37.25",3.75,"0.104999996721745","11.2560548782349","2019",,,,,,,,,,,,,,,,,,,,,,,,,,,,,,,,,,"0"
"2736","37.25",3.75,"0.104999996721745","7.03636837005615","2012",,,,,,,,,,,,,,,,,,,,,,,,,,,,,,,,,,"0"
"2737","37.75",-3.25,"0.605000019073486","40.5602645874023","2000",,,,,,,,,,,,,,,,,,,,,,,,,,,,,,,,,,"0"
"2738","37.75",-3.25,"0.605000019073486","53.4653205871582","2018",,,,,,,,,,,,,,,,,,,,,,,,,,,,,,,,,,"0"
"2739","37.75",-3.25,"0.605000019073486",NA,"1992",,,,,,,,,,,,,,,,,,,,,,,,,,,,,,,,,,"0"
"2740","37.75",-3.25,"0.605000019073486","45.2954406738281","2003",,,,,,,,,,,,,,,,,,,,,,,,,,,,,,,,,,"0"
"2741","37.75",-3.25,"0.605000019073486","47.6918601989746","2015",,,,,,,,,,,,,,,,,,,,,,,,,,,,,,,,,,"0"
"2742","37.75",-3.25,"0.605000019073486",NA,"1996",,,,,,,,,,,,,,,,,,,,,,,,,,,,,,,,,,"0"
"2743","37.75",-3.25,"0.605000019073486","40.9672622680664","2008",,,,,,,,,,,,,,,,,,,,,,,,,,,,,,,,,,"0"
"2744","37.75",-3.25,"0.605000019073486",NA,"1995",,,,,,,,,,,,,,,,,,,,,,,,,,,,,,,,,,"0"
"2745","37.75",-3.25,"0.605000019073486","41.4770774841309","2012",,,,,,,,,,,,,,,,,,,,,,,,,,,,,,,,,,"0"
"2746","37.75",-3.25,"0.605000019073486","48.1841812133789","2016",,,,,,,,,,,,,,,,,,,,,,,,,,,,,,,,,,"0"
"2747","37.75",-3.25,"0.605000019073486",NA,"1993",,,,,,,,,,,,,,,,,,,,,,,,,,,,,,,,,,"0"
"2748","37.75",-3.25,"0.605000019073486",NA,"1987",,,,,,,,,,,,,,,,,,,,,,,,,,,,,,,,,,"0"
"2749","37.75",-3.25,"0.605000019073486",NA,"1994",,,,,,,,,,,,,,,,,,,,,,,,,,,,,,,,,,"0"
"2750","37.75",-3.25,"0.605000019073486",NA,"1991",,,,,,,,,,,,,,,,,,,,,,,,,,,,,,,,,,"0"
"2751","37.75",-3.25,"0.605000019073486","43.0023994445801","2017",,,,,,,,,,,,,,,,,,,,,,,,,,,,,,,,,,"0"
"2752","37.75",-3.25,"0.605000019073486",NA,"1997",,,,,,,,,,,,,,,,,,,,,,,,,,,,,,,,,,"0"
"2753","37.75",-3.25,"0.605000019073486",NA,"1985",,,,,,,,,,,,,,,,,,,,,,,,,,,,,,,,,,"0"
"2754","37.75",-3.25,"0.605000019073486","45.3333587646484","1999",,,,,,,,,,,,,,,,,,,,,,,,,,,,,,,,,,"0"
"2755","37.75",-3.25,"0.605000019073486",NA,"1990",,,,,,,,,,,,,,,,,,,,,,,,,,,,,,,,,,"0"
"2756","37.75",-3.25,"0.605000019073486","43.7666320800781","2005",,,,,,,,,,,,,,,,,,,,,,,,,,,,,,,,,,"0"
"2757","37.75",-3.25,"0.605000019073486",NA,"1988",,,,,,,,,,,,,,,,,,,,,,,,,,,,,,,,,,"0"
"2758","37.75",-3.25,"0.605000019073486","44.2761878967285","2004",,,,,,,,,,,,,,,,,,,,,,,,,,,,,,,,,,"0"
"2759","37.75",-3.25,"0.605000019073486","48.9791526794434","2006",,,,,,,,,,,,,,,,,,,,,,,,,,,,,,,,,,"0"
"2760","37.75",-3.25,"0.605000019073486","49.7516784667969","2013",,,,,,,,,,,,,,,,,,,,,,,,,,,,,,,,,,"0"
"2761","37.75",-3.25,"0.605000019073486","46.2902030944824","2011",,,,,,,,,,,,,,,,,,,,,,,,,,,,,,,,,,"0"
"2762","37.75",-3.25,"0.605000019073486",NA,"2020",,,,,,,,,,,,,,,,,,,,,,,,,,,,,,,,,,"0"
"2763","37.75",-3.25,"0.605000019073486","49.8027496337891","2010",,,,,,,,,,,,,,,,,,,,,,,,,,,,,,,,,,"0"
"2764","37.75",-3.25,"0.605000019073486","45.287483215332","2007",,,,,,,,,,,,,,,,,,,,,,,,,,,,,,,,,,"0"
"2765","37.75",-3.25,"0.605000019073486","36.4699020385742","2009",,,,,,,,,,,,,,,,,,,,,,,,,,,,,,,,,,"0"
"2766","37.75",-3.25,"0.605000019073486",NA,"1986",,,,,,,,,,,,,,,,,,,,,,,,,,,,,,,,,,"0"
"2767","37.75",-3.25,"0.605000019073486",NA,"1989",,,,,,,,,,,,,,,,,,,,,,,,,,,,,,,,,,"0"
"2768","37.75",-3.25,"0.605000019073486","57.3544158935547","2019",,,,,,,,,,,,,,,,,,,,,,,,,,,,,,,,,,"0"
"2769","37.75",-3.25,"0.605000019073486","47.7519264221191","2001",,,,,,,,,,,,,,,,,,,,,,,,,,,,,,,,,,"0"
"2770","37.75",-3.25,"0.605000019073486","51.8609161376953","2014",,,,,,,,,,,,,,,,,,,,,,,,,,,,,,,,,,"0"
"2771","37.75",-3.25,"0.605000019073486",NA,"1998",,,,,,,,,,,,,,,,,,,,,,,,,,,,,,,,,,"0"
"2772","37.75",-3.25,"0.605000019073486","47.2500495910645","2002",,,,,,,,,,,,,,,,,,,,,,,,,,,,,,,,,,"0"
"2773","37.75",-2.75,"0.025000000372529","47.4187316894531","2019",,,,,,,,,,,,,,,,,,,,,,,,,,,,,,,,,,"0"
"2774","37.75",-2.75,"0.025000000372529",NA,"1987",,,,,,,,,,,,,,,,,,,,,,,,,,,,,,,,,,"0"
"2775","37.75",-2.75,"0.025000000372529","41.7666091918945","2016",,,,,,,,,,,,,,,,,,,,,,,,,,,,,,,,,,"0"
"2776","37.75",-2.75,"0.025000000372529","43.8240356445312","2013",,,,,,,,,,,,,,,,,,,,,,,,,,,,,,,,,,"0"
"2777","37.75",-2.75,"0.025000000372529",NA,"1998",,,,,,,,,,,,,,,,,,,,,,,,,,,,,,,,,,"0"
"2778","37.75",-2.75,"0.025000000372529","38.5979919433594","2002",,,,,,,,,,,,,,,,,,,,,,,,,,,,,,,,,,"0"
"2779","37.75",-2.75,"0.025000000372529",NA,"1997",,,,,,,,,,,,,,,,,,,,,,,,,,,,,,,,,,"0"
"2780","37.75",-2.75,"0.025000000372529",NA,"1992",,,,,,,,,,,,,,,,,,,,,,,,,,,,,,,,,,"0"
"2781","37.75",-2.75,"0.025000000372529","35.6306304931641","2004",,,,,,,,,,,,,,,,,,,,,,,,,,,,,,,,,,"0"
"2782","37.75",-2.75,"0.025000000372529",NA,"1986",,,,,,,,,,,,,,,,,,,,,,,,,,,,,,,,,,"0"
"2783","37.75",-2.75,"0.025000000372529","38.8843879699707","2011",,,,,,,,,,,,,,,,,,,,,,,,,,,,,,,,,,"0"
"2784","37.75",-2.75,"0.025000000372529","36.7611389160156","2017",,,,,,,,,,,,,,,,,,,,,,,,,,,,,,,,,,"0"
"2785","37.75",-2.75,"0.025000000372529",NA,"1990",,,,,,,,,,,,,,,,,,,,,,,,,,,,,,,,,,"0"
"2786","37.75",-2.75,"0.025000000372529",NA,"1985",,,,,,,,,,,,,,,,,,,,,,,,,,,,,,,,,,"0"
"2787","37.75",-2.75,"0.025000000372529",NA,"1996",,,,,,,,,,,,,,,,,,,,,,,,,,,,,,,,,,"0"
"2788","37.75",-2.75,"0.025000000372529","37.1158714294434","1999",,,,,,,,,,,,,,,,,,,,,,,,,,,,,,,,,,"0"
"2789","37.75",-2.75,"0.025000000372529","36.7279777526855","2012",,,,,,,,,,,,,,,,,,,,,,,,,,,,,,,,,,"0"
"2790","37.75",-2.75,"0.025000000372529","45.112232208252","2010",,,,,,,,,,,,,,,,,,,,,,,,,,,,,,,,,,"0"
"2791","37.75",-2.75,"0.025000000372529","36.9943809509277","2008",,,,,,,,,,,,,,,,,,,,,,,,,,,,,,,,,,"0"
"2792","37.75",-2.75,"0.025000000372529","41.9873313903809","2001",,,,,,,,,,,,,,,,,,,,,,,,,,,,,,,,,,"0"
"2793","37.75",-2.75,"0.025000000372529",NA,"1995",,,,,,,,,,,,,,,,,,,,,,,,,,,,,,,,,,"0"
"2794","37.75",-2.75,"0.025000000372529",NA,"1994",,,,,,,,,,,,,,,,,,,,,,,,,,,,,,,,,,"0"
"2795","37.75",-2.75,"0.025000000372529",NA,"1989",,,,,,,,,,,,,,,,,,,,,,,,,,,,,,,,,,"0"
"2796","37.75",-2.75,"0.025000000372529","38.0533256530762","2006",,,,,,,,,,,,,,,,,,,,,,,,,,,,,,,,,,"0"
"2797","37.75",-2.75,"0.025000000372529",NA,"1988",,,,,,,,,,,,,,,,,,,,,,,,,,,,,,,,,,"0"
"2798","37.75",-2.75,"0.025000000372529",NA,"1993",,,,,,,,,,,,,,,,,,,,,,,,,,,,,,,,,,"0"
"2799","37.75",-2.75,"0.025000000372529",NA,"1991",,,,,,,,,,,,,,,,,,,,,,,,,,,,,,,,,,"0"
"2800","37.75",-2.75,"0.025000000372529",NA,"2020",,,,,,,,,,,,,,,,,,,,,,,,,,,,,,,,,,"0"
"2801","37.75",-2.75,"0.025000000372529","37.7626724243164","2003",,,,,,,,,,,,,,,,,,,,,,,,,,,,,,,,,,"0"
"2802","37.75",-2.75,"0.025000000372529","26.9685649871826","2009",,,,,,,,,,,,,,,,,,,,,,,,,,,,,,,,,,"0"
"2803","37.75",-2.75,"0.025000000372529","34.0061340332031","2005",,,,,,,,,,,,,,,,,,,,,,,,,,,,,,,,,,"0"
"2804","37.75",-2.75,"0.025000000372529","45.3225402832031","2014",,,,,,,,,,,,,,,,,,,,,,,,,,,,,,,,,,"0"
"2805","37.75",-2.75,"0.025000000372529","50.9435195922852","2018",,,,,,,,,,,,,,,,,,,,,,,,,,,,,,,,,,"0"
"2806","37.75",-2.75,"0.025000000372529","38.832389831543","2007",,,,,,,,,,,,,,,,,,,,,,,,,,,,,,,,,,"0"
"2807","37.75",-2.75,"0.025000000372529","35.8052139282227","2000",,,,,,,,,,,,,,,,,,,,,,,,,,,,,,,,,,"0"
"2808","37.75",-2.75,"0.025000000372529","39.5872650146484","2015",,,,,,,,,,,,,,,,,,,,,,,,,,,,,,,,,,"0"
"2809","37.75",-2.25,"0.605000019073486",NA,"2020",,,,,,,,,,,,,,,,,,,,,,,,,,,,,,,,,,"0"
"2810","37.75",-2.25,"0.605000019073486","32.804744720459","2006",,,,,,,,,,,,,,,,,,,,,,,,,,,,,,,,,,"0"
"2811","37.75",-2.25,"0.605000019073486","32.2809410095215","2012",,,,,,,,,,,,,,,,,,,,,,,,,,,,,,,,,,"0"
"2812","37.75",-2.25,"0.605000019073486",NA,"1991",,,,,,,,,,,,,,,,,,,,,,,,,,,,,,,,,,"0"
"2813","37.75",-2.25,"0.605000019073486","37.6523170471191","2008",,,,,,,,,,,,,,,,,,,,,,,,,,,,,,,,,,"0"
"2814","37.75",-2.25,"0.605000019073486",NA,"1995",,,,,,,,,,,,,,,,,,,,,,,,,,,,,,,,,,"0"
"2815","37.75",-2.25,"0.605000019073486","30.190824508667","2011",,,,,,,,,,,,,,,,,,,,,,,,,,,,,,,,,,"0"
"2816","37.75",-2.25,"0.605000019073486",NA,"1990",,,,,,,,,,,,,,,,,,,,,,,,,,,,,,,,,,"0"
"2817","37.75",-2.25,"0.605000019073486","31.8371982574463","2004",,,,,,,,,,,,,,,,,,,,,,,,,,,,,,,,,,"0"
"2818","37.75",-2.25,"0.605000019073486","44.4753150939941","2001",,,,,,,,,,,,,,,,,,,,,,,,,,,,,,,,,,"0"
"2819","37.75",-2.25,"0.605000019073486","26.2606620788574","2005",,,,,,,,,,,,,,,,,,,,,,,,,,,,,,,,,,"0"
"2820","37.75",-2.25,"0.605000019073486","22.0290184020996","2009",,,,,,,,,,,,,,,,,,,,,,,,,,,,,,,,,,"0"
"2821","37.75",-2.25,"0.605000019073486",NA,"1992",,,,,,,,,,,,,,,,,,,,,,,,,,,,,,,,,,"0"
"2822","37.75",-2.25,"0.605000019073486",NA,"1994",,,,,,,,,,,,,,,,,,,,,,,,,,,,,,,,,,"0"
"2823","37.75",-2.25,"0.605000019073486","41.5532760620117","2002",,,,,,,,,,,,,,,,,,,,,,,,,,,,,,,,,,"0"
"2824","37.75",-2.25,"0.605000019073486",NA,"1985",,,,,,,,,,,,,,,,,,,,,,,,,,,,,,,,,,"0"
"2825","37.75",-2.25,"0.605000019073486","38.4544639587402","2000",,,,,,,,,,,,,,,,,,,,,,,,,,,,,,,,,,"0"
"2826","37.75",-2.25,"0.605000019073486","35.9896659851074","2016",,,,,,,,,,,,,,,,,,,,,,,,,,,,,,,,,,"0"
"2827","37.75",-2.25,"0.605000019073486",NA,"1996",,,,,,,,,,,,,,,,,,,,,,,,,,,,,,,,,,"0"
"2828","37.75",-2.25,"0.605000019073486","50.6154747009277","2018",,,,,,,,,,,,,,,,,,,,,,,,,,,,,,,,,,"0"
"2829","37.75",-2.25,"0.605000019073486","41.4374542236328","2007",,,,,,,,,,,,,,,,,,,,,,,,,,,,,,,,,,"0"
"2830","37.75",-2.25,"0.605000019073486",NA,"1997",,,,,,,,,,,,,,,,,,,,,,,,,,,,,,,,,,"0"
"2831","37.75",-2.25,"0.605000019073486","38.940803527832","2014",,,,,,,,,,,,,,,,,,,,,,,,,,,,,,,,,,"0"
"2832","37.75",-2.25,"0.605000019073486","31.1637935638428","2017",,,,,,,,,,,,,,,,,,,,,,,,,,,,,,,,,,"0"
"2833","37.75",-2.25,"0.605000019073486","32.7249946594238","1999",,,,,,,,,,,,,,,,,,,,,,,,,,,,,,,,,,"0"
"2834","37.75",-2.25,"0.605000019073486",NA,"1993",,,,,,,,,,,,,,,,,,,,,,,,,,,,,,,,,,"0"
"2835","37.75",-2.25,"0.605000019073486",NA,"1998",,,,,,,,,,,,,,,,,,,,,,,,,,,,,,,,,,"0"
"2836","37.75",-2.25,"0.605000019073486",NA,"1987",,,,,,,,,,,,,,,,,,,,,,,,,,,,,,,,,,"0"
"2837","37.75",-2.25,"0.605000019073486",NA,"1986",,,,,,,,,,,,,,,,,,,,,,,,,,,,,,,,,,"0"
"2838","37.75",-2.25,"0.605000019073486","38.0657653808594","2003",,,,,,,,,,,,,,,,,,,,,,,,,,,,,,,,,,"0"
"2839","37.75",-2.25,"0.605000019073486",NA,"1988",,,,,,,,,,,,,,,,,,,,,,,,,,,,,,,,,,"0"
"2840","37.75",-2.25,"0.605000019073486","37.7566528320312","2013",,,,,,,,,,,,,,,,,,,,,,,,,,,,,,,,,,"0"
"2841","37.75",-2.25,"0.605000019073486",NA,"1989",,,,,,,,,,,,,,,,,,,,,,,,,,,,,,,,,,"0"
"2842","37.75",-2.25,"0.605000019073486","31.5368328094482","2015",,,,,,,,,,,,,,,,,,,,,,,,,,,,,,,,,,"0"
"2843","37.75",-2.25,"0.605000019073486","42.9889793395996","2010",,,,,,,,,,,,,,,,,,,,,,,,,,,,,,,,,,"0"
"2844","37.75",-2.25,"0.605000019073486","42.8629989624023","2019",,,,,,,,,,,,,,,,,,,,,,,,,,,,,,,,,,"0"
"2845","37.75",-1.75,"0.605000019073486","37.7079124450684","2011",,,,,,,,,,,,,,,,,,,,,,,,,,,,,,,,,,"0"
"2846","37.75",-1.75,"0.605000019073486","43.5276145935059","2015",,,,,,,,,,,,,,,,,,,,,,,,,,,,,,,,,,"0"
"2847","37.75",-1.75,"0.605000019073486","42.675895690918","2003",,,,,,,,,,,,,,,,,,,,,,,,,,,,,,,,,,"0"
"2848","37.75",-1.75,"0.605000019073486","36.2689743041992","2005",,,,,,,,,,,,,,,,,,,,,,,,,,,,,,,,,,"0"
"2849","37.75",-1.75,"0.605000019073486",NA,"1995",,,,,,,,,,,,,,,,,,,,,,,,,,,,,,,,,,"0"
"2850","37.75",-1.75,"0.605000019073486",NA,"2020",,,,,,,,,,,,,,,,,,,,,,,,,,,,,,,,,,"0"
"2851","37.75",-1.75,"0.605000019073486","38.6883125305176","2006",,,,,,,,,,,,,,,,,,,,,,,,,,,,,,,,,,"0"
"2852","37.75",-1.75,"0.605000019073486",NA,"1992",,,,,,,,,,,,,,,,,,,,,,,,,,,,,,,,,,"0"
"2853","37.75",-1.75,"0.605000019073486","41.4756011962891","2017",,,,,,,,,,,,,,,,,,,,,,,,,,,,,,,,,,"0"
"2854","37.75",-1.75,"0.605000019073486",NA,"1986",,,,,,,,,,,,,,,,,,,,,,,,,,,,,,,,,,"0"
"2855","37.75",-1.75,"0.605000019073486","49.5637664794922","2001",,,,,,,,,,,,,,,,,,,,,,,,,,,,,,,,,,"0"
"2856","37.75",-1.75,"0.605000019073486","47.064380645752","2010",,,,,,,,,,,,,,,,,,,,,,,,,,,,,,,,,,"0"
"2857","37.75",-1.75,"0.605000019073486","31.3261413574219","2009",,,,,,,,,,,,,,,,,,,,,,,,,,,,,,,,,,"0"
"2858","37.75",-1.75,"0.605000019073486",NA,"1991",,,,,,,,,,,,,,,,,,,,,,,,,,,,,,,,,,"0"
"2859","37.75",-1.75,"0.605000019073486",NA,"1994",,,,,,,,,,,,,,,,,,,,,,,,,,,,,,,,,,"0"
"2860","37.75",-1.75,"0.605000019073486",NA,"1997",,,,,,,,,,,,,,,,,,,,,,,,,,,,,,,,,,"0"
"2861","37.75",-1.75,"0.605000019073486","47.4217338562012","2013",,,,,,,,,,,,,,,,,,,,,,,,,,,,,,,,,,"0"
"2862","37.75",-1.75,"0.605000019073486","56.7108306884766","2018",,,,,,,,,,,,,,,,,,,,,,,,,,,,,,,,,,"0"
"2863","37.75",-1.75,"0.605000019073486",NA,"1993",,,,,,,,,,,,,,,,,,,,,,,,,,,,,,,,,,"0"
"2864","37.75",-1.75,"0.605000019073486",NA,"1996",,,,,,,,,,,,,,,,,,,,,,,,,,,,,,,,,,"0"
"2865","37.75",-1.75,"0.605000019073486",NA,"1985",,,,,,,,,,,,,,,,,,,,,,,,,,,,,,,,,,"0"
"2866","37.75",-1.75,"0.605000019073486","53.6884651184082","2019",,,,,,,,,,,,,,,,,,,,,,,,,,,,,,,,,,"0"
"2867","37.75",-1.75,"0.605000019073486",NA,"1990",,,,,,,,,,,,,,,,,,,,,,,,,,,,,,,,,,"0"
"2868","37.75",-1.75,"0.605000019073486",NA,"1989",,,,,,,,,,,,,,,,,,,,,,,,,,,,,,,,,,"0"
"2869","37.75",-1.75,"0.605000019073486","37.4786605834961","2012",,,,,,,,,,,,,,,,,,,,,,,,,,,,,,,,,,"0"
"2870","37.75",-1.75,"0.605000019073486",NA,"1988",,,,,,,,,,,,,,,,,,,,,,,,,,,,,,,,,,"0"
"2871","37.75",-1.75,"0.605000019073486","51.5917510986328","2002",,,,,,,,,,,,,,,,,,,,,,,,,,,,,,,,,,"0"
"2872","37.75",-1.75,"0.605000019073486",NA,"1987",,,,,,,,,,,,,,,,,,,,,,,,,,,,,,,,,,"0"
"2873","37.75",-1.75,"0.605000019073486","40.6270065307617","1999",,,,,,,,,,,,,,,,,,,,,,,,,,,,,,,,,,"0"
"2874","37.75",-1.75,"0.605000019073486",NA,"1998",,,,,,,,,,,,,,,,,,,,,,,,,,,,,,,,,,"0"
"2875","37.75",-1.75,"0.605000019073486","39.1283302307129","2008",,,,,,,,,,,,,,,,,,,,,,,,,,,,,,,,,,"0"
"2876","37.75",-1.75,"0.605000019073486","51.9244270324707","2014",,,,,,,,,,,,,,,,,,,,,,,,,,,,,,,,,,"0"
"2877","37.75",-1.75,"0.605000019073486","46.9435958862305","2016",,,,,,,,,,,,,,,,,,,,,,,,,,,,,,,,,,"0"
"2878","37.75",-1.75,"0.605000019073486","39.1811294555664","2004",,,,,,,,,,,,,,,,,,,,,,,,,,,,,,,,,,"0"
"2879","37.75",-1.75,"0.605000019073486","40.0094718933105","2000",,,,,,,,,,,,,,,,,,,,,,,,,,,,,,,,,,"0"
"2880","37.75",-1.75,"0.605000019073486","45.6047019958496","2007",,,,,,,,,,,,,,,,,,,,,,,,,,,,,,,,,,"0"
"2881","37.75",-1.25,"0.605000019073486","42.5371627807617","2003",,,,,,,,,,,,,,,,,,,,,,,,,,,,,,,,,,"0"
"2882","37.75",-1.25,"0.605000019073486","41.7576866149902","2007",,,,,,,,,,,,,,,,,,,,,,,,,,,,,,,,,,"0"
"2883","37.75",-1.25,"0.605000019073486","25.4296989440918","2009",,,,,,,,,,,,,,,,,,,,,,,,,,,,,,,,,,"0"
"2884","37.75",-1.25,"0.605000019073486",NA,"1990",,,,,,,,,,,,,,,,,,,,,,,,,,,,,,,,,,"0"
"2885","37.75",-1.25,"0.605000019073486",NA,"1986",,,,,,,,,,,,,,,,,,,,,,,,,,,,,,,,,,"0"
"2886","37.75",-1.25,"0.605000019073486","32.1457862854004","2005",,,,,,,,,,,,,,,,,,,,,,,,,,,,,,,,,,"0"
"2887","37.75",-1.25,"0.605000019073486","31.6857604980469","2006",,,,,,,,,,,,,,,,,,,,,,,,,,,,,,,,,,"0"
"2888","37.75",-1.25,"0.605000019073486",NA,"1991",,,,,,,,,,,,,,,,,,,,,,,,,,,,,,,,,,"0"
"2889","37.75",-1.25,"0.605000019073486","35.9080619812012","2004",,,,,,,,,,,,,,,,,,,,,,,,,,,,,,,,,,"0"
"2890","37.75",-1.25,"0.605000019073486",NA,"1997",,,,,,,,,,,,,,,,,,,,,,,,,,,,,,,,,,"0"
"2891","37.75",-1.25,"0.605000019073486",NA,"1996",,,,,,,,,,,,,,,,,,,,,,,,,,,,,,,,,,"0"
"2892","37.75",-1.25,"0.605000019073486",NA,"1992",,,,,,,,,,,,,,,,,,,,,,,,,,,,,,,,,,"0"
"2893","37.75",-1.25,"0.605000019073486",NA,"1989",,,,,,,,,,,,,,,,,,,,,,,,,,,,,,,,,,"0"
"2894","37.75",-1.25,"0.605000019073486",NA,"1995",,,,,,,,,,,,,,,,,,,,,,,,,,,,,,,,,,"0"
"2895","37.75",-1.25,"0.605000019073486",NA,"1985",,,,,,,,,,,,,,,,,,,,,,,,,,,,,,,,,,"0"
"2896","37.75",-1.25,"0.605000019073486","35.4955406188965","2001",,,,,,,,,,,,,,,,,,,,,,,,,,,,,,,,,,"0"
"2897","37.75",-1.25,"0.605000019073486","34.5288619995117","2008",,,,,,,,,,,,,,,,,,,,,,,,,,,,,,,,,,"0"
"2898","37.75",-1.25,"0.605000019073486","41.1704063415527","2015",,,,,,,,,,,,,,,,,,,,,,,,,,,,,,,,,,"0"
"2899","37.75",-1.25,"0.605000019073486","39.0676574707031","2017",,,,,,,,,,,,,,,,,,,,,,,,,,,,,,,,,,"0"
"2900","37.75",-1.25,"0.605000019073486","48.0081520080566","2019",,,,,,,,,,,,,,,,,,,,,,,,,,,,,,,,,,"0"
"2901","37.75",-1.25,"0.605000019073486","44.1030769348145","2002",,,,,,,,,,,,,,,,,,,,,,,,,,,,,,,,,,"0"
"2902","37.75",-1.25,"0.605000019073486","29.9966869354248","1999",,,,,,,,,,,,,,,,,,,,,,,,,,,,,,,,,,"0"
"2903","37.75",-1.25,"0.605000019073486",NA,"1994",,,,,,,,,,,,,,,,,,,,,,,,,,,,,,,,,,"0"
"2904","37.75",-1.25,"0.605000019073486",NA,"1998",,,,,,,,,,,,,,,,,,,,,,,,,,,,,,,,,,"0"
"2905","37.75",-1.25,"0.605000019073486","32.3547096252441","2011",,,,,,,,,,,,,,,,,,,,,,,,,,,,,,,,,,"0"
"2906","37.75",-1.25,"0.605000019073486","32.0368499755859","2000",,,,,,,,,,,,,,,,,,,,,,,,,,,,,,,,,,"0"
"2907","37.75",-1.25,"0.605000019073486",NA,"1988",,,,,,,,,,,,,,,,,,,,,,,,,,,,,,,,,,"0"
"2908","37.75",-1.25,"0.605000019073486",NA,"1987",,,,,,,,,,,,,,,,,,,,,,,,,,,,,,,,,,"0"
"2909","37.75",-1.25,"0.605000019073486","42.4451141357422","2013",,,,,,,,,,,,,,,,,,,,,,,,,,,,,,,,,,"0"
"2910","37.75",-1.25,"0.605000019073486","50.5667953491211","2018",,,,,,,,,,,,,,,,,,,,,,,,,,,,,,,,,,"0"
"2911","37.75",-1.25,"0.605000019073486","40.2280502319336","2014",,,,,,,,,,,,,,,,,,,,,,,,,,,,,,,,,,"0"
"2912","37.75",-1.25,"0.605000019073486",NA,"1993",,,,,,,,,,,,,,,,,,,,,,,,,,,,,,,,,,"0"
"2913","37.75",-1.25,"0.605000019073486","45.0780639648438","2016",,,,,,,,,,,,,,,,,,,,,,,,,,,,,,,,,,"0"
"2914","37.75",-1.25,"0.605000019073486",NA,"2020",,,,,,,,,,,,,,,,,,,,,,,,,,,,,,,,,,"0"
"2915","37.75",-1.25,"0.605000019073486","48.1401405334473","2010",,,,,,,,,,,,,,,,,,,,,,,,,,,,,,,,,,"0"
"2916","37.75",-1.25,"0.605000019073486","35.1114082336426","2012",,,,,,,,,,,,,,,,,,,,,,,,,,,,,,,,,,"0"
"2917","37.75",-0.75,"0.605000019073486","42.0800933837891","2012",,,,,,,,,,,,,,,,,,,,,,,,,,,,,,,,,,"0"
"2918","37.75",-0.75,"0.605000019073486","40.2004432678223","2001",,,,,,,,,,,,,,,,,,,,,,,,,,,,,,,,,,"0"
"2919","37.75",-0.75,"0.605000019073486",NA,"1985",,,,,,,,,,,,,,,,,,,,,,,,,,,,,,,,,,"0"
"2920","37.75",-0.75,"0.605000019073486","46.4759292602539","2008",,,,,,,,,,,,,,,,,,,,,,,,,,,,,,,,,,"0"
"2921","37.75",-0.75,"0.605000019073486",NA,"1996",,,,,,,,,,,,,,,,,,,,,,,,,,,,,,,,,,"0"
"2922","37.75",-0.75,"0.605000019073486","35.7284088134766","2009",,,,,,,,,,,,,,,,,,,,,,,,,,,,,,,,,,"0"
"2923","37.75",-0.75,"0.605000019073486",NA,"2020",,,,,,,,,,,,,,,,,,,,,,,,,,,,,,,,,,"0"
"2924","37.75",-0.75,"0.605000019073486",NA,"1989",,,,,,,,,,,,,,,,,,,,,,,,,,,,,,,,,,"0"
"2925","37.75",-0.75,"0.605000019073486","55.2725028991699","2019",,,,,,,,,,,,,,,,,,,,,,,,,,,,,,,,,,"0"
"2926","37.75",-0.75,"0.605000019073486",NA,"1993",,,,,,,,,,,,,,,,,,,,,,,,,,,,,,,,,,"0"
"2927","37.75",-0.75,"0.605000019073486","53.3891754150391","2018",,,,,,,,,,,,,,,,,,,,,,,,,,,,,,,,,,"0"
"2928","37.75",-0.75,"0.605000019073486","41.2276000976562","2006",,,,,,,,,,,,,,,,,,,,,,,,,,,,,,,,,,"0"
"2929","37.75",-0.75,"0.605000019073486","46.9216156005859","2005",,,,,,,,,,,,,,,,,,,,,,,,,,,,,,,,,,"0"
"2930","37.75",-0.75,"0.605000019073486","37.6204261779785","1999",,,,,,,,,,,,,,,,,,,,,,,,,,,,,,,,,,"0"
"2931","37.75",-0.75,"0.605000019073486","45.9804000854492","2004",,,,,,,,,,,,,,,,,,,,,,,,,,,,,,,,,,"0"
"2932","37.75",-0.75,"0.605000019073486","46.1761283874512","2017",,,,,,,,,,,,,,,,,,,,,,,,,,,,,,,,,,"0"
"2933","37.75",-0.75,"0.605000019073486","39.3687324523926","2014",,,,,,,,,,,,,,,,,,,,,,,,,,,,,,,,,,"0"
"2934","37.75",-0.75,"0.605000019073486",NA,"1994",,,,,,,,,,,,,,,,,,,,,,,,,,,,,,,,,,"0"
"2935","37.75",-0.75,"0.605000019073486",NA,"1988",,,,,,,,,,,,,,,,,,,,,,,,,,,,,,,,,,"0"
"2936","37.75",-0.75,"0.605000019073486",NA,"1992",,,,,,,,,,,,,,,,,,,,,,,,,,,,,,,,,,"0"
"2937","37.75",-0.75,"0.605000019073486",NA,"1995",,,,,,,,,,,,,,,,,,,,,,,,,,,,,,,,,,"0"
"2938","37.75",-0.75,"0.605000019073486","46.3189964294434","2010",,,,,,,,,,,,,,,,,,,,,,,,,,,,,,,,,,"0"
"2939","37.75",-0.75,"0.605000019073486",NA,"1986",,,,,,,,,,,,,,,,,,,,,,,,,,,,,,,,,,"0"
"2940","37.75",-0.75,"0.605000019073486",NA,"1991",,,,,,,,,,,,,,,,,,,,,,,,,,,,,,,,,,"0"
"2941","37.75",-0.75,"0.605000019073486",NA,"1987",,,,,,,,,,,,,,,,,,,,,,,,,,,,,,,,,,"0"
"2942","37.75",-0.75,"0.605000019073486","50.4924697875977","2016",,,,,,,,,,,,,,,,,,,,,,,,,,,,,,,,,,"0"
"2943","37.75",-0.75,"0.605000019073486","37.7504463195801","2000",,,,,,,,,,,,,,,,,,,,,,,,,,,,,,,,,,"0"
"2944","37.75",-0.75,"0.605000019073486",NA,"1990",,,,,,,,,,,,,,,,,,,,,,,,,,,,,,,,,,"0"
"2945","37.75",-0.75,"0.605000019073486","50.1741600036621","2002",,,,,,,,,,,,,,,,,,,,,,,,,,,,,,,,,,"0"
"2946","37.75",-0.75,"0.605000019073486","44.821849822998","2015",,,,,,,,,,,,,,,,,,,,,,,,,,,,,,,,,,"0"
"2947","37.75",-0.75,"0.605000019073486","49.300609588623","2003",,,,,,,,,,,,,,,,,,,,,,,,,,,,,,,,,,"0"
"2948","37.75",-0.75,"0.605000019073486",NA,"1998",,,,,,,,,,,,,,,,,,,,,,,,,,,,,,,,,,"0"
"2949","37.75",-0.75,"0.605000019073486","34.9433250427246","2011",,,,,,,,,,,,,,,,,,,,,,,,,,,,,,,,,,"0"
"2950","37.75",-0.75,"0.605000019073486","46.5522079467773","2013",,,,,,,,,,,,,,,,,,,,,,,,,,,,,,,,,,"0"
"2951","37.75",-0.75,"0.605000019073486",NA,"1997",,,,,,,,,,,,,,,,,,,,,,,,,,,,,,,,,,"0"
"2952","37.75",-0.75,"0.605000019073486","52.0752410888672","2007",,,,,,,,,,,,,,,,,,,,,,,,,,,,,,,,,,"0"
"2953","37.75",-0.25,"0.605000019073486",NA,"1996",,,,,,,,,,,,,,,,,,,,,,,,,,,,,,,,,,"0"
"2954","37.75",-0.25,"0.605000019073486","78.7203598022461","2014",,,,,,,,,,,,,,,,,,,,,,,,,,,,,,,,,,"0"
"2955","37.75",-0.25,"0.605000019073486","74.4545669555664","2005",,,,,,,,,,,,,,,,,,,,,,,,,,,,,,,,,,"0"
"2956","37.75",-0.25,"0.605000019073486","71.3945617675781","2004",,,,,,,,,,,,,,,,,,,,,,,,,,,,,,,,,,"0"
"2957","37.75",-0.25,"0.605000019073486",NA,"1993",,,,,,,,,,,,,,,,,,,,,,,,,,,,,,,,,,"0"
"2958","37.75",-0.25,"0.605000019073486","77.716423034668","2016",,,,,,,,,,,,,,,,,,,,,,,,,,,,,,,,,,"0"
"2959","37.75",-0.25,"0.605000019073486",NA,"1985",,,,,,,,,,,,,,,,,,,,,,,,,,,,,,,,,,"0"
"2960","37.75",-0.25,"0.605000019073486","73.8944931030273","2002",,,,,,,,,,,,,,,,,,,,,,,,,,,,,,,,,,"0"
"2961","37.75",-0.25,"0.605000019073486",NA,"1992",,,,,,,,,,,,,,,,,,,,,,,,,,,,,,,,,,"0"
"2962","37.75",-0.25,"0.605000019073486","75.3590545654297","2008",,,,,,,,,,,,,,,,,,,,,,,,,,,,,,,,,,"0"
"2963","37.75",-0.25,"0.605000019073486",NA,"1986",,,,,,,,,,,,,,,,,,,,,,,,,,,,,,,,,,"0"
"2964","37.75",-0.25,"0.605000019073486",NA,"1997",,,,,,,,,,,,,,,,,,,,,,,,,,,,,,,,,,"0"
"2965","37.75",-0.25,"0.605000019073486",NA,"1990",,,,,,,,,,,,,,,,,,,,,,,,,,,,,,,,,,"0"
"2966","37.75",-0.25,"0.605000019073486","74.7872543334961","2010",,,,,,,,,,,,,,,,,,,,,,,,,,,,,,,,,,"0"
"2967","37.75",-0.25,"0.605000019073486","65.5651321411133","2001",,,,,,,,,,,,,,,,,,,,,,,,,,,,,,,,,,"0"
"2968","37.75",-0.25,"0.605000019073486",NA,"1989",,,,,,,,,,,,,,,,,,,,,,,,,,,,,,,,,,"0"
"2969","37.75",-0.25,"0.605000019073486",NA,"1998",,,,,,,,,,,,,,,,,,,,,,,,,,,,,,,,,,"0"
"2970","37.75",-0.25,"0.605000019073486",NA,"1988",,,,,,,,,,,,,,,,,,,,,,,,,,,,,,,,,,"0"
"2971","37.75",-0.25,"0.605000019073486","72.359489440918","2003",,,,,,,,,,,,,,,,,,,,,,,,,,,,,,,,,,"0"
"2972","37.75",-0.25,"0.605000019073486",NA,"1987",,,,,,,,,,,,,,,,,,,,,,,,,,,,,,,,,,"0"
"2973","37.75",-0.25,"0.605000019073486",NA,"2020",,,,,,,,,,,,,,,,,,,,,,,,,,,,,,,,,,"0"
"2974","37.75",-0.25,"0.605000019073486","70.1572341918945","2012",,,,,,,,,,,,,,,,,,,,,,,,,,,,,,,,,,"0"
"2975","37.75",-0.25,"0.605000019073486","66.6542434692383","1999",,,,,,,,,,,,,,,,,,,,,,,,,,,,,,,,,,"0"
"2976","37.75",-0.25,"0.605000019073486",NA,"1994",,,,,,,,,,,,,,,,,,,,,,,,,,,,,,,,,,"0"
"2977","37.75",-0.25,"0.605000019073486",NA,"1995",,,,,,,,,,,,,,,,,,,,,,,,,,,,,,,,,,"0"
"2978","37.75",-0.25,"0.605000019073486","69.7752914428711","2011",,,,,,,,,,,,,,,,,,,,,,,,,,,,,,,,,,"0"
"2979","37.75",-0.25,"0.605000019073486",NA,"1991",,,,,,,,,,,,,,,,,,,,,,,,,,,,,,,,,,"0"
"2980","37.75",-0.25,"0.605000019073486","78.6567001342773","2018",,,,,,,,,,,,,,,,,,,,,,,,,,,,,,,,,,"0"
"2981","37.75",-0.25,"0.605000019073486","75.9595336914062","2017",,,,,,,,,,,,,,,,,,,,,,,,,,,,,,,,,,"0"
"2982","37.75",-0.25,"0.605000019073486","63.2504196166992","2000",,,,,,,,,,,,,,,,,,,,,,,,,,,,,,,,,,"0"
"2983","37.75",-0.25,"0.605000019073486","69.5164794921875","2006",,,,,,,,,,,,,,,,,,,,,,,,,,,,,,,,,,"0"
"2984","37.75",-0.25,"0.605000019073486","76.2195281982422","2013",,,,,,,,,,,,,,,,,,,,,,,,,,,,,,,,,,"0"
"2985","37.75",-0.25,"0.605000019073486","81.509521484375","2019",,,,,,,,,,,,,,,,,,,,,,,,,,,,,,,,,,"0"
"2986","37.75",-0.25,"0.605000019073486","70.1986770629883","2009",,,,,,,,,,,,,,,,,,,,,,,,,,,,,,,,,,"0"
"2987","37.75",-0.25,"0.605000019073486","80.3108062744141","2015",,,,,,,,,,,,,,,,,,,,,,,,,,,,,,,,,,"0"
"2988","37.75",-0.25,"0.605000019073486","75.9422836303711","2007",,,,,,,,,,,,,,,,,,,,,,,,,,,,,,,,,,"0"
"2989","37.75",0.25,"0.605000019073486","58.342399597168","2001",,,,,,,,,,,,,,,,,,,,,,,,,,,,,,,,,,"0"
"2990","37.75",0.25,"0.605000019073486",NA,"1997",,,,,,,,,,,,,,,,,,,,,,,,,,,,,,,,,,"0"
"2991","37.75",0.25,"0.605000019073486","69.8484573364258","2016",,,,,,,,,,,,,,,,,,,,,,,,,,,,,,,,,,"0"
"2992","37.75",0.25,"0.605000019073486",NA,"1989",,,,,,,,,,,,,,,,,,,,,,,,,,,,,,,,,,"0"
"2993","37.75",0.25,"0.605000019073486","73.2749938964844","2019",,,,,,,,,,,,,,,,,,,,,,,,,,,,,,,,,,"0"
"2994","37.75",0.25,"0.605000019073486","58.4321098327637","2009",,,,,,,,,,,,,,,,,,,,,,,,,,,,,,,,,,"0"
"2995","37.75",0.25,"0.605000019073486","71.2783889770508","2007",,,,,,,,,,,,,,,,,,,,,,,,,,,,,,,,,,"0"
"2996","37.75",0.25,"0.605000019073486","71.4307250976562","2014",,,,,,,,,,,,,,,,,,,,,,,,,,,,,,,,,,"0"
"2997","37.75",0.25,"0.605000019073486","65.4568634033203","2008",,,,,,,,,,,,,,,,,,,,,,,,,,,,,,,,,,"0"
"2998","37.75",0.25,"0.605000019073486",NA,"1993",,,,,,,,,,,,,,,,,,,,,,,,,,,,,,,,,,"0"
"2999","37.75",0.25,"0.605000019073486",NA,"1986",,,,,,,,,,,,,,,,,,,,,,,,,,,,,,,,,,"0"
"3000","37.75",0.25,"0.605000019073486","68.0454406738281","2010",,,,,,,,,,,,,,,,,,,,,,,,,,,,,,,,,,"0"
"3001","37.75",0.25,"0.605000019073486","60.0307998657227","2006",,,,,,,,,,,,,,,,,,,,,,,,,,,,,,,,,,"0"
"3002","37.75",0.25,"0.605000019073486",NA,"1988",,,,,,,,,,,,,,,,,,,,,,,,,,,,,,,,,,"0"
"3003","37.75",0.25,"0.605000019073486","71.2725219726562","2015",,,,,,,,,,,,,,,,,,,,,,,,,,,,,,,,,,"0"
"3004","37.75",0.25,"0.605000019073486","57.8307456970215","1999",,,,,,,,,,,,,,,,,,,,,,,,,,,,,,,,,,"0"
"3005","37.75",0.25,"0.605000019073486",NA,"1987",,,,,,,,,,,,,,,,,,,,,,,,,,,,,,,,,,"0"
"3006","37.75",0.25,"0.605000019073486",NA,"1991",,,,,,,,,,,,,,,,,,,,,,,,,,,,,,,,,,"0"
"3007","37.75",0.25,"0.605000019073486","51.4582061767578","2000",,,,,,,,,,,,,,,,,,,,,,,,,,,,,,,,,,"0"
"3008","37.75",0.25,"0.605000019073486",NA,"1990",,,,,,,,,,,,,,,,,,,,,,,,,,,,,,,,,,"0"
"3009","37.75",0.25,"0.605000019073486",NA,"1995",,,,,,,,,,,,,,,,,,,,,,,,,,,,,,,,,,"0"
"3010","37.75",0.25,"0.605000019073486","70.8723754882812","2013",,,,,,,,,,,,,,,,,,,,,,,,,,,,,,,,,,"0"
"3011","37.75",0.25,"0.605000019073486","67.1696701049805","2002",,,,,,,,,,,,,,,,,,,,,,,,,,,,,,,,,,"0"
"3012","37.75",0.25,"0.605000019073486","67.9688262939453","2017",,,,,,,,,,,,,,,,,,,,,,,,,,,,,,,,,,"0"
"3013","37.75",0.25,"0.605000019073486",NA,"1996",,,,,,,,,,,,,,,,,,,,,,,,,,,,,,,,,,"0"
"3014","37.75",0.25,"0.605000019073486","63.1276054382324","2005",,,,,,,,,,,,,,,,,,,,,,,,,,,,,,,,,,"0"
"3015","37.75",0.25,"0.605000019073486","63.4605407714844","2012",,,,,,,,,,,,,,,,,,,,,,,,,,,,,,,,,,"0"
"3016","37.75",0.25,"0.605000019073486",NA,"2020",,,,,,,,,,,,,,,,,,,,,,,,,,,,,,,,,,"0"
"3017","37.75",0.25,"0.605000019073486",NA,"1985",,,,,,,,,,,,,,,,,,,,,,,,,,,,,,,,,,"0"
"3018","37.75",0.25,"0.605000019073486","60.5851860046387","2011",,,,,,,,,,,,,,,,,,,,,,,,,,,,,,,,,,"0"
"3019","37.75",0.25,"0.605000019073486","70.2202301025391","2003",,,,,,,,,,,,,,,,,,,,,,,,,,,,,,,,,,"0"
"3020","37.75",0.25,"0.605000019073486","75.5504684448242","2018",,,,,,,,,,,,,,,,,,,,,,,,,,,,,,,,,,"0"
"3021","37.75",0.25,"0.605000019073486",NA,"1998",,,,,,,,,,,,,,,,,,,,,,,,,,,,,,,,,,"0"
"3022","37.75",0.25,"0.605000019073486","66.473014831543","2004",,,,,,,,,,,,,,,,,,,,,,,,,,,,,,,,,,"0"
"3023","37.75",0.25,"0.605000019073486",NA,"1992",,,,,,,,,,,,,,,,,,,,,,,,,,,,,,,,,,"0"
"3024","37.75",0.25,"0.605000019073486",NA,"1994",,,,,,,,,,,,,,,,,,,,,,,,,,,,,,,,,,"0"
"3025","37.75",0.75,NA,NA,"1995","1","1","1","1","1","1","1","1","1","1","1","1","1","1","1","1","1","1","1","1","1","1","1","1","1","1","1","1","1","1","1","1","0","0"
"3026","37.75",0.75,NA,NA,"1985","1","1","1","1","1","1","1","1","1","1","1","1","1","1","1","1","1","1","1","1","1","1","1","1","1","1","1","1","1","1","1","1","0","0"
"3027","37.75",0.75,NA,"23.703275680542","2003","1","1","1","1","1","1","1","1","1","1","1","1","1","1","1","1","1","1","1","1","1","1","1","1","1","1","1","1","1","1","1","1","0","0"
"3028","37.75",0.75,NA,"12.3703279495239","2009","1","1","1","1","1","1","1","1","1","1","1","1","1","1","1","1","1","1","1","1","1","1","1","1","1","1","1","1","1","1","1","1","0","0"
"3029","37.75",0.75,NA,NA,"1989","1","1","1","1","1","1","1","1","1","1","1","1","1","1","1","1","1","1","1","1","1","1","1","1","1","1","1","1","1","1","1","1","0","0"
"3030","37.75",0.75,NA,"16.0487422943115","2005","1","1","1","1","1","1","1","1","1","1","1","1","1","1","1","1","1","1","1","1","1","1","1","1","1","1","1","1","1","1","1","1","0","0"
"3031","37.75",0.75,NA,NA,"1994","1","1","1","1","1","1","1","1","1","1","1","1","1","1","1","1","1","1","1","1","1","1","1","1","1","1","1","1","1","1","1","1","0","0"
"3032","37.75",0.75,NA,"19.9398307800293","2019","1","1","1","1","1","1","1","1","1","1","1","1","1","1","1","1","1","1","1","1","1","1","1","1","1","1","1","1","1","1","1","1","0","0"
"3033","37.75",0.75,NA,NA,"1990","1","1","1","1","1","1","1","1","1","1","1","1","1","1","1","1","1","1","1","1","1","1","1","1","1","1","1","1","1","1","1","1","0","0"
"3034","37.75",0.75,NA,NA,"1996","1","1","1","1","1","1","1","1","1","1","1","1","1","1","1","1","1","1","1","1","1","1","1","1","1","1","1","1","1","1","1","1","0","0"
"3035","37.75",0.75,NA,NA,"1987","1","1","1","1","1","1","1","1","1","1","1","1","1","1","1","1","1","1","1","1","1","1","1","1","1","1","1","1","1","1","1","1","0","0"
"3036","37.75",0.75,NA,"17.7616634368896","2012","1","1","1","1","1","1","1","1","1","1","1","1","1","1","1","1","1","1","1","1","1","1","1","1","1","1","1","1","1","1","1","1","0","0"
"3037","37.75",0.75,NA,"16.6233787536621","2015","1","1","1","1","1","1","1","1","1","1","1","1","1","1","1","1","1","1","1","1","1","1","1","1","1","1","1","1","1","1","1","1","0","0"
"3038","37.75",0.75,NA,NA,"1997","1","1","1","1","1","1","1","1","1","1","1","1","1","1","1","1","1","1","1","1","1","1","1","1","1","1","1","1","1","1","1","1","0","0"
"3039","37.75",0.75,NA,"19.1855068206787","2002","1","1","1","1","1","1","1","1","1","1","1","1","1","1","1","1","1","1","1","1","1","1","1","1","1","1","1","1","1","1","1","1","0","0"
"3040","37.75",0.75,NA,"17.3454627990723","2010","1","1","1","1","1","1","1","1","1","1","1","1","1","1","1","1","1","1","1","1","1","1","1","1","1","1","1","1","1","1","1","1","0","0"
"3041","37.75",0.75,NA,NA,"1993","1","1","1","1","1","1","1","1","1","1","1","1","1","1","1","1","1","1","1","1","1","1","1","1","1","1","1","1","1","1","1","1","0","0"
"3042","37.75",0.75,NA,NA,"1988","1","1","1","1","1","1","1","1","1","1","1","1","1","1","1","1","1","1","1","1","1","1","1","1","1","1","1","1","1","1","1","1","0","0"
"3043","37.75",0.75,NA,"13.8648529052734","2001","1","1","1","1","1","1","1","1","1","1","1","1","1","1","1","1","1","1","1","1","1","1","1","1","1","1","1","1","1","1","1","1","0","0"
"3044","37.75",0.75,NA,"17.3511047363281","2016","1","1","1","1","1","1","1","1","1","1","1","1","1","1","1","1","1","1","1","1","1","1","1","1","1","1","1","1","1","1","1","1","0","0"
"3045","37.75",0.75,NA,NA,"1992","1","1","1","1","1","1","1","1","1","1","1","1","1","1","1","1","1","1","1","1","1","1","1","1","1","1","1","1","1","1","1","1","0","0"
"3046","37.75",0.75,NA,"22.167013168335","2004","1","1","1","1","1","1","1","1","1","1","1","1","1","1","1","1","1","1","1","1","1","1","1","1","1","1","1","1","1","1","1","1","0","0"
"3047","37.75",0.75,NA,"11.4474325180054","2000","1","1","1","1","1","1","1","1","1","1","1","1","1","1","1","1","1","1","1","1","1","1","1","1","1","1","1","1","1","1","1","1","0","0"
"3048","37.75",0.75,NA,"19.0371589660645","2008","1","1","1","1","1","1","1","1","1","1","1","1","1","1","1","1","1","1","1","1","1","1","1","1","1","1","1","1","1","1","1","1","0","0"
"3049","37.75",0.75,NA,NA,"1991","1","1","1","1","1","1","1","1","1","1","1","1","1","1","1","1","1","1","1","1","1","1","1","1","1","1","1","1","1","1","1","1","0","0"
"3050","37.75",0.75,NA,"14.7935094833374","2017","1","1","1","1","1","1","1","1","1","1","1","1","1","1","1","1","1","1","1","1","1","1","1","1","1","1","1","1","1","1","1","1","0","0"
"3051","37.75",0.75,NA,NA,"1998","1","1","1","1","1","1","1","1","1","1","1","1","1","1","1","1","1","1","1","1","1","1","1","1","1","1","1","1","1","1","1","1","0","0"
"3052","37.75",0.75,NA,"17.5027637481689","2006","1","1","1","1","1","1","1","1","1","1","1","1","1","1","1","1","1","1","1","1","1","1","1","1","1","1","1","1","1","1","1","1","0","0"
"3053","37.75",0.75,NA,NA,"2020","1","1","1","1","1","1","1","1","1","1","1","1","1","1","1","1","1","1","1","1","1","1","1","1","1","1","1","1","1","1","1","1","0","0"
"3054","37.75",0.75,NA,"14.5591669082642","2011","1","1","1","1","1","1","1","1","1","1","1","1","1","1","1","1","1","1","1","1","1","1","1","1","1","1","1","1","1","1","1","1","0","0"
"3055","37.75",0.75,NA,"20.6336841583252","2013","1","1","1","1","1","1","1","1","1","1","1","1","1","1","1","1","1","1","1","1","1","1","1","1","1","1","1","1","1","1","1","1","0","0"
"3056","37.75",0.75,NA,"17.1702785491943","2014","1","1","1","1","1","1","1","1","1","1","1","1","1","1","1","1","1","1","1","1","1","1","1","1","1","1","1","1","1","1","1","1","0","0"
"3057","37.75",0.75,NA,NA,"1986","1","1","1","1","1","1","1","1","1","1","1","1","1","1","1","1","1","1","1","1","1","1","1","1","1","1","1","1","1","1","1","1","0","0"
"3058","37.75",0.75,NA,"21.5608406066895","2007","1","1","1","1","1","1","1","1","1","1","1","1","1","1","1","1","1","1","1","1","1","1","1","1","1","1","1","1","1","1","1","1","0","0"
"3059","37.75",0.75,NA,"14.4956903457642","1999","1","1","1","1","1","1","1","1","1","1","1","1","1","1","1","1","1","1","1","1","1","1","1","1","1","1","1","1","1","1","1","1","0","0"
"3060","37.75",0.75,NA,"23.6450042724609","2018","1","1","1","1","1","1","1","1","1","1","1","1","1","1","1","1","1","1","1","1","1","1","1","1","1","1","1","1","1","1","1","1","0","0"
"3061","37.75",1.25,NA,"9.77903938293457","2000","1","1","1","1","1","1","1","1","1","1","1","1","1","1","1","1","1","1","1","1","1","1","1","1","1","1","1","1","1","1","1","1","0","0"
"3062","37.75",1.25,NA,"16.5567741394043","2019","1","1","1","1","1","1","1","1","1","1","1","1","1","1","1","1","1","1","1","1","1","1","1","1","1","1","1","1","1","1","1","1","0","0"
"3063","37.75",1.25,NA,NA,"1992","1","1","1","1","1","1","1","1","1","1","1","1","1","1","1","1","1","1","1","1","1","1","1","1","1","1","1","1","1","1","1","1","0","0"
"3064","37.75",1.25,NA,NA,"1987","1","1","1","1","1","1","1","1","1","1","1","1","1","1","1","1","1","1","1","1","1","1","1","1","1","1","1","1","1","1","1","1","0","0"
"3065","37.75",1.25,NA,NA,"1997","1","1","1","1","1","1","1","1","1","1","1","1","1","1","1","1","1","1","1","1","1","1","1","1","1","1","1","1","1","1","1","1","0","0"
"3066","37.75",1.25,NA,"14.5503120422363","2002","1","1","1","1","1","1","1","1","1","1","1","1","1","1","1","1","1","1","1","1","1","1","1","1","1","1","1","1","1","1","1","1","0","0"
"3067","37.75",1.25,NA,"18.7871341705322","2003","1","1","1","1","1","1","1","1","1","1","1","1","1","1","1","1","1","1","1","1","1","1","1","1","1","1","1","1","1","1","1","1","0","0"
"3068","37.75",1.25,NA,"12.8826246261597","2005","1","1","1","1","1","1","1","1","1","1","1","1","1","1","1","1","1","1","1","1","1","1","1","1","1","1","1","1","1","1","1","1","0","0"
"3069","37.75",1.25,NA,"12.1449794769287","2011","1","1","1","1","1","1","1","1","1","1","1","1","1","1","1","1","1","1","1","1","1","1","1","1","1","1","1","1","1","1","1","1","0","0"
"3070","37.75",1.25,NA,NA,"1990","1","1","1","1","1","1","1","1","1","1","1","1","1","1","1","1","1","1","1","1","1","1","1","1","1","1","1","1","1","1","1","1","0","0"
"3071","37.75",1.25,NA,"18.8185844421387","2018","1","1","1","1","1","1","1","1","1","1","1","1","1","1","1","1","1","1","1","1","1","1","1","1","1","1","1","1","1","1","1","1","0","0"
"3072","37.75",1.25,NA,NA,"1989","1","1","1","1","1","1","1","1","1","1","1","1","1","1","1","1","1","1","1","1","1","1","1","1","1","1","1","1","1","1","1","1","0","0"
"3073","37.75",1.25,NA,NA,"1994","1","1","1","1","1","1","1","1","1","1","1","1","1","1","1","1","1","1","1","1","1","1","1","1","1","1","1","1","1","1","1","1","0","0"
"3074","37.75",1.25,NA,NA,"1996","1","1","1","1","1","1","1","1","1","1","1","1","1","1","1","1","1","1","1","1","1","1","1","1","1","1","1","1","1","1","1","1","0","0"
"3075","37.75",1.25,NA,"11.967041015625","2017","1","1","1","1","1","1","1","1","1","1","1","1","1","1","1","1","1","1","1","1","1","1","1","1","1","1","1","1","1","1","1","1","0","0"
"3076","37.75",1.25,NA,NA,"1985","1","1","1","1","1","1","1","1","1","1","1","1","1","1","1","1","1","1","1","1","1","1","1","1","1","1","1","1","1","1","1","1","0","0"
"3077","37.75",1.25,NA,"14.2797803878784","2014","1","1","1","1","1","1","1","1","1","1","1","1","1","1","1","1","1","1","1","1","1","1","1","1","1","1","1","1","1","1","1","1","0","0"
"3078","37.75",1.25,NA,"12.3933639526367","1999","1","1","1","1","1","1","1","1","1","1","1","1","1","1","1","1","1","1","1","1","1","1","1","1","1","1","1","1","1","1","1","1","0","0"
"3079","37.75",1.25,NA,"18.0239448547363","2007","1","1","1","1","1","1","1","1","1","1","1","1","1","1","1","1","1","1","1","1","1","1","1","1","1","1","1","1","1","1","1","1","0","0"
"3080","37.75",1.25,NA,"15.2373867034912","2016","1","1","1","1","1","1","1","1","1","1","1","1","1","1","1","1","1","1","1","1","1","1","1","1","1","1","1","1","1","1","1","1","0","0"
"3081","37.75",1.25,NA,"14.0669612884521","2006","1","1","1","1","1","1","1","1","1","1","1","1","1","1","1","1","1","1","1","1","1","1","1","1","1","1","1","1","1","1","1","1","0","0"
"3082","37.75",1.25,NA,"13.20046043396","2015","1","1","1","1","1","1","1","1","1","1","1","1","1","1","1","1","1","1","1","1","1","1","1","1","1","1","1","1","1","1","1","1","0","0"
"3083","37.75",1.25,NA,"15.5755195617676","2008","1","1","1","1","1","1","1","1","1","1","1","1","1","1","1","1","1","1","1","1","1","1","1","1","1","1","1","1","1","1","1","1","0","0"
"3084","37.75",1.25,NA,NA,"2020","1","1","1","1","1","1","1","1","1","1","1","1","1","1","1","1","1","1","1","1","1","1","1","1","1","1","1","1","1","1","1","1","0","0"
"3085","37.75",1.25,NA,"13.8498058319092","2012","1","1","1","1","1","1","1","1","1","1","1","1","1","1","1","1","1","1","1","1","1","1","1","1","1","1","1","1","1","1","1","1","0","0"
"3086","37.75",1.25,NA,NA,"1993","1","1","1","1","1","1","1","1","1","1","1","1","1","1","1","1","1","1","1","1","1","1","1","1","1","1","1","1","1","1","1","1","0","0"
"3087","37.75",1.25,NA,NA,"1986","1","1","1","1","1","1","1","1","1","1","1","1","1","1","1","1","1","1","1","1","1","1","1","1","1","1","1","1","1","1","1","1","0","0"
"3088","37.75",1.25,NA,"14.6140880584717","2004","1","1","1","1","1","1","1","1","1","1","1","1","1","1","1","1","1","1","1","1","1","1","1","1","1","1","1","1","1","1","1","1","0","0"
"3089","37.75",1.25,NA,NA,"1995","1","1","1","1","1","1","1","1","1","1","1","1","1","1","1","1","1","1","1","1","1","1","1","1","1","1","1","1","1","1","1","1","0","0"
"3090","37.75",1.25,NA,"13.9768657684326","2010","1","1","1","1","1","1","1","1","1","1","1","1","1","1","1","1","1","1","1","1","1","1","1","1","1","1","1","1","1","1","1","1","0","0"
"3091","37.75",1.25,NA,NA,"1998","1","1","1","1","1","1","1","1","1","1","1","1","1","1","1","1","1","1","1","1","1","1","1","1","1","1","1","1","1","1","1","1","0","0"
"3092","37.75",1.25,NA,NA,"1991","1","1","1","1","1","1","1","1","1","1","1","1","1","1","1","1","1","1","1","1","1","1","1","1","1","1","1","1","1","1","1","1","0","0"
"3093","37.75",1.25,NA,"17.4814395904541","2013","1","1","1","1","1","1","1","1","1","1","1","1","1","1","1","1","1","1","1","1","1","1","1","1","1","1","1","1","1","1","1","1","0","0"
"3094","37.75",1.25,NA,"11.8943147659302","2001","1","1","1","1","1","1","1","1","1","1","1","1","1","1","1","1","1","1","1","1","1","1","1","1","1","1","1","1","1","1","1","1","0","0"
"3095","37.75",1.25,NA,NA,"1988","1","1","1","1","1","1","1","1","1","1","1","1","1","1","1","1","1","1","1","1","1","1","1","1","1","1","1","1","1","1","1","1","0","0"
"3096","37.75",1.25,NA,"9.54701232910156","2009","1","1","1","1","1","1","1","1","1","1","1","1","1","1","1","1","1","1","1","1","1","1","1","1","1","1","1","1","1","1","1","1","0","0"
"3097","37.75",1.75,NA,"9.25065803527832","2001","1","1","1","1","1","1","1","1","1","1","1","1","1","1","1","1","1","1","1","1","1","1","1","1","1","1","1","1","1","1","1","1","0","0"
"3098","37.75",1.75,NA,"8.80662822723389","2004","1","1","1","1","1","1","1","1","1","1","1","1","1","1","1","1","1","1","1","1","1","1","1","1","1","1","1","1","1","1","1","1","0","0"
"3099","37.75",1.75,NA,NA,"1992","1","1","1","1","1","1","1","1","1","1","1","1","1","1","1","1","1","1","1","1","1","1","1","1","1","1","1","1","1","1","1","1","0","0"
"3100","37.75",1.75,NA,"12.6076173782349","2003","1","1","1","1","1","1","1","1","1","1","1","1","1","1","1","1","1","1","1","1","1","1","1","1","1","1","1","1","1","1","1","1","0","0"
"3101","37.75",1.75,NA,NA,"1993","1","1","1","1","1","1","1","1","1","1","1","1","1","1","1","1","1","1","1","1","1","1","1","1","1","1","1","1","1","1","1","1","0","0"
"3102","37.75",1.75,NA,"9.75023078918457","2011","1","1","1","1","1","1","1","1","1","1","1","1","1","1","1","1","1","1","1","1","1","1","1","1","1","1","1","1","1","1","1","1","0","0"
"3103","37.75",1.75,NA,NA,"1996","1","1","1","1","1","1","1","1","1","1","1","1","1","1","1","1","1","1","1","1","1","1","1","1","1","1","1","1","1","1","1","1","0","0"
"3104","37.75",1.75,NA,NA,"1995","1","1","1","1","1","1","1","1","1","1","1","1","1","1","1","1","1","1","1","1","1","1","1","1","1","1","1","1","1","1","1","1","0","0"
"3105","37.75",1.75,NA,"8.2001838684082","2017","1","1","1","1","1","1","1","1","1","1","1","1","1","1","1","1","1","1","1","1","1","1","1","1","1","1","1","1","1","1","1","1","0","0"
"3106","37.75",1.75,NA,"8.90183258056641","2008","1","1","1","1","1","1","1","1","1","1","1","1","1","1","1","1","1","1","1","1","1","1","1","1","1","1","1","1","1","1","1","1","0","0"
"3107","37.75",1.75,NA,NA,"1986","1","1","1","1","1","1","1","1","1","1","1","1","1","1","1","1","1","1","1","1","1","1","1","1","1","1","1","1","1","1","1","1","0","0"
"3108","37.75",1.75,NA,"19.2407703399658","2018","1","1","1","1","1","1","1","1","1","1","1","1","1","1","1","1","1","1","1","1","1","1","1","1","1","1","1","1","1","1","1","1","0","0"
"3109","37.75",1.75,NA,"13.102653503418","2007","1","1","1","1","1","1","1","1","1","1","1","1","1","1","1","1","1","1","1","1","1","1","1","1","1","1","1","1","1","1","1","1","0","0"
"3110","37.75",1.75,NA,"9.34368419647217","2006","1","1","1","1","1","1","1","1","1","1","1","1","1","1","1","1","1","1","1","1","1","1","1","1","1","1","1","1","1","1","1","1","0","0"
"3111","37.75",1.75,NA,NA,"1985","1","1","1","1","1","1","1","1","1","1","1","1","1","1","1","1","1","1","1","1","1","1","1","1","1","1","1","1","1","1","1","1","0","0"
"3112","37.75",1.75,NA,NA,"1994","1","1","1","1","1","1","1","1","1","1","1","1","1","1","1","1","1","1","1","1","1","1","1","1","1","1","1","1","1","1","1","1","0","0"
"3113","37.75",1.75,NA,NA,"1991","1","1","1","1","1","1","1","1","1","1","1","1","1","1","1","1","1","1","1","1","1","1","1","1","1","1","1","1","1","1","1","1","0","0"
"3114","37.75",1.75,NA,NA,"2020","1","1","1","1","1","1","1","1","1","1","1","1","1","1","1","1","1","1","1","1","1","1","1","1","1","1","1","1","1","1","1","1","0","0"
"3115","37.75",1.75,NA,"7.07033920288086","2005","1","1","1","1","1","1","1","1","1","1","1","1","1","1","1","1","1","1","1","1","1","1","1","1","1","1","1","1","1","1","1","1","0","0"
"3116","37.75",1.75,NA,NA,"1997","1","1","1","1","1","1","1","1","1","1","1","1","1","1","1","1","1","1","1","1","1","1","1","1","1","1","1","1","1","1","1","1","0","0"
"3117","37.75",1.75,NA,"10.1564140319824","2012","1","1","1","1","1","1","1","1","1","1","1","1","1","1","1","1","1","1","1","1","1","1","1","1","1","1","1","1","1","1","1","1","0","0"
"3118","37.75",1.75,NA,"8.90051460266113","1999","1","1","1","1","1","1","1","1","1","1","1","1","1","1","1","1","1","1","1","1","1","1","1","1","1","1","1","1","1","1","1","1","0","0"
"3119","37.75",1.75,NA,NA,"1987","1","1","1","1","1","1","1","1","1","1","1","1","1","1","1","1","1","1","1","1","1","1","1","1","1","1","1","1","1","1","1","1","0","0"
"3120","37.75",1.75,NA,NA,"1998","1","1","1","1","1","1","1","1","1","1","1","1","1","1","1","1","1","1","1","1","1","1","1","1","1","1","1","1","1","1","1","1","0","0"
"3121","37.75",1.75,NA,NA,"1990","1","1","1","1","1","1","1","1","1","1","1","1","1","1","1","1","1","1","1","1","1","1","1","1","1","1","1","1","1","1","1","1","0","0"
"3122","37.75",1.75,NA,"6.54244470596313","2000","1","1","1","1","1","1","1","1","1","1","1","1","1","1","1","1","1","1","1","1","1","1","1","1","1","1","1","1","1","1","1","1","0","0"
"3123","37.75",1.75,NA,"10.1771430969238","2016","1","1","1","1","1","1","1","1","1","1","1","1","1","1","1","1","1","1","1","1","1","1","1","1","1","1","1","1","1","1","1","1","0","0"
"3124","37.75",1.75,NA,"11.901330947876","2013","1","1","1","1","1","1","1","1","1","1","1","1","1","1","1","1","1","1","1","1","1","1","1","1","1","1","1","1","1","1","1","1","0","0"
"3125","37.75",1.75,NA,"10.3896036148071","2002","1","1","1","1","1","1","1","1","1","1","1","1","1","1","1","1","1","1","1","1","1","1","1","1","1","1","1","1","1","1","1","1","0","0"
"3126","37.75",1.75,NA,"6.50904703140259","2009","1","1","1","1","1","1","1","1","1","1","1","1","1","1","1","1","1","1","1","1","1","1","1","1","1","1","1","1","1","1","1","1","0","0"
"3127","37.75",1.75,NA,"8.43711853027344","2010","1","1","1","1","1","1","1","1","1","1","1","1","1","1","1","1","1","1","1","1","1","1","1","1","1","1","1","1","1","1","1","1","0","0"
"3128","37.75",1.75,NA,NA,"1989","1","1","1","1","1","1","1","1","1","1","1","1","1","1","1","1","1","1","1","1","1","1","1","1","1","1","1","1","1","1","1","1","0","0"
"3129","37.75",1.75,NA,"11.5219449996948","2015","1","1","1","1","1","1","1","1","1","1","1","1","1","1","1","1","1","1","1","1","1","1","1","1","1","1","1","1","1","1","1","1","0","0"
"3130","37.75",1.75,NA,"10.6386222839355","2014","1","1","1","1","1","1","1","1","1","1","1","1","1","1","1","1","1","1","1","1","1","1","1","1","1","1","1","1","1","1","1","1","0","0"
"3131","37.75",1.75,NA,NA,"1988","1","1","1","1","1","1","1","1","1","1","1","1","1","1","1","1","1","1","1","1","1","1","1","1","1","1","1","1","1","1","1","1","0","0"
"3132","37.75",1.75,NA,"13.02880859375","2019","1","1","1","1","1","1","1","1","1","1","1","1","1","1","1","1","1","1","1","1","1","1","1","1","1","1","1","1","1","1","1","1","0","0"
"3133","37.75",2.25,NA,"19.3574104309082","2003",,,,,,,,,,,,,,,,,,,,,,,,,,,,,,,,,,"0"
"3134","37.75",2.25,NA,"11.906421661377","2000",,,,,,,,,,,,,,,,,,,,,,,,,,,,,,,,,,"0"
"3135","37.75",2.25,NA,"22.6991596221924","2013",,,,,,,,,,,,,,,,,,,,,,,,,,,,,,,,,,"0"
"3136","37.75",2.25,NA,NA,"1988",,,,,,,,,,,,,,,,,,,,,,,,,,,,,,,,,,"0"
"3137","37.75",2.25,NA,"19.0419864654541","2012",,,,,,,,,,,,,,,,,,,,,,,,,,,,,,,,,,"0"
"3138","37.75",2.25,NA,"18.3838996887207","2006",,,,,,,,,,,,,,,,,,,,,,,,,,,,,,,,,,"0"
"3139","37.75",2.25,NA,"15.9283065795898","1999",,,,,,,,,,,,,,,,,,,,,,,,,,,,,,,,,,"0"
"3140","37.75",2.25,NA,NA,"1998",,,,,,,,,,,,,,,,,,,,,,,,,,,,,,,,,,"0"
"3141","37.75",2.25,NA,NA,"2020",,,,,,,,,,,,,,,,,,,,,,,,,,,,,,,,,,"0"
"3142","37.75",2.25,NA,NA,"1993",,,,,,,,,,,,,,,,,,,,,,,,,,,,,,,,,,"0"
"3143","37.75",2.25,NA,NA,"1994",,,,,,,,,,,,,,,,,,,,,,,,,,,,,,,,,,"0"
"3144","37.75",2.25,NA,NA,"1997",,,,,,,,,,,,,,,,,,,,,,,,,,,,,,,,,,"0"
"3145","37.75",2.25,NA,NA,"1992",,,,,,,,,,,,,,,,,,,,,,,,,,,,,,,,,,"0"
"3146","37.75",2.25,NA,"15.2350025177002","2001",,,,,,,,,,,,,,,,,,,,,,,,,,,,,,,,,,"0"
"3147","37.75",2.25,NA,"16.8077411651611","2017",,,,,,,,,,,,,,,,,,,,,,,,,,,,,,,,,,"0"
"3148","37.75",2.25,NA,"20.0499668121338","2015",,,,,,,,,,,,,,,,,,,,,,,,,,,,,,,,,,"0"
"3149","37.75",2.25,NA,NA,"1990",,,,,,,,,,,,,,,,,,,,,,,,,,,,,,,,,,"0"
"3150","37.75",2.25,NA,"18.6217231750488","2016",,,,,,,,,,,,,,,,,,,,,,,,,,,,,,,,,,"0"
"3151","37.75",2.25,NA,"20.067253112793","2014",,,,,,,,,,,,,,,,,,,,,,,,,,,,,,,,,,"0"
"3152","37.75",2.25,NA,NA,"1996",,,,,,,,,,,,,,,,,,,,,,,,,,,,,,,,,,"0"
"3153","37.75",2.25,NA,NA,"1985",,,,,,,,,,,,,,,,,,,,,,,,,,,,,,,,,,"0"
"3154","37.75",2.25,NA,"14.5834941864014","2005",,,,,,,,,,,,,,,,,,,,,,,,,,,,,,,,,,"0"
"3155","37.75",2.25,NA,NA,"1995",,,,,,,,,,,,,,,,,,,,,,,,,,,,,,,,,,"0"
"3156","37.75",2.25,NA,"21.2652359008789","2007",,,,,,,,,,,,,,,,,,,,,,,,,,,,,,,,,,"0"
"3157","37.75",2.25,NA,NA,"1991",,,,,,,,,,,,,,,,,,,,,,,,,,,,,,,,,,"0"
"3158","37.75",2.25,NA,NA,"1986",,,,,,,,,,,,,,,,,,,,,,,,,,,,,,,,,,"0"
"3159","37.75",2.25,NA,"19.5657196044922","2010",,,,,,,,,,,,,,,,,,,,,,,,,,,,,,,,,,"0"
"3160","37.75",2.25,NA,"18.0442790985107","2004",,,,,,,,,,,,,,,,,,,,,,,,,,,,,,,,,,"0"
"3161","37.75",2.25,NA,"23.4748649597168","2019",,,,,,,,,,,,,,,,,,,,,,,,,,,,,,,,,,"0"
"3162","37.75",2.25,NA,"17.5726833343506","2008",,,,,,,,,,,,,,,,,,,,,,,,,,,,,,,,,,"0"
"3163","37.75",2.25,NA,"29.1177864074707","2018",,,,,,,,,,,,,,,,,,,,,,,,,,,,,,,,,,"0"
"3164","37.75",2.25,NA,"15.674503326416","2011",,,,,,,,,,,,,,,,,,,,,,,,,,,,,,,,,,"0"
"3165","37.75",2.25,NA,"14.0928916931152","2009",,,,,,,,,,,,,,,,,,,,,,,,,,,,,,,,,,"0"
"3166","37.75",2.25,NA,"20.4072074890137","2002",,,,,,,,,,,,,,,,,,,,,,,,,,,,,,,,,,"0"
"3167","37.75",2.25,NA,NA,"1987",,,,,,,,,,,,,,,,,,,,,,,,,,,,,,,,,,"0"
"3168","37.75",2.25,NA,NA,"1989",,,,,,,,,,,,,,,,,,,,,,,,,,,,,,,,,,"0"
"3169","37.75",2.75,NA,NA,"1985",,,,,,,,,,,,,,,,,,,,,,,,,,,,,,,,,,"0"
"3170","37.75",2.75,NA,NA,"1988",,,,,,,,,,,,,,,,,,,,,,,,,,,,,,,,,,"0"
"3171","37.75",2.75,NA,"4.60339403152466","2010",,,,,,,,,,,,,,,,,,,,,,,,,,,,,,,,,,"0"
"3172","37.75",2.75,NA,NA,"1989",,,,,,,,,,,,,,,,,,,,,,,,,,,,,,,,,,"0"
"3173","37.75",2.75,NA,NA,"1987",,,,,,,,,,,,,,,,,,,,,,,,,,,,,,,,,,"0"
"3174","37.75",2.75,NA,"4.065269947052","2014",,,,,,,,,,,,,,,,,,,,,,,,,,,,,,,,,,"0"
"3175","37.75",2.75,NA,"3.16242289543152","2000",,,,,,,,,,,,,,,,,,,,,,,,,,,,,,,,,,"0"
"3176","37.75",2.75,NA,"4.0621280670166","2003",,,,,,,,,,,,,,,,,,,,,,,,,,,,,,,,,,"0"
"3177","37.75",2.75,NA,NA,"1991",,,,,,,,,,,,,,,,,,,,,,,,,,,,,,,,,,"0"
"3178","37.75",2.75,NA,NA,"1994",,,,,,,,,,,,,,,,,,,,,,,,,,,,,,,,,,"0"
"3179","37.75",2.75,NA,"4.23950719833374","2008",,,,,,,,,,,,,,,,,,,,,,,,,,,,,,,,,,"0"
"3180","37.75",2.75,NA,NA,"1993",,,,,,,,,,,,,,,,,,,,,,,,,,,,,,,,,,"0"
"3181","37.75",2.75,NA,"11.4458055496216","2018",,,,,,,,,,,,,,,,,,,,,,,,,,,,,,,,,,"0"
"3182","37.75",2.75,NA,"3.62192416191101","2002",,,,,,,,,,,,,,,,,,,,,,,,,,,,,,,,,,"0"
"3183","37.75",2.75,NA,"4.30389738082886","2004",,,,,,,,,,,,,,,,,,,,,,,,,,,,,,,,,,"0"
"3184","37.75",2.75,NA,NA,"1992",,,,,,,,,,,,,,,,,,,,,,,,,,,,,,,,,,"0"
"3185","37.75",2.75,NA,NA,"1998",,,,,,,,,,,,,,,,,,,,,,,,,,,,,,,,,,"0"
"3186","37.75",2.75,NA,NA,"1986",,,,,,,,,,,,,,,,,,,,,,,,,,,,,,,,,,"0"
"3187","37.75",2.75,NA,"4.59956455230713","2007",,,,,,,,,,,,,,,,,,,,,,,,,,,,,,,,,,"0"
"3188","37.75",2.75,NA,NA,"1996",,,,,,,,,,,,,,,,,,,,,,,,,,,,,,,,,,"0"
"3189","37.75",2.75,NA,"5.33401489257812","2011",,,,,,,,,,,,,,,,,,,,,,,,,,,,,,,,,,"0"
"3190","37.75",2.75,NA,NA,"1995",,,,,,,,,,,,,,,,,,,,,,,,,,,,,,,,,,"0"
"3191","37.75",2.75,NA,NA,"1990",,,,,,,,,,,,,,,,,,,,,,,,,,,,,,,,,,"0"
"3192","37.75",2.75,NA,"3.88924527168274","2006",,,,,,,,,,,,,,,,,,,,,,,,,,,,,,,,,,"0"
"3193","37.75",2.75,NA,NA,"2020",,,,,,,,,,,,,,,,,,,,,,,,,,,,,,,,,,"0"
"3194","37.75",2.75,NA,"3.55660724639893","2005",,,,,,,,,,,,,,,,,,,,,,,,,,,,,,,,,,"0"
"3195","37.75",2.75,NA,"5.46484613418579","2012",,,,,,,,,,,,,,,,,,,,,,,,,,,,,,,,,,"0"
"3196","37.75",2.75,NA,"7.10433769226074","2019",,,,,,,,,,,,,,,,,,,,,,,,,,,,,,,,,,"0"
"3197","37.75",2.75,NA,"4.50675106048584","2016",,,,,,,,,,,,,,,,,,,,,,,,,,,,,,,,,,"0"
"3198","37.75",2.75,NA,"3.77750205993652","1999",,,,,,,,,,,,,,,,,,,,,,,,,,,,,,,,,,"0"
"3199","37.75",2.75,NA,"3.30345940589905","2009",,,,,,,,,,,,,,,,,,,,,,,,,,,,,,,,,,"0"
"3200","37.75",2.75,NA,NA,"1997",,,,,,,,,,,,,,,,,,,,,,,,,,,,,,,,,,"0"
"3201","37.75",2.75,NA,"5.09124755859375","2013",,,,,,,,,,,,,,,,,,,,,,,,,,,,,,,,,,"0"
"3202","37.75",2.75,NA,"3.41512370109558","2001",,,,,,,,,,,,,,,,,,,,,,,,,,,,,,,,,,"0"
"3203","37.75",2.75,NA,"4.79773902893066","2015",,,,,,,,,,,,,,,,,,,,,,,,,,,,,,,,,,"0"
"3204","37.75",2.75,NA,"4.23415040969849","2017",,,,,,,,,,,,,,,,,,,,,,,,,,,,,,,,,,"0"
"3205","37.75",3.25,"0.104999996721745","13.5689888000488","2011",,,,,,,,,,,,,,,,,,,,,,,,,,,,,,,,,,"0"
"3206","37.75",3.25,"0.104999996721745","7.96752548217773","2009",,,,,,,,,,,,,,,,,,,,,,,,,,,,,,,,,,"0"
"3207","37.75",3.25,"0.104999996721745",NA,"1986",,,,,,,,,,,,,,,,,,,,,,,,,,,,,,,,,,"0"
"3208","37.75",3.25,"0.104999996721745",NA,"1998",,,,,,,,,,,,,,,,,,,,,,,,,,,,,,,,,,"0"
"3209","37.75",3.25,"0.104999996721745","13.6860456466675","2013",,,,,,,,,,,,,,,,,,,,,,,,,,,,,,,,,,"0"
"3210","37.75",3.25,"0.104999996721745","10.325855255127","1999",,,,,,,,,,,,,,,,,,,,,,,,,,,,,,,,,,"0"
"3211","37.75",3.25,"0.104999996721745","12.491738319397","2004",,,,,,,,,,,,,,,,,,,,,,,,,,,,,,,,,,"0"
"3212","37.75",3.25,"0.104999996721745","6.78660249710083","2000",,,,,,,,,,,,,,,,,,,,,,,,,,,,,,,,,,"0"
"3213","37.75",3.25,"0.104999996721745",NA,"1990",,,,,,,,,,,,,,,,,,,,,,,,,,,,,,,,,,"0"
"3214","37.75",3.25,"0.104999996721745",NA,"1988",,,,,,,,,,,,,,,,,,,,,,,,,,,,,,,,,,"0"
"3215","37.75",3.25,"0.104999996721745",NA,"1993",,,,,,,,,,,,,,,,,,,,,,,,,,,,,,,,,,"0"
"3216","37.75",3.25,"0.104999996721745",NA,"2020",,,,,,,,,,,,,,,,,,,,,,,,,,,,,,,,,,"0"
"3217","37.75",3.25,"0.104999996721745","12.9801292419434","2017",,,,,,,,,,,,,,,,,,,,,,,,,,,,,,,,,,"0"
"3218","37.75",3.25,"0.104999996721745","14.0449161529541","2008",,,,,,,,,,,,,,,,,,,,,,,,,,,,,,,,,,"0"
"3219","37.75",3.25,"0.104999996721745",NA,"1987",,,,,,,,,,,,,,,,,,,,,,,,,,,,,,,,,,"0"
"3220","37.75",3.25,"0.104999996721745","17.3118743896484","2019",,,,,,,,,,,,,,,,,,,,,,,,,,,,,,,,,,"0"
"3221","37.75",3.25,"0.104999996721745",NA,"1995",,,,,,,,,,,,,,,,,,,,,,,,,,,,,,,,,,"0"
"3222","37.75",3.25,"0.104999996721745","13.8524484634399","2003",,,,,,,,,,,,,,,,,,,,,,,,,,,,,,,,,,"0"
"3223","37.75",3.25,"0.104999996721745",NA,"1994",,,,,,,,,,,,,,,,,,,,,,,,,,,,,,,,,,"0"
"3224","37.75",3.25,"0.104999996721745","11.5968923568726","2001",,,,,,,,,,,,,,,,,,,,,,,,,,,,,,,,,,"0"
"3225","37.75",3.25,"0.104999996721745","15.0075120925903","2010",,,,,,,,,,,,,,,,,,,,,,,,,,,,,,,,,,"0"
"3226","37.75",3.25,"0.104999996721745","15.1004619598389","2012",,,,,,,,,,,,,,,,,,,,,,,,,,,,,,,,,,"0"
"3227","37.75",3.25,"0.104999996721745",NA,"1992",,,,,,,,,,,,,,,,,,,,,,,,,,,,,,,,,,"0"
"3228","37.75",3.25,"0.104999996721745","26.9908084869385","2018",,,,,,,,,,,,,,,,,,,,,,,,,,,,,,,,,,"0"
"3229","37.75",3.25,"0.104999996721745",NA,"1989",,,,,,,,,,,,,,,,,,,,,,,,,,,,,,,,,,"0"
"3230","37.75",3.25,"0.104999996721745","11.8768320083618","2002",,,,,,,,,,,,,,,,,,,,,,,,,,,,,,,,,,"0"
"3231","37.75",3.25,"0.104999996721745",NA,"1996",,,,,,,,,,,,,,,,,,,,,,,,,,,,,,,,,,"0"
"3232","37.75",3.25,"0.104999996721745","17.4287967681885","2015",,,,,,,,,,,,,,,,,,,,,,,,,,,,,,,,,,"0"
"3233","37.75",3.25,"0.104999996721745","11.3990783691406","2014",,,,,,,,,,,,,,,,,,,,,,,,,,,,,,,,,,"0"
"3234","37.75",3.25,"0.104999996721745",NA,"1991",,,,,,,,,,,,,,,,,,,,,,,,,,,,,,,,,,"0"
"3235","37.75",3.25,"0.104999996721745","12.4890537261963","2006",,,,,,,,,,,,,,,,,,,,,,,,,,,,,,,,,,"0"
"3236","37.75",3.25,"0.104999996721745",NA,"1985",,,,,,,,,,,,,,,,,,,,,,,,,,,,,,,,,,"0"
"3237","37.75",3.25,"0.104999996721745",NA,"1997",,,,,,,,,,,,,,,,,,,,,,,,,,,,,,,,,,"0"
"3238","37.75",3.25,"0.104999996721745","14.2102861404419","2016",,,,,,,,,,,,,,,,,,,,,,,,,,,,,,,,,,"0"
"3239","37.75",3.25,"0.104999996721745","10.2072038650513","2005",,,,,,,,,,,,,,,,,,,,,,,,,,,,,,,,,,"0"
"3240","37.75",3.25,"0.104999996721745","13.3231496810913","2007",,,,,,,,,,,,,,,,,,,,,,,,,,,,,,,,,,"0"
"3241","37.75",3.75,NA,NA,"1988",,,,,,,,,,,,,,,,,,,,,,,,,,,,,,,,,,"0"
"3242","37.75",3.75,NA,"16.0601634979248","2003",,,,,,,,,,,,,,,,,,,,,,,,,,,,,,,,,,"0"
"3243","37.75",3.75,NA,"12.9676837921143","2001",,,,,,,,,,,,,,,,,,,,,,,,,,,,,,,,,,"0"
"3244","37.75",3.75,NA,NA,"1986",,,,,,,,,,,,,,,,,,,,,,,,,,,,,,,,,,"0"
"3245","37.75",3.75,NA,"13.7962808609009","2015",,,,,,,,,,,,,,,,,,,,,,,,,,,,,,,,,,"0"
"3246","37.75",3.75,NA,"6.94886016845703","2000",,,,,,,,,,,,,,,,,,,,,,,,,,,,,,,,,,"0"
"3247","37.75",3.75,NA,NA,"1991",,,,,,,,,,,,,,,,,,,,,,,,,,,,,,,,,,"0"
"3248","37.75",3.75,NA,NA,"2020",,,,,,,,,,,,,,,,,,,,,,,,,,,,,,,,,,"0"
"3249","37.75",3.75,NA,"16.3998012542725","2019",,,,,,,,,,,,,,,,,,,,,,,,,,,,,,,,,,"0"
"3250","37.75",3.75,NA,NA,"1989",,,,,,,,,,,,,,,,,,,,,,,,,,,,,,,,,,"0"
"3251","37.75",3.75,NA,NA,"1994",,,,,,,,,,,,,,,,,,,,,,,,,,,,,,,,,,"0"
"3252","37.75",3.75,NA,"7.92853355407715","2009",,,,,,,,,,,,,,,,,,,,,,,,,,,,,,,,,,"0"
"3253","37.75",3.75,NA,"11.9929571151733","2014",,,,,,,,,,,,,,,,,,,,,,,,,,,,,,,,,,"0"
"3254","37.75",3.75,NA,"12.0523490905762","2017",,,,,,,,,,,,,,,,,,,,,,,,,,,,,,,,,,"0"
"3255","37.75",3.75,NA,"12.774959564209","2013",,,,,,,,,,,,,,,,,,,,,,,,,,,,,,,,,,"0"
"3256","37.75",3.75,NA,"12.6697978973389","2011",,,,,,,,,,,,,,,,,,,,,,,,,,,,,,,,,,"0"
"3257","37.75",3.75,NA,NA,"1998",,,,,,,,,,,,,,,,,,,,,,,,,,,,,,,,,,"0"
"3258","37.75",3.75,NA,NA,"1992",,,,,,,,,,,,,,,,,,,,,,,,,,,,,,,,,,"0"
"3259","37.75",3.75,NA,NA,"1990",,,,,,,,,,,,,,,,,,,,,,,,,,,,,,,,,,"0"
"3260","37.75",3.75,NA,"13.9619112014771","2016",,,,,,,,,,,,,,,,,,,,,,,,,,,,,,,,,,"0"
"3261","37.75",3.75,NA,NA,"1997",,,,,,,,,,,,,,,,,,,,,,,,,,,,,,,,,,"0"
"3262","37.75",3.75,NA,"9.6376314163208","2004",,,,,,,,,,,,,,,,,,,,,,,,,,,,,,,,,,"0"
"3263","37.75",3.75,NA,"10.8252801895142","2007",,,,,,,,,,,,,,,,,,,,,,,,,,,,,,,,,,"0"
"3264","37.75",3.75,NA,"13.0868844985962","2008",,,,,,,,,,,,,,,,,,,,,,,,,,,,,,,,,,"0"
"3265","37.75",3.75,NA,NA,"1995",,,,,,,,,,,,,,,,,,,,,,,,,,,,,,,,,,"0"
"3266","37.75",3.75,NA,"10.4141607284546","1999",,,,,,,,,,,,,,,,,,,,,,,,,,,,,,,,,,"0"
"3267","37.75",3.75,NA,"16.1372127532959","2010",,,,,,,,,,,,,,,,,,,,,,,,,,,,,,,,,,"0"
"3268","37.75",3.75,NA,"12.4555807113647","2006",,,,,,,,,,,,,,,,,,,,,,,,,,,,,,,,,,"0"
"3269","37.75",3.75,NA,NA,"1993",,,,,,,,,,,,,,,,,,,,,,,,,,,,,,,,,,"0"
"3270","37.75",3.75,NA,"8.45726203918457","2005",,,,,,,,,,,,,,,,,,,,,,,,,,,,,,,,,,"0"
"3271","37.75",3.75,NA,NA,"1987",,,,,,,,,,,,,,,,,,,,,,,,,,,,,,,,,,"0"
"3272","37.75",3.75,NA,NA,"1985",,,,,,,,,,,,,,,,,,,,,,,,,,,,,,,,,,"0"
"3273","37.75",3.75,NA,"25.7357139587402","2018",,,,,,,,,,,,,,,,,,,,,,,,,,,,,,,,,,"0"
"3274","37.75",3.75,NA,"9.71195220947266","2002",,,,,,,,,,,,,,,,,,,,,,,,,,,,,,,,,,"0"
"3275","37.75",3.75,NA,NA,"1996",,,,,,,,,,,,,,,,,,,,,,,,,,,,,,,,,,"0"
"3276","37.75",3.75,NA,"13.5205812454224","2012",,,,,,,,,,,,,,,,,,,,,,,,,,,,,,,,,,"0"
"3277","38.25",-3.75,"0.605000019073486","43.2975082397461","2019",,,,,,,,,,,,,,,,,,,,,,,,,,,,,,,,,,"0"
"3278","38.25",-3.75,"0.605000019073486",NA,"1995",,,,,,,,,,,,,,,,,,,,,,,,,,,,,,,,,,"0"
"3279","38.25",-3.75,"0.605000019073486","29.6131992340088","2008",,,,,,,,,,,,,,,,,,,,,,,,,,,,,,,,,,"0"
"3280","38.25",-3.75,"0.605000019073486",NA,"2020",,,,,,,,,,,,,,,,,,,,,,,,,,,,,,,,,,"0"
"3281","38.25",-3.75,"0.605000019073486","27.9459533691406","2001",,,,,,,,,,,,,,,,,,,,,,,,,,,,,,,,,,"0"
"3282","38.25",-3.75,"0.605000019073486","34.3973388671875","2014",,,,,,,,,,,,,,,,,,,,,,,,,,,,,,,,,,"0"
"3283","38.25",-3.75,"0.605000019073486",NA,"1990",,,,,,,,,,,,,,,,,,,,,,,,,,,,,,,,,,"0"
"3284","38.25",-3.75,"0.605000019073486","27.3092498779297","2002",,,,,,,,,,,,,,,,,,,,,,,,,,,,,,,,,,"0"
"3285","38.25",-3.75,"0.605000019073486",NA,"1997",,,,,,,,,,,,,,,,,,,,,,,,,,,,,,,,,,"0"
"3286","38.25",-3.75,"0.605000019073486","34.148494720459","2007",,,,,,,,,,,,,,,,,,,,,,,,,,,,,,,,,,"0"
"3287","38.25",-3.75,"0.605000019073486",NA,"1989",,,,,,,,,,,,,,,,,,,,,,,,,,,,,,,,,,"0"
"3288","38.25",-3.75,"0.605000019073486","27.6098594665527","2003",,,,,,,,,,,,,,,,,,,,,,,,,,,,,,,,,,"0"
"3289","38.25",-3.75,"0.605000019073486","32.851016998291","2010",,,,,,,,,,,,,,,,,,,,,,,,,,,,,,,,,,"0"
"3290","38.25",-3.75,"0.605000019073486","40.5537376403809","2018",,,,,,,,,,,,,,,,,,,,,,,,,,,,,,,,,,"0"
"3291","38.25",-3.75,"0.605000019073486",NA,"1988",,,,,,,,,,,,,,,,,,,,,,,,,,,,,,,,,,"0"
"3292","38.25",-3.75,"0.605000019073486","25.9692516326904","2013",,,,,,,,,,,,,,,,,,,,,,,,,,,,,,,,,,"0"
"3293","38.25",-3.75,"0.605000019073486","18.0554332733154","2009",,,,,,,,,,,,,,,,,,,,,,,,,,,,,,,,,,"0"
"3294","38.25",-3.75,"0.605000019073486","26.6835994720459","2005",,,,,,,,,,,,,,,,,,,,,,,,,,,,,,,,,,"0"
"3295","38.25",-3.75,"0.605000019073486",NA,"1992",,,,,,,,,,,,,,,,,,,,,,,,,,,,,,,,,,"0"
"3296","38.25",-3.75,"0.605000019073486",NA,"1993",,,,,,,,,,,,,,,,,,,,,,,,,,,,,,,,,,"0"
"3297","38.25",-3.75,"0.605000019073486",NA,"1985",,,,,,,,,,,,,,,,,,,,,,,,,,,,,,,,,,"0"
"3298","38.25",-3.75,"0.605000019073486",NA,"1991",,,,,,,,,,,,,,,,,,,,,,,,,,,,,,,,,,"0"
"3299","38.25",-3.75,"0.605000019073486","29.8684272766113","2015",,,,,,,,,,,,,,,,,,,,,,,,,,,,,,,,,,"0"
"3300","38.25",-3.75,"0.605000019073486",NA,"1987",,,,,,,,,,,,,,,,,,,,,,,,,,,,,,,,,,"0"
"3301","38.25",-3.75,"0.605000019073486",NA,"1996",,,,,,,,,,,,,,,,,,,,,,,,,,,,,,,,,,"0"
"3302","38.25",-3.75,"0.605000019073486","29.7222213745117","1999",,,,,,,,,,,,,,,,,,,,,,,,,,,,,,,,,,"0"
"3303","38.25",-3.75,"0.605000019073486","32.1814498901367","2004",,,,,,,,,,,,,,,,,,,,,,,,,,,,,,,,,,"0"
"3304","38.25",-3.75,"0.605000019073486",NA,"1994",,,,,,,,,,,,,,,,,,,,,,,,,,,,,,,,,,"0"
"3305","38.25",-3.75,"0.605000019073486","22.4035892486572","2000",,,,,,,,,,,,,,,,,,,,,,,,,,,,,,,,,,"0"
"3306","38.25",-3.75,"0.605000019073486",NA,"1998",,,,,,,,,,,,,,,,,,,,,,,,,,,,,,,,,,"0"
"3307","38.25",-3.75,"0.605000019073486","34.3790664672852","2006",,,,,,,,,,,,,,,,,,,,,,,,,,,,,,,,,,"0"
"3308","38.25",-3.75,"0.605000019073486","29.9019165039062","2016",,,,,,,,,,,,,,,,,,,,,,,,,,,,,,,,,,"0"
"3309","38.25",-3.75,"0.605000019073486","22.579532623291","2012",,,,,,,,,,,,,,,,,,,,,,,,,,,,,,,,,,"0"
"3310","38.25",-3.75,"0.605000019073486",NA,"1986",,,,,,,,,,,,,,,,,,,,,,,,,,,,,,,,,,"0"
"3311","38.25",-3.75,"0.605000019073486","29.7606887817383","2011",,,,,,,,,,,,,,,,,,,,,,,,,,,,,,,,,,"0"
"3312","38.25",-3.75,"0.605000019073486","23.2304344177246","2017",,,,,,,,,,,,,,,,,,,,,,,,,,,,,,,,,,"0"
"3313","38.25",-3.25,"0.605000019073486",NA,"1990",,,,,,,,,,,,,,,,,,,,,,,,,,,,,,,,,,"0"
"3314","38.25",-3.25,"0.605000019073486","36.4464263916016","2013",,,,,,,,,,,,,,,,,,,,,,,,,,,,,,,,,,"0"
"3315","38.25",-3.25,"0.605000019073486","32.1915740966797","2000",,,,,,,,,,,,,,,,,,,,,,,,,,,,,,,,,,"0"
"3316","38.25",-3.25,"0.605000019073486","36.3684387207031","2004",,,,,,,,,,,,,,,,,,,,,,,,,,,,,,,,,,"0"
"3317","38.25",-3.25,"0.605000019073486","34.7268409729004","1999",,,,,,,,,,,,,,,,,,,,,,,,,,,,,,,,,,"0"
"3318","38.25",-3.25,"0.605000019073486","35.9683227539062","2008",,,,,,,,,,,,,,,,,,,,,,,,,,,,,,,,,,"0"
"3319","38.25",-3.25,"0.605000019073486",NA,"1992",,,,,,,,,,,,,,,,,,,,,,,,,,,,,,,,,,"0"
"3320","38.25",-3.25,"0.605000019073486","35.1672210693359","2001",,,,,,,,,,,,,,,,,,,,,,,,,,,,,,,,,,"0"
"3321","38.25",-3.25,"0.605000019073486","33.8316764831543","2011",,,,,,,,,,,,,,,,,,,,,,,,,,,,,,,,,,"0"
"3322","38.25",-3.25,"0.605000019073486",NA,"1989",,,,,,,,,,,,,,,,,,,,,,,,,,,,,,,,,,"0"
"3323","38.25",-3.25,"0.605000019073486",NA,"1995",,,,,,,,,,,,,,,,,,,,,,,,,,,,,,,,,,"0"
"3324","38.25",-3.25,"0.605000019073486","41.3183479309082","2007",,,,,,,,,,,,,,,,,,,,,,,,,,,,,,,,,,"0"
"3325","38.25",-3.25,"0.605000019073486",NA,"1993",,,,,,,,,,,,,,,,,,,,,,,,,,,,,,,,,,"0"
"3326","38.25",-3.25,"0.605000019073486","32.8536415100098","2003",,,,,,,,,,,,,,,,,,,,,,,,,,,,,,,,,,"0"
"3327","38.25",-3.25,"0.605000019073486","36.0247650146484","2015",,,,,,,,,,,,,,,,,,,,,,,,,,,,,,,,,,"0"
"3328","38.25",-3.25,"0.605000019073486",NA,"1987",,,,,,,,,,,,,,,,,,,,,,,,,,,,,,,,,,"0"
"3329","38.25",-3.25,"0.605000019073486","46.0521926879883","2019",,,,,,,,,,,,,,,,,,,,,,,,,,,,,,,,,,"0"
"3330","38.25",-3.25,"0.605000019073486","26.3547420501709","2009",,,,,,,,,,,,,,,,,,,,,,,,,,,,,,,,,,"0"
"3331","38.25",-3.25,"0.605000019073486",NA,"1997",,,,,,,,,,,,,,,,,,,,,,,,,,,,,,,,,,"0"
"3332","38.25",-3.25,"0.605000019073486","37.7341804504395","2006",,,,,,,,,,,,,,,,,,,,,,,,,,,,,,,,,,"0"
"3333","38.25",-3.25,"0.605000019073486",NA,"2020",,,,,,,,,,,,,,,,,,,,,,,,,,,,,,,,,,"0"
"3334","38.25",-3.25,"0.605000019073486","36.6807403564453","2002",,,,,,,,,,,,,,,,,,,,,,,,,,,,,,,,,,"0"
"3335","38.25",-3.25,"0.605000019073486",NA,"1998",,,,,,,,,,,,,,,,,,,,,,,,,,,,,,,,,,"0"
"3336","38.25",-3.25,"0.605000019073486","44.9762878417969","2018",,,,,,,,,,,,,,,,,,,,,,,,,,,,,,,,,,"0"
"3337","38.25",-3.25,"0.605000019073486",NA,"1986",,,,,,,,,,,,,,,,,,,,,,,,,,,,,,,,,,"0"
"3338","38.25",-3.25,"0.605000019073486","36.5586128234863","2010",,,,,,,,,,,,,,,,,,,,,,,,,,,,,,,,,,"0"
"3339","38.25",-3.25,"0.605000019073486",NA,"1988",,,,,,,,,,,,,,,,,,,,,,,,,,,,,,,,,,"0"
"3340","38.25",-3.25,"0.605000019073486","35.8222236633301","2016",,,,,,,,,,,,,,,,,,,,,,,,,,,,,,,,,,"0"
"3341","38.25",-3.25,"0.605000019073486","30.5365371704102","2012",,,,,,,,,,,,,,,,,,,,,,,,,,,,,,,,,,"0"
"3342","38.25",-3.25,"0.605000019073486",NA,"1991",,,,,,,,,,,,,,,,,,,,,,,,,,,,,,,,,,"0"
"3343","38.25",-3.25,"0.605000019073486",NA,"1996",,,,,,,,,,,,,,,,,,,,,,,,,,,,,,,,,,"0"
"3344","38.25",-3.25,"0.605000019073486","30.7828845977783","2017",,,,,,,,,,,,,,,,,,,,,,,,,,,,,,,,,,"0"
"3345","38.25",-3.25,"0.605000019073486","43.4869232177734","2014",,,,,,,,,,,,,,,,,,,,,,,,,,,,,,,,,,"0"
"3346","38.25",-3.25,"0.605000019073486",NA,"1994",,,,,,,,,,,,,,,,,,,,,,,,,,,,,,,,,,"0"
"3347","38.25",-3.25,"0.605000019073486",NA,"1985",,,,,,,,,,,,,,,,,,,,,,,,,,,,,,,,,,"0"
"3348","38.25",-3.25,"0.605000019073486","37.6691017150879","2005",,,,,,,,,,,,,,,,,,,,,,,,,,,,,,,,,,"0"
"3349","38.25",-2.75,"0.605000019073486","27.1690235137939","2012","1","1","1","1","1","1","1","1","1","1","1","1","1","1","1","1","1","1","1","1","1","1","1","1","1","1","1","1","1","1","1","1","0","0"
"3350","38.25",-2.75,"0.605000019073486","29.2018260955811","2017","1","1","1","1","1","1","1","1","1","1","1","1","1","1","1","1","1","1","1","1","1","1","1","1","1","1","1","1","1","1","1","1","0","0"
"3351","38.25",-2.75,"0.605000019073486","33.079532623291","2003","1","1","1","1","1","1","1","1","1","1","1","1","1","1","1","1","1","1","1","1","1","1","1","1","1","1","1","1","1","1","1","1","0","0"
"3352","38.25",-2.75,"0.605000019073486","35.8906097412109","2001","1","1","1","1","1","1","1","1","1","1","1","1","1","1","1","1","1","1","1","1","1","1","1","1","1","1","1","1","1","1","1","1","0","0"
"3353","38.25",-2.75,"0.605000019073486","42.3471298217773","2010","1","1","1","1","1","1","1","1","1","1","1","1","1","1","1","1","1","1","1","1","1","1","1","1","1","1","1","1","1","1","1","1","0","0"
"3354","38.25",-2.75,"0.605000019073486","28.1415481567383","2016","1","1","1","1","1","1","1","1","1","1","1","1","1","1","1","1","1","1","1","1","1","1","1","1","1","1","1","1","1","1","1","1","0","0"
"3355","38.25",-2.75,"0.605000019073486",NA,"1988","1","1","1","1","1","1","1","1","1","1","1","1","1","1","1","1","1","1","1","1","1","1","1","1","1","1","1","1","1","1","1","1","0","0"
"3356","38.25",-2.75,"0.605000019073486",NA,"1986","1","1","1","1","1","1","1","1","1","1","1","1","1","1","1","1","1","1","1","1","1","1","1","1","1","1","1","1","1","1","1","1","0","0"
"3357","38.25",-2.75,"0.605000019073486","31.7778968811035","2004","1","1","1","1","1","1","1","1","1","1","1","1","1","1","1","1","1","1","1","1","1","1","1","1","1","1","1","1","1","1","1","1","0","0"
"3358","38.25",-2.75,"0.605000019073486",NA,"1989","1","1","1","1","1","1","1","1","1","1","1","1","1","1","1","1","1","1","1","1","1","1","1","1","1","1","1","1","1","1","1","1","0","0"
"3359","38.25",-2.75,"0.605000019073486",NA,"1987","1","1","1","1","1","1","1","1","1","1","1","1","1","1","1","1","1","1","1","1","1","1","1","1","1","1","1","1","1","1","1","1","0","0"
"3360","38.25",-2.75,"0.605000019073486","38.7559776306152","2007","1","1","1","1","1","1","1","1","1","1","1","1","1","1","1","1","1","1","1","1","1","1","1","1","1","1","1","1","1","1","1","1","0","0"
"3361","38.25",-2.75,"0.605000019073486","30.4751605987549","2006","1","1","1","1","1","1","1","1","1","1","1","1","1","1","1","1","1","1","1","1","1","1","1","1","1","1","1","1","1","1","1","1","0","0"
"3362","38.25",-2.75,"0.605000019073486",NA,"1991","1","1","1","1","1","1","1","1","1","1","1","1","1","1","1","1","1","1","1","1","1","1","1","1","1","1","1","1","1","1","1","1","0","0"
"3363","38.25",-2.75,"0.605000019073486","38.5516891479492","2014","1","1","1","1","1","1","1","1","1","1","1","1","1","1","1","1","1","1","1","1","1","1","1","1","1","1","1","1","1","1","1","1","0","0"
"3364","38.25",-2.75,"0.605000019073486",NA,"1994","1","1","1","1","1","1","1","1","1","1","1","1","1","1","1","1","1","1","1","1","1","1","1","1","1","1","1","1","1","1","1","1","0","0"
"3365","38.25",-2.75,"0.605000019073486",NA,"1985","1","1","1","1","1","1","1","1","1","1","1","1","1","1","1","1","1","1","1","1","1","1","1","1","1","1","1","1","1","1","1","1","0","0"
"3366","38.25",-2.75,"0.605000019073486",NA,"1993","1","1","1","1","1","1","1","1","1","1","1","1","1","1","1","1","1","1","1","1","1","1","1","1","1","1","1","1","1","1","1","1","0","0"
"3367","38.25",-2.75,"0.605000019073486",NA,"1998","1","1","1","1","1","1","1","1","1","1","1","1","1","1","1","1","1","1","1","1","1","1","1","1","1","1","1","1","1","1","1","1","0","0"
"3368","38.25",-2.75,"0.605000019073486",NA,"1996","1","1","1","1","1","1","1","1","1","1","1","1","1","1","1","1","1","1","1","1","1","1","1","1","1","1","1","1","1","1","1","1","0","0"
"3369","38.25",-2.75,"0.605000019073486","20.8339042663574","2009","1","1","1","1","1","1","1","1","1","1","1","1","1","1","1","1","1","1","1","1","1","1","1","1","1","1","1","1","1","1","1","1","0","0"
"3370","38.25",-2.75,"0.605000019073486",NA,"1997","1","1","1","1","1","1","1","1","1","1","1","1","1","1","1","1","1","1","1","1","1","1","1","1","1","1","1","1","1","1","1","1","0","0"
"3371","38.25",-2.75,"0.605000019073486","33.4013290405273","1999","1","1","1","1","1","1","1","1","1","1","1","1","1","1","1","1","1","1","1","1","1","1","1","1","1","1","1","1","1","1","1","1","0","0"
"3372","38.25",-2.75,"0.605000019073486","32.2348670959473","2008","1","1","1","1","1","1","1","1","1","1","1","1","1","1","1","1","1","1","1","1","1","1","1","1","1","1","1","1","1","1","1","1","0","0"
"3373","38.25",-2.75,"0.605000019073486","37.0897979736328","2000","1","1","1","1","1","1","1","1","1","1","1","1","1","1","1","1","1","1","1","1","1","1","1","1","1","1","1","1","1","1","1","1","0","0"
"3374","38.25",-2.75,"0.605000019073486","36.3874015808105","2002","1","1","1","1","1","1","1","1","1","1","1","1","1","1","1","1","1","1","1","1","1","1","1","1","1","1","1","1","1","1","1","1","0","0"
"3375","38.25",-2.75,"0.605000019073486",NA,"1990","1","1","1","1","1","1","1","1","1","1","1","1","1","1","1","1","1","1","1","1","1","1","1","1","1","1","1","1","1","1","1","1","0","0"
"3376","38.25",-2.75,"0.605000019073486","33.3834915161133","2013","1","1","1","1","1","1","1","1","1","1","1","1","1","1","1","1","1","1","1","1","1","1","1","1","1","1","1","1","1","1","1","1","0","0"
"3377","38.25",-2.75,"0.605000019073486",NA,"1992","1","1","1","1","1","1","1","1","1","1","1","1","1","1","1","1","1","1","1","1","1","1","1","1","1","1","1","1","1","1","1","1","0","0"
"3378","38.25",-2.75,"0.605000019073486","29.5202674865723","2011","1","1","1","1","1","1","1","1","1","1","1","1","1","1","1","1","1","1","1","1","1","1","1","1","1","1","1","1","1","1","1","1","0","0"
"3379","38.25",-2.75,"0.605000019073486","40.7183609008789","2018","1","1","1","1","1","1","1","1","1","1","1","1","1","1","1","1","1","1","1","1","1","1","1","1","1","1","1","1","1","1","1","1","0","0"
"3380","38.25",-2.75,"0.605000019073486","30.1993446350098","2015","1","1","1","1","1","1","1","1","1","1","1","1","1","1","1","1","1","1","1","1","1","1","1","1","1","1","1","1","1","1","1","1","0","0"
"3381","38.25",-2.75,"0.605000019073486",NA,"2020","1","1","1","1","1","1","1","1","1","1","1","1","1","1","1","1","1","1","1","1","1","1","1","1","1","1","1","1","1","1","1","1","0","0"
"3382","38.25",-2.75,"0.605000019073486","33.0951766967773","2019","1","1","1","1","1","1","1","1","1","1","1","1","1","1","1","1","1","1","1","1","1","1","1","1","1","1","1","1","1","1","1","1","0","0"
"3383","38.25",-2.75,"0.605000019073486",NA,"1995","1","1","1","1","1","1","1","1","1","1","1","1","1","1","1","1","1","1","1","1","1","1","1","1","1","1","1","1","1","1","1","1","0","0"
"3384","38.25",-2.75,"0.605000019073486","29.0565509796143","2005","1","1","1","1","1","1","1","1","1","1","1","1","1","1","1","1","1","1","1","1","1","1","1","1","1","1","1","1","1","1","1","1","0","0"
"3385","38.25",-2.25,"0.605000019073486",NA,"1988","1","1","1","1","1","1","1","1","1","1","1","1","1","1","1","1","1","1","1","1","1","1","1","1","1","1","1","1","1","1","1","1","0","0"
"3386","38.25",-2.25,"0.605000019073486",NA,"1996","1","1","1","1","1","1","1","1","1","1","1","1","1","1","1","1","1","1","1","1","1","1","1","1","1","1","1","1","1","1","1","1","0","0"
"3387","38.25",-2.25,"0.605000019073486","32.2515335083008","2006","1","1","1","1","1","1","1","1","1","1","1","1","1","1","1","1","1","1","1","1","1","1","1","1","1","1","1","1","1","1","1","1","0","0"
"3388","38.25",-2.25,"0.605000019073486","31.3069381713867","2015","1","1","1","1","1","1","1","1","1","1","1","1","1","1","1","1","1","1","1","1","1","1","1","1","1","1","1","1","1","1","1","1","0","0"
"3389","38.25",-2.25,"0.605000019073486","34.016845703125","2013","1","1","1","1","1","1","1","1","1","1","1","1","1","1","1","1","1","1","1","1","1","1","1","1","1","1","1","1","1","1","1","1","0","0"
"3390","38.25",-2.25,"0.605000019073486","37.743408203125","2008","1","1","1","1","1","1","1","1","1","1","1","1","1","1","1","1","1","1","1","1","1","1","1","1","1","1","1","1","1","1","1","1","0","0"
"3391","38.25",-2.25,"0.605000019073486","31.9243869781494","2016","1","1","1","1","1","1","1","1","1","1","1","1","1","1","1","1","1","1","1","1","1","1","1","1","1","1","1","1","1","1","1","1","0","0"
"3392","38.25",-2.25,"0.605000019073486","31.8824501037598","2011","1","1","1","1","1","1","1","1","1","1","1","1","1","1","1","1","1","1","1","1","1","1","1","1","1","1","1","1","1","1","1","1","0","0"
"3393","38.25",-2.25,"0.605000019073486",NA,"1998","1","1","1","1","1","1","1","1","1","1","1","1","1","1","1","1","1","1","1","1","1","1","1","1","1","1","1","1","1","1","1","1","0","0"
"3394","38.25",-2.25,"0.605000019073486",NA,"1997","1","1","1","1","1","1","1","1","1","1","1","1","1","1","1","1","1","1","1","1","1","1","1","1","1","1","1","1","1","1","1","1","0","0"
"3395","38.25",-2.25,"0.605000019073486","26.6427097320557","2012","1","1","1","1","1","1","1","1","1","1","1","1","1","1","1","1","1","1","1","1","1","1","1","1","1","1","1","1","1","1","1","1","0","0"
"3396","38.25",-2.25,"0.605000019073486","35.8520774841309","2014","1","1","1","1","1","1","1","1","1","1","1","1","1","1","1","1","1","1","1","1","1","1","1","1","1","1","1","1","1","1","1","1","0","0"
"3397","38.25",-2.25,"0.605000019073486",NA,"2020","1","1","1","1","1","1","1","1","1","1","1","1","1","1","1","1","1","1","1","1","1","1","1","1","1","1","1","1","1","1","1","1","0","0"
"3398","38.25",-2.25,"0.605000019073486",NA,"1987","1","1","1","1","1","1","1","1","1","1","1","1","1","1","1","1","1","1","1","1","1","1","1","1","1","1","1","1","1","1","1","1","0","0"
"3399","38.25",-2.25,"0.605000019073486",NA,"1989","1","1","1","1","1","1","1","1","1","1","1","1","1","1","1","1","1","1","1","1","1","1","1","1","1","1","1","1","1","1","1","1","0","0"
"3400","38.25",-2.25,"0.605000019073486",NA,"1990","1","1","1","1","1","1","1","1","1","1","1","1","1","1","1","1","1","1","1","1","1","1","1","1","1","1","1","1","1","1","1","1","0","0"
"3401","38.25",-2.25,"0.605000019073486","35.3986625671387","2019","1","1","1","1","1","1","1","1","1","1","1","1","1","1","1","1","1","1","1","1","1","1","1","1","1","1","1","1","1","1","1","1","0","0"
"3402","38.25",-2.25,"0.605000019073486","43.9219932556152","2010","1","1","1","1","1","1","1","1","1","1","1","1","1","1","1","1","1","1","1","1","1","1","1","1","1","1","1","1","1","1","1","1","0","0"
"3403","38.25",-2.25,"0.605000019073486","46.7728424072266","2002","1","1","1","1","1","1","1","1","1","1","1","1","1","1","1","1","1","1","1","1","1","1","1","1","1","1","1","1","1","1","1","1","0","0"
"3404","38.25",-2.25,"0.605000019073486","32.1938819885254","2005","1","1","1","1","1","1","1","1","1","1","1","1","1","1","1","1","1","1","1","1","1","1","1","1","1","1","1","1","1","1","1","1","0","0"
"3405","38.25",-2.25,"0.605000019073486","30.330753326416","2017","1","1","1","1","1","1","1","1","1","1","1","1","1","1","1","1","1","1","1","1","1","1","1","1","1","1","1","1","1","1","1","1","0","0"
"3406","38.25",-2.25,"0.605000019073486",NA,"1993","1","1","1","1","1","1","1","1","1","1","1","1","1","1","1","1","1","1","1","1","1","1","1","1","1","1","1","1","1","1","1","1","0","0"
"3407","38.25",-2.25,"0.605000019073486",NA,"1992","1","1","1","1","1","1","1","1","1","1","1","1","1","1","1","1","1","1","1","1","1","1","1","1","1","1","1","1","1","1","1","1","0","0"
"3408","38.25",-2.25,"0.605000019073486",NA,"1986","1","1","1","1","1","1","1","1","1","1","1","1","1","1","1","1","1","1","1","1","1","1","1","1","1","1","1","1","1","1","1","1","0","0"
"3409","38.25",-2.25,"0.605000019073486",NA,"1995","1","1","1","1","1","1","1","1","1","1","1","1","1","1","1","1","1","1","1","1","1","1","1","1","1","1","1","1","1","1","1","1","0","0"
"3410","38.25",-2.25,"0.605000019073486",NA,"1985","1","1","1","1","1","1","1","1","1","1","1","1","1","1","1","1","1","1","1","1","1","1","1","1","1","1","1","1","1","1","1","1","0","0"
"3411","38.25",-2.25,"0.605000019073486","42.7869758605957","2007","1","1","1","1","1","1","1","1","1","1","1","1","1","1","1","1","1","1","1","1","1","1","1","1","1","1","1","1","1","1","1","1","0","0"
"3412","38.25",-2.25,"0.605000019073486",NA,"1991","1","1","1","1","1","1","1","1","1","1","1","1","1","1","1","1","1","1","1","1","1","1","1","1","1","1","1","1","1","1","1","1","0","0"
"3413","38.25",-2.25,"0.605000019073486","44.1984214782715","2018","1","1","1","1","1","1","1","1","1","1","1","1","1","1","1","1","1","1","1","1","1","1","1","1","1","1","1","1","1","1","1","1","0","0"
"3414","38.25",-2.25,"0.605000019073486","33.9186744689941","2004","1","1","1","1","1","1","1","1","1","1","1","1","1","1","1","1","1","1","1","1","1","1","1","1","1","1","1","1","1","1","1","1","0","0"
"3415","38.25",-2.25,"0.605000019073486","43.8072853088379","2000","1","1","1","1","1","1","1","1","1","1","1","1","1","1","1","1","1","1","1","1","1","1","1","1","1","1","1","1","1","1","1","1","0","0"
"3416","38.25",-2.25,"0.605000019073486","24.5057716369629","2009","1","1","1","1","1","1","1","1","1","1","1","1","1","1","1","1","1","1","1","1","1","1","1","1","1","1","1","1","1","1","1","1","0","0"
"3417","38.25",-2.25,"0.605000019073486","35.8728294372559","1999","1","1","1","1","1","1","1","1","1","1","1","1","1","1","1","1","1","1","1","1","1","1","1","1","1","1","1","1","1","1","1","1","0","0"
"3418","38.25",-2.25,"0.605000019073486","41.2746772766113","2003","1","1","1","1","1","1","1","1","1","1","1","1","1","1","1","1","1","1","1","1","1","1","1","1","1","1","1","1","1","1","1","1","0","0"
"3419","38.25",-2.25,"0.605000019073486",NA,"1994","1","1","1","1","1","1","1","1","1","1","1","1","1","1","1","1","1","1","1","1","1","1","1","1","1","1","1","1","1","1","1","1","0","0"
"3420","38.25",-2.25,"0.605000019073486","44.171558380127","2001","1","1","1","1","1","1","1","1","1","1","1","1","1","1","1","1","1","1","1","1","1","1","1","1","1","1","1","1","1","1","1","1","0","0"
"3421","38.25",-1.75,"0.605000019073486",NA,"1997",,,,,,,,,,,,,,,,,,,,,,,,,,,,,,,,,,"0"
"3422","38.25",-1.75,"0.605000019073486",NA,"1987",,,,,,,,,,,,,,,,,,,,,,,,,,,,,,,,,,"0"
"3423","38.25",-1.75,"0.605000019073486","41.7344131469727","2014",,,,,,,,,,,,,,,,,,,,,,,,,,,,,,,,,,"0"
"3424","38.25",-1.75,"0.605000019073486",NA,"1993",,,,,,,,,,,,,,,,,,,,,,,,,,,,,,,,,,"0"
"3425","38.25",-1.75,"0.605000019073486",NA,"2020",,,,,,,,,,,,,,,,,,,,,,,,,,,,,,,,,,"0"
"3426","38.25",-1.75,"0.605000019073486",NA,"1991",,,,,,,,,,,,,,,,,,,,,,,,,,,,,,,,,,"0"
"3427","38.25",-1.75,"0.605000019073486","45.8286056518555","2010",,,,,,,,,,,,,,,,,,,,,,,,,,,,,,,,,,"0"
"3428","38.25",-1.75,"0.605000019073486",NA,"1992",,,,,,,,,,,,,,,,,,,,,,,,,,,,,,,,,,"0"
"3429","38.25",-1.75,"0.605000019073486","36.661304473877","2004",,,,,,,,,,,,,,,,,,,,,,,,,,,,,,,,,,"0"
"3430","38.25",-1.75,"0.605000019073486",NA,"1996",,,,,,,,,,,,,,,,,,,,,,,,,,,,,,,,,,"0"
"3431","38.25",-1.75,"0.605000019073486",NA,"1998",,,,,,,,,,,,,,,,,,,,,,,,,,,,,,,,,,"0"
"3432","38.25",-1.75,"0.605000019073486","45.5649108886719","2003",,,,,,,,,,,,,,,,,,,,,,,,,,,,,,,,,,"0"
"3433","38.25",-1.75,"0.605000019073486","46.5382118225098","2018",,,,,,,,,,,,,,,,,,,,,,,,,,,,,,,,,,"0"
"3434","38.25",-1.75,"0.605000019073486","42.8011207580566","2007",,,,,,,,,,,,,,,,,,,,,,,,,,,,,,,,,,"0"
"3435","38.25",-1.75,"0.605000019073486","31.5216217041016","2017",,,,,,,,,,,,,,,,,,,,,,,,,,,,,,,,,,"0"
"3436","38.25",-1.75,"0.605000019073486","37.1289100646973","2016",,,,,,,,,,,,,,,,,,,,,,,,,,,,,,,,,,"0"
"3437","38.25",-1.75,"0.605000019073486","46.6673927307129","2001",,,,,,,,,,,,,,,,,,,,,,,,,,,,,,,,,,"0"
"3438","38.25",-1.75,"0.605000019073486",NA,"1990",,,,,,,,,,,,,,,,,,,,,,,,,,,,,,,,,,"0"
"3439","38.25",-1.75,"0.605000019073486",NA,"1989",,,,,,,,,,,,,,,,,,,,,,,,,,,,,,,,,,"0"
"3440","38.25",-1.75,"0.605000019073486",NA,"1995",,,,,,,,,,,,,,,,,,,,,,,,,,,,,,,,,,"0"
"3441","38.25",-1.75,"0.605000019073486","43.8311042785645","2000",,,,,,,,,,,,,,,,,,,,,,,,,,,,,,,,,,"0"
"3442","38.25",-1.75,"0.605000019073486","50.7184829711914","2002",,,,,,,,,,,,,,,,,,,,,,,,,,,,,,,,,,"0"
"3443","38.25",-1.75,"0.605000019073486","38.7237854003906","1999",,,,,,,,,,,,,,,,,,,,,,,,,,,,,,,,,,"0"
"3444","38.25",-1.75,"0.605000019073486","39.8051261901855","2008",,,,,,,,,,,,,,,,,,,,,,,,,,,,,,,,,,"0"
"3445","38.25",-1.75,"0.605000019073486","36.8481903076172","2005",,,,,,,,,,,,,,,,,,,,,,,,,,,,,,,,,,"0"
"3446","38.25",-1.75,"0.605000019073486",NA,"1985",,,,,,,,,,,,,,,,,,,,,,,,,,,,,,,,,,"0"
"3447","38.25",-1.75,"0.605000019073486",NA,"1986",,,,,,,,,,,,,,,,,,,,,,,,,,,,,,,,,,"0"
"3448","38.25",-1.75,"0.605000019073486","30.8140029907227","2011",,,,,,,,,,,,,,,,,,,,,,,,,,,,,,,,,,"0"
"3449","38.25",-1.75,"0.605000019073486","27.5589485168457","2012",,,,,,,,,,,,,,,,,,,,,,,,,,,,,,,,,,"0"
"3450","38.25",-1.75,"0.605000019073486","40.1486892700195","2019",,,,,,,,,,,,,,,,,,,,,,,,,,,,,,,,,,"0"
"3451","38.25",-1.75,"0.605000019073486",NA,"1994",,,,,,,,,,,,,,,,,,,,,,,,,,,,,,,,,,"0"
"3452","38.25",-1.75,"0.605000019073486","39.396354675293","2006",,,,,,,,,,,,,,,,,,,,,,,,,,,,,,,,,,"0"
"3453","38.25",-1.75,"0.605000019073486","40.7855262756348","2013",,,,,,,,,,,,,,,,,,,,,,,,,,,,,,,,,,"0"
"3454","38.25",-1.75,"0.605000019073486","33.8318672180176","2009",,,,,,,,,,,,,,,,,,,,,,,,,,,,,,,,,,"0"
"3455","38.25",-1.75,"0.605000019073486","37.5599021911621","2015",,,,,,,,,,,,,,,,,,,,,,,,,,,,,,,,,,"0"
"3456","38.25",-1.75,"0.605000019073486",NA,"1988",,,,,,,,,,,,,,,,,,,,,,,,,,,,,,,,,,"0"
"3457","38.25",-1.25,"0.605000019073486",NA,"1993",,,,,,,,,,,,,,,,,,,,,,,,,,,,,,,,,,"0"
"3458","38.25",-1.25,"0.605000019073486","59.7336463928223","2002",,,,,,,,,,,,,,,,,,,,,,,,,,,,,,,,,,"0"
"3459","38.25",-1.25,"0.605000019073486","49.6125373840332","2005",,,,,,,,,,,,,,,,,,,,,,,,,,,,,,,,,,"0"
"3460","38.25",-1.25,"0.605000019073486",NA,"1992",,,,,,,,,,,,,,,,,,,,,,,,,,,,,,,,,,"0"
"3461","38.25",-1.25,"0.605000019073486",NA,"1987",,,,,,,,,,,,,,,,,,,,,,,,,,,,,,,,,,"0"
"3462","38.25",-1.25,"0.605000019073486","56.2081489562988","2010",,,,,,,,,,,,,,,,,,,,,,,,,,,,,,,,,,"0"
"3463","38.25",-1.25,"0.605000019073486","52.7384605407715","2019",,,,,,,,,,,,,,,,,,,,,,,,,,,,,,,,,,"0"
"3464","38.25",-1.25,"0.605000019073486",NA,"1998",,,,,,,,,,,,,,,,,,,,,,,,,,,,,,,,,,"0"
"3465","38.25",-1.25,"0.605000019073486","50.632755279541","2001",,,,,,,,,,,,,,,,,,,,,,,,,,,,,,,,,,"0"
"3466","38.25",-1.25,"0.605000019073486",NA,"1997",,,,,,,,,,,,,,,,,,,,,,,,,,,,,,,,,,"0"
"3467","38.25",-1.25,"0.605000019073486","47.0399856567383","2006",,,,,,,,,,,,,,,,,,,,,,,,,,,,,,,,,,"0"
"3468","38.25",-1.25,"0.605000019073486","55.2187957763672","2003",,,,,,,,,,,,,,,,,,,,,,,,,,,,,,,,,,"0"
"3469","38.25",-1.25,"0.605000019073486","39.9679527282715","2009",,,,,,,,,,,,,,,,,,,,,,,,,,,,,,,,,,"0"
"3470","38.25",-1.25,"0.605000019073486",NA,"1988",,,,,,,,,,,,,,,,,,,,,,,,,,,,,,,,,,"0"
"3471","38.25",-1.25,"0.605000019073486","53.3304901123047","2013",,,,,,,,,,,,,,,,,,,,,,,,,,,,,,,,,,"0"
"3472","38.25",-1.25,"0.605000019073486","47.5796089172363","2000",,,,,,,,,,,,,,,,,,,,,,,,,,,,,,,,,,"0"
"3473","38.25",-1.25,"0.605000019073486","51.4700813293457","2008",,,,,,,,,,,,,,,,,,,,,,,,,,,,,,,,,,"0"
"3474","38.25",-1.25,"0.605000019073486","54.489315032959","2007",,,,,,,,,,,,,,,,,,,,,,,,,,,,,,,,,,"0"
"3475","38.25",-1.25,"0.605000019073486",NA,"1995",,,,,,,,,,,,,,,,,,,,,,,,,,,,,,,,,,"0"
"3476","38.25",-1.25,"0.605000019073486","47.7346954345703","2016",,,,,,,,,,,,,,,,,,,,,,,,,,,,,,,,,,"0"
"3477","38.25",-1.25,"0.605000019073486",NA,"1986",,,,,,,,,,,,,,,,,,,,,,,,,,,,,,,,,,"0"
"3478","38.25",-1.25,"0.605000019073486",NA,"2020",,,,,,,,,,,,,,,,,,,,,,,,,,,,,,,,,,"0"
"3479","38.25",-1.25,"0.605000019073486","49.786750793457","2015",,,,,,,,,,,,,,,,,,,,,,,,,,,,,,,,,,"0"
"3480","38.25",-1.25,"0.605000019073486",NA,"1991",,,,,,,,,,,,,,,,,,,,,,,,,,,,,,,,,,"0"
"3481","38.25",-1.25,"0.605000019073486","56.6852073669434","2018",,,,,,,,,,,,,,,,,,,,,,,,,,,,,,,,,,"0"
"3482","38.25",-1.25,"0.605000019073486","48.5713577270508","2004",,,,,,,,,,,,,,,,,,,,,,,,,,,,,,,,,,"0"
"3483","38.25",-1.25,"0.605000019073486",NA,"1990",,,,,,,,,,,,,,,,,,,,,,,,,,,,,,,,,,"0"
"3484","38.25",-1.25,"0.605000019073486","50.4650688171387","2014",,,,,,,,,,,,,,,,,,,,,,,,,,,,,,,,,,"0"
"3485","38.25",-1.25,"0.605000019073486","42.3621368408203","2012",,,,,,,,,,,,,,,,,,,,,,,,,,,,,,,,,,"0"
"3486","38.25",-1.25,"0.605000019073486",NA,"1985",,,,,,,,,,,,,,,,,,,,,,,,,,,,,,,,,,"0"
"3487","38.25",-1.25,"0.605000019073486","47.0113296508789","1999",,,,,,,,,,,,,,,,,,,,,,,,,,,,,,,,,,"0"
"3488","38.25",-1.25,"0.605000019073486","41.8314666748047","2017",,,,,,,,,,,,,,,,,,,,,,,,,,,,,,,,,,"0"
"3489","38.25",-1.25,"0.605000019073486","42.1356468200684","2011",,,,,,,,,,,,,,,,,,,,,,,,,,,,,,,,,,"0"
"3490","38.25",-1.25,"0.605000019073486",NA,"1994",,,,,,,,,,,,,,,,,,,,,,,,,,,,,,,,,,"0"
"3491","38.25",-1.25,"0.605000019073486",NA,"1996",,,,,,,,,,,,,,,,,,,,,,,,,,,,,,,,,,"0"
"3492","38.25",-1.25,"0.605000019073486",NA,"1989",,,,,,,,,,,,,,,,,,,,,,,,,,,,,,,,,,"0"
"3493","38.25",-0.75,"0.605000019073486",NA,"1992",,,,,,,,,,,,,,,,,,,,,,,,,,,,,,,,,,"0"
"3494","38.25",-0.75,"0.605000019073486",NA,"1990",,,,,,,,,,,,,,,,,,,,,,,,,,,,,,,,,,"0"
"3495","38.25",-0.75,"0.605000019073486","42.4939918518066","2010",,,,,,,,,,,,,,,,,,,,,,,,,,,,,,,,,,"0"
"3496","38.25",-0.75,"0.605000019073486","32.4628868103027","2000",,,,,,,,,,,,,,,,,,,,,,,,,,,,,,,,,,"0"
"3497","38.25",-0.75,"0.605000019073486","47.3606643676758","2007",,,,,,,,,,,,,,,,,,,,,,,,,,,,,,,,,,"0"
"3498","38.25",-0.75,"0.605000019073486",NA,"2020",,,,,,,,,,,,,,,,,,,,,,,,,,,,,,,,,,"0"
"3499","38.25",-0.75,"0.605000019073486","40.9042778015137","2005",,,,,,,,,,,,,,,,,,,,,,,,,,,,,,,,,,"0"
"3500","38.25",-0.75,"0.605000019073486",NA,"1997",,,,,,,,,,,,,,,,,,,,,,,,,,,,,,,,,,"0"
"3501","38.25",-0.75,"0.605000019073486",NA,"1994",,,,,,,,,,,,,,,,,,,,,,,,,,,,,,,,,,"0"
"3502","38.25",-0.75,"0.605000019073486","43.1947631835938","2019",,,,,,,,,,,,,,,,,,,,,,,,,,,,,,,,,,"0"
"3503","38.25",-0.75,"0.605000019073486",NA,"1991",,,,,,,,,,,,,,,,,,,,,,,,,,,,,,,,,,"0"
"3504","38.25",-0.75,"0.605000019073486",NA,"1989",,,,,,,,,,,,,,,,,,,,,,,,,,,,,,,,,,"0"
"3505","38.25",-0.75,"0.605000019073486",NA,"1988",,,,,,,,,,,,,,,,,,,,,,,,,,,,,,,,,,"0"
"3506","38.25",-0.75,"0.605000019073486",NA,"1985",,,,,,,,,,,,,,,,,,,,,,,,,,,,,,,,,,"0"
"3507","38.25",-0.75,"0.605000019073486",NA,"1987",,,,,,,,,,,,,,,,,,,,,,,,,,,,,,,,,,"0"
"3508","38.25",-0.75,"0.605000019073486",NA,"1986",,,,,,,,,,,,,,,,,,,,,,,,,,,,,,,,,,"0"
"3509","38.25",-0.75,"0.605000019073486","35.2924728393555","2006",,,,,,,,,,,,,,,,,,,,,,,,,,,,,,,,,,"0"
"3510","38.25",-0.75,"0.605000019073486",NA,"1995",,,,,,,,,,,,,,,,,,,,,,,,,,,,,,,,,,"0"
"3511","38.25",-0.75,"0.605000019073486","33.1502838134766","2014",,,,,,,,,,,,,,,,,,,,,,,,,,,,,,,,,,"0"
"3512","38.25",-0.75,"0.605000019073486","40.0341720581055","2013",,,,,,,,,,,,,,,,,,,,,,,,,,,,,,,,,,"0"
"3513","38.25",-0.75,"0.605000019073486","28.8565635681152","2011",,,,,,,,,,,,,,,,,,,,,,,,,,,,,,,,,,"0"
"3514","38.25",-0.75,"0.605000019073486","29.3860855102539","2009",,,,,,,,,,,,,,,,,,,,,,,,,,,,,,,,,,"0"
"3515","38.25",-0.75,"0.605000019073486","35.6166076660156","1999",,,,,,,,,,,,,,,,,,,,,,,,,,,,,,,,,,"0"
"3516","38.25",-0.75,"0.605000019073486","42.6853713989258","2004",,,,,,,,,,,,,,,,,,,,,,,,,,,,,,,,,,"0"
"3517","38.25",-0.75,"0.605000019073486",NA,"1998",,,,,,,,,,,,,,,,,,,,,,,,,,,,,,,,,,"0"
"3518","38.25",-0.75,"0.605000019073486","50.6840362548828","2002",,,,,,,,,,,,,,,,,,,,,,,,,,,,,,,,,,"0"
"3519","38.25",-0.75,"0.605000019073486","30.9198951721191","2017",,,,,,,,,,,,,,,,,,,,,,,,,,,,,,,,,,"0"
"3520","38.25",-0.75,"0.605000019073486","42.9386863708496","2018",,,,,,,,,,,,,,,,,,,,,,,,,,,,,,,,,,"0"
"3521","38.25",-0.75,"0.605000019073486","37.9907073974609","2001",,,,,,,,,,,,,,,,,,,,,,,,,,,,,,,,,,"0"
"3522","38.25",-0.75,"0.605000019073486","40.0822334289551","2016",,,,,,,,,,,,,,,,,,,,,,,,,,,,,,,,,,"0"
"3523","38.25",-0.75,"0.605000019073486","39.0131492614746","2012",,,,,,,,,,,,,,,,,,,,,,,,,,,,,,,,,,"0"
"3524","38.25",-0.75,"0.605000019073486","40.9951667785645","2008",,,,,,,,,,,,,,,,,,,,,,,,,,,,,,,,,,"0"
"3525","38.25",-0.75,"0.605000019073486","37.6556816101074","2015",,,,,,,,,,,,,,,,,,,,,,,,,,,,,,,,,,"0"
"3526","38.25",-0.75,"0.605000019073486","43.4647560119629","2003",,,,,,,,,,,,,,,,,,,,,,,,,,,,,,,,,,"0"
"3527","38.25",-0.75,"0.605000019073486",NA,"1996",,,,,,,,,,,,,,,,,,,,,,,,,,,,,,,,,,"0"
"3528","38.25",-0.75,"0.605000019073486",NA,"1993",,,,,,,,,,,,,,,,,,,,,,,,,,,,,,,,,,"0"
"3529","38.25",-0.25,"0.605000019073486","30.5724086761475","2015",,,,,,,,,,,,,,,,,,,,,,,,,,,,,,,,,,"0"
"3530","38.25",-0.25,"0.605000019073486","23.7499809265137","2011",,,,,,,,,,,,,,,,,,,,,,,,,,,,,,,,,,"0"
"3531","38.25",-0.25,"0.605000019073486","35.2638702392578","2008",,,,,,,,,,,,,,,,,,,,,,,,,,,,,,,,,,"0"
"3532","38.25",-0.25,"0.605000019073486","36.8681221008301","2002",,,,,,,,,,,,,,,,,,,,,,,,,,,,,,,,,,"0"
"3533","38.25",-0.25,"0.605000019073486",NA,"1993",,,,,,,,,,,,,,,,,,,,,,,,,,,,,,,,,,"0"
"3534","38.25",-0.25,"0.605000019073486","30.5808258056641","2005",,,,,,,,,,,,,,,,,,,,,,,,,,,,,,,,,,"0"
"3535","38.25",-0.25,"0.605000019073486",NA,"1991",,,,,,,,,,,,,,,,,,,,,,,,,,,,,,,,,,"0"
"3536","38.25",-0.25,"0.605000019073486","26.9236011505127","2012",,,,,,,,,,,,,,,,,,,,,,,,,,,,,,,,,,"0"
"3537","38.25",-0.25,"0.605000019073486","37.810905456543","2003",,,,,,,,,,,,,,,,,,,,,,,,,,,,,,,,,,"0"
"3538","38.25",-0.25,"0.605000019073486","31.8912143707275","2019",,,,,,,,,,,,,,,,,,,,,,,,,,,,,,,,,,"0"
"3539","38.25",-0.25,"0.605000019073486","39.1115341186523","2007",,,,,,,,,,,,,,,,,,,,,,,,,,,,,,,,,,"0"
"3540","38.25",-0.25,"0.605000019073486","28.9898700714111","2001",,,,,,,,,,,,,,,,,,,,,,,,,,,,,,,,,,"0"
"3541","38.25",-0.25,"0.605000019073486",NA,"1996",,,,,,,,,,,,,,,,,,,,,,,,,,,,,,,,,,"0"
"3542","38.25",-0.25,"0.605000019073486","31.5819892883301","1999",,,,,,,,,,,,,,,,,,,,,,,,,,,,,,,,,,"0"
"3543","38.25",-0.25,"0.605000019073486",NA,"1986",,,,,,,,,,,,,,,,,,,,,,,,,,,,,,,,,,"0"
"3544","38.25",-0.25,"0.605000019073486",NA,"1987",,,,,,,,,,,,,,,,,,,,,,,,,,,,,,,,,,"0"
"3545","38.25",-0.25,"0.605000019073486","34.1078147888184","2010",,,,,,,,,,,,,,,,,,,,,,,,,,,,,,,,,,"0"
"3546","38.25",-0.25,"0.605000019073486",NA,"2020",,,,,,,,,,,,,,,,,,,,,,,,,,,,,,,,,,"0"
"3547","38.25",-0.25,"0.605000019073486",NA,"1990",,,,,,,,,,,,,,,,,,,,,,,,,,,,,,,,,,"0"
"3548","38.25",-0.25,"0.605000019073486",NA,"1998",,,,,,,,,,,,,,,,,,,,,,,,,,,,,,,,,,"0"
"3549","38.25",-0.25,"0.605000019073486",NA,"1994",,,,,,,,,,,,,,,,,,,,,,,,,,,,,,,,,,"0"
"3550","38.25",-0.25,"0.605000019073486",NA,"1988",,,,,,,,,,,,,,,,,,,,,,,,,,,,,,,,,,"0"
"3551","38.25",-0.25,"0.605000019073486","29.4659385681152","2016",,,,,,,,,,,,,,,,,,,,,,,,,,,,,,,,,,"0"
"3552","38.25",-0.25,"0.605000019073486","25.5429859161377","2000",,,,,,,,,,,,,,,,,,,,,,,,,,,,,,,,,,"0"
"3553","38.25",-0.25,"0.605000019073486",NA,"1985",,,,,,,,,,,,,,,,,,,,,,,,,,,,,,,,,,"0"
"3554","38.25",-0.25,"0.605000019073486",NA,"1995",,,,,,,,,,,,,,,,,,,,,,,,,,,,,,,,,,"0"
"3555","38.25",-0.25,"0.605000019073486","25.8516101837158","2017",,,,,,,,,,,,,,,,,,,,,,,,,,,,,,,,,,"0"
"3556","38.25",-0.25,"0.605000019073486",NA,"1992",,,,,,,,,,,,,,,,,,,,,,,,,,,,,,,,,,"0"
"3557","38.25",-0.25,"0.605000019073486",NA,"1997",,,,,,,,,,,,,,,,,,,,,,,,,,,,,,,,,,"0"
"3558","38.25",-0.25,"0.605000019073486","34.112419128418","2018",,,,,,,,,,,,,,,,,,,,,,,,,,,,,,,,,,"0"
"3559","38.25",-0.25,"0.605000019073486","25.3609714508057","2009",,,,,,,,,,,,,,,,,,,,,,,,,,,,,,,,,,"0"
"3560","38.25",-0.25,"0.605000019073486","24.8801383972168","2014",,,,,,,,,,,,,,,,,,,,,,,,,,,,,,,,,,"0"
"3561","38.25",-0.25,"0.605000019073486","31.5668087005615","2013",,,,,,,,,,,,,,,,,,,,,,,,,,,,,,,,,,"0"
"3562","38.25",-0.25,"0.605000019073486","27.1944808959961","2006",,,,,,,,,,,,,,,,,,,,,,,,,,,,,,,,,,"0"
"3563","38.25",-0.25,"0.605000019073486",NA,"1989",,,,,,,,,,,,,,,,,,,,,,,,,,,,,,,,,,"0"
"3564","38.25",-0.25,"0.605000019073486","37.9878234863281","2004",,,,,,,,,,,,,,,,,,,,,,,,,,,,,,,,,,"0"
"3565","38.25",0.25,"0.605000019073486","42.0737075805664","2007","1","1","1","1","1","1","1","1","1","1","1","1","1","1","1","1","1","1","1","1","1","1","1","1","1","1","1","1","1","1","1","1","1","1"
"3566","38.25",0.25,"0.605000019073486","34.5626907348633","2014","1","1","1","1","1","1","1","1","1","1","1","1","1","1","1","1","1","1","1","1","1","1","1","1","1","1","1","1","1","1","1","1","1","1"
"3567","38.25",0.25,"0.605000019073486","33.2091674804688","2001","1","1","1","1","1","1","1","1","1","1","1","1","1","1","1","1","1","1","1","1","1","1","1","1","1","1","1","1","1","1","1","1","1","1"
"3568","38.25",0.25,"0.605000019073486",NA,"1995","1","1","1","1","1","1","1","1","1","1","1","1","1","1","1","1","1","1","1","1","1","1","1","1","1","1","1","1","1","1","1","1","1","1"
"3569","38.25",0.25,"0.605000019073486","42.9717330932617","2016","1","1","1","1","1","1","1","1","1","1","1","1","1","1","1","1","1","1","1","1","1","1","1","1","1","1","1","1","1","1","1","1","1","1"
"3570","38.25",0.25,"0.605000019073486","28.2965507507324","2000","1","1","1","1","1","1","1","1","1","1","1","1","1","1","1","1","1","1","1","1","1","1","1","1","1","1","1","1","1","1","1","1","1","1"
"3571","38.25",0.25,"0.605000019073486",NA,"1985","1","1","1","1","1","1","1","1","1","1","1","1","1","1","1","1","1","1","1","1","1","1","1","1","1","1","1","1","1","1","1","1","1","1"
"3572","38.25",0.25,"0.605000019073486","36.5558815002441","2015","1","1","1","1","1","1","1","1","1","1","1","1","1","1","1","1","1","1","1","1","1","1","1","1","1","1","1","1","1","1","1","1","1","1"
"3573","38.25",0.25,"0.605000019073486","39.5129241943359","2019","1","1","1","1","1","1","1","1","1","1","1","1","1","1","1","1","1","1","1","1","1","1","1","1","1","1","1","1","1","1","1","1","1","1"
"3574","38.25",0.25,"0.605000019073486","38.9770736694336","2003","1","1","1","1","1","1","1","1","1","1","1","1","1","1","1","1","1","1","1","1","1","1","1","1","1","1","1","1","1","1","1","1","1","1"
"3575","38.25",0.25,"0.605000019073486","46.1550636291504","2018","1","1","1","1","1","1","1","1","1","1","1","1","1","1","1","1","1","1","1","1","1","1","1","1","1","1","1","1","1","1","1","1","1","1"
"3576","38.25",0.25,"0.605000019073486","37.6238975524902","2005","1","1","1","1","1","1","1","1","1","1","1","1","1","1","1","1","1","1","1","1","1","1","1","1","1","1","1","1","1","1","1","1","1","1"
"3577","38.25",0.25,"0.605000019073486",NA,"1993","1","1","1","1","1","1","1","1","1","1","1","1","1","1","1","1","1","1","1","1","1","1","1","1","1","1","1","1","1","1","1","1","1","1"
"3578","38.25",0.25,"0.605000019073486",NA,"1991","1","1","1","1","1","1","1","1","1","1","1","1","1","1","1","1","1","1","1","1","1","1","1","1","1","1","1","1","1","1","1","1","1","1"
"3579","38.25",0.25,"0.605000019073486",NA,"1988","1","1","1","1","1","1","1","1","1","1","1","1","1","1","1","1","1","1","1","1","1","1","1","1","1","1","1","1","1","1","1","1","1","1"
"3580","38.25",0.25,"0.605000019073486",NA,"1990","1","1","1","1","1","1","1","1","1","1","1","1","1","1","1","1","1","1","1","1","1","1","1","1","1","1","1","1","1","1","1","1","1","1"
"3581","38.25",0.25,"0.605000019073486","33.0718116760254","2017","1","1","1","1","1","1","1","1","1","1","1","1","1","1","1","1","1","1","1","1","1","1","1","1","1","1","1","1","1","1","1","1","1","1"
"3582","38.25",0.25,"0.605000019073486",NA,"1989","1","1","1","1","1","1","1","1","1","1","1","1","1","1","1","1","1","1","1","1","1","1","1","1","1","1","1","1","1","1","1","1","1","1"
"3583","38.25",0.25,"0.605000019073486",NA,"1997","1","1","1","1","1","1","1","1","1","1","1","1","1","1","1","1","1","1","1","1","1","1","1","1","1","1","1","1","1","1","1","1","1","1"
"3584","38.25",0.25,"0.605000019073486","36.1836891174316","2010","1","1","1","1","1","1","1","1","1","1","1","1","1","1","1","1","1","1","1","1","1","1","1","1","1","1","1","1","1","1","1","1","1","1"
"3585","38.25",0.25,"0.605000019073486",NA,"1987","1","1","1","1","1","1","1","1","1","1","1","1","1","1","1","1","1","1","1","1","1","1","1","1","1","1","1","1","1","1","1","1","1","1"
"3586","38.25",0.25,"0.605000019073486",NA,"2020","1","1","1","1","1","1","1","1","1","1","1","1","1","1","1","1","1","1","1","1","1","1","1","1","1","1","1","1","1","1","1","1","1","1"
"3587","38.25",0.25,"0.605000019073486",NA,"1986","1","1","1","1","1","1","1","1","1","1","1","1","1","1","1","1","1","1","1","1","1","1","1","1","1","1","1","1","1","1","1","1","1","1"
"3588","38.25",0.25,"0.605000019073486","36.3466987609863","2006","1","1","1","1","1","1","1","1","1","1","1","1","1","1","1","1","1","1","1","1","1","1","1","1","1","1","1","1","1","1","1","1","1","1"
"3589","38.25",0.25,"0.605000019073486","41.5986366271973","2013","1","1","1","1","1","1","1","1","1","1","1","1","1","1","1","1","1","1","1","1","1","1","1","1","1","1","1","1","1","1","1","1","1","1"
"3590","38.25",0.25,"0.605000019073486",NA,"1994","1","1","1","1","1","1","1","1","1","1","1","1","1","1","1","1","1","1","1","1","1","1","1","1","1","1","1","1","1","1","1","1","1","1"
"3591","38.25",0.25,"0.605000019073486",NA,"1992","1","1","1","1","1","1","1","1","1","1","1","1","1","1","1","1","1","1","1","1","1","1","1","1","1","1","1","1","1","1","1","1","1","1"
"3592","38.25",0.25,"0.605000019073486","32.1247749328613","2012","1","1","1","1","1","1","1","1","1","1","1","1","1","1","1","1","1","1","1","1","1","1","1","1","1","1","1","1","1","1","1","1","1","1"
"3593","38.25",0.25,"0.605000019073486","43.853099822998","2002","1","1","1","1","1","1","1","1","1","1","1","1","1","1","1","1","1","1","1","1","1","1","1","1","1","1","1","1","1","1","1","1","1","1"
"3594","38.25",0.25,"0.605000019073486","33.3867835998535","1999","1","1","1","1","1","1","1","1","1","1","1","1","1","1","1","1","1","1","1","1","1","1","1","1","1","1","1","1","1","1","1","1","1","1"
"3595","38.25",0.25,"0.605000019073486","30.6818332672119","2009","1","1","1","1","1","1","1","1","1","1","1","1","1","1","1","1","1","1","1","1","1","1","1","1","1","1","1","1","1","1","1","1","1","1"
"3596","38.25",0.25,"0.605000019073486",NA,"1996","1","1","1","1","1","1","1","1","1","1","1","1","1","1","1","1","1","1","1","1","1","1","1","1","1","1","1","1","1","1","1","1","1","1"
"3597","38.25",0.25,"0.605000019073486","40.8123931884766","2008","1","1","1","1","1","1","1","1","1","1","1","1","1","1","1","1","1","1","1","1","1","1","1","1","1","1","1","1","1","1","1","1","1","1"
"3598","38.25",0.25,"0.605000019073486",NA,"1998","1","1","1","1","1","1","1","1","1","1","1","1","1","1","1","1","1","1","1","1","1","1","1","1","1","1","1","1","1","1","1","1","1","1"
"3599","38.25",0.25,"0.605000019073486","28.9068908691406","2011","1","1","1","1","1","1","1","1","1","1","1","1","1","1","1","1","1","1","1","1","1","1","1","1","1","1","1","1","1","1","1","1","1","1"
"3600","38.25",0.25,"0.605000019073486","40.6430053710938","2004","1","1","1","1","1","1","1","1","1","1","1","1","1","1","1","1","1","1","1","1","1","1","1","1","1","1","1","1","1","1","1","1","1","1"
"3601","38.25",0.75,NA,NA,"1997",,,,,,,,,,,,,,,,,,,,,,,,,,,,,,,,,,"0"
"3602","38.25",0.75,NA,NA,"1996",,,,,,,,,,,,,,,,,,,,,,,,,,,,,,,,,,"0"
"3603","38.25",0.75,NA,"18.6293487548828","2005",,,,,,,,,,,,,,,,,,,,,,,,,,,,,,,,,,"0"
"3604","38.25",0.75,NA,"14.7261190414429","2011",,,,,,,,,,,,,,,,,,,,,,,,,,,,,,,,,,"0"
"3605","38.25",0.75,NA,"19.4081535339355","2008",,,,,,,,,,,,,,,,,,,,,,,,,,,,,,,,,,"0"
"3606","38.25",0.75,NA,"14.306941986084","2017",,,,,,,,,,,,,,,,,,,,,,,,,,,,,,,,,,"0"
"3607","38.25",0.75,NA,"14.1848049163818","2000",,,,,,,,,,,,,,,,,,,,,,,,,,,,,,,,,,"0"
"3608","38.25",0.75,NA,"16.6130886077881","1999",,,,,,,,,,,,,,,,,,,,,,,,,,,,,,,,,,"0"
"3609","38.25",0.75,NA,NA,"1998",,,,,,,,,,,,,,,,,,,,,,,,,,,,,,,,,,"0"
"3610","38.25",0.75,NA,NA,"1991",,,,,,,,,,,,,,,,,,,,,,,,,,,,,,,,,,"0"
"3611","38.25",0.75,NA,NA,"1989",,,,,,,,,,,,,,,,,,,,,,,,,,,,,,,,,,"0"
"3612","38.25",0.75,NA,"24.3529262542725","2004",,,,,,,,,,,,,,,,,,,,,,,,,,,,,,,,,,"0"
"3613","38.25",0.75,NA,"17.5918350219727","2014",,,,,,,,,,,,,,,,,,,,,,,,,,,,,,,,,,"0"
"3614","38.25",0.75,NA,NA,"2020",,,,,,,,,,,,,,,,,,,,,,,,,,,,,,,,,,"0"
"3615","38.25",0.75,NA,"21.5138072967529","2013",,,,,,,,,,,,,,,,,,,,,,,,,,,,,,,,,,"0"
"3616","38.25",0.75,NA,NA,"1985",,,,,,,,,,,,,,,,,,,,,,,,,,,,,,,,,,"0"
"3617","38.25",0.75,NA,"21.9595108032227","2006",,,,,,,,,,,,,,,,,,,,,,,,,,,,,,,,,,"0"
"3618","38.25",0.75,NA,NA,"1995",,,,,,,,,,,,,,,,,,,,,,,,,,,,,,,,,,"0"
"3619","38.25",0.75,NA,"13.4987707138062","2009",,,,,,,,,,,,,,,,,,,,,,,,,,,,,,,,,,"0"
"3620","38.25",0.75,NA,"17.6736660003662","2015",,,,,,,,,,,,,,,,,,,,,,,,,,,,,,,,,,"0"
"3621","38.25",0.75,NA,"16.5420246124268","2010",,,,,,,,,,,,,,,,,,,,,,,,,,,,,,,,,,"0"
"3622","38.25",0.75,NA,NA,"1988",,,,,,,,,,,,,,,,,,,,,,,,,,,,,,,,,,"0"
"3623","38.25",0.75,NA,NA,"1992",,,,,,,,,,,,,,,,,,,,,,,,,,,,,,,,,,"0"
"3624","38.25",0.75,NA,"15.4261770248413","2012",,,,,,,,,,,,,,,,,,,,,,,,,,,,,,,,,,"0"
"3625","38.25",0.75,NA,NA,"1994",,,,,,,,,,,,,,,,,,,,,,,,,,,,,,,,,,"0"
"3626","38.25",0.75,NA,"20.9354305267334","2007",,,,,,,,,,,,,,,,,,,,,,,,,,,,,,,,,,"0"
"3627","38.25",0.75,NA,"22.6716251373291","2003",,,,,,,,,,,,,,,,,,,,,,,,,,,,,,,,,,"0"
"3628","38.25",0.75,NA,NA,"1993",,,,,,,,,,,,,,,,,,,,,,,,,,,,,,,,,,"0"
"3629","38.25",0.75,NA,"23.8523731231689","2002",,,,,,,,,,,,,,,,,,,,,,,,,,,,,,,,,,"0"
"3630","38.25",0.75,NA,"20.4730606079102","2019",,,,,,,,,,,,,,,,,,,,,,,,,,,,,,,,,,"0"
"3631","38.25",0.75,NA,"20.2276477813721","2016",,,,,,,,,,,,,,,,,,,,,,,,,,,,,,,,,,"0"
"3632","38.25",0.75,NA,NA,"1987",,,,,,,,,,,,,,,,,,,,,,,,,,,,,,,,,,"0"
"3633","38.25",0.75,NA,"26.5005989074707","2018",,,,,,,,,,,,,,,,,,,,,,,,,,,,,,,,,,"0"
"3634","38.25",0.75,NA,NA,"1990",,,,,,,,,,,,,,,,,,,,,,,,,,,,,,,,,,"0"
"3635","38.25",0.75,NA,NA,"1986",,,,,,,,,,,,,,,,,,,,,,,,,,,,,,,,,,"0"
"3636","38.25",0.75,NA,"16.8691635131836","2001",,,,,,,,,,,,,,,,,,,,,,,,,,,,,,,,,,"0"
"3637","38.25",1.25,NA,NA,"1996","1","1","1","1","1","1","1","1","1","1","1","1","1","1","1","1","1","1","1","1","1","1","1","1","1","1","1","1","1","1","1","1","0","0"
"3638","38.25",1.25,NA,NA,"1993","1","1","1","1","1","1","1","1","1","1","1","1","1","1","1","1","1","1","1","1","1","1","1","1","1","1","1","1","1","1","1","1","0","0"
"3639","38.25",1.25,NA,"6.07371854782104","2009","1","1","1","1","1","1","1","1","1","1","1","1","1","1","1","1","1","1","1","1","1","1","1","1","1","1","1","1","1","1","1","1","0","0"
"3640","38.25",1.25,NA,"12.7125701904297","2016","1","1","1","1","1","1","1","1","1","1","1","1","1","1","1","1","1","1","1","1","1","1","1","1","1","1","1","1","1","1","1","1","0","0"
"3641","38.25",1.25,NA,"13.9420490264893","2002","1","1","1","1","1","1","1","1","1","1","1","1","1","1","1","1","1","1","1","1","1","1","1","1","1","1","1","1","1","1","1","1","0","0"
"3642","38.25",1.25,NA,"14.1046953201294","2019","1","1","1","1","1","1","1","1","1","1","1","1","1","1","1","1","1","1","1","1","1","1","1","1","1","1","1","1","1","1","1","1","0","0"
"3643","38.25",1.25,NA,"9.37643337249756","2014","1","1","1","1","1","1","1","1","1","1","1","1","1","1","1","1","1","1","1","1","1","1","1","1","1","1","1","1","1","1","1","1","0","0"
"3644","38.25",1.25,NA,"7.48165988922119","2001","1","1","1","1","1","1","1","1","1","1","1","1","1","1","1","1","1","1","1","1","1","1","1","1","1","1","1","1","1","1","1","1","0","0"
"3645","38.25",1.25,NA,"11.2256011962891","2007","1","1","1","1","1","1","1","1","1","1","1","1","1","1","1","1","1","1","1","1","1","1","1","1","1","1","1","1","1","1","1","1","0","0"
"3646","38.25",1.25,NA,"10.4631595611572","2008","1","1","1","1","1","1","1","1","1","1","1","1","1","1","1","1","1","1","1","1","1","1","1","1","1","1","1","1","1","1","1","1","0","0"
"3647","38.25",1.25,NA,"21.2257041931152","2018","1","1","1","1","1","1","1","1","1","1","1","1","1","1","1","1","1","1","1","1","1","1","1","1","1","1","1","1","1","1","1","1","0","0"
"3648","38.25",1.25,NA,NA,"1997","1","1","1","1","1","1","1","1","1","1","1","1","1","1","1","1","1","1","1","1","1","1","1","1","1","1","1","1","1","1","1","1","0","0"
"3649","38.25",1.25,NA,NA,"1987","1","1","1","1","1","1","1","1","1","1","1","1","1","1","1","1","1","1","1","1","1","1","1","1","1","1","1","1","1","1","1","1","0","0"
"3650","38.25",1.25,NA,NA,"1988","1","1","1","1","1","1","1","1","1","1","1","1","1","1","1","1","1","1","1","1","1","1","1","1","1","1","1","1","1","1","1","1","0","0"
"3651","38.25",1.25,NA,NA,"2020","1","1","1","1","1","1","1","1","1","1","1","1","1","1","1","1","1","1","1","1","1","1","1","1","1","1","1","1","1","1","1","1","0","0"
"3652","38.25",1.25,NA,"9.21360492706299","2012","1","1","1","1","1","1","1","1","1","1","1","1","1","1","1","1","1","1","1","1","1","1","1","1","1","1","1","1","1","1","1","1","0","0"
"3653","38.25",1.25,NA,NA,"1995","1","1","1","1","1","1","1","1","1","1","1","1","1","1","1","1","1","1","1","1","1","1","1","1","1","1","1","1","1","1","1","1","0","0"
"3654","38.25",1.25,NA,"12.6727962493896","2006","1","1","1","1","1","1","1","1","1","1","1","1","1","1","1","1","1","1","1","1","1","1","1","1","1","1","1","1","1","1","1","1","0","0"
"3655","38.25",1.25,NA,"8.25437450408936","2010","1","1","1","1","1","1","1","1","1","1","1","1","1","1","1","1","1","1","1","1","1","1","1","1","1","1","1","1","1","1","1","1","0","0"
"3656","38.25",1.25,NA,"9.75363445281982","1999","1","1","1","1","1","1","1","1","1","1","1","1","1","1","1","1","1","1","1","1","1","1","1","1","1","1","1","1","1","1","1","1","0","0"
"3657","38.25",1.25,NA,"10.4908695220947","2005","1","1","1","1","1","1","1","1","1","1","1","1","1","1","1","1","1","1","1","1","1","1","1","1","1","1","1","1","1","1","1","1","0","0"
"3658","38.25",1.25,NA,"9.50513744354248","2015","1","1","1","1","1","1","1","1","1","1","1","1","1","1","1","1","1","1","1","1","1","1","1","1","1","1","1","1","1","1","1","1","0","0"
"3659","38.25",1.25,NA,NA,"1998","1","1","1","1","1","1","1","1","1","1","1","1","1","1","1","1","1","1","1","1","1","1","1","1","1","1","1","1","1","1","1","1","0","0"
"3660","38.25",1.25,NA,NA,"1985","1","1","1","1","1","1","1","1","1","1","1","1","1","1","1","1","1","1","1","1","1","1","1","1","1","1","1","1","1","1","1","1","0","0"
"3661","38.25",1.25,NA,NA,"1992","1","1","1","1","1","1","1","1","1","1","1","1","1","1","1","1","1","1","1","1","1","1","1","1","1","1","1","1","1","1","1","1","0","0"
"3662","38.25",1.25,NA,"14.5708084106445","2003","1","1","1","1","1","1","1","1","1","1","1","1","1","1","1","1","1","1","1","1","1","1","1","1","1","1","1","1","1","1","1","1","0","0"
"3663","38.25",1.25,NA,"7.18306875228882","2017","1","1","1","1","1","1","1","1","1","1","1","1","1","1","1","1","1","1","1","1","1","1","1","1","1","1","1","1","1","1","1","1","0","0"
"3664","38.25",1.25,NA,NA,"1991","1","1","1","1","1","1","1","1","1","1","1","1","1","1","1","1","1","1","1","1","1","1","1","1","1","1","1","1","1","1","1","1","0","0"
"3665","38.25",1.25,NA,NA,"1986","1","1","1","1","1","1","1","1","1","1","1","1","1","1","1","1","1","1","1","1","1","1","1","1","1","1","1","1","1","1","1","1","0","0"
"3666","38.25",1.25,NA,"11.8638858795166","2013","1","1","1","1","1","1","1","1","1","1","1","1","1","1","1","1","1","1","1","1","1","1","1","1","1","1","1","1","1","1","1","1","0","0"
"3667","38.25",1.25,NA,"10.0620231628418","2004","1","1","1","1","1","1","1","1","1","1","1","1","1","1","1","1","1","1","1","1","1","1","1","1","1","1","1","1","1","1","1","1","0","0"
"3668","38.25",1.25,NA,"9.53773307800293","2011","1","1","1","1","1","1","1","1","1","1","1","1","1","1","1","1","1","1","1","1","1","1","1","1","1","1","1","1","1","1","1","1","0","0"
"3669","38.25",1.25,NA,"7.29025411605835","2000","1","1","1","1","1","1","1","1","1","1","1","1","1","1","1","1","1","1","1","1","1","1","1","1","1","1","1","1","1","1","1","1","0","0"
"3670","38.25",1.25,NA,NA,"1994","1","1","1","1","1","1","1","1","1","1","1","1","1","1","1","1","1","1","1","1","1","1","1","1","1","1","1","1","1","1","1","1","0","0"
"3671","38.25",1.25,NA,NA,"1989","1","1","1","1","1","1","1","1","1","1","1","1","1","1","1","1","1","1","1","1","1","1","1","1","1","1","1","1","1","1","1","1","0","0"
"3672","38.25",1.25,NA,NA,"1990","1","1","1","1","1","1","1","1","1","1","1","1","1","1","1","1","1","1","1","1","1","1","1","1","1","1","1","1","1","1","1","1","0","0"
"3673","38.25",1.75,NA,NA,"1989","1","1","1","1","1","1","1","1","1","1","1","1","1","1","1","1","1","1","1","1","1","1","1","1","1","1","1","1","1","1","1","1","0","0"
"3674","38.25",1.75,NA,NA,"1988","1","1","1","1","1","1","1","1","1","1","1","1","1","1","1","1","1","1","1","1","1","1","1","1","1","1","1","1","1","1","1","1","0","0"
"3675","38.25",1.75,NA,"6.96389961242676","2008","1","1","1","1","1","1","1","1","1","1","1","1","1","1","1","1","1","1","1","1","1","1","1","1","1","1","1","1","1","1","1","1","0","0"
"3676","38.25",1.75,NA,"8.55167007446289","2007","1","1","1","1","1","1","1","1","1","1","1","1","1","1","1","1","1","1","1","1","1","1","1","1","1","1","1","1","1","1","1","1","0","0"
"3677","38.25",1.75,NA,NA,"1990","1","1","1","1","1","1","1","1","1","1","1","1","1","1","1","1","1","1","1","1","1","1","1","1","1","1","1","1","1","1","1","1","0","0"
"3678","38.25",1.75,NA,"8.50363731384277","2001","1","1","1","1","1","1","1","1","1","1","1","1","1","1","1","1","1","1","1","1","1","1","1","1","1","1","1","1","1","1","1","1","0","0"
"3679","38.25",1.75,NA,NA,"1994","1","1","1","1","1","1","1","1","1","1","1","1","1","1","1","1","1","1","1","1","1","1","1","1","1","1","1","1","1","1","1","1","0","0"
"3680","38.25",1.75,NA,NA,"1997","1","1","1","1","1","1","1","1","1","1","1","1","1","1","1","1","1","1","1","1","1","1","1","1","1","1","1","1","1","1","1","1","0","0"
"3681","38.25",1.75,NA,"5.64169692993164","2017","1","1","1","1","1","1","1","1","1","1","1","1","1","1","1","1","1","1","1","1","1","1","1","1","1","1","1","1","1","1","1","1","0","0"
"3682","38.25",1.75,NA,NA,"1985","1","1","1","1","1","1","1","1","1","1","1","1","1","1","1","1","1","1","1","1","1","1","1","1","1","1","1","1","1","1","1","1","0","0"
"3683","38.25",1.75,NA,"6.07271575927734","2010","1","1","1","1","1","1","1","1","1","1","1","1","1","1","1","1","1","1","1","1","1","1","1","1","1","1","1","1","1","1","1","1","0","0"
"3684","38.25",1.75,NA,"7.64719581604004","2012","1","1","1","1","1","1","1","1","1","1","1","1","1","1","1","1","1","1","1","1","1","1","1","1","1","1","1","1","1","1","1","1","0","0"
"3685","38.25",1.75,NA,NA,"2020","1","1","1","1","1","1","1","1","1","1","1","1","1","1","1","1","1","1","1","1","1","1","1","1","1","1","1","1","1","1","1","1","0","0"
"3686","38.25",1.75,NA,"7.08335733413696","2004","1","1","1","1","1","1","1","1","1","1","1","1","1","1","1","1","1","1","1","1","1","1","1","1","1","1","1","1","1","1","1","1","0","0"
"3687","38.25",1.75,NA,NA,"1996","1","1","1","1","1","1","1","1","1","1","1","1","1","1","1","1","1","1","1","1","1","1","1","1","1","1","1","1","1","1","1","1","0","0"
"3688","38.25",1.75,NA,"9.43542575836182","2006","1","1","1","1","1","1","1","1","1","1","1","1","1","1","1","1","1","1","1","1","1","1","1","1","1","1","1","1","1","1","1","1","0","0"
"3689","38.25",1.75,NA,"8.41695594787598","2002","1","1","1","1","1","1","1","1","1","1","1","1","1","1","1","1","1","1","1","1","1","1","1","1","1","1","1","1","1","1","1","1","0","0"
"3690","38.25",1.75,NA,"11.3281240463257","2016","1","1","1","1","1","1","1","1","1","1","1","1","1","1","1","1","1","1","1","1","1","1","1","1","1","1","1","1","1","1","1","1","0","0"
"3691","38.25",1.75,NA,NA,"1987","1","1","1","1","1","1","1","1","1","1","1","1","1","1","1","1","1","1","1","1","1","1","1","1","1","1","1","1","1","1","1","1","0","0"
"3692","38.25",1.75,NA,"10.1681890487671","2003","1","1","1","1","1","1","1","1","1","1","1","1","1","1","1","1","1","1","1","1","1","1","1","1","1","1","1","1","1","1","1","1","0","0"
"3693","38.25",1.75,NA,"10.2674741744995","2011","1","1","1","1","1","1","1","1","1","1","1","1","1","1","1","1","1","1","1","1","1","1","1","1","1","1","1","1","1","1","1","1","0","0"
"3694","38.25",1.75,NA,"5.12973308563232","2009","1","1","1","1","1","1","1","1","1","1","1","1","1","1","1","1","1","1","1","1","1","1","1","1","1","1","1","1","1","1","1","1","0","0"
"3695","38.25",1.75,NA,NA,"1993","1","1","1","1","1","1","1","1","1","1","1","1","1","1","1","1","1","1","1","1","1","1","1","1","1","1","1","1","1","1","1","1","0","0"
"3696","38.25",1.75,NA,"21.0820960998535","2018","1","1","1","1","1","1","1","1","1","1","1","1","1","1","1","1","1","1","1","1","1","1","1","1","1","1","1","1","1","1","1","1","0","0"
"3697","38.25",1.75,NA,"10.1169195175171","2015","1","1","1","1","1","1","1","1","1","1","1","1","1","1","1","1","1","1","1","1","1","1","1","1","1","1","1","1","1","1","1","1","0","0"
"3698","38.25",1.75,NA,NA,"1998","1","1","1","1","1","1","1","1","1","1","1","1","1","1","1","1","1","1","1","1","1","1","1","1","1","1","1","1","1","1","1","1","0","0"
"3699","38.25",1.75,NA,"8.94971466064453","1999","1","1","1","1","1","1","1","1","1","1","1","1","1","1","1","1","1","1","1","1","1","1","1","1","1","1","1","1","1","1","1","1","0","0"
"3700","38.25",1.75,NA,NA,"1991","1","1","1","1","1","1","1","1","1","1","1","1","1","1","1","1","1","1","1","1","1","1","1","1","1","1","1","1","1","1","1","1","0","0"
"3701","38.25",1.75,NA,"12.5166606903076","2019","1","1","1","1","1","1","1","1","1","1","1","1","1","1","1","1","1","1","1","1","1","1","1","1","1","1","1","1","1","1","1","1","0","0"
"3702","38.25",1.75,NA,"5.67316579818726","2000","1","1","1","1","1","1","1","1","1","1","1","1","1","1","1","1","1","1","1","1","1","1","1","1","1","1","1","1","1","1","1","1","0","0"
"3703","38.25",1.75,NA,NA,"1986","1","1","1","1","1","1","1","1","1","1","1","1","1","1","1","1","1","1","1","1","1","1","1","1","1","1","1","1","1","1","1","1","0","0"
"3704","38.25",1.75,NA,"10.2285223007202","2014","1","1","1","1","1","1","1","1","1","1","1","1","1","1","1","1","1","1","1","1","1","1","1","1","1","1","1","1","1","1","1","1","0","0"
"3705","38.25",1.75,NA,"10.9214372634888","2013","1","1","1","1","1","1","1","1","1","1","1","1","1","1","1","1","1","1","1","1","1","1","1","1","1","1","1","1","1","1","1","1","0","0"
"3706","38.25",1.75,NA,NA,"1992","1","1","1","1","1","1","1","1","1","1","1","1","1","1","1","1","1","1","1","1","1","1","1","1","1","1","1","1","1","1","1","1","0","0"
"3707","38.25",1.75,NA,NA,"1995","1","1","1","1","1","1","1","1","1","1","1","1","1","1","1","1","1","1","1","1","1","1","1","1","1","1","1","1","1","1","1","1","0","0"
"3708","38.25",1.75,NA,"6.46908950805664","2005","1","1","1","1","1","1","1","1","1","1","1","1","1","1","1","1","1","1","1","1","1","1","1","1","1","1","1","1","1","1","1","1","0","0"
"3709","38.25",2.25,NA,NA,"2020","1","1","1","1","1","1","1","1","1","1","1","1","1","1","1","1","1","1","1","1","1","1","1","1","1","1","1","1","1","1","1","1","0","0"
"3710","38.25",2.25,NA,NA,"1988","1","1","1","1","1","1","1","1","1","1","1","1","1","1","1","1","1","1","1","1","1","1","1","1","1","1","1","1","1","1","1","1","0","0"
"3711","38.25",2.25,NA,NA,"1994","1","1","1","1","1","1","1","1","1","1","1","1","1","1","1","1","1","1","1","1","1","1","1","1","1","1","1","1","1","1","1","1","0","0"
"3712","38.25",2.25,NA,NA,"1989","1","1","1","1","1","1","1","1","1","1","1","1","1","1","1","1","1","1","1","1","1","1","1","1","1","1","1","1","1","1","1","1","0","0"
"3713","38.25",2.25,NA,NA,"1990","1","1","1","1","1","1","1","1","1","1","1","1","1","1","1","1","1","1","1","1","1","1","1","1","1","1","1","1","1","1","1","1","0","0"
"3714","38.25",2.25,NA,"16.7611103057861","2011","1","1","1","1","1","1","1","1","1","1","1","1","1","1","1","1","1","1","1","1","1","1","1","1","1","1","1","1","1","1","1","1","0","0"
"3715","38.25",2.25,NA,"18.1334114074707","2001","1","1","1","1","1","1","1","1","1","1","1","1","1","1","1","1","1","1","1","1","1","1","1","1","1","1","1","1","1","1","1","1","0","0"
"3716","38.25",2.25,NA,"26.7859573364258","2013","1","1","1","1","1","1","1","1","1","1","1","1","1","1","1","1","1","1","1","1","1","1","1","1","1","1","1","1","1","1","1","1","0","0"
"3717","38.25",2.25,NA,"18.3456325531006","1999","1","1","1","1","1","1","1","1","1","1","1","1","1","1","1","1","1","1","1","1","1","1","1","1","1","1","1","1","1","1","1","1","0","0"
"3718","38.25",2.25,NA,NA,"1993","1","1","1","1","1","1","1","1","1","1","1","1","1","1","1","1","1","1","1","1","1","1","1","1","1","1","1","1","1","1","1","1","0","0"
"3719","38.25",2.25,NA,"21.4935550689697","2004","1","1","1","1","1","1","1","1","1","1","1","1","1","1","1","1","1","1","1","1","1","1","1","1","1","1","1","1","1","1","1","1","0","0"
"3720","38.25",2.25,NA,"24.5645847320557","2019","1","1","1","1","1","1","1","1","1","1","1","1","1","1","1","1","1","1","1","1","1","1","1","1","1","1","1","1","1","1","1","1","0","0"
"3721","38.25",2.25,NA,"15.2682704925537","2009","1","1","1","1","1","1","1","1","1","1","1","1","1","1","1","1","1","1","1","1","1","1","1","1","1","1","1","1","1","1","1","1","0","0"
"3722","38.25",2.25,NA,NA,"1987","1","1","1","1","1","1","1","1","1","1","1","1","1","1","1","1","1","1","1","1","1","1","1","1","1","1","1","1","1","1","1","1","0","0"
"3723","38.25",2.25,NA,"21.1659145355225","2003","1","1","1","1","1","1","1","1","1","1","1","1","1","1","1","1","1","1","1","1","1","1","1","1","1","1","1","1","1","1","1","1","0","0"
"3724","38.25",2.25,NA,NA,"1998","1","1","1","1","1","1","1","1","1","1","1","1","1","1","1","1","1","1","1","1","1","1","1","1","1","1","1","1","1","1","1","1","0","0"
"3725","38.25",2.25,NA,"19.3128719329834","2002","1","1","1","1","1","1","1","1","1","1","1","1","1","1","1","1","1","1","1","1","1","1","1","1","1","1","1","1","1","1","1","1","0","0"
"3726","38.25",2.25,NA,NA,"1995","1","1","1","1","1","1","1","1","1","1","1","1","1","1","1","1","1","1","1","1","1","1","1","1","1","1","1","1","1","1","1","1","0","0"
"3727","38.25",2.25,NA,"14.3279476165771","2000","1","1","1","1","1","1","1","1","1","1","1","1","1","1","1","1","1","1","1","1","1","1","1","1","1","1","1","1","1","1","1","1","0","0"
"3728","38.25",2.25,NA,"24.4241523742676","2016","1","1","1","1","1","1","1","1","1","1","1","1","1","1","1","1","1","1","1","1","1","1","1","1","1","1","1","1","1","1","1","1","0","0"
"3729","38.25",2.25,NA,"21.9705543518066","2007","1","1","1","1","1","1","1","1","1","1","1","1","1","1","1","1","1","1","1","1","1","1","1","1","1","1","1","1","1","1","1","1","0","0"
"3730","38.25",2.25,NA,"21.7142295837402","2015","1","1","1","1","1","1","1","1","1","1","1","1","1","1","1","1","1","1","1","1","1","1","1","1","1","1","1","1","1","1","1","1","0","0"
"3731","38.25",2.25,NA,NA,"1997","1","1","1","1","1","1","1","1","1","1","1","1","1","1","1","1","1","1","1","1","1","1","1","1","1","1","1","1","1","1","1","1","0","0"
"3732","38.25",2.25,NA,"15.0168008804321","2005","1","1","1","1","1","1","1","1","1","1","1","1","1","1","1","1","1","1","1","1","1","1","1","1","1","1","1","1","1","1","1","1","0","0"
"3733","38.25",2.25,NA,NA,"1985","1","1","1","1","1","1","1","1","1","1","1","1","1","1","1","1","1","1","1","1","1","1","1","1","1","1","1","1","1","1","1","1","0","0"
"3734","38.25",2.25,NA,NA,"1991","1","1","1","1","1","1","1","1","1","1","1","1","1","1","1","1","1","1","1","1","1","1","1","1","1","1","1","1","1","1","1","1","0","0"
"3735","38.25",2.25,NA,"19.9420967102051","2012","1","1","1","1","1","1","1","1","1","1","1","1","1","1","1","1","1","1","1","1","1","1","1","1","1","1","1","1","1","1","1","1","0","0"
"3736","38.25",2.25,NA,"22.8357276916504","2008","1","1","1","1","1","1","1","1","1","1","1","1","1","1","1","1","1","1","1","1","1","1","1","1","1","1","1","1","1","1","1","1","0","0"
"3737","38.25",2.25,NA,"31.8790149688721","2018","1","1","1","1","1","1","1","1","1","1","1","1","1","1","1","1","1","1","1","1","1","1","1","1","1","1","1","1","1","1","1","1","0","0"
"3738","38.25",2.25,NA,NA,"1996","1","1","1","1","1","1","1","1","1","1","1","1","1","1","1","1","1","1","1","1","1","1","1","1","1","1","1","1","1","1","1","1","0","0"
"3739","38.25",2.25,NA,"18.8236560821533","2014","1","1","1","1","1","1","1","1","1","1","1","1","1","1","1","1","1","1","1","1","1","1","1","1","1","1","1","1","1","1","1","1","0","0"
"3740","38.25",2.25,NA,"21.4519500732422","2006","1","1","1","1","1","1","1","1","1","1","1","1","1","1","1","1","1","1","1","1","1","1","1","1","1","1","1","1","1","1","1","1","0","0"
"3741","38.25",2.25,NA,"15.3558206558228","2010","1","1","1","1","1","1","1","1","1","1","1","1","1","1","1","1","1","1","1","1","1","1","1","1","1","1","1","1","1","1","1","1","0","0"
"3742","38.25",2.25,NA,NA,"1992","1","1","1","1","1","1","1","1","1","1","1","1","1","1","1","1","1","1","1","1","1","1","1","1","1","1","1","1","1","1","1","1","0","0"
"3743","38.25",2.25,NA,NA,"1986","1","1","1","1","1","1","1","1","1","1","1","1","1","1","1","1","1","1","1","1","1","1","1","1","1","1","1","1","1","1","1","1","0","0"
"3744","38.25",2.25,NA,"16.6960277557373","2017","1","1","1","1","1","1","1","1","1","1","1","1","1","1","1","1","1","1","1","1","1","1","1","1","1","1","1","1","1","1","1","1","0","0"
"3745","38.25",2.75,NA,NA,"1988",,,,,,,,,,,,,,,,,,,,,,,,,,,,,,,,,,"0"
"3746","38.25",2.75,NA,"10.3840255737305","2014",,,,,,,,,,,,,,,,,,,,,,,,,,,,,,,,,,"0"
"3747","38.25",2.75,NA,"9.52153968811035","2016",,,,,,,,,,,,,,,,,,,,,,,,,,,,,,,,,,"0"
"3748","38.25",2.75,NA,"6.65678882598877","2000",,,,,,,,,,,,,,,,,,,,,,,,,,,,,,,,,,"0"
"3749","38.25",2.75,NA,"8.30725955963135","2004",,,,,,,,,,,,,,,,,,,,,,,,,,,,,,,,,,"0"
"3750","38.25",2.75,NA,NA,"1998",,,,,,,,,,,,,,,,,,,,,,,,,,,,,,,,,,"0"
"3751","38.25",2.75,NA,NA,"1992",,,,,,,,,,,,,,,,,,,,,,,,,,,,,,,,,,"0"
"3752","38.25",2.75,NA,"9.2492094039917","2003",,,,,,,,,,,,,,,,,,,,,,,,,,,,,,,,,,"0"
"3753","38.25",2.75,NA,"10.9717063903809","2012",,,,,,,,,,,,,,,,,,,,,,,,,,,,,,,,,,"0"
"3754","38.25",2.75,NA,"19.8256454467773","2018",,,,,,,,,,,,,,,,,,,,,,,,,,,,,,,,,,"0"
"3755","38.25",2.75,NA,"8.47630023956299","2017",,,,,,,,,,,,,,,,,,,,,,,,,,,,,,,,,,"0"
"3756","38.25",2.75,NA,NA,"1994",,,,,,,,,,,,,,,,,,,,,,,,,,,,,,,,,,"0"
"3757","38.25",2.75,NA,"11.5738372802734","2006",,,,,,,,,,,,,,,,,,,,,,,,,,,,,,,,,,"0"
"3758","38.25",2.75,NA,"7.76445436477661","2005",,,,,,,,,,,,,,,,,,,,,,,,,,,,,,,,,,"0"
"3759","38.25",2.75,NA,"9.19322776794434","2001",,,,,,,,,,,,,,,,,,,,,,,,,,,,,,,,,,"0"
"3760","38.25",2.75,NA,"8.66134262084961","2010",,,,,,,,,,,,,,,,,,,,,,,,,,,,,,,,,,"0"
"3761","38.25",2.75,NA,NA,"1993",,,,,,,,,,,,,,,,,,,,,,,,,,,,,,,,,,"0"
"3762","38.25",2.75,NA,NA,"1987",,,,,,,,,,,,,,,,,,,,,,,,,,,,,,,,,,"0"
"3763","38.25",2.75,NA,NA,"1991",,,,,,,,,,,,,,,,,,,,,,,,,,,,,,,,,,"0"
"3764","38.25",2.75,NA,NA,"1995",,,,,,,,,,,,,,,,,,,,,,,,,,,,,,,,,,"0"
"3765","38.25",2.75,NA,"9.8648796081543","2002",,,,,,,,,,,,,,,,,,,,,,,,,,,,,,,,,,"0"
"3766","38.25",2.75,NA,"7.23962354660034","2009",,,,,,,,,,,,,,,,,,,,,,,,,,,,,,,,,,"0"
"3767","38.25",2.75,NA,"9.83108901977539","2015",,,,,,,,,,,,,,,,,,,,,,,,,,,,,,,,,,"0"
"3768","38.25",2.75,NA,NA,"1997",,,,,,,,,,,,,,,,,,,,,,,,,,,,,,,,,,"0"
"3769","38.25",2.75,NA,NA,"1986",,,,,,,,,,,,,,,,,,,,,,,,,,,,,,,,,,"0"
"3770","38.25",2.75,NA,NA,"1990",,,,,,,,,,,,,,,,,,,,,,,,,,,,,,,,,,"0"
"3771","38.25",2.75,NA,"7.83993911743164","1999",,,,,,,,,,,,,,,,,,,,,,,,,,,,,,,,,,"0"
"3772","38.25",2.75,NA,NA,"1985",,,,,,,,,,,,,,,,,,,,,,,,,,,,,,,,,,"0"
"3773","38.25",2.75,NA,"10.9570865631104","2008",,,,,,,,,,,,,,,,,,,,,,,,,,,,,,,,,,"0"
"3774","38.25",2.75,NA,"14.6251535415649","2019",,,,,,,,,,,,,,,,,,,,,,,,,,,,,,,,,,"0"
"3775","38.25",2.75,NA,NA,"1996",,,,,,,,,,,,,,,,,,,,,,,,,,,,,,,,,,"0"
"3776","38.25",2.75,NA,"15.4632682800293","2013",,,,,,,,,,,,,,,,,,,,,,,,,,,,,,,,,,"0"
"3777","38.25",2.75,NA,"10.5991916656494","2011",,,,,,,,,,,,,,,,,,,,,,,,,,,,,,,,,,"0"
"3778","38.25",2.75,NA,"9.82540130615234","2007",,,,,,,,,,,,,,,,,,,,,,,,,,,,,,,,,,"0"
"3779","38.25",2.75,NA,NA,"2020",,,,,,,,,,,,,,,,,,,,,,,,,,,,,,,,,,"0"
"3780","38.25",2.75,NA,NA,"1989",,,,,,,,,,,,,,,,,,,,,,,,,,,,,,,,,,"0"
"3781","38.25",3.25,NA,"14.5067853927612","2008",,,,,,,,,,,,,,,,,,,,,,,,,,,,,,,,,,"0"
"3782","38.25",3.25,NA,"9.61844158172607","2007",,,,,,,,,,,,,,,,,,,,,,,,,,,,,,,,,,"0"
"3783","38.25",3.25,NA,NA,"1989",,,,,,,,,,,,,,,,,,,,,,,,,,,,,,,,,,"0"
"3784","38.25",3.25,NA,NA,"1987",,,,,,,,,,,,,,,,,,,,,,,,,,,,,,,,,,"0"
"3785","38.25",3.25,NA,NA,"1988",,,,,,,,,,,,,,,,,,,,,,,,,,,,,,,,,,"0"
"3786","38.25",3.25,NA,"8.11613368988037","2009",,,,,,,,,,,,,,,,,,,,,,,,,,,,,,,,,,"0"
"3787","38.25",3.25,NA,"10.8925914764404","2014",,,,,,,,,,,,,,,,,,,,,,,,,,,,,,,,,,"0"
"3788","38.25",3.25,NA,"14.6264867782593","2002",,,,,,,,,,,,,,,,,,,,,,,,,,,,,,,,,,"0"
"3789","38.25",3.25,NA,NA,"1991",,,,,,,,,,,,,,,,,,,,,,,,,,,,,,,,,,"0"
"3790","38.25",3.25,NA,"24.664249420166","2018",,,,,,,,,,,,,,,,,,,,,,,,,,,,,,,,,,"0"
"3791","38.25",3.25,NA,NA,"1992",,,,,,,,,,,,,,,,,,,,,,,,,,,,,,,,,,"0"
"3792","38.25",3.25,NA,NA,"1997",,,,,,,,,,,,,,,,,,,,,,,,,,,,,,,,,,"0"
"3793","38.25",3.25,NA,NA,"1986",,,,,,,,,,,,,,,,,,,,,,,,,,,,,,,,,,"0"
"3794","38.25",3.25,NA,"13.4001655578613","2003",,,,,,,,,,,,,,,,,,,,,,,,,,,,,,,,,,"0"
"3795","38.25",3.25,NA,NA,"1998",,,,,,,,,,,,,,,,,,,,,,,,,,,,,,,,,,"0"
"3796","38.25",3.25,NA,NA,"1993",,,,,,,,,,,,,,,,,,,,,,,,,,,,,,,,,,"0"
"3797","38.25",3.25,NA,"13.7833604812622","2006",,,,,,,,,,,,,,,,,,,,,,,,,,,,,,,,,,"0"
"3798","38.25",3.25,NA,NA,"2020",,,,,,,,,,,,,,,,,,,,,,,,,,,,,,,,,,"0"
"3799","38.25",3.25,NA,NA,"1994",,,,,,,,,,,,,,,,,,,,,,,,,,,,,,,,,,"0"
"3800","38.25",3.25,NA,"8.53064250946045","1999",,,,,,,,,,,,,,,,,,,,,,,,,,,,,,,,,,"0"
"3801","38.25",3.25,NA,"10.5596342086792","2004",,,,,,,,,,,,,,,,,,,,,,,,,,,,,,,,,,"0"
"3802","38.25",3.25,NA,"18.45361328125","2013",,,,,,,,,,,,,,,,,,,,,,,,,,,,,,,,,,"0"
"3803","38.25",3.25,NA,"17.9833393096924","2019",,,,,,,,,,,,,,,,,,,,,,,,,,,,,,,,,,"0"
"3804","38.25",3.25,NA,"8.71996784210205","2005",,,,,,,,,,,,,,,,,,,,,,,,,,,,,,,,,,"0"
"3805","38.25",3.25,NA,"12.4844989776611","2012",,,,,,,,,,,,,,,,,,,,,,,,,,,,,,,,,,"0"
"3806","38.25",3.25,NA,NA,"1985",,,,,,,,,,,,,,,,,,,,,,,,,,,,,,,,,,"0"
"3807","38.25",3.25,NA,"14.0836696624756","2011",,,,,,,,,,,,,,,,,,,,,,,,,,,,,,,,,,"0"
"3808","38.25",3.25,NA,"10.0362615585327","2017",,,,,,,,,,,,,,,,,,,,,,,,,,,,,,,,,,"0"
"3809","38.25",3.25,NA,"10.1433591842651","2001",,,,,,,,,,,,,,,,,,,,,,,,,,,,,,,,,,"0"
"3810","38.25",3.25,NA,"10.1313800811768","2010",,,,,,,,,,,,,,,,,,,,,,,,,,,,,,,,,,"0"
"3811","38.25",3.25,NA,NA,"1996",,,,,,,,,,,,,,,,,,,,,,,,,,,,,,,,,,"0"
"3812","38.25",3.25,NA,"11.8046646118164","2015",,,,,,,,,,,,,,,,,,,,,,,,,,,,,,,,,,"0"
"3813","38.25",3.25,NA,"9.39758968353271","2016",,,,,,,,,,,,,,,,,,,,,,,,,,,,,,,,,,"0"
"3814","38.25",3.25,NA,NA,"1995",,,,,,,,,,,,,,,,,,,,,,,,,,,,,,,,,,"0"
"3815","38.25",3.25,NA,NA,"1990",,,,,,,,,,,,,,,,,,,,,,,,,,,,,,,,,,"0"
"3816","38.25",3.25,NA,"6.63381433486938","2000",,,,,,,,,,,,,,,,,,,,,,,,,,,,,,,,,,"0"
"3817","38.75",-4.25,"0.605000019073486","32.1607780456543","2011",,,,,,,,,,,,,,,,,,,,,,,,,,,,,,,,,,"0"
"3818","38.75",-4.25,"0.605000019073486",NA,"1989",,,,,,,,,,,,,,,,,,,,,,,,,,,,,,,,,,"0"
"3819","38.75",-4.25,"0.605000019073486",NA,"1991",,,,,,,,,,,,,,,,,,,,,,,,,,,,,,,,,,"0"
"3820","38.75",-4.25,"0.605000019073486","22.8050804138184","2009",,,,,,,,,,,,,,,,,,,,,,,,,,,,,,,,,,"0"
"3821","38.75",-4.25,"0.605000019073486","27.4330673217773","2016",,,,,,,,,,,,,,,,,,,,,,,,,,,,,,,,,,"0"
"3822","38.75",-4.25,"0.605000019073486","35.5401573181152","2002",,,,,,,,,,,,,,,,,,,,,,,,,,,,,,,,,,"0"
"3823","38.75",-4.25,"0.605000019073486","32.5753631591797","2008",,,,,,,,,,,,,,,,,,,,,,,,,,,,,,,,,,"0"
"3824","38.75",-4.25,"0.605000019073486","28.5118579864502","2013",,,,,,,,,,,,,,,,,,,,,,,,,,,,,,,,,,"0"
"3825","38.75",-4.25,"0.605000019073486",NA,"1994",,,,,,,,,,,,,,,,,,,,,,,,,,,,,,,,,,"0"
"3826","38.75",-4.25,"0.605000019073486","42.9517135620117","2019",,,,,,,,,,,,,,,,,,,,,,,,,,,,,,,,,,"0"
"3827","38.75",-4.25,"0.605000019073486",NA,"1987",,,,,,,,,,,,,,,,,,,,,,,,,,,,,,,,,,"0"
"3828","38.75",-4.25,"0.605000019073486","35.3498153686523","2010",,,,,,,,,,,,,,,,,,,,,,,,,,,,,,,,,,"0"
"3829","38.75",-4.25,"0.605000019073486","32.0466499328613","2014",,,,,,,,,,,,,,,,,,,,,,,,,,,,,,,,,,"0"
"3830","38.75",-4.25,"0.605000019073486",NA,"1986",,,,,,,,,,,,,,,,,,,,,,,,,,,,,,,,,,"0"
"3831","38.75",-4.25,"0.605000019073486","35.4313354492188","2006",,,,,,,,,,,,,,,,,,,,,,,,,,,,,,,,,,"0"
"3832","38.75",-4.25,"0.605000019073486","27.097095489502","2001",,,,,,,,,,,,,,,,,,,,,,,,,,,,,,,,,,"0"
"3833","38.75",-4.25,"0.605000019073486","27.1713829040527","2012",,,,,,,,,,,,,,,,,,,,,,,,,,,,,,,,,,"0"
"3834","38.75",-4.25,"0.605000019073486","38.3367538452148","2004",,,,,,,,,,,,,,,,,,,,,,,,,,,,,,,,,,"0"
"3835","38.75",-4.25,"0.605000019073486","30.9087219238281","1999",,,,,,,,,,,,,,,,,,,,,,,,,,,,,,,,,,"0"
"3836","38.75",-4.25,"0.605000019073486","28.2735939025879","2005",,,,,,,,,,,,,,,,,,,,,,,,,,,,,,,,,,"0"
"3837","38.75",-4.25,"0.605000019073486","27.9630603790283","2015",,,,,,,,,,,,,,,,,,,,,,,,,,,,,,,,,,"0"
"3838","38.75",-4.25,"0.605000019073486",NA,"1996",,,,,,,,,,,,,,,,,,,,,,,,,,,,,,,,,,"0"
"3839","38.75",-4.25,"0.605000019073486","34.0973243713379","2003",,,,,,,,,,,,,,,,,,,,,,,,,,,,,,,,,,"0"
"3840","38.75",-4.25,"0.605000019073486","44.5528755187988","2007",,,,,,,,,,,,,,,,,,,,,,,,,,,,,,,,,,"0"
"3841","38.75",-4.25,"0.605000019073486",NA,"2020",,,,,,,,,,,,,,,,,,,,,,,,,,,,,,,,,,"0"
"3842","38.75",-4.25,"0.605000019073486","31.0062961578369","2000",,,,,,,,,,,,,,,,,,,,,,,,,,,,,,,,,,"0"
"3843","38.75",-4.25,"0.605000019073486","41.5195350646973","2018",,,,,,,,,,,,,,,,,,,,,,,,,,,,,,,,,,"0"
"3844","38.75",-4.25,"0.605000019073486",NA,"1995",,,,,,,,,,,,,,,,,,,,,,,,,,,,,,,,,,"0"
"3845","38.75",-4.25,"0.605000019073486",NA,"1985",,,,,,,,,,,,,,,,,,,,,,,,,,,,,,,,,,"0"
"3846","38.75",-4.25,"0.605000019073486","34.4587669372559","2017",,,,,,,,,,,,,,,,,,,,,,,,,,,,,,,,,,"0"
"3847","38.75",-4.25,"0.605000019073486",NA,"1997",,,,,,,,,,,,,,,,,,,,,,,,,,,,,,,,,,"0"
"3848","38.75",-4.25,"0.605000019073486",NA,"1998",,,,,,,,,,,,,,,,,,,,,,,,,,,,,,,,,,"0"
"3849","38.75",-4.25,"0.605000019073486",NA,"1988",,,,,,,,,,,,,,,,,,,,,,,,,,,,,,,,,,"0"
"3850","38.75",-4.25,"0.605000019073486",NA,"1993",,,,,,,,,,,,,,,,,,,,,,,,,,,,,,,,,,"0"
"3851","38.75",-4.25,"0.605000019073486",NA,"1992",,,,,,,,,,,,,,,,,,,,,,,,,,,,,,,,,,"0"
"3852","38.75",-4.25,"0.605000019073486",NA,"1990",,,,,,,,,,,,,,,,,,,,,,,,,,,,,,,,,,"0"
"3853","38.75",-3.75,"0.605000019073486","21.3765182495117","2009",,,,,,,,,,,,,,,,,,,,,,,,,,,,,,,,,,"0"
"3854","38.75",-3.75,"0.605000019073486","36.8691177368164","2019",,,,,,,,,,,,,,,,,,,,,,,,,,,,,,,,,,"0"
"3855","38.75",-3.75,"0.605000019073486",NA,"1987",,,,,,,,,,,,,,,,,,,,,,,,,,,,,,,,,,"0"
"3856","38.75",-3.75,"0.605000019073486","23.4345569610596","2012",,,,,,,,,,,,,,,,,,,,,,,,,,,,,,,,,,"0"
"3857","38.75",-3.75,"0.605000019073486","37.1645278930664","2007",,,,,,,,,,,,,,,,,,,,,,,,,,,,,,,,,,"0"
"3858","38.75",-3.75,"0.605000019073486","27.9960632324219","2010",,,,,,,,,,,,,,,,,,,,,,,,,,,,,,,,,,"0"
"3859","38.75",-3.75,"0.605000019073486","27.131275177002","2011",,,,,,,,,,,,,,,,,,,,,,,,,,,,,,,,,,"0"
"3860","38.75",-3.75,"0.605000019073486",NA,"1998",,,,,,,,,,,,,,,,,,,,,,,,,,,,,,,,,,"0"
"3861","38.75",-3.75,"0.605000019073486","25.4610576629639","2003",,,,,,,,,,,,,,,,,,,,,,,,,,,,,,,,,,"0"
"3862","38.75",-3.75,"0.605000019073486",NA,"1989",,,,,,,,,,,,,,,,,,,,,,,,,,,,,,,,,,"0"
"3863","38.75",-3.75,"0.605000019073486","34.6346206665039","2018",,,,,,,,,,,,,,,,,,,,,,,,,,,,,,,,,,"0"
"3864","38.75",-3.75,"0.605000019073486",NA,"1995",,,,,,,,,,,,,,,,,,,,,,,,,,,,,,,,,,"0"
"3865","38.75",-3.75,"0.605000019073486","27.7772655487061","1999",,,,,,,,,,,,,,,,,,,,,,,,,,,,,,,,,,"0"
"3866","38.75",-3.75,"0.605000019073486",NA,"1997",,,,,,,,,,,,,,,,,,,,,,,,,,,,,,,,,,"0"
"3867","38.75",-3.75,"0.605000019073486","24.2324905395508","2001",,,,,,,,,,,,,,,,,,,,,,,,,,,,,,,,,,"0"
"3868","38.75",-3.75,"0.605000019073486","29.1576862335205","2014",,,,,,,,,,,,,,,,,,,,,,,,,,,,,,,,,,"0"
"3869","38.75",-3.75,"0.605000019073486",NA,"1996",,,,,,,,,,,,,,,,,,,,,,,,,,,,,,,,,,"0"
"3870","38.75",-3.75,"0.605000019073486",NA,"1990",,,,,,,,,,,,,,,,,,,,,,,,,,,,,,,,,,"0"
"3871","38.75",-3.75,"0.605000019073486","25.0453929901123","2013",,,,,,,,,,,,,,,,,,,,,,,,,,,,,,,,,,"0"
"3872","38.75",-3.75,"0.605000019073486",NA,"1993",,,,,,,,,,,,,,,,,,,,,,,,,,,,,,,,,,"0"
"3873","38.75",-3.75,"0.605000019073486",NA,"2020",,,,,,,,,,,,,,,,,,,,,,,,,,,,,,,,,,"0"
"3874","38.75",-3.75,"0.605000019073486",NA,"1991",,,,,,,,,,,,,,,,,,,,,,,,,,,,,,,,,,"0"
"3875","38.75",-3.75,"0.605000019073486",NA,"1994",,,,,,,,,,,,,,,,,,,,,,,,,,,,,,,,,,"0"
"3876","38.75",-3.75,"0.605000019073486",NA,"1986",,,,,,,,,,,,,,,,,,,,,,,,,,,,,,,,,,"0"
"3877","38.75",-3.75,"0.605000019073486","30.4463081359863","2006",,,,,,,,,,,,,,,,,,,,,,,,,,,,,,,,,,"0"
"3878","38.75",-3.75,"0.605000019073486",NA,"1985",,,,,,,,,,,,,,,,,,,,,,,,,,,,,,,,,,"0"
"3879","38.75",-3.75,"0.605000019073486","26.2156162261963","2005",,,,,,,,,,,,,,,,,,,,,,,,,,,,,,,,,,"0"
"3880","38.75",-3.75,"0.605000019073486","34.9835014343262","2004",,,,,,,,,,,,,,,,,,,,,,,,,,,,,,,,,,"0"
"3881","38.75",-3.75,"0.605000019073486","26.6504020690918","2000",,,,,,,,,,,,,,,,,,,,,,,,,,,,,,,,,,"0"
"3882","38.75",-3.75,"0.605000019073486",NA,"1992",,,,,,,,,,,,,,,,,,,,,,,,,,,,,,,,,,"0"
"3883","38.75",-3.75,"0.605000019073486",NA,"1988",,,,,,,,,,,,,,,,,,,,,,,,,,,,,,,,,,"0"
"3884","38.75",-3.75,"0.605000019073486","33.2022247314453","2002",,,,,,,,,,,,,,,,,,,,,,,,,,,,,,,,,,"0"
"3885","38.75",-3.75,"0.605000019073486","27.7225437164307","2017",,,,,,,,,,,,,,,,,,,,,,,,,,,,,,,,,,"0"
"3886","38.75",-3.75,"0.605000019073486","30.0425777435303","2008",,,,,,,,,,,,,,,,,,,,,,,,,,,,,,,,,,"0"
"3887","38.75",-3.75,"0.605000019073486","29.1044235229492","2015",,,,,,,,,,,,,,,,,,,,,,,,,,,,,,,,,,"0"
"3888","38.75",-3.75,"0.605000019073486","22.2908935546875","2016",,,,,,,,,,,,,,,,,,,,,,,,,,,,,,,,,,"0"
"3889","38.75",-3.25,"0.605000019073486","19.880277633667","2004","1","1","1","1","1","1","1","1","1","1","1","1","1","1","1","1","1","1","1","1","1","1","1","1","1","1","1","1","1","1","1","1","0","0"
"3890","38.75",-3.25,"0.605000019073486","15.2922973632812","2011","1","1","1","1","1","1","1","1","1","1","1","1","1","1","1","1","1","1","1","1","1","1","1","1","1","1","1","1","1","1","1","1","0","0"
"3891","38.75",-3.25,"0.605000019073486","20.8786334991455","2015","1","1","1","1","1","1","1","1","1","1","1","1","1","1","1","1","1","1","1","1","1","1","1","1","1","1","1","1","1","1","1","1","0","0"
"3892","38.75",-3.25,"0.605000019073486","17.5403022766113","2006","1","1","1","1","1","1","1","1","1","1","1","1","1","1","1","1","1","1","1","1","1","1","1","1","1","1","1","1","1","1","1","1","0","0"
"3893","38.75",-3.25,"0.605000019073486","26.5590763092041","2018","1","1","1","1","1","1","1","1","1","1","1","1","1","1","1","1","1","1","1","1","1","1","1","1","1","1","1","1","1","1","1","1","0","0"
"3894","38.75",-3.25,"0.605000019073486","20.9218635559082","2010","1","1","1","1","1","1","1","1","1","1","1","1","1","1","1","1","1","1","1","1","1","1","1","1","1","1","1","1","1","1","1","1","0","0"
"3895","38.75",-3.25,"0.605000019073486",NA,"1994","1","1","1","1","1","1","1","1","1","1","1","1","1","1","1","1","1","1","1","1","1","1","1","1","1","1","1","1","1","1","1","1","0","0"
"3896","38.75",-3.25,"0.605000019073486","24.785213470459","2019","1","1","1","1","1","1","1","1","1","1","1","1","1","1","1","1","1","1","1","1","1","1","1","1","1","1","1","1","1","1","1","1","0","0"
"3897","38.75",-3.25,"0.605000019073486","24.0853786468506","2002","1","1","1","1","1","1","1","1","1","1","1","1","1","1","1","1","1","1","1","1","1","1","1","1","1","1","1","1","1","1","1","1","0","0"
"3898","38.75",-3.25,"0.605000019073486","19.5490646362305","2000","1","1","1","1","1","1","1","1","1","1","1","1","1","1","1","1","1","1","1","1","1","1","1","1","1","1","1","1","1","1","1","1","0","0"
"3899","38.75",-3.25,"0.605000019073486",NA,"2020","1","1","1","1","1","1","1","1","1","1","1","1","1","1","1","1","1","1","1","1","1","1","1","1","1","1","1","1","1","1","1","1","0","0"
"3900","38.75",-3.25,"0.605000019073486","19.2039051055908","2001","1","1","1","1","1","1","1","1","1","1","1","1","1","1","1","1","1","1","1","1","1","1","1","1","1","1","1","1","1","1","1","1","0","0"
"3901","38.75",-3.25,"0.605000019073486",NA,"1990","1","1","1","1","1","1","1","1","1","1","1","1","1","1","1","1","1","1","1","1","1","1","1","1","1","1","1","1","1","1","1","1","0","0"
"3902","38.75",-3.25,"0.605000019073486","16.6312828063965","2003","1","1","1","1","1","1","1","1","1","1","1","1","1","1","1","1","1","1","1","1","1","1","1","1","1","1","1","1","1","1","1","1","0","0"
"3903","38.75",-3.25,"0.605000019073486","14.2850437164307","2012","1","1","1","1","1","1","1","1","1","1","1","1","1","1","1","1","1","1","1","1","1","1","1","1","1","1","1","1","1","1","1","1","0","0"
"3904","38.75",-3.25,"0.605000019073486","26.5054759979248","2007","1","1","1","1","1","1","1","1","1","1","1","1","1","1","1","1","1","1","1","1","1","1","1","1","1","1","1","1","1","1","1","1","0","0"
"3905","38.75",-3.25,"0.605000019073486",NA,"1986","1","1","1","1","1","1","1","1","1","1","1","1","1","1","1","1","1","1","1","1","1","1","1","1","1","1","1","1","1","1","1","1","0","0"
"3906","38.75",-3.25,"0.605000019073486","16.0069427490234","2016","1","1","1","1","1","1","1","1","1","1","1","1","1","1","1","1","1","1","1","1","1","1","1","1","1","1","1","1","1","1","1","1","0","0"
"3907","38.75",-3.25,"0.605000019073486",NA,"1991","1","1","1","1","1","1","1","1","1","1","1","1","1","1","1","1","1","1","1","1","1","1","1","1","1","1","1","1","1","1","1","1","0","0"
"3908","38.75",-3.25,"0.605000019073486","19.246711730957","2013","1","1","1","1","1","1","1","1","1","1","1","1","1","1","1","1","1","1","1","1","1","1","1","1","1","1","1","1","1","1","1","1","0","0"
"3909","38.75",-3.25,"0.605000019073486","13.5638675689697","2017","1","1","1","1","1","1","1","1","1","1","1","1","1","1","1","1","1","1","1","1","1","1","1","1","1","1","1","1","1","1","1","1","0","0"
"3910","38.75",-3.25,"0.605000019073486",NA,"1993","1","1","1","1","1","1","1","1","1","1","1","1","1","1","1","1","1","1","1","1","1","1","1","1","1","1","1","1","1","1","1","1","0","0"
"3911","38.75",-3.25,"0.605000019073486","22.8269710540771","2008","1","1","1","1","1","1","1","1","1","1","1","1","1","1","1","1","1","1","1","1","1","1","1","1","1","1","1","1","1","1","1","1","0","0"
"3912","38.75",-3.25,"0.605000019073486",NA,"1985","1","1","1","1","1","1","1","1","1","1","1","1","1","1","1","1","1","1","1","1","1","1","1","1","1","1","1","1","1","1","1","1","0","0"
"3913","38.75",-3.25,"0.605000019073486","24.4137096405029","2014","1","1","1","1","1","1","1","1","1","1","1","1","1","1","1","1","1","1","1","1","1","1","1","1","1","1","1","1","1","1","1","1","0","0"
"3914","38.75",-3.25,"0.605000019073486",NA,"1996","1","1","1","1","1","1","1","1","1","1","1","1","1","1","1","1","1","1","1","1","1","1","1","1","1","1","1","1","1","1","1","1","0","0"
"3915","38.75",-3.25,"0.605000019073486",NA,"1988","1","1","1","1","1","1","1","1","1","1","1","1","1","1","1","1","1","1","1","1","1","1","1","1","1","1","1","1","1","1","1","1","0","0"
"3916","38.75",-3.25,"0.605000019073486","14.9596948623657","2009","1","1","1","1","1","1","1","1","1","1","1","1","1","1","1","1","1","1","1","1","1","1","1","1","1","1","1","1","1","1","1","1","0","0"
"3917","38.75",-3.25,"0.605000019073486",NA,"1995","1","1","1","1","1","1","1","1","1","1","1","1","1","1","1","1","1","1","1","1","1","1","1","1","1","1","1","1","1","1","1","1","0","0"
"3918","38.75",-3.25,"0.605000019073486","19.3215370178223","2005","1","1","1","1","1","1","1","1","1","1","1","1","1","1","1","1","1","1","1","1","1","1","1","1","1","1","1","1","1","1","1","1","0","0"
"3919","38.75",-3.25,"0.605000019073486",NA,"1998","1","1","1","1","1","1","1","1","1","1","1","1","1","1","1","1","1","1","1","1","1","1","1","1","1","1","1","1","1","1","1","1","0","0"
"3920","38.75",-3.25,"0.605000019073486",NA,"1989","1","1","1","1","1","1","1","1","1","1","1","1","1","1","1","1","1","1","1","1","1","1","1","1","1","1","1","1","1","1","1","1","0","0"
"3921","38.75",-3.25,"0.605000019073486",NA,"1992","1","1","1","1","1","1","1","1","1","1","1","1","1","1","1","1","1","1","1","1","1","1","1","1","1","1","1","1","1","1","1","1","0","0"
"3922","38.75",-3.25,"0.605000019073486",NA,"1997","1","1","1","1","1","1","1","1","1","1","1","1","1","1","1","1","1","1","1","1","1","1","1","1","1","1","1","1","1","1","1","1","0","0"
"3923","38.75",-3.25,"0.605000019073486","19.5064449310303","1999","1","1","1","1","1","1","1","1","1","1","1","1","1","1","1","1","1","1","1","1","1","1","1","1","1","1","1","1","1","1","1","1","0","0"
"3924","38.75",-3.25,"0.605000019073486",NA,"1987","1","1","1","1","1","1","1","1","1","1","1","1","1","1","1","1","1","1","1","1","1","1","1","1","1","1","1","1","1","1","1","1","0","0"
"3925","38.75",-2.75,"0.605000019073486","26.1627044677734","2014","1","1","1","1","1","1","1","1","1","1","1","1","1","1","1","1","1","1","1","1","1","1","1","1","1","1","1","1","1","1","1","1","0","0"
"3926","38.75",-2.75,"0.605000019073486",NA,"1986","1","1","1","1","1","1","1","1","1","1","1","1","1","1","1","1","1","1","1","1","1","1","1","1","1","1","1","1","1","1","1","1","0","0"
"3927","38.75",-2.75,"0.605000019073486",NA,"1988","1","1","1","1","1","1","1","1","1","1","1","1","1","1","1","1","1","1","1","1","1","1","1","1","1","1","1","1","1","1","1","1","0","0"
"3928","38.75",-2.75,"0.605000019073486",NA,"1992","1","1","1","1","1","1","1","1","1","1","1","1","1","1","1","1","1","1","1","1","1","1","1","1","1","1","1","1","1","1","1","1","0","0"
"3929","38.75",-2.75,"0.605000019073486","18.1100788116455","2005","1","1","1","1","1","1","1","1","1","1","1","1","1","1","1","1","1","1","1","1","1","1","1","1","1","1","1","1","1","1","1","1","0","0"
"3930","38.75",-2.75,"0.605000019073486","15.1422672271729","2016","1","1","1","1","1","1","1","1","1","1","1","1","1","1","1","1","1","1","1","1","1","1","1","1","1","1","1","1","1","1","1","1","0","0"
"3931","38.75",-2.75,"0.605000019073486","23.2234077453613","2000","1","1","1","1","1","1","1","1","1","1","1","1","1","1","1","1","1","1","1","1","1","1","1","1","1","1","1","1","1","1","1","1","0","0"
"3932","38.75",-2.75,"0.605000019073486","19.7535457611084","2008","1","1","1","1","1","1","1","1","1","1","1","1","1","1","1","1","1","1","1","1","1","1","1","1","1","1","1","1","1","1","1","1","0","0"
"3933","38.75",-2.75,"0.605000019073486","12.1797618865967","2009","1","1","1","1","1","1","1","1","1","1","1","1","1","1","1","1","1","1","1","1","1","1","1","1","1","1","1","1","1","1","1","1","0","0"
"3934","38.75",-2.75,"0.605000019073486",NA,"1998","1","1","1","1","1","1","1","1","1","1","1","1","1","1","1","1","1","1","1","1","1","1","1","1","1","1","1","1","1","1","1","1","0","0"
"3935","38.75",-2.75,"0.605000019073486",NA,"1991","1","1","1","1","1","1","1","1","1","1","1","1","1","1","1","1","1","1","1","1","1","1","1","1","1","1","1","1","1","1","1","1","0","0"
"3936","38.75",-2.75,"0.605000019073486",NA,"1994","1","1","1","1","1","1","1","1","1","1","1","1","1","1","1","1","1","1","1","1","1","1","1","1","1","1","1","1","1","1","1","1","0","0"
"3937","38.75",-2.75,"0.605000019073486","23.9656219482422","2018","1","1","1","1","1","1","1","1","1","1","1","1","1","1","1","1","1","1","1","1","1","1","1","1","1","1","1","1","1","1","1","1","0","0"
"3938","38.75",-2.75,"0.605000019073486","17.2647285461426","2015","1","1","1","1","1","1","1","1","1","1","1","1","1","1","1","1","1","1","1","1","1","1","1","1","1","1","1","1","1","1","1","1","0","0"
"3939","38.75",-2.75,"0.605000019073486",NA,"1995","1","1","1","1","1","1","1","1","1","1","1","1","1","1","1","1","1","1","1","1","1","1","1","1","1","1","1","1","1","1","1","1","0","0"
"3940","38.75",-2.75,"0.605000019073486","25.7726993560791","2007","1","1","1","1","1","1","1","1","1","1","1","1","1","1","1","1","1","1","1","1","1","1","1","1","1","1","1","1","1","1","1","1","0","0"
"3941","38.75",-2.75,"0.605000019073486","14.5373992919922","2012","1","1","1","1","1","1","1","1","1","1","1","1","1","1","1","1","1","1","1","1","1","1","1","1","1","1","1","1","1","1","1","1","0","0"
"3942","38.75",-2.75,"0.605000019073486",NA,"1996","1","1","1","1","1","1","1","1","1","1","1","1","1","1","1","1","1","1","1","1","1","1","1","1","1","1","1","1","1","1","1","1","0","0"
"3943","38.75",-2.75,"0.605000019073486","18.3554306030273","2013","1","1","1","1","1","1","1","1","1","1","1","1","1","1","1","1","1","1","1","1","1","1","1","1","1","1","1","1","1","1","1","1","0","0"
"3944","38.75",-2.75,"0.605000019073486","15.5364065170288","2011","1","1","1","1","1","1","1","1","1","1","1","1","1","1","1","1","1","1","1","1","1","1","1","1","1","1","1","1","1","1","1","1","0","0"
"3945","38.75",-2.75,"0.605000019073486","18.0877132415771","2006","1","1","1","1","1","1","1","1","1","1","1","1","1","1","1","1","1","1","1","1","1","1","1","1","1","1","1","1","1","1","1","1","0","0"
"3946","38.75",-2.75,"0.605000019073486","19.9619293212891","2010","1","1","1","1","1","1","1","1","1","1","1","1","1","1","1","1","1","1","1","1","1","1","1","1","1","1","1","1","1","1","1","1","0","0"
"3947","38.75",-2.75,"0.605000019073486","18.0392227172852","1999","1","1","1","1","1","1","1","1","1","1","1","1","1","1","1","1","1","1","1","1","1","1","1","1","1","1","1","1","1","1","1","1","0","0"
"3948","38.75",-2.75,"0.605000019073486","20.4334754943848","2019","1","1","1","1","1","1","1","1","1","1","1","1","1","1","1","1","1","1","1","1","1","1","1","1","1","1","1","1","1","1","1","1","0","0"
"3949","38.75",-2.75,"0.605000019073486","13.3418216705322","2017","1","1","1","1","1","1","1","1","1","1","1","1","1","1","1","1","1","1","1","1","1","1","1","1","1","1","1","1","1","1","1","1","0","0"
"3950","38.75",-2.75,"0.605000019073486",NA,"1993","1","1","1","1","1","1","1","1","1","1","1","1","1","1","1","1","1","1","1","1","1","1","1","1","1","1","1","1","1","1","1","1","0","0"
"3951","38.75",-2.75,"0.605000019073486",NA,"1990","1","1","1","1","1","1","1","1","1","1","1","1","1","1","1","1","1","1","1","1","1","1","1","1","1","1","1","1","1","1","1","1","0","0"
"3952","38.75",-2.75,"0.605000019073486",NA,"1989","1","1","1","1","1","1","1","1","1","1","1","1","1","1","1","1","1","1","1","1","1","1","1","1","1","1","1","1","1","1","1","1","0","0"
"3953","38.75",-2.75,"0.605000019073486","25.3179187774658","2002","1","1","1","1","1","1","1","1","1","1","1","1","1","1","1","1","1","1","1","1","1","1","1","1","1","1","1","1","1","1","1","1","0","0"
"3954","38.75",-2.75,"0.605000019073486",NA,"1987","1","1","1","1","1","1","1","1","1","1","1","1","1","1","1","1","1","1","1","1","1","1","1","1","1","1","1","1","1","1","1","1","0","0"
"3955","38.75",-2.75,"0.605000019073486","19.6914577484131","2001","1","1","1","1","1","1","1","1","1","1","1","1","1","1","1","1","1","1","1","1","1","1","1","1","1","1","1","1","1","1","1","1","0","0"
"3956","38.75",-2.75,"0.605000019073486","17.1570987701416","2003","1","1","1","1","1","1","1","1","1","1","1","1","1","1","1","1","1","1","1","1","1","1","1","1","1","1","1","1","1","1","1","1","0","0"
"3957","38.75",-2.75,"0.605000019073486","17.5958881378174","2004","1","1","1","1","1","1","1","1","1","1","1","1","1","1","1","1","1","1","1","1","1","1","1","1","1","1","1","1","1","1","1","1","0","0"
"3958","38.75",-2.75,"0.605000019073486",NA,"1997","1","1","1","1","1","1","1","1","1","1","1","1","1","1","1","1","1","1","1","1","1","1","1","1","1","1","1","1","1","1","1","1","0","0"
"3959","38.75",-2.75,"0.605000019073486",NA,"1985","1","1","1","1","1","1","1","1","1","1","1","1","1","1","1","1","1","1","1","1","1","1","1","1","1","1","1","1","1","1","1","1","0","0"
"3960","38.75",-2.75,"0.605000019073486",NA,"2020","1","1","1","1","1","1","1","1","1","1","1","1","1","1","1","1","1","1","1","1","1","1","1","1","1","1","1","1","1","1","1","1","0","0"
"3961","38.75",-2.25,"0.605000019073486","20.1762752532959","2019","1","1","1","1","1","1","1","1","1","1","1","1","1","1","1","1","1","1","1","1","1","1","1","1","1","1","1","1","1","1","1","1","0","0"
"3962","38.75",-2.25,"0.605000019073486",NA,"1993","1","1","1","1","1","1","1","1","1","1","1","1","1","1","1","1","1","1","1","1","1","1","1","1","1","1","1","1","1","1","1","1","0","0"
"3963","38.75",-2.25,"0.605000019073486",NA,"1998","1","1","1","1","1","1","1","1","1","1","1","1","1","1","1","1","1","1","1","1","1","1","1","1","1","1","1","1","1","1","1","1","0","0"
"3964","38.75",-2.25,"0.605000019073486","26.4454879760742","2018","1","1","1","1","1","1","1","1","1","1","1","1","1","1","1","1","1","1","1","1","1","1","1","1","1","1","1","1","1","1","1","1","0","0"
"3965","38.75",-2.25,"0.605000019073486","25.5049953460693","2001","1","1","1","1","1","1","1","1","1","1","1","1","1","1","1","1","1","1","1","1","1","1","1","1","1","1","1","1","1","1","1","1","0","0"
"3966","38.75",-2.25,"0.605000019073486",NA,"1994","1","1","1","1","1","1","1","1","1","1","1","1","1","1","1","1","1","1","1","1","1","1","1","1","1","1","1","1","1","1","1","1","0","0"
"3967","38.75",-2.25,"0.605000019073486",NA,"1985","1","1","1","1","1","1","1","1","1","1","1","1","1","1","1","1","1","1","1","1","1","1","1","1","1","1","1","1","1","1","1","1","0","0"
"3968","38.75",-2.25,"0.605000019073486","20.2161769866943","2005","1","1","1","1","1","1","1","1","1","1","1","1","1","1","1","1","1","1","1","1","1","1","1","1","1","1","1","1","1","1","1","1","0","0"
"3969","38.75",-2.25,"0.605000019073486","20.5925941467285","2006","1","1","1","1","1","1","1","1","1","1","1","1","1","1","1","1","1","1","1","1","1","1","1","1","1","1","1","1","1","1","1","1","0","0"
"3970","38.75",-2.25,"0.605000019073486","18.461935043335","2016","1","1","1","1","1","1","1","1","1","1","1","1","1","1","1","1","1","1","1","1","1","1","1","1","1","1","1","1","1","1","1","1","0","0"
"3971","38.75",-2.25,"0.605000019073486","22.4997100830078","2008","1","1","1","1","1","1","1","1","1","1","1","1","1","1","1","1","1","1","1","1","1","1","1","1","1","1","1","1","1","1","1","1","0","0"
"3972","38.75",-2.25,"0.605000019073486","29.2377986907959","2000","1","1","1","1","1","1","1","1","1","1","1","1","1","1","1","1","1","1","1","1","1","1","1","1","1","1","1","1","1","1","1","1","0","0"
"3973","38.75",-2.25,"0.605000019073486",NA,"1986","1","1","1","1","1","1","1","1","1","1","1","1","1","1","1","1","1","1","1","1","1","1","1","1","1","1","1","1","1","1","1","1","0","0"
"3974","38.75",-2.25,"0.605000019073486",NA,"1995","1","1","1","1","1","1","1","1","1","1","1","1","1","1","1","1","1","1","1","1","1","1","1","1","1","1","1","1","1","1","1","1","0","0"
"3975","38.75",-2.25,"0.605000019073486",NA,"1996","1","1","1","1","1","1","1","1","1","1","1","1","1","1","1","1","1","1","1","1","1","1","1","1","1","1","1","1","1","1","1","1","0","0"
"3976","38.75",-2.25,"0.605000019073486",NA,"1997","1","1","1","1","1","1","1","1","1","1","1","1","1","1","1","1","1","1","1","1","1","1","1","1","1","1","1","1","1","1","1","1","0","0"
"3977","38.75",-2.25,"0.605000019073486","24.4215564727783","2014","1","1","1","1","1","1","1","1","1","1","1","1","1","1","1","1","1","1","1","1","1","1","1","1","1","1","1","1","1","1","1","1","0","0"
"3978","38.75",-2.25,"0.605000019073486","21.4571971893311","1999","1","1","1","1","1","1","1","1","1","1","1","1","1","1","1","1","1","1","1","1","1","1","1","1","1","1","1","1","1","1","1","1","0","0"
"3979","38.75",-2.25,"0.605000019073486","23.9029998779297","2010","1","1","1","1","1","1","1","1","1","1","1","1","1","1","1","1","1","1","1","1","1","1","1","1","1","1","1","1","1","1","1","1","0","0"
"3980","38.75",-2.25,"0.605000019073486","23.0358657836914","2003","1","1","1","1","1","1","1","1","1","1","1","1","1","1","1","1","1","1","1","1","1","1","1","1","1","1","1","1","1","1","1","1","0","0"
"3981","38.75",-2.25,"0.605000019073486",NA,"1987","1","1","1","1","1","1","1","1","1","1","1","1","1","1","1","1","1","1","1","1","1","1","1","1","1","1","1","1","1","1","1","1","0","0"
"3982","38.75",-2.25,"0.605000019073486",NA,"2020","1","1","1","1","1","1","1","1","1","1","1","1","1","1","1","1","1","1","1","1","1","1","1","1","1","1","1","1","1","1","1","1","0","0"
"3983","38.75",-2.25,"0.605000019073486",NA,"1988","1","1","1","1","1","1","1","1","1","1","1","1","1","1","1","1","1","1","1","1","1","1","1","1","1","1","1","1","1","1","1","1","0","0"
"3984","38.75",-2.25,"0.605000019073486","20.3219985961914","2012","1","1","1","1","1","1","1","1","1","1","1","1","1","1","1","1","1","1","1","1","1","1","1","1","1","1","1","1","1","1","1","1","0","0"
"3985","38.75",-2.25,"0.605000019073486","24.352180480957","2013","1","1","1","1","1","1","1","1","1","1","1","1","1","1","1","1","1","1","1","1","1","1","1","1","1","1","1","1","1","1","1","1","0","0"
"3986","38.75",-2.25,"0.605000019073486","28.1384735107422","2007","1","1","1","1","1","1","1","1","1","1","1","1","1","1","1","1","1","1","1","1","1","1","1","1","1","1","1","1","1","1","1","1","0","0"
"3987","38.75",-2.25,"0.605000019073486","15.9592094421387","2017","1","1","1","1","1","1","1","1","1","1","1","1","1","1","1","1","1","1","1","1","1","1","1","1","1","1","1","1","1","1","1","1","0","0"
"3988","38.75",-2.25,"0.605000019073486","15.4860363006592","2009","1","1","1","1","1","1","1","1","1","1","1","1","1","1","1","1","1","1","1","1","1","1","1","1","1","1","1","1","1","1","1","1","0","0"
"3989","38.75",-2.25,"0.605000019073486","20.0964984893799","2015","1","1","1","1","1","1","1","1","1","1","1","1","1","1","1","1","1","1","1","1","1","1","1","1","1","1","1","1","1","1","1","1","0","0"
"3990","38.75",-2.25,"0.605000019073486",NA,"1990","1","1","1","1","1","1","1","1","1","1","1","1","1","1","1","1","1","1","1","1","1","1","1","1","1","1","1","1","1","1","1","1","0","0"
"3991","38.75",-2.25,"0.605000019073486","28.1144104003906","2002","1","1","1","1","1","1","1","1","1","1","1","1","1","1","1","1","1","1","1","1","1","1","1","1","1","1","1","1","1","1","1","1","0","0"
"3992","38.75",-2.25,"0.605000019073486","18.5287075042725","2011","1","1","1","1","1","1","1","1","1","1","1","1","1","1","1","1","1","1","1","1","1","1","1","1","1","1","1","1","1","1","1","1","0","0"
"3993","38.75",-2.25,"0.605000019073486",NA,"1992","1","1","1","1","1","1","1","1","1","1","1","1","1","1","1","1","1","1","1","1","1","1","1","1","1","1","1","1","1","1","1","1","0","0"
"3994","38.75",-2.25,"0.605000019073486",NA,"1989","1","1","1","1","1","1","1","1","1","1","1","1","1","1","1","1","1","1","1","1","1","1","1","1","1","1","1","1","1","1","1","1","0","0"
"3995","38.75",-2.25,"0.605000019073486",NA,"1991","1","1","1","1","1","1","1","1","1","1","1","1","1","1","1","1","1","1","1","1","1","1","1","1","1","1","1","1","1","1","1","1","0","0"
"3996","38.75",-2.25,"0.605000019073486","20.345006942749","2004","1","1","1","1","1","1","1","1","1","1","1","1","1","1","1","1","1","1","1","1","1","1","1","1","1","1","1","1","1","1","1","1","0","0"
"3997","38.75",-1.75,"0.605000019073486","25.2149295806885","2008","1","1","1","1","1","1","1","1","1","1","1","1","1","1","1","1","1","1","1","1","1","1","1","1","1","1","1","1","1","1","1","1","1","1"
"3998","38.75",-1.75,"0.605000019073486","23.3050785064697","2004","1","1","1","1","1","1","1","1","1","1","1","1","1","1","1","1","1","1","1","1","1","1","1","1","1","1","1","1","1","1","1","1","1","1"
"3999","38.75",-1.75,"0.605000019073486","19.473331451416","2012","1","1","1","1","1","1","1","1","1","1","1","1","1","1","1","1","1","1","1","1","1","1","1","1","1","1","1","1","1","1","1","1","1","1"
"4000","38.75",-1.75,"0.605000019073486",NA,"1994","1","1","1","1","1","1","1","1","1","1","1","1","1","1","1","1","1","1","1","1","1","1","1","1","1","1","1","1","1","1","1","1","1","1"
"4001","38.75",-1.75,"0.605000019073486",NA,"1989","1","1","1","1","1","1","1","1","1","1","1","1","1","1","1","1","1","1","1","1","1","1","1","1","1","1","1","1","1","1","1","1","1","1"
"4002","38.75",-1.75,"0.605000019073486",NA,"1985","1","1","1","1","1","1","1","1","1","1","1","1","1","1","1","1","1","1","1","1","1","1","1","1","1","1","1","1","1","1","1","1","1","1"
"4003","38.75",-1.75,"0.605000019073486",NA,"1995","1","1","1","1","1","1","1","1","1","1","1","1","1","1","1","1","1","1","1","1","1","1","1","1","1","1","1","1","1","1","1","1","1","1"
"4004","38.75",-1.75,"0.605000019073486","22.5812911987305","2006","1","1","1","1","1","1","1","1","1","1","1","1","1","1","1","1","1","1","1","1","1","1","1","1","1","1","1","1","1","1","1","1","1","1"
"4005","38.75",-1.75,"0.605000019073486",NA,"1997","1","1","1","1","1","1","1","1","1","1","1","1","1","1","1","1","1","1","1","1","1","1","1","1","1","1","1","1","1","1","1","1","1","1"
"4006","38.75",-1.75,"0.605000019073486","26.5995979309082","2018","1","1","1","1","1","1","1","1","1","1","1","1","1","1","1","1","1","1","1","1","1","1","1","1","1","1","1","1","1","1","1","1","1","1"
"4007","38.75",-1.75,"0.605000019073486",NA,"1998","1","1","1","1","1","1","1","1","1","1","1","1","1","1","1","1","1","1","1","1","1","1","1","1","1","1","1","1","1","1","1","1","1","1"
"4008","38.75",-1.75,"0.605000019073486","28.7002849578857","2001","1","1","1","1","1","1","1","1","1","1","1","1","1","1","1","1","1","1","1","1","1","1","1","1","1","1","1","1","1","1","1","1","1","1"
"4009","38.75",-1.75,"0.605000019073486","25.4121837615967","2013","1","1","1","1","1","1","1","1","1","1","1","1","1","1","1","1","1","1","1","1","1","1","1","1","1","1","1","1","1","1","1","1","1","1"
"4010","38.75",-1.75,"0.605000019073486","21.7131538391113","2005","1","1","1","1","1","1","1","1","1","1","1","1","1","1","1","1","1","1","1","1","1","1","1","1","1","1","1","1","1","1","1","1","1","1"
"4011","38.75",-1.75,"0.605000019073486","24.2993907928467","2007","1","1","1","1","1","1","1","1","1","1","1","1","1","1","1","1","1","1","1","1","1","1","1","1","1","1","1","1","1","1","1","1","1","1"
"4012","38.75",-1.75,"0.605000019073486",NA,"1986","1","1","1","1","1","1","1","1","1","1","1","1","1","1","1","1","1","1","1","1","1","1","1","1","1","1","1","1","1","1","1","1","1","1"
"4013","38.75",-1.75,"0.605000019073486",NA,"1990","1","1","1","1","1","1","1","1","1","1","1","1","1","1","1","1","1","1","1","1","1","1","1","1","1","1","1","1","1","1","1","1","1","1"
"4014","38.75",-1.75,"0.605000019073486","20.425085067749","2009","1","1","1","1","1","1","1","1","1","1","1","1","1","1","1","1","1","1","1","1","1","1","1","1","1","1","1","1","1","1","1","1","1","1"
"4015","38.75",-1.75,"0.605000019073486","29.3276958465576","2000","1","1","1","1","1","1","1","1","1","1","1","1","1","1","1","1","1","1","1","1","1","1","1","1","1","1","1","1","1","1","1","1","1","1"
"4016","38.75",-1.75,"0.605000019073486","28.6425228118896","2010","1","1","1","1","1","1","1","1","1","1","1","1","1","1","1","1","1","1","1","1","1","1","1","1","1","1","1","1","1","1","1","1","1","1"
"4017","38.75",-1.75,"0.605000019073486","25.1086730957031","2014","1","1","1","1","1","1","1","1","1","1","1","1","1","1","1","1","1","1","1","1","1","1","1","1","1","1","1","1","1","1","1","1","1","1"
"4018","38.75",-1.75,"0.605000019073486",NA,"1987","1","1","1","1","1","1","1","1","1","1","1","1","1","1","1","1","1","1","1","1","1","1","1","1","1","1","1","1","1","1","1","1","1","1"
"4019","38.75",-1.75,"0.605000019073486","19.5555095672607","2011","1","1","1","1","1","1","1","1","1","1","1","1","1","1","1","1","1","1","1","1","1","1","1","1","1","1","1","1","1","1","1","1","1","1"
"4020","38.75",-1.75,"0.605000019073486","19.2257747650146","2016","1","1","1","1","1","1","1","1","1","1","1","1","1","1","1","1","1","1","1","1","1","1","1","1","1","1","1","1","1","1","1","1","1","1"
"4021","38.75",-1.75,"0.605000019073486",NA,"1988","1","1","1","1","1","1","1","1","1","1","1","1","1","1","1","1","1","1","1","1","1","1","1","1","1","1","1","1","1","1","1","1","1","1"
"4022","38.75",-1.75,"0.605000019073486","24.3149013519287","1999","1","1","1","1","1","1","1","1","1","1","1","1","1","1","1","1","1","1","1","1","1","1","1","1","1","1","1","1","1","1","1","1","1","1"
"4023","38.75",-1.75,"0.605000019073486",NA,"1996","1","1","1","1","1","1","1","1","1","1","1","1","1","1","1","1","1","1","1","1","1","1","1","1","1","1","1","1","1","1","1","1","1","1"
"4024","38.75",-1.75,"0.605000019073486","16.2563552856445","2017","1","1","1","1","1","1","1","1","1","1","1","1","1","1","1","1","1","1","1","1","1","1","1","1","1","1","1","1","1","1","1","1","1","1"
"4025","38.75",-1.75,"0.605000019073486","21.0355796813965","2019","1","1","1","1","1","1","1","1","1","1","1","1","1","1","1","1","1","1","1","1","1","1","1","1","1","1","1","1","1","1","1","1","1","1"
"4026","38.75",-1.75,"0.605000019073486","20.4411087036133","2015","1","1","1","1","1","1","1","1","1","1","1","1","1","1","1","1","1","1","1","1","1","1","1","1","1","1","1","1","1","1","1","1","1","1"
"4027","38.75",-1.75,"0.605000019073486",NA,"1993","1","1","1","1","1","1","1","1","1","1","1","1","1","1","1","1","1","1","1","1","1","1","1","1","1","1","1","1","1","1","1","1","1","1"
"4028","38.75",-1.75,"0.605000019073486","30.1339931488037","2002","1","1","1","1","1","1","1","1","1","1","1","1","1","1","1","1","1","1","1","1","1","1","1","1","1","1","1","1","1","1","1","1","1","1"
"4029","38.75",-1.75,"0.605000019073486",NA,"1992","1","1","1","1","1","1","1","1","1","1","1","1","1","1","1","1","1","1","1","1","1","1","1","1","1","1","1","1","1","1","1","1","1","1"
"4030","38.75",-1.75,"0.605000019073486","28.1190376281738","2003","1","1","1","1","1","1","1","1","1","1","1","1","1","1","1","1","1","1","1","1","1","1","1","1","1","1","1","1","1","1","1","1","1","1"
"4031","38.75",-1.75,"0.605000019073486",NA,"2020","1","1","1","1","1","1","1","1","1","1","1","1","1","1","1","1","1","1","1","1","1","1","1","1","1","1","1","1","1","1","1","1","1","1"
"4032","38.75",-1.75,"0.605000019073486",NA,"1991","1","1","1","1","1","1","1","1","1","1","1","1","1","1","1","1","1","1","1","1","1","1","1","1","1","1","1","1","1","1","1","1","1","1"
"4033","38.75",-1.25,"0.605000019073486","21.5639305114746","2011",,,,,,,,,,,,,,,,,,,,,,,,,,,,,,,,,,"0"
"4034","38.75",-1.25,"0.605000019073486","26.4490623474121","2000",,,,,,,,,,,,,,,,,,,,,,,,,,,,,,,,,,"0"
"4035","38.75",-1.25,"0.605000019073486",NA,"1993",,,,,,,,,,,,,,,,,,,,,,,,,,,,,,,,,,"0"
"4036","38.75",-1.25,"0.605000019073486",NA,"2020",,,,,,,,,,,,,,,,,,,,,,,,,,,,,,,,,,"0"
"4037","38.75",-1.25,"0.605000019073486","18.8376121520996","2017",,,,,,,,,,,,,,,,,,,,,,,,,,,,,,,,,,"0"
"4038","38.75",-1.25,"0.605000019073486","33.2799072265625","2018",,,,,,,,,,,,,,,,,,,,,,,,,,,,,,,,,,"0"
"4039","38.75",-1.25,"0.605000019073486",NA,"1998",,,,,,,,,,,,,,,,,,,,,,,,,,,,,,,,,,"0"
"4040","38.75",-1.25,"0.605000019073486","29.8149394989014","2013",,,,,,,,,,,,,,,,,,,,,,,,,,,,,,,,,,"0"
"4041","38.75",-1.25,"0.605000019073486",NA,"1989",,,,,,,,,,,,,,,,,,,,,,,,,,,,,,,,,,"0"
"4042","38.75",-1.25,"0.605000019073486",NA,"1991",,,,,,,,,,,,,,,,,,,,,,,,,,,,,,,,,,"0"
"4043","38.75",-1.25,"0.605000019073486","30.6277408599854","2008",,,,,,,,,,,,,,,,,,,,,,,,,,,,,,,,,,"0"
"4044","38.75",-1.25,"0.605000019073486",NA,"1996",,,,,,,,,,,,,,,,,,,,,,,,,,,,,,,,,,"0"
"4045","38.75",-1.25,"0.605000019073486",NA,"1985",,,,,,,,,,,,,,,,,,,,,,,,,,,,,,,,,,"0"
"4046","38.75",-1.25,"0.605000019073486","31.0257186889648","2010",,,,,,,,,,,,,,,,,,,,,,,,,,,,,,,,,,"0"
"4047","38.75",-1.25,"0.605000019073486",NA,"1990",,,,,,,,,,,,,,,,,,,,,,,,,,,,,,,,,,"0"
"4048","38.75",-1.25,"0.605000019073486","24.4555263519287","2005",,,,,,,,,,,,,,,,,,,,,,,,,,,,,,,,,,"0"
"4049","38.75",-1.25,"0.605000019073486","26.9139823913574","2019",,,,,,,,,,,,,,,,,,,,,,,,,,,,,,,,,,"0"
"4050","38.75",-1.25,"0.605000019073486",NA,"1988",,,,,,,,,,,,,,,,,,,,,,,,,,,,,,,,,,"0"
"4051","38.75",-1.25,"0.605000019073486","24.7643356323242","2006",,,,,,,,,,,,,,,,,,,,,,,,,,,,,,,,,,"0"
"4052","38.75",-1.25,"0.605000019073486",NA,"1994",,,,,,,,,,,,,,,,,,,,,,,,,,,,,,,,,,"0"
"4053","38.75",-1.25,"0.605000019073486","30.2596912384033","2003",,,,,,,,,,,,,,,,,,,,,,,,,,,,,,,,,,"0"
"4054","38.75",-1.25,"0.605000019073486","32.6297378540039","2002",,,,,,,,,,,,,,,,,,,,,,,,,,,,,,,,,,"0"
"4055","38.75",-1.25,"0.605000019073486","22.1775226593018","2009",,,,,,,,,,,,,,,,,,,,,,,,,,,,,,,,,,"0"
"4056","38.75",-1.25,"0.605000019073486","25.0642242431641","2004",,,,,,,,,,,,,,,,,,,,,,,,,,,,,,,,,,"0"
"4057","38.75",-1.25,"0.605000019073486",NA,"1986",,,,,,,,,,,,,,,,,,,,,,,,,,,,,,,,,,"0"
"4058","38.75",-1.25,"0.605000019073486","24.7549858093262","2014",,,,,,,,,,,,,,,,,,,,,,,,,,,,,,,,,,"0"
"4059","38.75",-1.25,"0.605000019073486","27.5174617767334","1999",,,,,,,,,,,,,,,,,,,,,,,,,,,,,,,,,,"0"
"4060","38.75",-1.25,"0.605000019073486","22.3000240325928","2016",,,,,,,,,,,,,,,,,,,,,,,,,,,,,,,,,,"0"
"4061","38.75",-1.25,"0.605000019073486","26.6745433807373","2001",,,,,,,,,,,,,,,,,,,,,,,,,,,,,,,,,,"0"
"4062","38.75",-1.25,"0.605000019073486","27.8660926818848","2007",,,,,,,,,,,,,,,,,,,,,,,,,,,,,,,,,,"0"
"4063","38.75",-1.25,"0.605000019073486",NA,"1987",,,,,,,,,,,,,,,,,,,,,,,,,,,,,,,,,,"0"
"4064","38.75",-1.25,"0.605000019073486",NA,"1995",,,,,,,,,,,,,,,,,,,,,,,,,,,,,,,,,,"0"
"4065","38.75",-1.25,"0.605000019073486",NA,"1997",,,,,,,,,,,,,,,,,,,,,,,,,,,,,,,,,,"0"
"4066","38.75",-1.25,"0.605000019073486","25.7515468597412","2015",,,,,,,,,,,,,,,,,,,,,,,,,,,,,,,,,,"0"
"4067","38.75",-1.25,"0.605000019073486","23.925407409668","2012",,,,,,,,,,,,,,,,,,,,,,,,,,,,,,,,,,"0"
"4068","38.75",-1.25,"0.605000019073486",NA,"1992",,,,,,,,,,,,,,,,,,,,,,,,,,,,,,,,,,"0"
"4069","38.75",-0.75,"0.605000019073486","26.2965087890625","2019",,,,,,,,,,,,,,,,,,,,,,,,,,,,,,,,,,"0"
"4070","38.75",-0.75,"0.605000019073486","22.1159629821777","2014",,,,,,,,,,,,,,,,,,,,,,,,,,,,,,,,,,"0"
"4071","38.75",-0.75,"0.605000019073486",NA,"1990",,,,,,,,,,,,,,,,,,,,,,,,,,,,,,,,,,"0"
"4072","38.75",-0.75,"0.605000019073486",NA,"1996",,,,,,,,,,,,,,,,,,,,,,,,,,,,,,,,,,"0"
"4073","38.75",-0.75,"0.605000019073486","22.5756969451904","2016",,,,,,,,,,,,,,,,,,,,,,,,,,,,,,,,,,"0"
"4074","38.75",-0.75,"0.605000019073486","24.7517185211182","1999",,,,,,,,,,,,,,,,,,,,,,,,,,,,,,,,,,"0"
"4075","38.75",-0.75,"0.605000019073486","22.6848449707031","2009",,,,,,,,,,,,,,,,,,,,,,,,,,,,,,,,,,"0"
"4076","38.75",-0.75,"0.605000019073486","31.0973529815674","2008",,,,,,,,,,,,,,,,,,,,,,,,,,,,,,,,,,"0"
"4077","38.75",-0.75,"0.605000019073486","23.3772163391113","2000",,,,,,,,,,,,,,,,,,,,,,,,,,,,,,,,,,"0"
"4078","38.75",-0.75,"0.605000019073486","33.8524856567383","2018",,,,,,,,,,,,,,,,,,,,,,,,,,,,,,,,,,"0"
"4079","38.75",-0.75,"0.605000019073486",NA,"1998",,,,,,,,,,,,,,,,,,,,,,,,,,,,,,,,,,"0"
"4080","38.75",-0.75,"0.605000019073486","22.1871795654297","2005",,,,,,,,,,,,,,,,,,,,,,,,,,,,,,,,,,"0"
"4081","38.75",-0.75,"0.605000019073486","24.719352722168","2006",,,,,,,,,,,,,,,,,,,,,,,,,,,,,,,,,,"0"
"4082","38.75",-0.75,"0.605000019073486","17.740291595459","2017",,,,,,,,,,,,,,,,,,,,,,,,,,,,,,,,,,"0"
"4083","38.75",-0.75,"0.605000019073486",NA,"1994",,,,,,,,,,,,,,,,,,,,,,,,,,,,,,,,,,"0"
"4084","38.75",-0.75,"0.605000019073486",NA,"1991",,,,,,,,,,,,,,,,,,,,,,,,,,,,,,,,,,"0"
"4085","38.75",-0.75,"0.605000019073486",NA,"1992",,,,,,,,,,,,,,,,,,,,,,,,,,,,,,,,,,"0"
"4086","38.75",-0.75,"0.605000019073486","29.1105842590332","2010",,,,,,,,,,,,,,,,,,,,,,,,,,,,,,,,,,"0"
"4087","38.75",-0.75,"0.605000019073486","23.7172069549561","2015",,,,,,,,,,,,,,,,,,,,,,,,,,,,,,,,,,"0"
"4088","38.75",-0.75,"0.605000019073486",NA,"1985",,,,,,,,,,,,,,,,,,,,,,,,,,,,,,,,,,"0"
"4089","38.75",-0.75,"0.605000019073486",NA,"1993",,,,,,,,,,,,,,,,,,,,,,,,,,,,,,,,,,"0"
"4090","38.75",-0.75,"0.605000019073486","24.1609306335449","2012",,,,,,,,,,,,,,,,,,,,,,,,,,,,,,,,,,"0"
"4091","38.75",-0.75,"0.605000019073486","27.3076629638672","2003",,,,,,,,,,,,,,,,,,,,,,,,,,,,,,,,,,"0"
"4092","38.75",-0.75,"0.605000019073486",NA,"1986",,,,,,,,,,,,,,,,,,,,,,,,,,,,,,,,,,"0"
"4093","38.75",-0.75,"0.605000019073486",NA,"1997",,,,,,,,,,,,,,,,,,,,,,,,,,,,,,,,,,"0"
"4094","38.75",-0.75,"0.605000019073486",NA,"1995",,,,,,,,,,,,,,,,,,,,,,,,,,,,,,,,,,"0"
"4095","38.75",-0.75,"0.605000019073486","27.2962741851807","2001",,,,,,,,,,,,,,,,,,,,,,,,,,,,,,,,,,"0"
"4096","38.75",-0.75,"0.605000019073486",NA,"1987",,,,,,,,,,,,,,,,,,,,,,,,,,,,,,,,,,"0"
"4097","38.75",-0.75,"0.605000019073486",NA,"1988",,,,,,,,,,,,,,,,,,,,,,,,,,,,,,,,,,"0"
"4098","38.75",-0.75,"0.605000019073486","26.5933609008789","2004",,,,,,,,,,,,,,,,,,,,,,,,,,,,,,,,,,"0"
"4099","38.75",-0.75,"0.605000019073486","32.5677299499512","2007",,,,,,,,,,,,,,,,,,,,,,,,,,,,,,,,,,"0"
"4100","38.75",-0.75,"0.605000019073486","21.3518161773682","2011",,,,,,,,,,,,,,,,,,,,,,,,,,,,,,,,,,"0"
"4101","38.75",-0.75,"0.605000019073486","32.3642196655273","2002",,,,,,,,,,,,,,,,,,,,,,,,,,,,,,,,,,"0"
"4102","38.75",-0.75,"0.605000019073486",NA,"2020",,,,,,,,,,,,,,,,,,,,,,,,,,,,,,,,,,"0"
"4103","38.75",-0.75,"0.605000019073486",NA,"1989",,,,,,,,,,,,,,,,,,,,,,,,,,,,,,,,,,"0"
"4104","38.75",-0.75,"0.605000019073486","29.3046226501465","2013",,,,,,,,,,,,,,,,,,,,,,,,,,,,,,,,,,"0"
"4105","38.75",-0.25,"0.605000019073486",NA,"1986","1","1","1","1","1","1","1","1","1","1","1","1","1","1","1","1","1","1","1","1","1","1","1","1","1","1","1","1","1","1","1","1","1","1"
"4106","38.75",-0.25,"0.605000019073486","22.4482936859131","2010","1","1","1","1","1","1","1","1","1","1","1","1","1","1","1","1","1","1","1","1","1","1","1","1","1","1","1","1","1","1","1","1","1","1"
"4107","38.75",-0.25,"0.605000019073486","24.945613861084","2004","1","1","1","1","1","1","1","1","1","1","1","1","1","1","1","1","1","1","1","1","1","1","1","1","1","1","1","1","1","1","1","1","1","1"
"4108","38.75",-0.25,"0.605000019073486","18.8064231872559","2005","1","1","1","1","1","1","1","1","1","1","1","1","1","1","1","1","1","1","1","1","1","1","1","1","1","1","1","1","1","1","1","1","1","1"
"4109","38.75",-0.25,"0.605000019073486","25.9654502868652","2018","1","1","1","1","1","1","1","1","1","1","1","1","1","1","1","1","1","1","1","1","1","1","1","1","1","1","1","1","1","1","1","1","1","1"
"4110","38.75",-0.25,"0.605000019073486",NA,"1987","1","1","1","1","1","1","1","1","1","1","1","1","1","1","1","1","1","1","1","1","1","1","1","1","1","1","1","1","1","1","1","1","1","1"
"4111","38.75",-0.25,"0.605000019073486","17.9295043945312","2012","1","1","1","1","1","1","1","1","1","1","1","1","1","1","1","1","1","1","1","1","1","1","1","1","1","1","1","1","1","1","1","1","1","1"
"4112","38.75",-0.25,"0.605000019073486","24.5878658294678","2002","1","1","1","1","1","1","1","1","1","1","1","1","1","1","1","1","1","1","1","1","1","1","1","1","1","1","1","1","1","1","1","1","1","1"
"4113","38.75",-0.25,"0.605000019073486","21.1555118560791","2019","1","1","1","1","1","1","1","1","1","1","1","1","1","1","1","1","1","1","1","1","1","1","1","1","1","1","1","1","1","1","1","1","1","1"
"4114","38.75",-0.25,"0.605000019073486",NA,"1996","1","1","1","1","1","1","1","1","1","1","1","1","1","1","1","1","1","1","1","1","1","1","1","1","1","1","1","1","1","1","1","1","1","1"
"4115","38.75",-0.25,"0.605000019073486",NA,"1993","1","1","1","1","1","1","1","1","1","1","1","1","1","1","1","1","1","1","1","1","1","1","1","1","1","1","1","1","1","1","1","1","1","1"
"4116","38.75",-0.25,"0.605000019073486",NA,"1998","1","1","1","1","1","1","1","1","1","1","1","1","1","1","1","1","1","1","1","1","1","1","1","1","1","1","1","1","1","1","1","1","1","1"
"4117","38.75",-0.25,"0.605000019073486","21.6716918945312","2013","1","1","1","1","1","1","1","1","1","1","1","1","1","1","1","1","1","1","1","1","1","1","1","1","1","1","1","1","1","1","1","1","1","1"
"4118","38.75",-0.25,"0.605000019073486",NA,"1989","1","1","1","1","1","1","1","1","1","1","1","1","1","1","1","1","1","1","1","1","1","1","1","1","1","1","1","1","1","1","1","1","1","1"
"4119","38.75",-0.25,"0.605000019073486","18.7785568237305","2015","1","1","1","1","1","1","1","1","1","1","1","1","1","1","1","1","1","1","1","1","1","1","1","1","1","1","1","1","1","1","1","1","1","1"
"4120","38.75",-0.25,"0.605000019073486","17.3678379058838","2011","1","1","1","1","1","1","1","1","1","1","1","1","1","1","1","1","1","1","1","1","1","1","1","1","1","1","1","1","1","1","1","1","1","1"
"4121","38.75",-0.25,"0.605000019073486","19.2591228485107","2006","1","1","1","1","1","1","1","1","1","1","1","1","1","1","1","1","1","1","1","1","1","1","1","1","1","1","1","1","1","1","1","1","1","1"
"4122","38.75",-0.25,"0.605000019073486",NA,"1995","1","1","1","1","1","1","1","1","1","1","1","1","1","1","1","1","1","1","1","1","1","1","1","1","1","1","1","1","1","1","1","1","1","1"
"4123","38.75",-0.25,"0.605000019073486",NA,"1985","1","1","1","1","1","1","1","1","1","1","1","1","1","1","1","1","1","1","1","1","1","1","1","1","1","1","1","1","1","1","1","1","1","1"
"4124","38.75",-0.25,"0.605000019073486",NA,"1991","1","1","1","1","1","1","1","1","1","1","1","1","1","1","1","1","1","1","1","1","1","1","1","1","1","1","1","1","1","1","1","1","1","1"
"4125","38.75",-0.25,"0.605000019073486",NA,"1988","1","1","1","1","1","1","1","1","1","1","1","1","1","1","1","1","1","1","1","1","1","1","1","1","1","1","1","1","1","1","1","1","1","1"
"4126","38.75",-0.25,"0.605000019073486","14.2383594512939","2017","1","1","1","1","1","1","1","1","1","1","1","1","1","1","1","1","1","1","1","1","1","1","1","1","1","1","1","1","1","1","1","1","1","1"
"4127","38.75",-0.25,"0.605000019073486","23.6951522827148","2003","1","1","1","1","1","1","1","1","1","1","1","1","1","1","1","1","1","1","1","1","1","1","1","1","1","1","1","1","1","1","1","1","1","1"
"4128","38.75",-0.25,"0.605000019073486",NA,"1992","1","1","1","1","1","1","1","1","1","1","1","1","1","1","1","1","1","1","1","1","1","1","1","1","1","1","1","1","1","1","1","1","1","1"
"4129","38.75",-0.25,"0.605000019073486",NA,"1994","1","1","1","1","1","1","1","1","1","1","1","1","1","1","1","1","1","1","1","1","1","1","1","1","1","1","1","1","1","1","1","1","1","1"
"4130","38.75",-0.25,"0.605000019073486","17.3691158294678","2000","1","1","1","1","1","1","1","1","1","1","1","1","1","1","1","1","1","1","1","1","1","1","1","1","1","1","1","1","1","1","1","1","1","1"
"4131","38.75",-0.25,"0.605000019073486","17.0521488189697","2014","1","1","1","1","1","1","1","1","1","1","1","1","1","1","1","1","1","1","1","1","1","1","1","1","1","1","1","1","1","1","1","1","1","1"
"4132","38.75",-0.25,"0.605000019073486","17.1928844451904","2016","1","1","1","1","1","1","1","1","1","1","1","1","1","1","1","1","1","1","1","1","1","1","1","1","1","1","1","1","1","1","1","1","1","1"
"4133","38.75",-0.25,"0.605000019073486","18.752368927002","2009","1","1","1","1","1","1","1","1","1","1","1","1","1","1","1","1","1","1","1","1","1","1","1","1","1","1","1","1","1","1","1","1","1","1"
"4134","38.75",-0.25,"0.605000019073486","20.0186290740967","2001","1","1","1","1","1","1","1","1","1","1","1","1","1","1","1","1","1","1","1","1","1","1","1","1","1","1","1","1","1","1","1","1","1","1"
"4135","38.75",-0.25,"0.605000019073486",NA,"2020","1","1","1","1","1","1","1","1","1","1","1","1","1","1","1","1","1","1","1","1","1","1","1","1","1","1","1","1","1","1","1","1","1","1"
"4136","38.75",-0.25,"0.605000019073486",NA,"1990","1","1","1","1","1","1","1","1","1","1","1","1","1","1","1","1","1","1","1","1","1","1","1","1","1","1","1","1","1","1","1","1","1","1"
"4137","38.75",-0.25,"0.605000019073486","23.3866443634033","2008","1","1","1","1","1","1","1","1","1","1","1","1","1","1","1","1","1","1","1","1","1","1","1","1","1","1","1","1","1","1","1","1","1","1"
"4138","38.75",-0.25,"0.605000019073486","21.5728588104248","1999","1","1","1","1","1","1","1","1","1","1","1","1","1","1","1","1","1","1","1","1","1","1","1","1","1","1","1","1","1","1","1","1","1","1"
"4139","38.75",-0.25,"0.605000019073486",NA,"1997","1","1","1","1","1","1","1","1","1","1","1","1","1","1","1","1","1","1","1","1","1","1","1","1","1","1","1","1","1","1","1","1","1","1"
"4140","38.75",-0.25,"0.605000019073486","25.5569915771484","2007","1","1","1","1","1","1","1","1","1","1","1","1","1","1","1","1","1","1","1","1","1","1","1","1","1","1","1","1","1","1","1","1","1","1"
"4141","38.75",0.25,"0.605000019073486","13.7522096633911","1999","1","1","1","1","1","1","1","1","1","1","1","1","1","1","1","1","1","1","1","1","1","1","1","1","1","1","1","1","1","1","1","1","1","1"
"4142","38.75",0.25,"0.605000019073486","10.8472967147827","2011","1","1","1","1","1","1","1","1","1","1","1","1","1","1","1","1","1","1","1","1","1","1","1","1","1","1","1","1","1","1","1","1","1","1"
"4143","38.75",0.25,"0.605000019073486","11.3281497955322","2014","1","1","1","1","1","1","1","1","1","1","1","1","1","1","1","1","1","1","1","1","1","1","1","1","1","1","1","1","1","1","1","1","1","1"
"4144","38.75",0.25,"0.605000019073486","14.852123260498","2008","1","1","1","1","1","1","1","1","1","1","1","1","1","1","1","1","1","1","1","1","1","1","1","1","1","1","1","1","1","1","1","1","1","1"
"4145","38.75",0.25,"0.605000019073486",NA,"1998","1","1","1","1","1","1","1","1","1","1","1","1","1","1","1","1","1","1","1","1","1","1","1","1","1","1","1","1","1","1","1","1","1","1"
"4146","38.75",0.25,"0.605000019073486",NA,"1992","1","1","1","1","1","1","1","1","1","1","1","1","1","1","1","1","1","1","1","1","1","1","1","1","1","1","1","1","1","1","1","1","1","1"
"4147","38.75",0.25,"0.605000019073486",NA,"1990","1","1","1","1","1","1","1","1","1","1","1","1","1","1","1","1","1","1","1","1","1","1","1","1","1","1","1","1","1","1","1","1","1","1"
"4148","38.75",0.25,"0.605000019073486","15.2046794891357","2007","1","1","1","1","1","1","1","1","1","1","1","1","1","1","1","1","1","1","1","1","1","1","1","1","1","1","1","1","1","1","1","1","1","1"
"4149","38.75",0.25,"0.605000019073486",NA,"1994","1","1","1","1","1","1","1","1","1","1","1","1","1","1","1","1","1","1","1","1","1","1","1","1","1","1","1","1","1","1","1","1","1","1"
"4150","38.75",0.25,"0.605000019073486","10.646201133728","2005","1","1","1","1","1","1","1","1","1","1","1","1","1","1","1","1","1","1","1","1","1","1","1","1","1","1","1","1","1","1","1","1","1","1"
"4151","38.75",0.25,"0.605000019073486",NA,"1985","1","1","1","1","1","1","1","1","1","1","1","1","1","1","1","1","1","1","1","1","1","1","1","1","1","1","1","1","1","1","1","1","1","1"
"4152","38.75",0.25,"0.605000019073486","14.1031160354614","2004","1","1","1","1","1","1","1","1","1","1","1","1","1","1","1","1","1","1","1","1","1","1","1","1","1","1","1","1","1","1","1","1","1","1"
"4153","38.75",0.25,"0.605000019073486",NA,"1991","1","1","1","1","1","1","1","1","1","1","1","1","1","1","1","1","1","1","1","1","1","1","1","1","1","1","1","1","1","1","1","1","1","1"
"4154","38.75",0.25,"0.605000019073486","11.3792629241943","2000","1","1","1","1","1","1","1","1","1","1","1","1","1","1","1","1","1","1","1","1","1","1","1","1","1","1","1","1","1","1","1","1","1","1"
"4155","38.75",0.25,"0.605000019073486","12.4275484085083","2006","1","1","1","1","1","1","1","1","1","1","1","1","1","1","1","1","1","1","1","1","1","1","1","1","1","1","1","1","1","1","1","1","1","1"
"4156","38.75",0.25,"0.605000019073486","14.0489902496338","2015","1","1","1","1","1","1","1","1","1","1","1","1","1","1","1","1","1","1","1","1","1","1","1","1","1","1","1","1","1","1","1","1","1","1"
"4157","38.75",0.25,"0.605000019073486","15.7509765625","2002","1","1","1","1","1","1","1","1","1","1","1","1","1","1","1","1","1","1","1","1","1","1","1","1","1","1","1","1","1","1","1","1","1","1"
"4158","38.75",0.25,"0.605000019073486","14.8761425018311","2019","1","1","1","1","1","1","1","1","1","1","1","1","1","1","1","1","1","1","1","1","1","1","1","1","1","1","1","1","1","1","1","1","1","1"
"4159","38.75",0.25,"0.605000019073486",NA,"1987","1","1","1","1","1","1","1","1","1","1","1","1","1","1","1","1","1","1","1","1","1","1","1","1","1","1","1","1","1","1","1","1","1","1"
"4160","38.75",0.25,"0.605000019073486",NA,"1986","1","1","1","1","1","1","1","1","1","1","1","1","1","1","1","1","1","1","1","1","1","1","1","1","1","1","1","1","1","1","1","1","1","1"
"4161","38.75",0.25,"0.605000019073486",NA,"1995","1","1","1","1","1","1","1","1","1","1","1","1","1","1","1","1","1","1","1","1","1","1","1","1","1","1","1","1","1","1","1","1","1","1"
"4162","38.75",0.25,"0.605000019073486","12.0694828033447","2009","1","1","1","1","1","1","1","1","1","1","1","1","1","1","1","1","1","1","1","1","1","1","1","1","1","1","1","1","1","1","1","1","1","1"
"4163","38.75",0.25,"0.605000019073486","15.5748462677002","2003","1","1","1","1","1","1","1","1","1","1","1","1","1","1","1","1","1","1","1","1","1","1","1","1","1","1","1","1","1","1","1","1","1","1"
"4164","38.75",0.25,"0.605000019073486","9.11087989807129","2017","1","1","1","1","1","1","1","1","1","1","1","1","1","1","1","1","1","1","1","1","1","1","1","1","1","1","1","1","1","1","1","1","1","1"
"4165","38.75",0.25,"0.605000019073486",NA,"2020","1","1","1","1","1","1","1","1","1","1","1","1","1","1","1","1","1","1","1","1","1","1","1","1","1","1","1","1","1","1","1","1","1","1"
"4166","38.75",0.25,"0.605000019073486",NA,"1993","1","1","1","1","1","1","1","1","1","1","1","1","1","1","1","1","1","1","1","1","1","1","1","1","1","1","1","1","1","1","1","1","1","1"
"4167","38.75",0.25,"0.605000019073486","18.3332500457764","2018","1","1","1","1","1","1","1","1","1","1","1","1","1","1","1","1","1","1","1","1","1","1","1","1","1","1","1","1","1","1","1","1","1","1"
"4168","38.75",0.25,"0.605000019073486",NA,"1989","1","1","1","1","1","1","1","1","1","1","1","1","1","1","1","1","1","1","1","1","1","1","1","1","1","1","1","1","1","1","1","1","1","1"
"4169","38.75",0.25,"0.605000019073486",NA,"1997","1","1","1","1","1","1","1","1","1","1","1","1","1","1","1","1","1","1","1","1","1","1","1","1","1","1","1","1","1","1","1","1","1","1"
"4170","38.75",0.25,"0.605000019073486","13.6564540863037","2010","1","1","1","1","1","1","1","1","1","1","1","1","1","1","1","1","1","1","1","1","1","1","1","1","1","1","1","1","1","1","1","1","1","1"
"4171","38.75",0.25,"0.605000019073486","13.0222110748291","2016","1","1","1","1","1","1","1","1","1","1","1","1","1","1","1","1","1","1","1","1","1","1","1","1","1","1","1","1","1","1","1","1","1","1"
"4172","38.75",0.25,"0.605000019073486",NA,"1988","1","1","1","1","1","1","1","1","1","1","1","1","1","1","1","1","1","1","1","1","1","1","1","1","1","1","1","1","1","1","1","1","1","1"
"4173","38.75",0.25,"0.605000019073486","11.8722858428955","2001","1","1","1","1","1","1","1","1","1","1","1","1","1","1","1","1","1","1","1","1","1","1","1","1","1","1","1","1","1","1","1","1","1","1"
"4174","38.75",0.25,"0.605000019073486","14.6554374694824","2013","1","1","1","1","1","1","1","1","1","1","1","1","1","1","1","1","1","1","1","1","1","1","1","1","1","1","1","1","1","1","1","1","1","1"
"4175","38.75",0.25,"0.605000019073486","11.1280546188354","2012","1","1","1","1","1","1","1","1","1","1","1","1","1","1","1","1","1","1","1","1","1","1","1","1","1","1","1","1","1","1","1","1","1","1"
"4176","38.75",0.25,"0.605000019073486",NA,"1996","1","1","1","1","1","1","1","1","1","1","1","1","1","1","1","1","1","1","1","1","1","1","1","1","1","1","1","1","1","1","1","1","1","1"
"4177","38.75",0.75,NA,"4.74041986465454","2017",,,,,,,,,,,,,,,,,,,,,,,,,,,,,,,,,,"0"
"4178","38.75",0.75,NA,"9.77732372283936","2007",,,,,,,,,,,,,,,,,,,,,,,,,,,,,,,,,,"0"
"4179","38.75",0.75,NA,"8.46127605438232","2013",,,,,,,,,,,,,,,,,,,,,,,,,,,,,,,,,,"0"
"4180","38.75",0.75,NA,"12.8330459594727","2002",,,,,,,,,,,,,,,,,,,,,,,,,,,,,,,,,,"0"
"4181","38.75",0.75,NA,"6.60601806640625","2009",,,,,,,,,,,,,,,,,,,,,,,,,,,,,,,,,,"0"
"4182","38.75",0.75,NA,"10.3878602981567","2003",,,,,,,,,,,,,,,,,,,,,,,,,,,,,,,,,,"0"
"4183","38.75",0.75,NA,NA,"1993",,,,,,,,,,,,,,,,,,,,,,,,,,,,,,,,,,"0"
"4184","38.75",0.75,NA,"9.67727470397949","2008",,,,,,,,,,,,,,,,,,,,,,,,,,,,,,,,,,"0"
"4185","38.75",0.75,NA,NA,"1985",,,,,,,,,,,,,,,,,,,,,,,,,,,,,,,,,,"0"
"4186","38.75",0.75,NA,NA,"1988",,,,,,,,,,,,,,,,,,,,,,,,,,,,,,,,,,"0"
"4187","38.75",0.75,NA,NA,"1986",,,,,,,,,,,,,,,,,,,,,,,,,,,,,,,,,,"0"
"4188","38.75",0.75,NA,"16.0389823913574","2018",,,,,,,,,,,,,,,,,,,,,,,,,,,,,,,,,,"0"
"4189","38.75",0.75,NA,"7.15653800964355","2014",,,,,,,,,,,,,,,,,,,,,,,,,,,,,,,,,,"0"
"4190","38.75",0.75,NA,NA,"1995",,,,,,,,,,,,,,,,,,,,,,,,,,,,,,,,,,"0"
"4191","38.75",0.75,NA,NA,"1996",,,,,,,,,,,,,,,,,,,,,,,,,,,,,,,,,,"0"
"4192","38.75",0.75,NA,"7.38298988342285","2012",,,,,,,,,,,,,,,,,,,,,,,,,,,,,,,,,,"0"
"4193","38.75",0.75,NA,NA,"1989",,,,,,,,,,,,,,,,,,,,,,,,,,,,,,,,,,"0"
"4194","38.75",0.75,NA,NA,"1997",,,,,,,,,,,,,,,,,,,,,,,,,,,,,,,,,,"0"
"4195","38.75",0.75,NA,"8.0352668762207","2005",,,,,,,,,,,,,,,,,,,,,,,,,,,,,,,,,,"0"
"4196","38.75",0.75,NA,"7.60459613800049","2011",,,,,,,,,,,,,,,,,,,,,,,,,,,,,,,,,,"0"
"4197","38.75",0.75,NA,"11.348503112793","1999",,,,,,,,,,,,,,,,,,,,,,,,,,,,,,,,,,"0"
"4198","38.75",0.75,NA,"7.94626808166504","2015",,,,,,,,,,,,,,,,,,,,,,,,,,,,,,,,,,"0"
"4199","38.75",0.75,NA,"10.255747795105","2004",,,,,,,,,,,,,,,,,,,,,,,,,,,,,,,,,,"0"
"4200","38.75",0.75,NA,NA,"1991",,,,,,,,,,,,,,,,,,,,,,,,,,,,,,,,,,"0"
"4201","38.75",0.75,NA,"9.45812606811523","2019",,,,,,,,,,,,,,,,,,,,,,,,,,,,,,,,,,"0"
"4202","38.75",0.75,NA,"8.22796535491943","2000",,,,,,,,,,,,,,,,,,,,,,,,,,,,,,,,,,"0"
"4203","38.75",0.75,NA,NA,"2020",,,,,,,,,,,,,,,,,,,,,,,,,,,,,,,,,,"0"
"4204","38.75",0.75,NA,NA,"1992",,,,,,,,,,,,,,,,,,,,,,,,,,,,,,,,,,"0"
"4205","38.75",0.75,NA,NA,"1987",,,,,,,,,,,,,,,,,,,,,,,,,,,,,,,,,,"0"
"4206","38.75",0.75,NA,NA,"1994",,,,,,,,,,,,,,,,,,,,,,,,,,,,,,,,,,"0"
"4207","38.75",0.75,NA,"10.991925239563","2006",,,,,,,,,,,,,,,,,,,,,,,,,,,,,,,,,,"0"
"4208","38.75",0.75,NA,NA,"1990",,,,,,,,,,,,,,,,,,,,,,,,,,,,,,,,,,"0"
"4209","38.75",0.75,NA,"8.09360790252686","2001",,,,,,,,,,,,,,,,,,,,,,,,,,,,,,,,,,"0"
"4210","38.75",0.75,NA,"7.76535654067993","2016",,,,,,,,,,,,,,,,,,,,,,,,,,,,,,,,,,"0"
"4211","38.75",0.75,NA,"8.18021392822266","2010",,,,,,,,,,,,,,,,,,,,,,,,,,,,,,,,,,"0"
"4212","38.75",0.75,NA,NA,"1998",,,,,,,,,,,,,,,,,,,,,,,,,,,,,,,,,,"0"
"4213","38.75",1.25,NA,NA,"1986",,,,,,,,,,,,,,,,,,,,,,,,,,,,,,,,,,"0"
"4214","38.75",1.25,NA,NA,"1994",,,,,,,,,,,,,,,,,,,,,,,,,,,,,,,,,,"0"
"4215","38.75",1.25,NA,"20.3228015899658","2018",,,,,,,,,,,,,,,,,,,,,,,,,,,,,,,,,,"0"
"4216","38.75",1.25,NA,"11.7505331039429","2019",,,,,,,,,,,,,,,,,,,,,,,,,,,,,,,,,,"0"
"4217","38.75",1.25,NA,NA,"1989",,,,,,,,,,,,,,,,,,,,,,,,,,,,,,,,,,"0"
"4218","38.75",1.25,NA,"12.8347311019897","2006",,,,,,,,,,,,,,,,,,,,,,,,,,,,,,,,,,"0"
"4219","38.75",1.25,NA,"11.8767623901367","2012",,,,,,,,,,,,,,,,,,,,,,,,,,,,,,,,,,"0"
"4220","38.75",1.25,NA,"9.37483501434326","2005",,,,,,,,,,,,,,,,,,,,,,,,,,,,,,,,,,"0"
"4221","38.75",1.25,NA,"12.4071340560913","2013",,,,,,,,,,,,,,,,,,,,,,,,,,,,,,,,,,"0"
"4222","38.75",1.25,NA,"13.89222240448","2002",,,,,,,,,,,,,,,,,,,,,,,,,,,,,,,,,,"0"
"4223","38.75",1.25,NA,"10.1864042282104","2010",,,,,,,,,,,,,,,,,,,,,,,,,,,,,,,,,,"0"
"4224","38.75",1.25,NA,"7.4979305267334","2001",,,,,,,,,,,,,,,,,,,,,,,,,,,,,,,,,,"0"
"4225","38.75",1.25,NA,"9.25270175933838","2008",,,,,,,,,,,,,,,,,,,,,,,,,,,,,,,,,,"0"
"4226","38.75",1.25,NA,NA,"1997",,,,,,,,,,,,,,,,,,,,,,,,,,,,,,,,,,"0"
"4227","38.75",1.25,NA,NA,"1985",,,,,,,,,,,,,,,,,,,,,,,,,,,,,,,,,,"0"
"4228","38.75",1.25,NA,NA,"1992",,,,,,,,,,,,,,,,,,,,,,,,,,,,,,,,,,"0"
"4229","38.75",1.25,NA,"11.2460117340088","2003",,,,,,,,,,,,,,,,,,,,,,,,,,,,,,,,,,"0"
"4230","38.75",1.25,NA,NA,"2020",,,,,,,,,,,,,,,,,,,,,,,,,,,,,,,,,,"0"
"4231","38.75",1.25,NA,"5.61003398895264","2017",,,,,,,,,,,,,,,,,,,,,,,,,,,,,,,,,,"0"
"4232","38.75",1.25,NA,NA,"1991",,,,,,,,,,,,,,,,,,,,,,,,,,,,,,,,,,"0"
"4233","38.75",1.25,NA,NA,"1993",,,,,,,,,,,,,,,,,,,,,,,,,,,,,,,,,,"0"
"4234","38.75",1.25,NA,"6.61702919006348","2000",,,,,,,,,,,,,,,,,,,,,,,,,,,,,,,,,,"0"
"4235","38.75",1.25,NA,NA,"1995",,,,,,,,,,,,,,,,,,,,,,,,,,,,,,,,,,"0"
"4236","38.75",1.25,NA,"10.364068031311","2011",,,,,,,,,,,,,,,,,,,,,,,,,,,,,,,,,,"0"
"4237","38.75",1.25,NA,"10.2425355911255","1999",,,,,,,,,,,,,,,,,,,,,,,,,,,,,,,,,,"0"
"4238","38.75",1.25,NA,"6.1708517074585","2009",,,,,,,,,,,,,,,,,,,,,,,,,,,,,,,,,,"0"
"4239","38.75",1.25,NA,NA,"1987",,,,,,,,,,,,,,,,,,,,,,,,,,,,,,,,,,"0"
"4240","38.75",1.25,NA,NA,"1996",,,,,,,,,,,,,,,,,,,,,,,,,,,,,,,,,,"0"
"4241","38.75",1.25,NA,NA,"1998",,,,,,,,,,,,,,,,,,,,,,,,,,,,,,,,,,"0"
"4242","38.75",1.25,NA,"8.0468635559082","2015",,,,,,,,,,,,,,,,,,,,,,,,,,,,,,,,,,"0"
"4243","38.75",1.25,NA,NA,"1988",,,,,,,,,,,,,,,,,,,,,,,,,,,,,,,,,,"0"
"4244","38.75",1.25,NA,"11.2819118499756","2007",,,,,,,,,,,,,,,,,,,,,,,,,,,,,,,,,,"0"
"4245","38.75",1.25,NA,"9.00615882873535","2004",,,,,,,,,,,,,,,,,,,,,,,,,,,,,,,,,,"0"
"4246","38.75",1.25,NA,"10.6596946716309","2016",,,,,,,,,,,,,,,,,,,,,,,,,,,,,,,,,,"0"
"4247","38.75",1.25,NA,NA,"1990",,,,,,,,,,,,,,,,,,,,,,,,,,,,,,,,,,"0"
"4248","38.75",1.25,NA,"8.07804584503174","2014",,,,,,,,,,,,,,,,,,,,,,,,,,,,,,,,,,"0"
"4249","38.75",1.75,NA,"9.88583374023438","2002",,,,,,,,,,,,,,,,,,,,,,,,,,,,,,,,,,"0"
"4250","38.75",1.75,NA,"4.8258171081543","2000",,,,,,,,,,,,,,,,,,,,,,,,,,,,,,,,,,"0"
"4251","38.75",1.75,NA,NA,"1991",,,,,,,,,,,,,,,,,,,,,,,,,,,,,,,,,,"0"
"4252","38.75",1.75,NA,NA,"1989",,,,,,,,,,,,,,,,,,,,,,,,,,,,,,,,,,"0"
"4253","38.75",1.75,NA,NA,"1987",,,,,,,,,,,,,,,,,,,,,,,,,,,,,,,,,,"0"
"4254","38.75",1.75,NA,"13.8637132644653","2018",,,,,,,,,,,,,,,,,,,,,,,,,,,,,,,,,,"0"
"4255","38.75",1.75,NA,"4.96208953857422","2005",,,,,,,,,,,,,,,,,,,,,,,,,,,,,,,,,,"0"
"4256","38.75",1.75,NA,"5.16695165634155","2009",,,,,,,,,,,,,,,,,,,,,,,,,,,,,,,,,,"0"
"4257","38.75",1.75,NA,NA,"1992",,,,,,,,,,,,,,,,,,,,,,,,,,,,,,,,,,"0"
"4258","38.75",1.75,NA,NA,"1986",,,,,,,,,,,,,,,,,,,,,,,,,,,,,,,,,,"0"
"4259","38.75",1.75,NA,"10.1473073959351","2011",,,,,,,,,,,,,,,,,,,,,,,,,,,,,,,,,,"0"
"4260","38.75",1.75,NA,"6.93998670578003","2001",,,,,,,,,,,,,,,,,,,,,,,,,,,,,,,,,,"0"
"4261","38.75",1.75,NA,"6.47540283203125","2016",,,,,,,,,,,,,,,,,,,,,,,,,,,,,,,,,,"0"
"4262","38.75",1.75,NA,"8.90872287750244","2006",,,,,,,,,,,,,,,,,,,,,,,,,,,,,,,,,,"0"
"4263","38.75",1.75,NA,NA,"1990",,,,,,,,,,,,,,,,,,,,,,,,,,,,,,,,,,"0"
"4264","38.75",1.75,NA,NA,"2020",,,,,,,,,,,,,,,,,,,,,,,,,,,,,,,,,,"0"
"4265","38.75",1.75,NA,"8.64527893066406","2019",,,,,,,,,,,,,,,,,,,,,,,,,,,,,,,,,,"0"
"4266","38.75",1.75,NA,"10.3155965805054","2003",,,,,,,,,,,,,,,,,,,,,,,,,,,,,,,,,,"0"
"4267","38.75",1.75,NA,"5.57198190689087","2014",,,,,,,,,,,,,,,,,,,,,,,,,,,,,,,,,,"0"
"4268","38.75",1.75,NA,NA,"1993",,,,,,,,,,,,,,,,,,,,,,,,,,,,,,,,,,"0"
"4269","38.75",1.75,NA,"5.15268182754517","2004",,,,,,,,,,,,,,,,,,,,,,,,,,,,,,,,,,"0"
"4270","38.75",1.75,NA,NA,"1997",,,,,,,,,,,,,,,,,,,,,,,,,,,,,,,,,,"0"
"4271","38.75",1.75,NA,"7.15657186508179","2012",,,,,,,,,,,,,,,,,,,,,,,,,,,,,,,,,,"0"
"4272","38.75",1.75,NA,"7.67563581466675","2008",,,,,,,,,,,,,,,,,,,,,,,,,,,,,,,,,,"0"
"4273","38.75",1.75,NA,NA,"1998",,,,,,,,,,,,,,,,,,,,,,,,,,,,,,,,,,"0"
"4274","38.75",1.75,NA,"9.07039928436279","2013",,,,,,,,,,,,,,,,,,,,,,,,,,,,,,,,,,"0"
"4275","38.75",1.75,NA,"5.83605623245239","2015",,,,,,,,,,,,,,,,,,,,,,,,,,,,,,,,,,"0"
"4276","38.75",1.75,NA,NA,"1995",,,,,,,,,,,,,,,,,,,,,,,,,,,,,,,,,,"0"
"4277","38.75",1.75,NA,"7.24723291397095","2007",,,,,,,,,,,,,,,,,,,,,,,,,,,,,,,,,,"0"
"4278","38.75",1.75,NA,NA,"1985",,,,,,,,,,,,,,,,,,,,,,,,,,,,,,,,,,"0"
"4279","38.75",1.75,NA,"6.84382343292236","1999",,,,,,,,,,,,,,,,,,,,,,,,,,,,,,,,,,"0"
"4280","38.75",1.75,NA,"6.27673721313477","2010",,,,,,,,,,,,,,,,,,,,,,,,,,,,,,,,,,"0"
"4281","38.75",1.75,NA,NA,"1996",,,,,,,,,,,,,,,,,,,,,,,,,,,,,,,,,,"0"
"4282","38.75",1.75,NA,NA,"1994",,,,,,,,,,,,,,,,,,,,,,,,,,,,,,,,,,"0"
"4283","38.75",1.75,NA,NA,"1988",,,,,,,,,,,,,,,,,,,,,,,,,,,,,,,,,,"0"
"4284","38.75",1.75,NA,"3.75613307952881","2017",,,,,,,,,,,,,,,,,,,,,,,,,,,,,,,,,,"0"
"4285","38.75",2.25,NA,"8.76737213134766","2015","1","1","1","1","1","1","1","1","1","1","1","1","1","1","1","1","1","1","1","1","1","1","1","1","1","1","1","1","1","1","1","1","0","0"
"4286","38.75",2.25,NA,"9.96066093444824","1999","1","1","1","1","1","1","1","1","1","1","1","1","1","1","1","1","1","1","1","1","1","1","1","1","1","1","1","1","1","1","1","1","0","0"
"4287","38.75",2.25,NA,"6.68586254119873","2005","1","1","1","1","1","1","1","1","1","1","1","1","1","1","1","1","1","1","1","1","1","1","1","1","1","1","1","1","1","1","1","1","0","0"
"4288","38.75",2.25,NA,NA,"1988","1","1","1","1","1","1","1","1","1","1","1","1","1","1","1","1","1","1","1","1","1","1","1","1","1","1","1","1","1","1","1","1","0","0"
"4289","38.75",2.25,NA,"9.17528533935547","2012","1","1","1","1","1","1","1","1","1","1","1","1","1","1","1","1","1","1","1","1","1","1","1","1","1","1","1","1","1","1","1","1","0","0"
"4290","38.75",2.25,NA,"10.7909107208252","2002","1","1","1","1","1","1","1","1","1","1","1","1","1","1","1","1","1","1","1","1","1","1","1","1","1","1","1","1","1","1","1","1","0","0"
"4291","38.75",2.25,NA,NA,"1993","1","1","1","1","1","1","1","1","1","1","1","1","1","1","1","1","1","1","1","1","1","1","1","1","1","1","1","1","1","1","1","1","0","0"
"4292","38.75",2.25,NA,NA,"1995","1","1","1","1","1","1","1","1","1","1","1","1","1","1","1","1","1","1","1","1","1","1","1","1","1","1","1","1","1","1","1","1","0","0"
"4293","38.75",2.25,NA,NA,"1985","1","1","1","1","1","1","1","1","1","1","1","1","1","1","1","1","1","1","1","1","1","1","1","1","1","1","1","1","1","1","1","1","0","0"
"4294","38.75",2.25,NA,NA,"1997","1","1","1","1","1","1","1","1","1","1","1","1","1","1","1","1","1","1","1","1","1","1","1","1","1","1","1","1","1","1","1","1","0","0"
"4295","38.75",2.25,NA,"7.96980571746826","2009","1","1","1","1","1","1","1","1","1","1","1","1","1","1","1","1","1","1","1","1","1","1","1","1","1","1","1","1","1","1","1","1","0","0"
"4296","38.75",2.25,NA,"13.4344806671143","2003","1","1","1","1","1","1","1","1","1","1","1","1","1","1","1","1","1","1","1","1","1","1","1","1","1","1","1","1","1","1","1","1","0","0"
"4297","38.75",2.25,NA,"13.3371477127075","2006","1","1","1","1","1","1","1","1","1","1","1","1","1","1","1","1","1","1","1","1","1","1","1","1","1","1","1","1","1","1","1","1","0","0"
"4298","38.75",2.25,NA,"11.8137016296387","2016","1","1","1","1","1","1","1","1","1","1","1","1","1","1","1","1","1","1","1","1","1","1","1","1","1","1","1","1","1","1","1","1","0","0"
"4299","38.75",2.25,NA,"9.81823825836182","2004","1","1","1","1","1","1","1","1","1","1","1","1","1","1","1","1","1","1","1","1","1","1","1","1","1","1","1","1","1","1","1","1","0","0"
"4300","38.75",2.25,NA,NA,"1987","1","1","1","1","1","1","1","1","1","1","1","1","1","1","1","1","1","1","1","1","1","1","1","1","1","1","1","1","1","1","1","1","0","0"
"4301","38.75",2.25,NA,"13.136549949646","2008","1","1","1","1","1","1","1","1","1","1","1","1","1","1","1","1","1","1","1","1","1","1","1","1","1","1","1","1","1","1","1","1","0","0"
"4302","38.75",2.25,NA,"21.5337219238281","2018","1","1","1","1","1","1","1","1","1","1","1","1","1","1","1","1","1","1","1","1","1","1","1","1","1","1","1","1","1","1","1","1","0","0"
"4303","38.75",2.25,NA,"11.4228754043579","2001","1","1","1","1","1","1","1","1","1","1","1","1","1","1","1","1","1","1","1","1","1","1","1","1","1","1","1","1","1","1","1","1","0","0"
"4304","38.75",2.25,NA,NA,"1992","1","1","1","1","1","1","1","1","1","1","1","1","1","1","1","1","1","1","1","1","1","1","1","1","1","1","1","1","1","1","1","1","0","0"
"4305","38.75",2.25,NA,NA,"1996","1","1","1","1","1","1","1","1","1","1","1","1","1","1","1","1","1","1","1","1","1","1","1","1","1","1","1","1","1","1","1","1","0","0"
"4306","38.75",2.25,NA,NA,"1991","1","1","1","1","1","1","1","1","1","1","1","1","1","1","1","1","1","1","1","1","1","1","1","1","1","1","1","1","1","1","1","1","0","0"
"4307","38.75",2.25,NA,"7.43467473983765","2000","1","1","1","1","1","1","1","1","1","1","1","1","1","1","1","1","1","1","1","1","1","1","1","1","1","1","1","1","1","1","1","1","0","0"
"4308","38.75",2.25,NA,"15.5329666137695","2013","1","1","1","1","1","1","1","1","1","1","1","1","1","1","1","1","1","1","1","1","1","1","1","1","1","1","1","1","1","1","1","1","0","0"
"4309","38.75",2.25,NA,NA,"1998","1","1","1","1","1","1","1","1","1","1","1","1","1","1","1","1","1","1","1","1","1","1","1","1","1","1","1","1","1","1","1","1","0","0"
"4310","38.75",2.25,NA,"11.6964807510376","2011","1","1","1","1","1","1","1","1","1","1","1","1","1","1","1","1","1","1","1","1","1","1","1","1","1","1","1","1","1","1","1","1","0","0"
"4311","38.75",2.25,NA,"8.67354774475098","2014","1","1","1","1","1","1","1","1","1","1","1","1","1","1","1","1","1","1","1","1","1","1","1","1","1","1","1","1","1","1","1","1","0","0"
"4312","38.75",2.25,NA,NA,"2020","1","1","1","1","1","1","1","1","1","1","1","1","1","1","1","1","1","1","1","1","1","1","1","1","1","1","1","1","1","1","1","1","0","0"
"4313","38.75",2.25,NA,NA,"1986","1","1","1","1","1","1","1","1","1","1","1","1","1","1","1","1","1","1","1","1","1","1","1","1","1","1","1","1","1","1","1","1","0","0"
"4314","38.75",2.25,NA,"8.95076370239258","2010","1","1","1","1","1","1","1","1","1","1","1","1","1","1","1","1","1","1","1","1","1","1","1","1","1","1","1","1","1","1","1","1","0","0"
"4315","38.75",2.25,NA,NA,"1989","1","1","1","1","1","1","1","1","1","1","1","1","1","1","1","1","1","1","1","1","1","1","1","1","1","1","1","1","1","1","1","1","0","0"
"4316","38.75",2.25,NA,"10.1602411270142","2017","1","1","1","1","1","1","1","1","1","1","1","1","1","1","1","1","1","1","1","1","1","1","1","1","1","1","1","1","1","1","1","1","0","0"
"4317","38.75",2.25,NA,"12.7304944992065","2007","1","1","1","1","1","1","1","1","1","1","1","1","1","1","1","1","1","1","1","1","1","1","1","1","1","1","1","1","1","1","1","1","0","0"
"4318","38.75",2.25,NA,NA,"1994","1","1","1","1","1","1","1","1","1","1","1","1","1","1","1","1","1","1","1","1","1","1","1","1","1","1","1","1","1","1","1","1","0","0"
"4319","38.75",2.25,NA,"13.7416849136353","2019","1","1","1","1","1","1","1","1","1","1","1","1","1","1","1","1","1","1","1","1","1","1","1","1","1","1","1","1","1","1","1","1","0","0"
"4320","38.75",2.25,NA,NA,"1990","1","1","1","1","1","1","1","1","1","1","1","1","1","1","1","1","1","1","1","1","1","1","1","1","1","1","1","1","1","1","1","1","0","0"
"4321","38.75",2.75,NA,NA,"1988",,,,,,,,,,,,,,,,,,,,,,,,,,,,,,,,,,"0"
"4322","38.75",2.75,NA,NA,"1990",,,,,,,,,,,,,,,,,,,,,,,,,,,,,,,,,,"0"
"4323","38.75",2.75,NA,"16.5592765808105","2008",,,,,,,,,,,,,,,,,,,,,,,,,,,,,,,,,,"0"
"4324","38.75",2.75,NA,"15.391471862793","2015",,,,,,,,,,,,,,,,,,,,,,,,,,,,,,,,,,"0"
"4325","38.75",2.75,NA,NA,"1997",,,,,,,,,,,,,,,,,,,,,,,,,,,,,,,,,,"0"
"4326","38.75",2.75,NA,NA,"1995",,,,,,,,,,,,,,,,,,,,,,,,,,,,,,,,,,"0"
"4327","38.75",2.75,NA,NA,"1993",,,,,,,,,,,,,,,,,,,,,,,,,,,,,,,,,,"0"
"4328","38.75",2.75,NA,NA,"1994",,,,,,,,,,,,,,,,,,,,,,,,,,,,,,,,,,"0"
"4329","38.75",2.75,NA,"13.2126369476318","2017",,,,,,,,,,,,,,,,,,,,,,,,,,,,,,,,,,"0"
"4330","38.75",2.75,NA,"17.2428760528564","2006",,,,,,,,,,,,,,,,,,,,,,,,,,,,,,,,,,"0"
"4331","38.75",2.75,NA,"10.9798336029053","2009",,,,,,,,,,,,,,,,,,,,,,,,,,,,,,,,,,"0"
"4332","38.75",2.75,NA,NA,"1986",,,,,,,,,,,,,,,,,,,,,,,,,,,,,,,,,,"0"
"4333","38.75",2.75,NA,NA,"1992",,,,,,,,,,,,,,,,,,,,,,,,,,,,,,,,,,"0"
"4334","38.75",2.75,NA,NA,"1989",,,,,,,,,,,,,,,,,,,,,,,,,,,,,,,,,,"0"
"4335","38.75",2.75,NA,"9.65449047088623","2000",,,,,,,,,,,,,,,,,,,,,,,,,,,,,,,,,,"0"
"4336","38.75",2.75,NA,NA,"1987",,,,,,,,,,,,,,,,,,,,,,,,,,,,,,,,,,"0"
"4337","38.75",2.75,NA,NA,"2020",,,,,,,,,,,,,,,,,,,,,,,,,,,,,,,,,,"0"
"4338","38.75",2.75,NA,"14.0971193313599","2011",,,,,,,,,,,,,,,,,,,,,,,,,,,,,,,,,,"0"
"4339","38.75",2.75,NA,"15.3620691299438","2002",,,,,,,,,,,,,,,,,,,,,,,,,,,,,,,,,,"0"
"4340","38.75",2.75,NA,"20.3912696838379","2019",,,,,,,,,,,,,,,,,,,,,,,,,,,,,,,,,,"0"
"4341","38.75",2.75,NA,"22.7346286773682","2013",,,,,,,,,,,,,,,,,,,,,,,,,,,,,,,,,,"0"
"4342","38.75",2.75,NA,"9.06774139404297","2005",,,,,,,,,,,,,,,,,,,,,,,,,,,,,,,,,,"0"
"4343","38.75",2.75,NA,"13.1537714004517","2014",,,,,,,,,,,,,,,,,,,,,,,,,,,,,,,,,,"0"
"4344","38.75",2.75,NA,"15.738507270813","1999",,,,,,,,,,,,,,,,,,,,,,,,,,,,,,,,,,"0"
"4345","38.75",2.75,NA,"13.3540983200073","2003",,,,,,,,,,,,,,,,,,,,,,,,,,,,,,,,,,"0"
"4346","38.75",2.75,NA,"15.5840702056885","2007",,,,,,,,,,,,,,,,,,,,,,,,,,,,,,,,,,"0"
"4347","38.75",2.75,NA,NA,"1996",,,,,,,,,,,,,,,,,,,,,,,,,,,,,,,,,,"0"
"4348","38.75",2.75,NA,"13.5829877853394","2001",,,,,,,,,,,,,,,,,,,,,,,,,,,,,,,,,,"0"
"4349","38.75",2.75,NA,"25.2723217010498","2018",,,,,,,,,,,,,,,,,,,,,,,,,,,,,,,,,,"0"
"4350","38.75",2.75,NA,"13.8058271408081","2004",,,,,,,,,,,,,,,,,,,,,,,,,,,,,,,,,,"0"
"4351","38.75",2.75,NA,NA,"1985",,,,,,,,,,,,,,,,,,,,,,,,,,,,,,,,,,"0"
"4352","38.75",2.75,NA,"15.6343107223511","2012",,,,,,,,,,,,,,,,,,,,,,,,,,,,,,,,,,"0"
"4353","38.75",2.75,NA,NA,"1991",,,,,,,,,,,,,,,,,,,,,,,,,,,,,,,,,,"0"
"4354","38.75",2.75,NA,"11.8017606735229","2010",,,,,,,,,,,,,,,,,,,,,,,,,,,,,,,,,,"0"
"4355","38.75",2.75,NA,NA,"1998",,,,,,,,,,,,,,,,,,,,,,,,,,,,,,,,,,"0"
"4356","38.75",2.75,NA,"12.9903545379639","2016",,,,,,,,,,,,,,,,,,,,,,,,,,,,,,,,,,"0"
"4357","38.75",3.25,NA,"18.9693622589111","2003",,,,,,,,,,,,,,,,,,,,,,,,,,,,,,,,,,"0"
"4358","38.75",3.25,NA,NA,"1994",,,,,,,,,,,,,,,,,,,,,,,,,,,,,,,,,,"0"
"4359","38.75",3.25,NA,NA,"1988",,,,,,,,,,,,,,,,,,,,,,,,,,,,,,,,,,"0"
"4360","38.75",3.25,NA,NA,"1989",,,,,,,,,,,,,,,,,,,,,,,,,,,,,,,,,,"0"
"4361","38.75",3.25,NA,NA,"1995",,,,,,,,,,,,,,,,,,,,,,,,,,,,,,,,,,"0"
"4362","38.75",3.25,NA,"9.67410564422607","2000",,,,,,,,,,,,,,,,,,,,,,,,,,,,,,,,,,"0"
"4363","38.75",3.25,NA,NA,"1997",,,,,,,,,,,,,,,,,,,,,,,,,,,,,,,,,,"0"
"4364","38.75",3.25,NA,NA,"1992",,,,,,,,,,,,,,,,,,,,,,,,,,,,,,,,,,"0"
"4365","38.75",3.25,NA,"28.0829849243164","2013",,,,,,,,,,,,,,,,,,,,,,,,,,,,,,,,,,"0"
"4366","38.75",3.25,NA,"20.9037017822266","2012",,,,,,,,,,,,,,,,,,,,,,,,,,,,,,,,,,"0"
"4367","38.75",3.25,NA,"17.3926219940186","2014",,,,,,,,,,,,,,,,,,,,,,,,,,,,,,,,,,"0"
"4368","38.75",3.25,NA,"10.7387590408325","2005",,,,,,,,,,,,,,,,,,,,,,,,,,,,,,,,,,"0"
"4369","38.75",3.25,NA,NA,"1991",,,,,,,,,,,,,,,,,,,,,,,,,,,,,,,,,,"0"
"4370","38.75",3.25,NA,NA,"1998",,,,,,,,,,,,,,,,,,,,,,,,,,,,,,,,,,"0"
"4371","38.75",3.25,NA,NA,"1996",,,,,,,,,,,,,,,,,,,,,,,,,,,,,,,,,,"0"
"4372","38.75",3.25,NA,NA,"1987",,,,,,,,,,,,,,,,,,,,,,,,,,,,,,,,,,"0"
"4373","38.75",3.25,NA,"16.0265274047852","2008",,,,,,,,,,,,,,,,,,,,,,,,,,,,,,,,,,"0"
"4374","38.75",3.25,NA,NA,"1985",,,,,,,,,,,,,,,,,,,,,,,,,,,,,,,,,,"0"
"4375","38.75",3.25,NA,"18.4051113128662","2007",,,,,,,,,,,,,,,,,,,,,,,,,,,,,,,,,,"0"
"4376","38.75",3.25,NA,"14.2560415267944","2001",,,,,,,,,,,,,,,,,,,,,,,,,,,,,,,,,,"0"
"4377","38.75",3.25,NA,NA,"1986",,,,,,,,,,,,,,,,,,,,,,,,,,,,,,,,,,"0"
"4378","38.75",3.25,NA,"16.4013500213623","2010",,,,,,,,,,,,,,,,,,,,,,,,,,,,,,,,,,"0"
"4379","38.75",3.25,NA,"26.7493305206299","2006",,,,,,,,,,,,,,,,,,,,,,,,,,,,,,,,,,"0"
"4380","38.75",3.25,NA,"14.3284606933594","2015",,,,,,,,,,,,,,,,,,,,,,,,,,,,,,,,,,"0"
"4381","38.75",3.25,NA,"27.6405925750732","2018",,,,,,,,,,,,,,,,,,,,,,,,,,,,,,,,,,"0"
"4382","38.75",3.25,NA,"25.087926864624","2019",,,,,,,,,,,,,,,,,,,,,,,,,,,,,,,,,,"0"
"4383","38.75",3.25,NA,"16.4708347320557","1999",,,,,,,,,,,,,,,,,,,,,,,,,,,,,,,,,,"0"
"4384","38.75",3.25,NA,"18.5943279266357","2002",,,,,,,,,,,,,,,,,,,,,,,,,,,,,,,,,,"0"
"4385","38.75",3.25,NA,NA,"1993",,,,,,,,,,,,,,,,,,,,,,,,,,,,,,,,,,"0"
"4386","38.75",3.25,NA,NA,"2020",,,,,,,,,,,,,,,,,,,,,,,,,,,,,,,,,,"0"
"4387","38.75",3.25,NA,NA,"1990",,,,,,,,,,,,,,,,,,,,,,,,,,,,,,,,,,"0"
"4388","38.75",3.25,NA,"14.9159202575684","2016",,,,,,,,,,,,,,,,,,,,,,,,,,,,,,,,,,"0"
"4389","38.75",3.25,NA,"13.7339735031128","2017",,,,,,,,,,,,,,,,,,,,,,,,,,,,,,,,,,"0"
"4390","38.75",3.25,NA,"12.9019870758057","2009",,,,,,,,,,,,,,,,,,,,,,,,,,,,,,,,,,"0"
"4391","38.75",3.25,NA,"17.7706871032715","2011",,,,,,,,,,,,,,,,,,,,,,,,,,,,,,,,,,"0"
"4392","38.75",3.25,NA,"15.2735681533813","2004",,,,,,,,,,,,,,,,,,,,,,,,,,,,,,,,,,"0"
"4393","39.25",-4.25,"0.605000019073486","52.5480842590332","2003",,,,,,,,,,,,,,,,,,,,,,,,,,,,,,,,,,"0"
"4394","39.25",-4.25,"0.605000019073486","57.0593719482422","2019",,,,,,,,,,,,,,,,,,,,,,,,,,,,,,,,,,"0"
"4395","39.25",-4.25,"0.605000019073486","52.4152221679688","1999",,,,,,,,,,,,,,,,,,,,,,,,,,,,,,,,,,"0"
"4396","39.25",-4.25,"0.605000019073486","43.4146881103516","2012",,,,,,,,,,,,,,,,,,,,,,,,,,,,,,,,,,"0"
"4397","39.25",-4.25,"0.605000019073486",NA,"1992",,,,,,,,,,,,,,,,,,,,,,,,,,,,,,,,,,"0"
"4398","39.25",-4.25,"0.605000019073486","48.8315658569336","2011",,,,,,,,,,,,,,,,,,,,,,,,,,,,,,,,,,"0"
"4399","39.25",-4.25,"0.605000019073486",NA,"1987",,,,,,,,,,,,,,,,,,,,,,,,,,,,,,,,,,"0"
"4400","39.25",-4.25,"0.605000019073486",NA,"1993",,,,,,,,,,,,,,,,,,,,,,,,,,,,,,,,,,"0"
"4401","39.25",-4.25,"0.605000019073486",NA,"1994",,,,,,,,,,,,,,,,,,,,,,,,,,,,,,,,,,"0"
"4402","39.25",-4.25,"0.605000019073486",NA,"1996",,,,,,,,,,,,,,,,,,,,,,,,,,,,,,,,,,"0"
"4403","39.25",-4.25,"0.605000019073486","53.6291885375977","2000",,,,,,,,,,,,,,,,,,,,,,,,,,,,,,,,,,"0"
"4404","39.25",-4.25,"0.605000019073486","53.2243957519531","2010",,,,,,,,,,,,,,,,,,,,,,,,,,,,,,,,,,"0"
"4405","39.25",-4.25,"0.605000019073486","47.4800262451172","2005",,,,,,,,,,,,,,,,,,,,,,,,,,,,,,,,,,"0"
"4406","39.25",-4.25,"0.605000019073486",NA,"1985",,,,,,,,,,,,,,,,,,,,,,,,,,,,,,,,,,"0"
"4407","39.25",-4.25,"0.605000019073486",NA,"1998",,,,,,,,,,,,,,,,,,,,,,,,,,,,,,,,,,"0"
"4408","39.25",-4.25,"0.605000019073486",NA,"1991",,,,,,,,,,,,,,,,,,,,,,,,,,,,,,,,,,"0"
"4409","39.25",-4.25,"0.605000019073486",NA,"1997",,,,,,,,,,,,,,,,,,,,,,,,,,,,,,,,,,"0"
"4410","39.25",-4.25,"0.605000019073486","50.5917434692383","2002",,,,,,,,,,,,,,,,,,,,,,,,,,,,,,,,,,"0"
"4411","39.25",-4.25,"0.605000019073486",NA,"1989",,,,,,,,,,,,,,,,,,,,,,,,,,,,,,,,,,"0"
"4412","39.25",-4.25,"0.605000019073486","37.8118057250977","2016",,,,,,,,,,,,,,,,,,,,,,,,,,,,,,,,,,"0"
"4413","39.25",-4.25,"0.605000019073486","57.8423957824707","2007",,,,,,,,,,,,,,,,,,,,,,,,,,,,,,,,,,"0"
"4414","39.25",-4.25,"0.605000019073486","38.9072799682617","2009",,,,,,,,,,,,,,,,,,,,,,,,,,,,,,,,,,"0"
"4415","39.25",-4.25,"0.605000019073486","46.8907432556152","2008",,,,,,,,,,,,,,,,,,,,,,,,,,,,,,,,,,"0"
"4416","39.25",-4.25,"0.605000019073486","47.220947265625","2015",,,,,,,,,,,,,,,,,,,,,,,,,,,,,,,,,,"0"
"4417","39.25",-4.25,"0.605000019073486","47.9184417724609","2017",,,,,,,,,,,,,,,,,,,,,,,,,,,,,,,,,,"0"
"4418","39.25",-4.25,"0.605000019073486","49.6147079467773","2004",,,,,,,,,,,,,,,,,,,,,,,,,,,,,,,,,,"0"
"4419","39.25",-4.25,"0.605000019073486",NA,"1986",,,,,,,,,,,,,,,,,,,,,,,,,,,,,,,,,,"0"
"4420","39.25",-4.25,"0.605000019073486","55.3263931274414","2014",,,,,,,,,,,,,,,,,,,,,,,,,,,,,,,,,,"0"
"4421","39.25",-4.25,"0.605000019073486",NA,"2020",,,,,,,,,,,,,,,,,,,,,,,,,,,,,,,,,,"0"
"4422","39.25",-4.25,"0.605000019073486",NA,"1988",,,,,,,,,,,,,,,,,,,,,,,,,,,,,,,,,,"0"
"4423","39.25",-4.25,"0.605000019073486","47.5394172668457","2001",,,,,,,,,,,,,,,,,,,,,,,,,,,,,,,,,,"0"
"4424","39.25",-4.25,"0.605000019073486",NA,"1990",,,,,,,,,,,,,,,,,,,,,,,,,,,,,,,,,,"0"
"4425","39.25",-4.25,"0.605000019073486","59.5434379577637","2018",,,,,,,,,,,,,,,,,,,,,,,,,,,,,,,,,,"0"
"4426","39.25",-4.25,"0.605000019073486","50.3207740783691","2013",,,,,,,,,,,,,,,,,,,,,,,,,,,,,,,,,,"0"
"4427","39.25",-4.25,"0.605000019073486","54.2673454284668","2006",,,,,,,,,,,,,,,,,,,,,,,,,,,,,,,,,,"0"
"4428","39.25",-4.25,"0.605000019073486",NA,"1995",,,,,,,,,,,,,,,,,,,,,,,,,,,,,,,,,,"0"
"4429","39.25",-3.75,"0.605000019073486","38.0888824462891","2014",,,,,,,,,,,,,,,,,,,,,,,,,,,,,,,,,,"0"
"4430","39.25",-3.75,"0.605000019073486",NA,"1998",,,,,,,,,,,,,,,,,,,,,,,,,,,,,,,,,,"0"
"4431","39.25",-3.75,"0.605000019073486",NA,"1994",,,,,,,,,,,,,,,,,,,,,,,,,,,,,,,,,,"0"
"4432","39.25",-3.75,"0.605000019073486",NA,"1993",,,,,,,,,,,,,,,,,,,,,,,,,,,,,,,,,,"0"
"4433","39.25",-3.75,"0.605000019073486","25.4389762878418","2009",,,,,,,,,,,,,,,,,,,,,,,,,,,,,,,,,,"0"
"4434","39.25",-3.75,"0.605000019073486",NA,"1991",,,,,,,,,,,,,,,,,,,,,,,,,,,,,,,,,,"0"
"4435","39.25",-3.75,"0.605000019073486","38.4111213684082","2010",,,,,,,,,,,,,,,,,,,,,,,,,,,,,,,,,,"0"
"4436","39.25",-3.75,"0.605000019073486","33.2403221130371","2013",,,,,,,,,,,,,,,,,,,,,,,,,,,,,,,,,,"0"
"4437","39.25",-3.75,"0.605000019073486","26.8101081848145","2012",,,,,,,,,,,,,,,,,,,,,,,,,,,,,,,,,,"0"
"4438","39.25",-3.75,"0.605000019073486","44.6813659667969","2007",,,,,,,,,,,,,,,,,,,,,,,,,,,,,,,,,,"0"
"4439","39.25",-3.75,"0.605000019073486",NA,"1986",,,,,,,,,,,,,,,,,,,,,,,,,,,,,,,,,,"0"
"4440","39.25",-3.75,"0.605000019073486","36.7012023925781","2002",,,,,,,,,,,,,,,,,,,,,,,,,,,,,,,,,,"0"
"4441","39.25",-3.75,"0.605000019073486","40.0595245361328","2006",,,,,,,,,,,,,,,,,,,,,,,,,,,,,,,,,,"0"
"4442","39.25",-3.75,"0.605000019073486","35.2040786743164","2017",,,,,,,,,,,,,,,,,,,,,,,,,,,,,,,,,,"0"
"4443","39.25",-3.75,"0.605000019073486",NA,"1987",,,,,,,,,,,,,,,,,,,,,,,,,,,,,,,,,,"0"
"4444","39.25",-3.75,"0.605000019073486",NA,"1995",,,,,,,,,,,,,,,,,,,,,,,,,,,,,,,,,,"0"
"4445","39.25",-3.75,"0.605000019073486",NA,"1996",,,,,,,,,,,,,,,,,,,,,,,,,,,,,,,,,,"0"
"4446","39.25",-3.75,"0.605000019073486",NA,"1992",,,,,,,,,,,,,,,,,,,,,,,,,,,,,,,,,,"0"
"4447","39.25",-3.75,"0.605000019073486","40.0460166931152","2019",,,,,,,,,,,,,,,,,,,,,,,,,,,,,,,,,,"0"
"4448","39.25",-3.75,"0.605000019073486",NA,"1997",,,,,,,,,,,,,,,,,,,,,,,,,,,,,,,,,,"0"
"4449","39.25",-3.75,"0.605000019073486",NA,"1990",,,,,,,,,,,,,,,,,,,,,,,,,,,,,,,,,,"0"
"4450","39.25",-3.75,"0.605000019073486",NA,"1985",,,,,,,,,,,,,,,,,,,,,,,,,,,,,,,,,,"0"
"4451","39.25",-3.75,"0.605000019073486","29.801456451416","2001",,,,,,,,,,,,,,,,,,,,,,,,,,,,,,,,,,"0"
"4452","39.25",-3.75,"0.605000019073486",NA,"1988",,,,,,,,,,,,,,,,,,,,,,,,,,,,,,,,,,"0"
"4453","39.25",-3.75,"0.605000019073486","35.7289237976074","2015",,,,,,,,,,,,,,,,,,,,,,,,,,,,,,,,,,"0"
"4454","39.25",-3.75,"0.605000019073486",NA,"2020",,,,,,,,,,,,,,,,,,,,,,,,,,,,,,,,,,"0"
"4455","39.25",-3.75,"0.605000019073486","36.1145782470703","1999",,,,,,,,,,,,,,,,,,,,,,,,,,,,,,,,,,"0"
"4456","39.25",-3.75,"0.605000019073486","43.9449234008789","2018",,,,,,,,,,,,,,,,,,,,,,,,,,,,,,,,,,"0"
"4457","39.25",-3.75,"0.605000019073486","40.5999031066895","2000",,,,,,,,,,,,,,,,,,,,,,,,,,,,,,,,,,"0"
"4458","39.25",-3.75,"0.605000019073486","32.7921028137207","2011",,,,,,,,,,,,,,,,,,,,,,,,,,,,,,,,,,"0"
"4459","39.25",-3.75,"0.605000019073486","33.0554351806641","2008",,,,,,,,,,,,,,,,,,,,,,,,,,,,,,,,,,"0"
"4460","39.25",-3.75,"0.605000019073486","32.6417007446289","2005",,,,,,,,,,,,,,,,,,,,,,,,,,,,,,,,,,"0"
"4461","39.25",-3.75,"0.605000019073486","34.4516258239746","2003",,,,,,,,,,,,,,,,,,,,,,,,,,,,,,,,,,"0"
"4462","39.25",-3.75,"0.605000019073486","33.5213737487793","2004",,,,,,,,,,,,,,,,,,,,,,,,,,,,,,,,,,"0"
"4463","39.25",-3.75,"0.605000019073486","22.8589687347412","2016",,,,,,,,,,,,,,,,,,,,,,,,,,,,,,,,,,"0"
"4464","39.25",-3.75,"0.605000019073486",NA,"1989",,,,,,,,,,,,,,,,,,,,,,,,,,,,,,,,,,"0"
"4465","39.25",-3.25,"0.704999983310699","16.8604965209961","2001",,,,,,,,,,,,,,,,,,,,,,,,,,,,,,,,,,"0"
"4466","39.25",-3.25,"0.704999983310699",NA,"1986",,,,,,,,,,,,,,,,,,,,,,,,,,,,,,,,,,"0"
"4467","39.25",-3.25,"0.704999983310699","17.9070167541504","2011",,,,,,,,,,,,,,,,,,,,,,,,,,,,,,,,,,"0"
"4468","39.25",-3.25,"0.704999983310699",NA,"1985",,,,,,,,,,,,,,,,,,,,,,,,,,,,,,,,,,"0"
"4469","39.25",-3.25,"0.704999983310699",NA,"1989",,,,,,,,,,,,,,,,,,,,,,,,,,,,,,,,,,"0"
"4470","39.25",-3.25,"0.704999983310699",NA,"2020",,,,,,,,,,,,,,,,,,,,,,,,,,,,,,,,,,"0"
"4471","39.25",-3.25,"0.704999983310699","22.1115169525146","2010",,,,,,,,,,,,,,,,,,,,,,,,,,,,,,,,,,"0"
"4472","39.25",-3.25,"0.704999983310699",NA,"1993",,,,,,,,,,,,,,,,,,,,,,,,,,,,,,,,,,"0"
"4473","39.25",-3.25,"0.704999983310699",NA,"1992",,,,,,,,,,,,,,,,,,,,,,,,,,,,,,,,,,"0"
"4474","39.25",-3.25,"0.704999983310699","15.2695283889771","2016",,,,,,,,,,,,,,,,,,,,,,,,,,,,,,,,,,"0"
"4475","39.25",-3.25,"0.704999983310699",NA,"1998",,,,,,,,,,,,,,,,,,,,,,,,,,,,,,,,,,"0"
"4476","39.25",-3.25,"0.704999983310699","15.5543422698975","2017",,,,,,,,,,,,,,,,,,,,,,,,,,,,,,,,,,"0"
"4477","39.25",-3.25,"0.704999983310699","22.2265224456787","2006",,,,,,,,,,,,,,,,,,,,,,,,,,,,,,,,,,"0"
"4478","39.25",-3.25,"0.704999983310699",NA,"1991",,,,,,,,,,,,,,,,,,,,,,,,,,,,,,,,,,"0"
"4479","39.25",-3.25,"0.704999983310699","26.1724300384521","2018",,,,,,,,,,,,,,,,,,,,,,,,,,,,,,,,,,"0"
"4480","39.25",-3.25,"0.704999983310699","17.6760330200195","2013",,,,,,,,,,,,,,,,,,,,,,,,,,,,,,,,,,"0"
"4481","39.25",-3.25,"0.704999983310699",NA,"1997",,,,,,,,,,,,,,,,,,,,,,,,,,,,,,,,,,"0"
"4482","39.25",-3.25,"0.704999983310699","16.104642868042","2012",,,,,,,,,,,,,,,,,,,,,,,,,,,,,,,,,,"0"
"4483","39.25",-3.25,"0.704999983310699",NA,"1994",,,,,,,,,,,,,,,,,,,,,,,,,,,,,,,,,,"0"
"4484","39.25",-3.25,"0.704999983310699","19.1659984588623","2003",,,,,,,,,,,,,,,,,,,,,,,,,,,,,,,,,,"0"
"4485","39.25",-3.25,"0.704999983310699","20.3598918914795","2004",,,,,,,,,,,,,,,,,,,,,,,,,,,,,,,,,,"0"
"4486","39.25",-3.25,"0.704999983310699","22.8645133972168","2015",,,,,,,,,,,,,,,,,,,,,,,,,,,,,,,,,,"0"
"4487","39.25",-3.25,"0.704999983310699","18.5314750671387","1999",,,,,,,,,,,,,,,,,,,,,,,,,,,,,,,,,,"0"
"4488","39.25",-3.25,"0.704999983310699","16.5414886474609","2009",,,,,,,,,,,,,,,,,,,,,,,,,,,,,,,,,,"0"
"4489","39.25",-3.25,"0.704999983310699",NA,"1995",,,,,,,,,,,,,,,,,,,,,,,,,,,,,,,,,,"0"
"4490","39.25",-3.25,"0.704999983310699",NA,"1996",,,,,,,,,,,,,,,,,,,,,,,,,,,,,,,,,,"0"
"4491","39.25",-3.25,"0.704999983310699","29.958122253418","2007",,,,,,,,,,,,,,,,,,,,,,,,,,,,,,,,,,"0"
"4492","39.25",-3.25,"0.704999983310699",NA,"1987",,,,,,,,,,,,,,,,,,,,,,,,,,,,,,,,,,"0"
"4493","39.25",-3.25,"0.704999983310699","20.6940135955811","2000",,,,,,,,,,,,,,,,,,,,,,,,,,,,,,,,,,"0"
"4494","39.25",-3.25,"0.704999983310699",NA,"1988",,,,,,,,,,,,,,,,,,,,,,,,,,,,,,,,,,"0"
"4495","39.25",-3.25,"0.704999983310699","22.2938442230225","2014",,,,,,,,,,,,,,,,,,,,,,,,,,,,,,,,,,"0"
"4496","39.25",-3.25,"0.704999983310699",NA,"1990",,,,,,,,,,,,,,,,,,,,,,,,,,,,,,,,,,"0"
"4497","39.25",-3.25,"0.704999983310699","22.6662731170654","2002",,,,,,,,,,,,,,,,,,,,,,,,,,,,,,,,,,"0"
"4498","39.25",-3.25,"0.704999983310699","21.1162528991699","2008",,,,,,,,,,,,,,,,,,,,,,,,,,,,,,,,,,"0"
"4499","39.25",-3.25,"0.704999983310699","18.3748569488525","2005",,,,,,,,,,,,,,,,,,,,,,,,,,,,,,,,,,"0"
"4500","39.25",-3.25,"0.704999983310699","24.2259082794189","2019",,,,,,,,,,,,,,,,,,,,,,,,,,,,,,,,,,"0"
"4501","39.25",-2.75,NA,NA,"1987",,,,,,,,,,,,,,,,,,,,,,,,,,,,,,,,,,"0"
"4502","39.25",-2.75,NA,NA,"1988",,,,,,,,,,,,,,,,,,,,,,,,,,,,,,,,,,"0"
"4503","39.25",-2.75,NA,"14.1217670440674","2002",,,,,,,,,,,,,,,,,,,,,,,,,,,,,,,,,,"0"
"4504","39.25",-2.75,NA,"14.4713449478149","2003",,,,,,,,,,,,,,,,,,,,,,,,,,,,,,,,,,"0"
"4505","39.25",-2.75,NA,"11.3226470947266","2005",,,,,,,,,,,,,,,,,,,,,,,,,,,,,,,,,,"0"
"4506","39.25",-2.75,NA,"8.16668701171875","2016",,,,,,,,,,,,,,,,,,,,,,,,,,,,,,,,,,"0"
"4507","39.25",-2.75,NA,"11.7920351028442","2004",,,,,,,,,,,,,,,,,,,,,,,,,,,,,,,,,,"0"
"4508","39.25",-2.75,NA,"12.7890043258667","2006",,,,,,,,,,,,,,,,,,,,,,,,,,,,,,,,,,"0"
"4509","39.25",-2.75,NA,NA,"1989",,,,,,,,,,,,,,,,,,,,,,,,,,,,,,,,,,"0"
"4510","39.25",-2.75,NA,"10.9600505828857","2001",,,,,,,,,,,,,,,,,,,,,,,,,,,,,,,,,,"0"
"4511","39.25",-2.75,NA,"12.4726819992065","2015",,,,,,,,,,,,,,,,,,,,,,,,,,,,,,,,,,"0"
"4512","39.25",-2.75,NA,"10.1322174072266","2011",,,,,,,,,,,,,,,,,,,,,,,,,,,,,,,,,,"0"
"4513","39.25",-2.75,NA,NA,"1990",,,,,,,,,,,,,,,,,,,,,,,,,,,,,,,,,,"0"
"4514","39.25",-2.75,NA,"12.1649360656738","1999",,,,,,,,,,,,,,,,,,,,,,,,,,,,,,,,,,"0"
"4515","39.25",-2.75,NA,NA,"1992",,,,,,,,,,,,,,,,,,,,,,,,,,,,,,,,,,"0"
"4516","39.25",-2.75,NA,"18.7177658081055","2007",,,,,,,,,,,,,,,,,,,,,,,,,,,,,,,,,,"0"
"4517","39.25",-2.75,NA,"14.4099674224854","2000",,,,,,,,,,,,,,,,,,,,,,,,,,,,,,,,,,"0"
"4518","39.25",-2.75,NA,NA,"1994",,,,,,,,,,,,,,,,,,,,,,,,,,,,,,,,,,"0"
"4519","39.25",-2.75,NA,NA,"1996",,,,,,,,,,,,,,,,,,,,,,,,,,,,,,,,,,"0"
"4520","39.25",-2.75,NA,NA,"2020",,,,,,,,,,,,,,,,,,,,,,,,,,,,,,,,,,"0"
"4521","39.25",-2.75,NA,NA,"1993",,,,,,,,,,,,,,,,,,,,,,,,,,,,,,,,,,"0"
"4522","39.25",-2.75,NA,NA,"1985",,,,,,,,,,,,,,,,,,,,,,,,,,,,,,,,,,"0"
"4523","39.25",-2.75,NA,NA,"1997",,,,,,,,,,,,,,,,,,,,,,,,,,,,,,,,,,"0"
"4524","39.25",-2.75,NA,"15.6934394836426","2019",,,,,,,,,,,,,,,,,,,,,,,,,,,,,,,,,,"0"
"4525","39.25",-2.75,NA,NA,"1986",,,,,,,,,,,,,,,,,,,,,,,,,,,,,,,,,,"0"
"4526","39.25",-2.75,NA,"10.6820268630981","2013",,,,,,,,,,,,,,,,,,,,,,,,,,,,,,,,,,"0"
"4527","39.25",-2.75,NA,"11.6792802810669","2010",,,,,,,,,,,,,,,,,,,,,,,,,,,,,,,,,,"0"
"4528","39.25",-2.75,NA,NA,"1995",,,,,,,,,,,,,,,,,,,,,,,,,,,,,,,,,,"0"
"4529","39.25",-2.75,NA,"9.4690580368042","2012",,,,,,,,,,,,,,,,,,,,,,,,,,,,,,,,,,"0"
"4530","39.25",-2.75,NA,"13.3417682647705","2008",,,,,,,,,,,,,,,,,,,,,,,,,,,,,,,,,,"0"
"4531","39.25",-2.75,NA,"13.842209815979","2014",,,,,,,,,,,,,,,,,,,,,,,,,,,,,,,,,,"0"
"4532","39.25",-2.75,NA,NA,"1991",,,,,,,,,,,,,,,,,,,,,,,,,,,,,,,,,,"0"
"4533","39.25",-2.75,NA,NA,"1998",,,,,,,,,,,,,,,,,,,,,,,,,,,,,,,,,,"0"
"4534","39.25",-2.75,NA,"8.72639846801758","2017",,,,,,,,,,,,,,,,,,,,,,,,,,,,,,,,,,"0"
"4535","39.25",-2.75,NA,"16.8187961578369","2018",,,,,,,,,,,,,,,,,,,,,,,,,,,,,,,,,,"0"
"4536","39.25",-2.75,NA,"10.7752637863159","2009",,,,,,,,,,,,,,,,,,,,,,,,,,,,,,,,,,"0"
"4537","39.25",-2.25,NA,"10.6631202697754","2001",,,,,,,,,,,,,,,,,,,,,,,,,,,,,,,,,,"0"
"4538","39.25",-2.25,NA,"10.5047950744629","2004",,,,,,,,,,,,,,,,,,,,,,,,,,,,,,,,,,"0"
"4539","39.25",-2.25,NA,"11.116192817688","2012",,,,,,,,,,,,,,,,,,,,,,,,,,,,,,,,,,"0"
"4540","39.25",-2.25,NA,"14.2680625915527","2018",,,,,,,,,,,,,,,,,,,,,,,,,,,,,,,,,,"0"
"4541","39.25",-2.25,NA,"11.8359098434448","2003",,,,,,,,,,,,,,,,,,,,,,,,,,,,,,,,,,"0"
"4542","39.25",-2.25,NA,"11.1474418640137","2005",,,,,,,,,,,,,,,,,,,,,,,,,,,,,,,,,,"0"
"4543","39.25",-2.25,NA,"8.29725360870361","2017",,,,,,,,,,,,,,,,,,,,,,,,,,,,,,,,,,"0"
"4544","39.25",-2.25,NA,NA,"1996",,,,,,,,,,,,,,,,,,,,,,,,,,,,,,,,,,"0"
"4545","39.25",-2.25,NA,NA,"1987",,,,,,,,,,,,,,,,,,,,,,,,,,,,,,,,,,"0"
"4546","39.25",-2.25,NA,"10.1525802612305","2016",,,,,,,,,,,,,,,,,,,,,,,,,,,,,,,,,,"0"
"4547","39.25",-2.25,NA,NA,"1986",,,,,,,,,,,,,,,,,,,,,,,,,,,,,,,,,,"0"
"4548","39.25",-2.25,NA,"11.9579248428345","2010",,,,,,,,,,,,,,,,,,,,,,,,,,,,,,,,,,"0"
"4549","39.25",-2.25,NA,"12.5562295913696","2014",,,,,,,,,,,,,,,,,,,,,,,,,,,,,,,,,,"0"
"4550","39.25",-2.25,NA,"15.2053804397583","2000",,,,,,,,,,,,,,,,,,,,,,,,,,,,,,,,,,"0"
"4551","39.25",-2.25,NA,"12.946270942688","2019",,,,,,,,,,,,,,,,,,,,,,,,,,,,,,,,,,"0"
"4552","39.25",-2.25,NA,NA,"1988",,,,,,,,,,,,,,,,,,,,,,,,,,,,,,,,,,"0"
"4553","39.25",-2.25,NA,"11.6973781585693","2013",,,,,,,,,,,,,,,,,,,,,,,,,,,,,,,,,,"0"
"4554","39.25",-2.25,NA,"12.0463247299194","1999",,,,,,,,,,,,,,,,,,,,,,,,,,,,,,,,,,"0"
"4555","39.25",-2.25,NA,NA,"1995",,,,,,,,,,,,,,,,,,,,,,,,,,,,,,,,,,"0"
"4556","39.25",-2.25,NA,NA,"1989",,,,,,,,,,,,,,,,,,,,,,,,,,,,,,,,,,"0"
"4557","39.25",-2.25,NA,NA,"1990",,,,,,,,,,,,,,,,,,,,,,,,,,,,,,,,,,"0"
"4558","39.25",-2.25,NA,"14.597620010376","2007",,,,,,,,,,,,,,,,,,,,,,,,,,,,,,,,,,"0"
"4559","39.25",-2.25,NA,"11.3905687332153","2006",,,,,,,,,,,,,,,,,,,,,,,,,,,,,,,,,,"0"
"4560","39.25",-2.25,NA,"12.8589735031128","2008",,,,,,,,,,,,,,,,,,,,,,,,,,,,,,,,,,"0"
"4561","39.25",-2.25,NA,NA,"1994",,,,,,,,,,,,,,,,,,,,,,,,,,,,,,,,,,"0"
"4562","39.25",-2.25,NA,NA,"1991",,,,,,,,,,,,,,,,,,,,,,,,,,,,,,,,,,"0"
"4563","39.25",-2.25,NA,"11.8934631347656","2015",,,,,,,,,,,,,,,,,,,,,,,,,,,,,,,,,,"0"
"4564","39.25",-2.25,NA,NA,"1992",,,,,,,,,,,,,,,,,,,,,,,,,,,,,,,,,,"0"
"4565","39.25",-2.25,NA,NA,"1997",,,,,,,,,,,,,,,,,,,,,,,,,,,,,,,,,,"0"
"4566","39.25",-2.25,NA,NA,"1985",,,,,,,,,,,,,,,,,,,,,,,,,,,,,,,,,,"0"
"4567","39.25",-2.25,NA,"12.1846694946289","2002",,,,,,,,,,,,,,,,,,,,,,,,,,,,,,,,,,"0"
"4568","39.25",-2.25,NA,NA,"1998",,,,,,,,,,,,,,,,,,,,,,,,,,,,,,,,,,"0"
"4569","39.25",-2.25,NA,NA,"2020",,,,,,,,,,,,,,,,,,,,,,,,,,,,,,,,,,"0"
"4570","39.25",-2.25,NA,"9.66590881347656","2009",,,,,,,,,,,,,,,,,,,,,,,,,,,,,,,,,,"0"
"4571","39.25",-2.25,NA,"11.0353593826294","2011",,,,,,,,,,,,,,,,,,,,,,,,,,,,,,,,,,"0"
"4572","39.25",-2.25,NA,NA,"1993",,,,,,,,,,,,,,,,,,,,,,,,,,,,,,,,,,"0"
"4573","39.25",-1.75,NA,NA,"1988",,,,,,,,,,,,,,,,,,,,,,,,,,,,,,,,,,"0"
"4574","39.25",-1.75,NA,NA,"1985",,,,,,,,,,,,,,,,,,,,,,,,,,,,,,,,,,"0"
"4575","39.25",-1.75,NA,NA,"1997",,,,,,,,,,,,,,,,,,,,,,,,,,,,,,,,,,"0"
"4576","39.25",-1.75,NA,"11.0983505249023","2006",,,,,,,,,,,,,,,,,,,,,,,,,,,,,,,,,,"0"
"4577","39.25",-1.75,NA,"7.06205081939697","2017",,,,,,,,,,,,,,,,,,,,,,,,,,,,,,,,,,"0"
"4578","39.25",-1.75,NA,"11.4762296676636","2005",,,,,,,,,,,,,,,,,,,,,,,,,,,,,,,,,,"0"
"4579","39.25",-1.75,NA,"13.8382453918457","2000",,,,,,,,,,,,,,,,,,,,,,,,,,,,,,,,,,"0"
"4580","39.25",-1.75,NA,"12.2480621337891","2013",,,,,,,,,,,,,,,,,,,,,,,,,,,,,,,,,,"0"
"4581","39.25",-1.75,NA,NA,"1991",,,,,,,,,,,,,,,,,,,,,,,,,,,,,,,,,,"0"
"4582","39.25",-1.75,NA,"13.3158302307129","2003",,,,,,,,,,,,,,,,,,,,,,,,,,,,,,,,,,"0"
"4583","39.25",-1.75,NA,NA,"1989",,,,,,,,,,,,,,,,,,,,,,,,,,,,,,,,,,"0"
"4584","39.25",-1.75,NA,"10.5771560668945","2012",,,,,,,,,,,,,,,,,,,,,,,,,,,,,,,,,,"0"
"4585","39.25",-1.75,NA,"11.3415813446045","2001",,,,,,,,,,,,,,,,,,,,,,,,,,,,,,,,,,"0"
"4586","39.25",-1.75,NA,"11.6382274627686","2008",,,,,,,,,,,,,,,,,,,,,,,,,,,,,,,,,,"0"
"4587","39.25",-1.75,NA,"11.5230684280396","2019",,,,,,,,,,,,,,,,,,,,,,,,,,,,,,,,,,"0"
"4588","39.25",-1.75,NA,NA,"1994",,,,,,,,,,,,,,,,,,,,,,,,,,,,,,,,,,"0"
"4589","39.25",-1.75,NA,"10.9552268981934","2011",,,,,,,,,,,,,,,,,,,,,,,,,,,,,,,,,,"0"
"4590","39.25",-1.75,NA,"12.7673530578613","2018",,,,,,,,,,,,,,,,,,,,,,,,,,,,,,,,,,"0"
"4591","39.25",-1.75,NA,NA,"1998",,,,,,,,,,,,,,,,,,,,,,,,,,,,,,,,,,"0"
"4592","39.25",-1.75,NA,"11.2722616195679","2014",,,,,,,,,,,,,,,,,,,,,,,,,,,,,,,,,,"0"
"4593","39.25",-1.75,NA,"11.7815589904785","2007",,,,,,,,,,,,,,,,,,,,,,,,,,,,,,,,,,"0"
"4594","39.25",-1.75,NA,"13.2033624649048","2002",,,,,,,,,,,,,,,,,,,,,,,,,,,,,,,,,,"0"
"4595","39.25",-1.75,NA,NA,"1996",,,,,,,,,,,,,,,,,,,,,,,,,,,,,,,,,,"0"
"4596","39.25",-1.75,NA,"12.6250162124634","1999",,,,,,,,,,,,,,,,,,,,,,,,,,,,,,,,,,"0"
"4597","39.25",-1.75,NA,NA,"1990",,,,,,,,,,,,,,,,,,,,,,,,,,,,,,,,,,"0"
"4598","39.25",-1.75,NA,"9.24196624755859","2016",,,,,,,,,,,,,,,,,,,,,,,,,,,,,,,,,,"0"
"4599","39.25",-1.75,NA,NA,"1992",,,,,,,,,,,,,,,,,,,,,,,,,,,,,,,,,,"0"
"4600","39.25",-1.75,NA,NA,"1987",,,,,,,,,,,,,,,,,,,,,,,,,,,,,,,,,,"0"
"4601","39.25",-1.75,NA,"13.6066303253174","2010",,,,,,,,,,,,,,,,,,,,,,,,,,,,,,,,,,"0"
"4602","39.25",-1.75,NA,NA,"1986",,,,,,,,,,,,,,,,,,,,,,,,,,,,,,,,,,"0"
"4603","39.25",-1.75,NA,NA,"1993",,,,,,,,,,,,,,,,,,,,,,,,,,,,,,,,,,"0"
"4604","39.25",-1.75,NA,"12.1029567718506","2015",,,,,,,,,,,,,,,,,,,,,,,,,,,,,,,,,,"0"
"4605","39.25",-1.75,NA,"11.386022567749","2004",,,,,,,,,,,,,,,,,,,,,,,,,,,,,,,,,,"0"
"4606","39.25",-1.75,NA,NA,"1995",,,,,,,,,,,,,,,,,,,,,,,,,,,,,,,,,,"0"
"4607","39.25",-1.75,NA,NA,"2020",,,,,,,,,,,,,,,,,,,,,,,,,,,,,,,,,,"0"
"4608","39.25",-1.75,NA,"9.67016506195068","2009",,,,,,,,,,,,,,,,,,,,,,,,,,,,,,,,,,"0"
"4609","39.25",-1.25,NA,"9.35731887817383","2005",,,,,,,,,,,,,,,,,,,,,,,,,,,,,,,,,,"0"
"4610","39.25",-1.25,NA,"9.52769756317139","2009",,,,,,,,,,,,,,,,,,,,,,,,,,,,,,,,,,"0"
"4611","39.25",-1.25,NA,NA,"1986",,,,,,,,,,,,,,,,,,,,,,,,,,,,,,,,,,"0"
"4612","39.25",-1.25,NA,NA,"1990",,,,,,,,,,,,,,,,,,,,,,,,,,,,,,,,,,"0"
"4613","39.25",-1.25,NA,NA,"1988",,,,,,,,,,,,,,,,,,,,,,,,,,,,,,,,,,"0"
"4614","39.25",-1.25,NA,"15.010684967041","2002",,,,,,,,,,,,,,,,,,,,,,,,,,,,,,,,,,"0"
"4615","39.25",-1.25,NA,"12.9619112014771","2000",,,,,,,,,,,,,,,,,,,,,,,,,,,,,,,,,,"0"
"4616","39.25",-1.25,NA,"9.66905784606934","2016",,,,,,,,,,,,,,,,,,,,,,,,,,,,,,,,,,"0"
"4617","39.25",-1.25,NA,"10.797679901123","2011",,,,,,,,,,,,,,,,,,,,,,,,,,,,,,,,,,"0"
"4618","39.25",-1.25,NA,"7.73086929321289","2017",,,,,,,,,,,,,,,,,,,,,,,,,,,,,,,,,,"0"
"4619","39.25",-1.25,NA,NA,"1996",,,,,,,,,,,,,,,,,,,,,,,,,,,,,,,,,,"0"
"4620","39.25",-1.25,NA,NA,"2020",,,,,,,,,,,,,,,,,,,,,,,,,,,,,,,,,,"0"
"4621","39.25",-1.25,NA,"10.1048727035522","2012",,,,,,,,,,,,,,,,,,,,,,,,,,,,,,,,,,"0"
"4622","39.25",-1.25,NA,NA,"1987",,,,,,,,,,,,,,,,,,,,,,,,,,,,,,,,,,"0"
"4623","39.25",-1.25,NA,NA,"1992",,,,,,,,,,,,,,,,,,,,,,,,,,,,,,,,,,"0"
"4624","39.25",-1.25,NA,"11.1412620544434","2007",,,,,,,,,,,,,,,,,,,,,,,,,,,,,,,,,,"0"
"4625","39.25",-1.25,NA,"15.4204359054565","2018",,,,,,,,,,,,,,,,,,,,,,,,,,,,,,,,,,"0"
"4626","39.25",-1.25,NA,"11.0991611480713","2004",,,,,,,,,,,,,,,,,,,,,,,,,,,,,,,,,,"0"
"4627","39.25",-1.25,NA,"10.5146951675415","2006",,,,,,,,,,,,,,,,,,,,,,,,,,,,,,,,,,"0"
"4628","39.25",-1.25,NA,NA,"1995",,,,,,,,,,,,,,,,,,,,,,,,,,,,,,,,,,"0"
"4629","39.25",-1.25,NA,NA,"1993",,,,,,,,,,,,,,,,,,,,,,,,,,,,,,,,,,"0"
"4630","39.25",-1.25,NA,NA,"1997",,,,,,,,,,,,,,,,,,,,,,,,,,,,,,,,,,"0"
"4631","39.25",-1.25,NA,NA,"1998",,,,,,,,,,,,,,,,,,,,,,,,,,,,,,,,,,"0"
"4632","39.25",-1.25,NA,"14.0349683761597","1999",,,,,,,,,,,,,,,,,,,,,,,,,,,,,,,,,,"0"
"4633","39.25",-1.25,NA,NA,"1994",,,,,,,,,,,,,,,,,,,,,,,,,,,,,,,,,,"0"
"4634","39.25",-1.25,NA,"11.2714996337891","2015",,,,,,,,,,,,,,,,,,,,,,,,,,,,,,,,,,"0"
"4635","39.25",-1.25,NA,"13.4374322891235","2010",,,,,,,,,,,,,,,,,,,,,,,,,,,,,,,,,,"0"
"4636","39.25",-1.25,NA,NA,"1989",,,,,,,,,,,,,,,,,,,,,,,,,,,,,,,,,,"0"
"4637","39.25",-1.25,NA,NA,"1991",,,,,,,,,,,,,,,,,,,,,,,,,,,,,,,,,,"0"
"4638","39.25",-1.25,NA,"11.5180711746216","2019",,,,,,,,,,,,,,,,,,,,,,,,,,,,,,,,,,"0"
"4639","39.25",-1.25,NA,"13.7214756011963","2003",,,,,,,,,,,,,,,,,,,,,,,,,,,,,,,,,,"0"
"4640","39.25",-1.25,NA,"10.8215007781982","2014",,,,,,,,,,,,,,,,,,,,,,,,,,,,,,,,,,"0"
"4641","39.25",-1.25,NA,"12.406346321106","2001",,,,,,,,,,,,,,,,,,,,,,,,,,,,,,,,,,"0"
"4642","39.25",-1.25,NA,"12.6321678161621","2008",,,,,,,,,,,,,,,,,,,,,,,,,,,,,,,,,,"0"
"4643","39.25",-1.25,NA,NA,"1985",,,,,,,,,,,,,,,,,,,,,,,,,,,,,,,,,,"0"
"4644","39.25",-1.25,NA,"14.1840419769287","2013",,,,,,,,,,,,,,,,,,,,,,,,,,,,,,,,,,"0"
"4645","39.25",-0.75,NA,"12.9906234741211","2001",,,,,,,,,,,,,,,,,,,,,,,,,,,,,,,,,,"0"
"4646","39.25",-0.75,NA,"10.1393690109253","2012",,,,,,,,,,,,,,,,,,,,,,,,,,,,,,,,,,"0"
"4647","39.25",-0.75,NA,NA,"1998",,,,,,,,,,,,,,,,,,,,,,,,,,,,,,,,,,"0"
"4648","39.25",-0.75,NA,"12.3959007263184","2019",,,,,,,,,,,,,,,,,,,,,,,,,,,,,,,,,,"0"
"4649","39.25",-0.75,NA,"12.7382678985596","2011",,,,,,,,,,,,,,,,,,,,,,,,,,,,,,,,,,"0"
"4650","39.25",-0.75,NA,NA,"1986",,,,,,,,,,,,,,,,,,,,,,,,,,,,,,,,,,"0"
"4651","39.25",-0.75,NA,NA,"1992",,,,,,,,,,,,,,,,,,,,,,,,,,,,,,,,,,"0"
"4652","39.25",-0.75,NA,NA,"1993",,,,,,,,,,,,,,,,,,,,,,,,,,,,,,,,,,"0"
"4653","39.25",-0.75,NA,NA,"1985",,,,,,,,,,,,,,,,,,,,,,,,,,,,,,,,,,"0"
"4654","39.25",-0.75,NA,"9.87673759460449","2014",,,,,,,,,,,,,,,,,,,,,,,,,,,,,,,,,,"0"
"4655","39.25",-0.75,NA,NA,"1988",,,,,,,,,,,,,,,,,,,,,,,,,,,,,,,,,,"0"
"4656","39.25",-0.75,NA,NA,"2020",,,,,,,,,,,,,,,,,,,,,,,,,,,,,,,,,,"0"
"4657","39.25",-0.75,NA,NA,"1997",,,,,,,,,,,,,,,,,,,,,,,,,,,,,,,,,,"0"
"4658","39.25",-0.75,NA,NA,"1990",,,,,,,,,,,,,,,,,,,,,,,,,,,,,,,,,,"0"
"4659","39.25",-0.75,NA,"14.6455011367798","1999",,,,,,,,,,,,,,,,,,,,,,,,,,,,,,,,,,"0"
"4660","39.25",-0.75,NA,NA,"1987",,,,,,,,,,,,,,,,,,,,,,,,,,,,,,,,,,"0"
"4661","39.25",-0.75,NA,NA,"1995",,,,,,,,,,,,,,,,,,,,,,,,,,,,,,,,,,"0"
"4662","39.25",-0.75,NA,"11.4293556213379","2009",,,,,,,,,,,,,,,,,,,,,,,,,,,,,,,,,,"0"
"4663","39.25",-0.75,NA,NA,"1989",,,,,,,,,,,,,,,,,,,,,,,,,,,,,,,,,,"0"
"4664","39.25",-0.75,NA,NA,"1994",,,,,,,,,,,,,,,,,,,,,,,,,,,,,,,,,,"0"
"4665","39.25",-0.75,NA,NA,"1991",,,,,,,,,,,,,,,,,,,,,,,,,,,,,,,,,,"0"
"4666","39.25",-0.75,NA,"15.2077207565308","2007",,,,,,,,,,,,,,,,,,,,,,,,,,,,,,,,,,"0"
"4667","39.25",-0.75,NA,NA,"1996",,,,,,,,,,,,,,,,,,,,,,,,,,,,,,,,,,"0"
"4668","39.25",-0.75,NA,"9.57392024993896","2005",,,,,,,,,,,,,,,,,,,,,,,,,,,,,,,,,,"0"
"4669","39.25",-0.75,NA,"15.8566417694092","2010",,,,,,,,,,,,,,,,,,,,,,,,,,,,,,,,,,"0"
"4670","39.25",-0.75,NA,"14.0034732818604","2003",,,,,,,,,,,,,,,,,,,,,,,,,,,,,,,,,,"0"
"4671","39.25",-0.75,NA,"18.3733558654785","2018",,,,,,,,,,,,,,,,,,,,,,,,,,,,,,,,,,"0"
"4672","39.25",-0.75,NA,"16.255126953125","2002",,,,,,,,,,,,,,,,,,,,,,,,,,,,,,,,,,"0"
"4673","39.25",-0.75,NA,"12.183934211731","2015",,,,,,,,,,,,,,,,,,,,,,,,,,,,,,,,,,"0"
"4674","39.25",-0.75,NA,"8.04287052154541","2017",,,,,,,,,,,,,,,,,,,,,,,,,,,,,,,,,,"0"
"4675","39.25",-0.75,NA,"9.68692684173584","2016",,,,,,,,,,,,,,,,,,,,,,,,,,,,,,,,,,"0"
"4676","39.25",-0.75,NA,"12.2250213623047","2006",,,,,,,,,,,,,,,,,,,,,,,,,,,,,,,,,,"0"
"4677","39.25",-0.75,NA,"14.0190906524658","2008",,,,,,,,,,,,,,,,,,,,,,,,,,,,,,,,,,"0"
"4678","39.25",-0.75,NA,"13.002950668335","2000",,,,,,,,,,,,,,,,,,,,,,,,,,,,,,,,,,"0"
"4679","39.25",-0.75,NA,"11.8897647857666","2004",,,,,,,,,,,,,,,,,,,,,,,,,,,,,,,,,,"0"
"4680","39.25",-0.75,NA,"16.4244194030762","2013",,,,,,,,,,,,,,,,,,,,,,,,,,,,,,,,,,"0"
"4681","39.25",-0.25,"0.605000019073486",NA,"1998",,,,,,,,,,,,,,,,,,,,,,,,,,,,,,,,,,"0"
"4682","39.25",-0.25,"0.605000019073486","11.2891254425049","2019",,,,,,,,,,,,,,,,,,,,,,,,,,,,,,,,,,"0"
"4683","39.25",-0.25,"0.605000019073486",NA,"1997",,,,,,,,,,,,,,,,,,,,,,,,,,,,,,,,,,"0"
"4684","39.25",-0.25,"0.605000019073486","8.8334379196167","2016",,,,,,,,,,,,,,,,,,,,,,,,,,,,,,,,,,"0"
"4685","39.25",-0.25,"0.605000019073486","9.28345203399658","2005",,,,,,,,,,,,,,,,,,,,,,,,,,,,,,,,,,"0"
"4686","39.25",-0.25,"0.605000019073486",NA,"2020",,,,,,,,,,,,,,,,,,,,,,,,,,,,,,,,,,"0"
"4687","39.25",-0.25,"0.605000019073486","9.47352981567383","2012",,,,,,,,,,,,,,,,,,,,,,,,,,,,,,,,,,"0"
"4688","39.25",-0.25,"0.605000019073486","16.0811939239502","2018",,,,,,,,,,,,,,,,,,,,,,,,,,,,,,,,,,"0"
"4689","39.25",-0.25,"0.605000019073486",NA,"1996",,,,,,,,,,,,,,,,,,,,,,,,,,,,,,,,,,"0"
"4690","39.25",-0.25,"0.605000019073486",NA,"1991",,,,,,,,,,,,,,,,,,,,,,,,,,,,,,,,,,"0"
"4691","39.25",-0.25,"0.605000019073486",NA,"1992",,,,,,,,,,,,,,,,,,,,,,,,,,,,,,,,,,"0"
"4692","39.25",-0.25,"0.605000019073486",NA,"1989",,,,,,,,,,,,,,,,,,,,,,,,,,,,,,,,,,"0"
"4693","39.25",-0.25,"0.605000019073486","12.6651954650879","2008",,,,,,,,,,,,,,,,,,,,,,,,,,,,,,,,,,"0"
"4694","39.25",-0.25,"0.605000019073486",NA,"1993",,,,,,,,,,,,,,,,,,,,,,,,,,,,,,,,,,"0"
"4695","39.25",-0.25,"0.605000019073486","12.9985246658325","1999",,,,,,,,,,,,,,,,,,,,,,,,,,,,,,,,,,"0"
"4696","39.25",-0.25,"0.605000019073486",NA,"1990",,,,,,,,,,,,,,,,,,,,,,,,,,,,,,,,,,"0"
"4697","39.25",-0.25,"0.605000019073486","9.93084335327148","2015",,,,,,,,,,,,,,,,,,,,,,,,,,,,,,,,,,"0"
"4698","39.25",-0.25,"0.605000019073486",NA,"1985",,,,,,,,,,,,,,,,,,,,,,,,,,,,,,,,,,"0"
"4699","39.25",-0.25,"0.605000019073486","10.8404188156128","2006",,,,,,,,,,,,,,,,,,,,,,,,,,,,,,,,,,"0"
"4700","39.25",-0.25,"0.605000019073486","10.5728769302368","2001",,,,,,,,,,,,,,,,,,,,,,,,,,,,,,,,,,"0"
"4701","39.25",-0.25,"0.605000019073486","11.0261058807373","2009",,,,,,,,,,,,,,,,,,,,,,,,,,,,,,,,,,"0"
"4702","39.25",-0.25,"0.605000019073486","10.7414388656616","2000",,,,,,,,,,,,,,,,,,,,,,,,,,,,,,,,,,"0"
"4703","39.25",-0.25,"0.605000019073486","12.6568059921265","2013",,,,,,,,,,,,,,,,,,,,,,,,,,,,,,,,,,"0"
"4704","39.25",-0.25,"0.605000019073486","13.0006523132324","2010",,,,,,,,,,,,,,,,,,,,,,,,,,,,,,,,,,"0"
"4705","39.25",-0.25,"0.605000019073486",NA,"1986",,,,,,,,,,,,,,,,,,,,,,,,,,,,,,,,,,"0"
"4706","39.25",-0.25,"0.605000019073486","13.2435312271118","2003",,,,,,,,,,,,,,,,,,,,,,,,,,,,,,,,,,"0"
"4707","39.25",-0.25,"0.605000019073486","12.1265926361084","2004",,,,,,,,,,,,,,,,,,,,,,,,,,,,,,,,,,"0"
"4708","39.25",-0.25,"0.605000019073486","10.6907825469971","2011",,,,,,,,,,,,,,,,,,,,,,,,,,,,,,,,,,"0"
"4709","39.25",-0.25,"0.605000019073486","6.81037712097168","2017",,,,,,,,,,,,,,,,,,,,,,,,,,,,,,,,,,"0"
"4710","39.25",-0.25,"0.605000019073486",NA,"1988",,,,,,,,,,,,,,,,,,,,,,,,,,,,,,,,,,"0"
"4711","39.25",-0.25,"0.605000019073486","15.5318479537964","2002",,,,,,,,,,,,,,,,,,,,,,,,,,,,,,,,,,"0"
"4712","39.25",-0.25,"0.605000019073486",NA,"1995",,,,,,,,,,,,,,,,,,,,,,,,,,,,,,,,,,"0"
"4713","39.25",-0.25,"0.605000019073486",NA,"1987",,,,,,,,,,,,,,,,,,,,,,,,,,,,,,,,,,"0"
"4714","39.25",-0.25,"0.605000019073486","8.4891471862793","2014",,,,,,,,,,,,,,,,,,,,,,,,,,,,,,,,,,"0"
"4715","39.25",-0.25,"0.605000019073486","14.3094539642334","2007",,,,,,,,,,,,,,,,,,,,,,,,,,,,,,,,,,"0"
"4716","39.25",-0.25,"0.605000019073486",NA,"1994",,,,,,,,,,,,,,,,,,,,,,,,,,,,,,,,,,"0"
"4717","39.25",0.25,"0.405000001192093","7.68292140960693","2012",,,,,,,,,,,,,,,,,,,,,,,,,,,,,,,,,,"0"
"4718","39.25",0.25,"0.405000001192093",NA,"1989",,,,,,,,,,,,,,,,,,,,,,,,,,,,,,,,,,"0"
"4719","39.25",0.25,"0.405000001192093","8.94514656066895","2019",,,,,,,,,,,,,,,,,,,,,,,,,,,,,,,,,,"0"
"4720","39.25",0.25,"0.405000001192093",NA,"1992",,,,,,,,,,,,,,,,,,,,,,,,,,,,,,,,,,"0"
"4721","39.25",0.25,"0.405000001192093",NA,"1991",,,,,,,,,,,,,,,,,,,,,,,,,,,,,,,,,,"0"
"4722","39.25",0.25,"0.405000001192093","11.6781740188599","2002",,,,,,,,,,,,,,,,,,,,,,,,,,,,,,,,,,"0"
"4723","39.25",0.25,"0.405000001192093",NA,"1996",,,,,,,,,,,,,,,,,,,,,,,,,,,,,,,,,,"0"
"4724","39.25",0.25,"0.405000001192093",NA,"1994",,,,,,,,,,,,,,,,,,,,,,,,,,,,,,,,,,"0"
"4725","39.25",0.25,"0.405000001192093","9.7933521270752","2015",,,,,,,,,,,,,,,,,,,,,,,,,,,,,,,,,,"0"
"4726","39.25",0.25,"0.405000001192093",NA,"1987",,,,,,,,,,,,,,,,,,,,,,,,,,,,,,,,,,"0"
"4727","39.25",0.25,"0.405000001192093",NA,"1985",,,,,,,,,,,,,,,,,,,,,,,,,,,,,,,,,,"0"
"4728","39.25",0.25,"0.405000001192093","7.46888732910156","2014",,,,,,,,,,,,,,,,,,,,,,,,,,,,,,,,,,"0"
"4729","39.25",0.25,"0.405000001192093",NA,"1986",,,,,,,,,,,,,,,,,,,,,,,,,,,,,,,,,,"0"
"4730","39.25",0.25,"0.405000001192093","8.05728149414062","2004",,,,,,,,,,,,,,,,,,,,,,,,,,,,,,,,,,"0"
"4731","39.25",0.25,"0.405000001192093","8.40766525268555","2009",,,,,,,,,,,,,,,,,,,,,,,,,,,,,,,,,,"0"
"4732","39.25",0.25,"0.405000001192093","8.77011203765869","2011",,,,,,,,,,,,,,,,,,,,,,,,,,,,,,,,,,"0"
"4733","39.25",0.25,"0.405000001192093","9.5571117401123","2013",,,,,,,,,,,,,,,,,,,,,,,,,,,,,,,,,,"0"
"4734","39.25",0.25,"0.405000001192093","9.14925670623779","2010",,,,,,,,,,,,,,,,,,,,,,,,,,,,,,,,,,"0"
"4735","39.25",0.25,"0.405000001192093","9.8422155380249","2000",,,,,,,,,,,,,,,,,,,,,,,,,,,,,,,,,,"0"
"4736","39.25",0.25,"0.405000001192093",NA,"1997",,,,,,,,,,,,,,,,,,,,,,,,,,,,,,,,,,"0"
"4737","39.25",0.25,"0.405000001192093",NA,"1988",,,,,,,,,,,,,,,,,,,,,,,,,,,,,,,,,,"0"
"4738","39.25",0.25,"0.405000001192093","13.9898920059204","2018",,,,,,,,,,,,,,,,,,,,,,,,,,,,,,,,,,"0"
"4739","39.25",0.25,"0.405000001192093",NA,"2020",,,,,,,,,,,,,,,,,,,,,,,,,,,,,,,,,,"0"
"4740","39.25",0.25,"0.405000001192093","8.91263008117676","2006",,,,,,,,,,,,,,,,,,,,,,,,,,,,,,,,,,"0"
"4741","39.25",0.25,"0.405000001192093",NA,"1990",,,,,,,,,,,,,,,,,,,,,,,,,,,,,,,,,,"0"
"4742","39.25",0.25,"0.405000001192093","9.1807746887207","2007",,,,,,,,,,,,,,,,,,,,,,,,,,,,,,,,,,"0"
"4743","39.25",0.25,"0.405000001192093","6.3338828086853","2005",,,,,,,,,,,,,,,,,,,,,,,,,,,,,,,,,,"0"
"4744","39.25",0.25,"0.405000001192093","9.42210578918457","2003",,,,,,,,,,,,,,,,,,,,,,,,,,,,,,,,,,"0"
"4745","39.25",0.25,"0.405000001192093","9.74722099304199","2008",,,,,,,,,,,,,,,,,,,,,,,,,,,,,,,,,,"0"
"4746","39.25",0.25,"0.405000001192093","5.51837825775146","2017",,,,,,,,,,,,,,,,,,,,,,,,,,,,,,,,,,"0"
"4747","39.25",0.25,"0.405000001192093","9.06019020080566","2001",,,,,,,,,,,,,,,,,,,,,,,,,,,,,,,,,,"0"
"4748","39.25",0.25,"0.405000001192093",NA,"1995",,,,,,,,,,,,,,,,,,,,,,,,,,,,,,,,,,"0"
"4749","39.25",0.25,"0.405000001192093",NA,"1993",,,,,,,,,,,,,,,,,,,,,,,,,,,,,,,,,,"0"
"4750","39.25",0.25,"0.405000001192093",NA,"1998",,,,,,,,,,,,,,,,,,,,,,,,,,,,,,,,,,"0"
"4751","39.25",0.25,"0.405000001192093","7.18569231033325","2016",,,,,,,,,,,,,,,,,,,,,,,,,,,,,,,,,,"0"
"4752","39.25",0.25,"0.405000001192093","11.4301118850708","1999",,,,,,,,,,,,,,,,,,,,,,,,,,,,,,,,,,"0"
"4753","39.25",0.75,NA,NA,"1985",,,,,,,,,,,,,,,,,,,,,,,,,,,,,,,,,,"0"
"4754","39.25",0.75,NA,"7.4029278755188","2012",,,,,,,,,,,,,,,,,,,,,,,,,,,,,,,,,,"0"
"4755","39.25",0.75,NA,"5.43382835388184","2004",,,,,,,,,,,,,,,,,,,,,,,,,,,,,,,,,,"0"
"4756","39.25",0.75,NA,"7.38642883300781","2011",,,,,,,,,,,,,,,,,,,,,,,,,,,,,,,,,,"0"
"4757","39.25",0.75,NA,"5.80213785171509","2016",,,,,,,,,,,,,,,,,,,,,,,,,,,,,,,,,,"0"
"4758","39.25",0.75,NA,"2.77412915229797","2017",,,,,,,,,,,,,,,,,,,,,,,,,,,,,,,,,,"0"
"4759","39.25",0.75,NA,"7.05638742446899","2019",,,,,,,,,,,,,,,,,,,,,,,,,,,,,,,,,,"0"
"4760","39.25",0.75,NA,"4.61461305618286","2014",,,,,,,,,,,,,,,,,,,,,,,,,,,,,,,,,,"0"
"4761","39.25",0.75,NA,"5.81230592727661","2013",,,,,,,,,,,,,,,,,,,,,,,,,,,,,,,,,,"0"
"4762","39.25",0.75,NA,"5.93832206726074","2009",,,,,,,,,,,,,,,,,,,,,,,,,,,,,,,,,,"0"
"4763","39.25",0.75,NA,"8.19332027435303","2007",,,,,,,,,,,,,,,,,,,,,,,,,,,,,,,,,,"0"
"4764","39.25",0.75,NA,NA,"1994",,,,,,,,,,,,,,,,,,,,,,,,,,,,,,,,,,"0"
"4765","39.25",0.75,NA,"7.51634502410889","2003",,,,,,,,,,,,,,,,,,,,,,,,,,,,,,,,,,"0"
"4766","39.25",0.75,NA,"8.38117790222168","1999",,,,,,,,,,,,,,,,,,,,,,,,,,,,,,,,,,"0"
"4767","39.25",0.75,NA,NA,"1987",,,,,,,,,,,,,,,,,,,,,,,,,,,,,,,,,,"0"
"4768","39.25",0.75,NA,NA,"1986",,,,,,,,,,,,,,,,,,,,,,,,,,,,,,,,,,"0"
"4769","39.25",0.75,NA,NA,"1988",,,,,,,,,,,,,,,,,,,,,,,,,,,,,,,,,,"0"
"4770","39.25",0.75,NA,"9.56464290618896","2002",,,,,,,,,,,,,,,,,,,,,,,,,,,,,,,,,,"0"
"4771","39.25",0.75,NA,"5.7142972946167","2000",,,,,,,,,,,,,,,,,,,,,,,,,,,,,,,,,,"0"
"4772","39.25",0.75,NA,"3.94263124465942","2005",,,,,,,,,,,,,,,,,,,,,,,,,,,,,,,,,,"0"
"4773","39.25",0.75,NA,NA,"1997",,,,,,,,,,,,,,,,,,,,,,,,,,,,,,,,,,"0"
"4774","39.25",0.75,NA,"6.03142642974854","2001",,,,,,,,,,,,,,,,,,,,,,,,,,,,,,,,,,"0"
"4775","39.25",0.75,NA,"7.43390989303589","2008",,,,,,,,,,,,,,,,,,,,,,,,,,,,,,,,,,"0"
"4776","39.25",0.75,NA,"7.16201019287109","2015",,,,,,,,,,,,,,,,,,,,,,,,,,,,,,,,,,"0"
"4777","39.25",0.75,NA,NA,"1990",,,,,,,,,,,,,,,,,,,,,,,,,,,,,,,,,,"0"
"4778","39.25",0.75,NA,NA,"1989",,,,,,,,,,,,,,,,,,,,,,,,,,,,,,,,,,"0"
"4779","39.25",0.75,NA,"12.7277975082397","2018",,,,,,,,,,,,,,,,,,,,,,,,,,,,,,,,,,"0"
"4780","39.25",0.75,NA,NA,"1996",,,,,,,,,,,,,,,,,,,,,,,,,,,,,,,,,,"0"
"4781","39.25",0.75,NA,"8.0881175994873","2006",,,,,,,,,,,,,,,,,,,,,,,,,,,,,,,,,,"0"
"4782","39.25",0.75,NA,"6.86059856414795","2010",,,,,,,,,,,,,,,,,,,,,,,,,,,,,,,,,,"0"
"4783","39.25",0.75,NA,NA,"1992",,,,,,,,,,,,,,,,,,,,,,,,,,,,,,,,,,"0"
"4784","39.25",0.75,NA,NA,"1998",,,,,,,,,,,,,,,,,,,,,,,,,,,,,,,,,,"0"
"4785","39.25",0.75,NA,NA,"1993",,,,,,,,,,,,,,,,,,,,,,,,,,,,,,,,,,"0"
"4786","39.25",0.75,NA,NA,"2020",,,,,,,,,,,,,,,,,,,,,,,,,,,,,,,,,,"0"
"4787","39.25",0.75,NA,NA,"1991",,,,,,,,,,,,,,,,,,,,,,,,,,,,,,,,,,"0"
"4788","39.25",0.75,NA,NA,"1995",,,,,,,,,,,,,,,,,,,,,,,,,,,,,,,,,,"0"
"4789","39.25",1.25,NA,"4.85573816299438","2000",,,,,,,,,,,,,,,,,,,,,,,,,,,,,,,,,,"0"
"4790","39.25",1.25,NA,NA,"1996",,,,,,,,,,,,,,,,,,,,,,,,,,,,,,,,,,"0"
"4791","39.25",1.25,NA,NA,"1994",,,,,,,,,,,,,,,,,,,,,,,,,,,,,,,,,,"0"
"4792","39.25",1.25,NA,"6.30074262619019","2010",,,,,,,,,,,,,,,,,,,,,,,,,,,,,,,,,,"0"
"4793","39.25",1.25,NA,NA,"1998",,,,,,,,,,,,,,,,,,,,,,,,,,,,,,,,,,"0"
"4794","39.25",1.25,NA,NA,"1992",,,,,,,,,,,,,,,,,,,,,,,,,,,,,,,,,,"0"
"4795","39.25",1.25,NA,"5.34506368637085","2014",,,,,,,,,,,,,,,,,,,,,,,,,,,,,,,,,,"0"
"4796","39.25",1.25,NA,"5.41402387619019","2009",,,,,,,,,,,,,,,,,,,,,,,,,,,,,,,,,,"0"
"4797","39.25",1.25,NA,"5.0516939163208","2001",,,,,,,,,,,,,,,,,,,,,,,,,,,,,,,,,,"0"
"4798","39.25",1.25,NA,"7.48728561401367","1999",,,,,,,,,,,,,,,,,,,,,,,,,,,,,,,,,,"0"
"4799","39.25",1.25,NA,"6.73439264297485","2003",,,,,,,,,,,,,,,,,,,,,,,,,,,,,,,,,,"0"
"4800","39.25",1.25,NA,NA,"1987",,,,,,,,,,,,,,,,,,,,,,,,,,,,,,,,,,"0"
"4801","39.25",1.25,NA,NA,"1991",,,,,,,,,,,,,,,,,,,,,,,,,,,,,,,,,,"0"
"4802","39.25",1.25,NA,NA,"1985",,,,,,,,,,,,,,,,,,,,,,,,,,,,,,,,,,"0"
"4803","39.25",1.25,NA,NA,"1997",,,,,,,,,,,,,,,,,,,,,,,,,,,,,,,,,,"0"
"4804","39.25",1.25,NA,"14.04514503479","2018",,,,,,,,,,,,,,,,,,,,,,,,,,,,,,,,,,"0"
"4805","39.25",1.25,NA,NA,"1988",,,,,,,,,,,,,,,,,,,,,,,,,,,,,,,,,,"0"
"4806","39.25",1.25,NA,"7.57043743133545","2008",,,,,,,,,,,,,,,,,,,,,,,,,,,,,,,,,,"0"
"4807","39.25",1.25,NA,"9.80924034118652","2012",,,,,,,,,,,,,,,,,,,,,,,,,,,,,,,,,,"0"
"4808","39.25",1.25,NA,"10.3326663970947","2007",,,,,,,,,,,,,,,,,,,,,,,,,,,,,,,,,,"0"
"4809","39.25",1.25,NA,"7.02222871780396","2016",,,,,,,,,,,,,,,,,,,,,,,,,,,,,,,,,,"0"
"4810","39.25",1.25,NA,"5.77676773071289","2015",,,,,,,,,,,,,,,,,,,,,,,,,,,,,,,,,,"0"
"4811","39.25",1.25,NA,"8.56373691558838","2013",,,,,,,,,,,,,,,,,,,,,,,,,,,,,,,,,,"0"
"4812","39.25",1.25,NA,NA,"1990",,,,,,,,,,,,,,,,,,,,,,,,,,,,,,,,,,"0"
"4813","39.25",1.25,NA,"9.5286865234375","2011",,,,,,,,,,,,,,,,,,,,,,,,,,,,,,,,,,"0"
"4814","39.25",1.25,NA,"5.60073900222778","2004",,,,,,,,,,,,,,,,,,,,,,,,,,,,,,,,,,"0"
"4815","39.25",1.25,NA,NA,"2020",,,,,,,,,,,,,,,,,,,,,,,,,,,,,,,,,,"0"
"4816","39.25",1.25,NA,NA,"1986",,,,,,,,,,,,,,,,,,,,,,,,,,,,,,,,,,"0"
"4817","39.25",1.25,NA,"10.1329174041748","2002",,,,,,,,,,,,,,,,,,,,,,,,,,,,,,,,,,"0"
"4818","39.25",1.25,NA,"7.62051868438721","2019",,,,,,,,,,,,,,,,,,,,,,,,,,,,,,,,,,"0"
"4819","39.25",1.25,NA,"4.7515082359314","2005",,,,,,,,,,,,,,,,,,,,,,,,,,,,,,,,,,"0"
"4820","39.25",1.25,NA,NA,"1993",,,,,,,,,,,,,,,,,,,,,,,,,,,,,,,,,,"0"
"4821","39.25",1.25,NA,NA,"1995",,,,,,,,,,,,,,,,,,,,,,,,,,,,,,,,,,"0"
"4822","39.25",1.25,NA,"2.90367245674133","2017",,,,,,,,,,,,,,,,,,,,,,,,,,,,,,,,,,"0"
"4823","39.25",1.25,NA,NA,"1989",,,,,,,,,,,,,,,,,,,,,,,,,,,,,,,,,,"0"
"4824","39.25",1.25,NA,"8.46163082122803","2006",,,,,,,,,,,,,,,,,,,,,,,,,,,,,,,,,,"0"
"4825","39.25",1.75,NA,NA,"1986",,,,,,,,,,,,,,,,,,,,,,,,,,,,,,,,,,"0"
"4826","39.25",1.75,NA,NA,"1985",,,,,,,,,,,,,,,,,,,,,,,,,,,,,,,,,,"0"
"4827","39.25",1.75,NA,NA,"2020",,,,,,,,,,,,,,,,,,,,,,,,,,,,,,,,,,"0"
"4828","39.25",1.75,NA,"4.85629272460938","2004",,,,,,,,,,,,,,,,,,,,,,,,,,,,,,,,,,"0"
"4829","39.25",1.75,NA,NA,"1988",,,,,,,,,,,,,,,,,,,,,,,,,,,,,,,,,,"0"
"4830","39.25",1.75,NA,"8.54702854156494","2006",,,,,,,,,,,,,,,,,,,,,,,,,,,,,,,,,,"0"
"4831","39.25",1.75,NA,NA,"1992",,,,,,,,,,,,,,,,,,,,,,,,,,,,,,,,,,"0"
"4832","39.25",1.75,NA,NA,"1987",,,,,,,,,,,,,,,,,,,,,,,,,,,,,,,,,,"0"
"4833","39.25",1.75,NA,NA,"1991",,,,,,,,,,,,,,,,,,,,,,,,,,,,,,,,,,"0"
"4834","39.25",1.75,NA,"6.2124137878418","2012",,,,,,,,,,,,,,,,,,,,,,,,,,,,,,,,,,"0"
"4835","39.25",1.75,NA,"7.16982126235962","2003",,,,,,,,,,,,,,,,,,,,,,,,,,,,,,,,,,"0"
"4836","39.25",1.75,NA,"4.08232069015503","2005",,,,,,,,,,,,,,,,,,,,,,,,,,,,,,,,,,"0"
"4837","39.25",1.75,NA,"9.80564308166504","2011",,,,,,,,,,,,,,,,,,,,,,,,,,,,,,,,,,"0"
"4838","39.25",1.75,NA,"8.64968776702881","2002",,,,,,,,,,,,,,,,,,,,,,,,,,,,,,,,,,"0"
"4839","39.25",1.75,NA,"10.1452407836914","2018",,,,,,,,,,,,,,,,,,,,,,,,,,,,,,,,,,"0"
"4840","39.25",1.75,NA,"5.28765869140625","2009",,,,,,,,,,,,,,,,,,,,,,,,,,,,,,,,,,"0"
"4841","39.25",1.75,NA,"7.43654346466064","1999",,,,,,,,,,,,,,,,,,,,,,,,,,,,,,,,,,"0"
"4842","39.25",1.75,NA,NA,"1994",,,,,,,,,,,,,,,,,,,,,,,,,,,,,,,,,,"0"
"4843","39.25",1.75,NA,NA,"1990",,,,,,,,,,,,,,,,,,,,,,,,,,,,,,,,,,"0"
"4844","39.25",1.75,NA,"5.86642360687256","2001",,,,,,,,,,,,,,,,,,,,,,,,,,,,,,,,,,"0"
"4845","39.25",1.75,NA,NA,"1993",,,,,,,,,,,,,,,,,,,,,,,,,,,,,,,,,,"0"
"4846","39.25",1.75,NA,"4.48935127258301","2000",,,,,,,,,,,,,,,,,,,,,,,,,,,,,,,,,,"0"
"4847","39.25",1.75,NA,"4.27809286117554","2017",,,,,,,,,,,,,,,,,,,,,,,,,,,,,,,,,,"0"
"4848","39.25",1.75,NA,"5.39045143127441","2010",,,,,,,,,,,,,,,,,,,,,,,,,,,,,,,,,,"0"
"4849","39.25",1.75,NA,"8.68253040313721","2008",,,,,,,,,,,,,,,,,,,,,,,,,,,,,,,,,,"0"
"4850","39.25",1.75,NA,"4.07486534118652","2014",,,,,,,,,,,,,,,,,,,,,,,,,,,,,,,,,,"0"
"4851","39.25",1.75,NA,"7.55329322814941","2013",,,,,,,,,,,,,,,,,,,,,,,,,,,,,,,,,,"0"
"4852","39.25",1.75,NA,"4.58843612670898","2016",,,,,,,,,,,,,,,,,,,,,,,,,,,,,,,,,,"0"
"4853","39.25",1.75,NA,"6.29243421554565","2007",,,,,,,,,,,,,,,,,,,,,,,,,,,,,,,,,,"0"
"4854","39.25",1.75,NA,NA,"1997",,,,,,,,,,,,,,,,,,,,,,,,,,,,,,,,,,"0"
"4855","39.25",1.75,NA,"8.45180511474609","2019",,,,,,,,,,,,,,,,,,,,,,,,,,,,,,,,,,"0"
"4856","39.25",1.75,NA,NA,"1996",,,,,,,,,,,,,,,,,,,,,,,,,,,,,,,,,,"0"
"4857","39.25",1.75,NA,"6.29790258407593","2015",,,,,,,,,,,,,,,,,,,,,,,,,,,,,,,,,,"0"
"4858","39.25",1.75,NA,NA,"1998",,,,,,,,,,,,,,,,,,,,,,,,,,,,,,,,,,"0"
"4859","39.25",1.75,NA,NA,"1995",,,,,,,,,,,,,,,,,,,,,,,,,,,,,,,,,,"0"
"4860","39.25",1.75,NA,NA,"1989",,,,,,,,,,,,,,,,,,,,,,,,,,,,,,,,,,"0"
"4861","39.25",2.25,NA,NA,"1994",,,,,,,,,,,,,,,,,,,,,,,,,,,,,,,,,,"0"
"4862","39.25",2.25,NA,NA,"1988",,,,,,,,,,,,,,,,,,,,,,,,,,,,,,,,,,"0"
"4863","39.25",2.25,NA,NA,"1993",,,,,,,,,,,,,,,,,,,,,,,,,,,,,,,,,,"0"
"4864","39.25",2.25,NA,"12.3198928833008","2006",,,,,,,,,,,,,,,,,,,,,,,,,,,,,,,,,,"0"
"4865","39.25",2.25,NA,"6.46775770187378","2009",,,,,,,,,,,,,,,,,,,,,,,,,,,,,,,,,,"0"
"4866","39.25",2.25,NA,NA,"1991",,,,,,,,,,,,,,,,,,,,,,,,,,,,,,,,,,"0"
"4867","39.25",2.25,NA,"8.27532386779785","2012",,,,,,,,,,,,,,,,,,,,,,,,,,,,,,,,,,"0"
"4868","39.25",2.25,NA,"5.54585027694702","2005",,,,,,,,,,,,,,,,,,,,,,,,,,,,,,,,,,"0"
"4869","39.25",2.25,NA,"7.79804515838623","2001",,,,,,,,,,,,,,,,,,,,,,,,,,,,,,,,,,"0"
"4870","39.25",2.25,NA,"9.08941173553467","2016",,,,,,,,,,,,,,,,,,,,,,,,,,,,,,,,,,"0"
"4871","39.25",2.25,NA,"6.9202561378479","2015",,,,,,,,,,,,,,,,,,,,,,,,,,,,,,,,,,"0"
"4872","39.25",2.25,NA,NA,"1996",,,,,,,,,,,,,,,,,,,,,,,,,,,,,,,,,,"0"
"4873","39.25",2.25,NA,NA,"1997",,,,,,,,,,,,,,,,,,,,,,,,,,,,,,,,,,"0"
"4874","39.25",2.25,NA,"5.95796537399292","2014",,,,,,,,,,,,,,,,,,,,,,,,,,,,,,,,,,"0"
"4875","39.25",2.25,NA,NA,"1992",,,,,,,,,,,,,,,,,,,,,,,,,,,,,,,,,,"0"
"4876","39.25",2.25,NA,"12.6392860412598","2013",,,,,,,,,,,,,,,,,,,,,,,,,,,,,,,,,,"0"
"4877","39.25",2.25,NA,"7.33879852294922","2010",,,,,,,,,,,,,,,,,,,,,,,,,,,,,,,,,,"0"
"4878","39.25",2.25,NA,NA,"1995",,,,,,,,,,,,,,,,,,,,,,,,,,,,,,,,,,"0"
"4879","39.25",2.25,NA,"16.0144157409668","2018",,,,,,,,,,,,,,,,,,,,,,,,,,,,,,,,,,"0"
"4880","39.25",2.25,NA,NA,"1998",,,,,,,,,,,,,,,,,,,,,,,,,,,,,,,,,,"0"
"4881","39.25",2.25,NA,"11.0385141372681","2011",,,,,,,,,,,,,,,,,,,,,,,,,,,,,,,,,,"0"
"4882","39.25",2.25,NA,"5.99502897262573","2000",,,,,,,,,,,,,,,,,,,,,,,,,,,,,,,,,,"0"
"4883","39.25",2.25,NA,"11.8550472259521","2007",,,,,,,,,,,,,,,,,,,,,,,,,,,,,,,,,,"0"
"4884","39.25",2.25,NA,NA,"1986",,,,,,,,,,,,,,,,,,,,,,,,,,,,,,,,,,"0"
"4885","39.25",2.25,NA,NA,"2020",,,,,,,,,,,,,,,,,,,,,,,,,,,,,,,,,,"0"
"4886","39.25",2.25,NA,"8.38051986694336","2017",,,,,,,,,,,,,,,,,,,,,,,,,,,,,,,,,,"0"
"4887","39.25",2.25,NA,"8.26155376434326","2002",,,,,,,,,,,,,,,,,,,,,,,,,,,,,,,,,,"0"
"4888","39.25",2.25,NA,"9.39565563201904","1999",,,,,,,,,,,,,,,,,,,,,,,,,,,,,,,,,,"0"
"4889","39.25",2.25,NA,"9.79182910919189","2008",,,,,,,,,,,,,,,,,,,,,,,,,,,,,,,,,,"0"
"4890","39.25",2.25,NA,"11.8248414993286","2003",,,,,,,,,,,,,,,,,,,,,,,,,,,,,,,,,,"0"
"4891","39.25",2.25,NA,NA,"1989",,,,,,,,,,,,,,,,,,,,,,,,,,,,,,,,,,"0"
"4892","39.25",2.25,NA,NA,"1987",,,,,,,,,,,,,,,,,,,,,,,,,,,,,,,,,,"0"
"4893","39.25",2.25,NA,NA,"1985",,,,,,,,,,,,,,,,,,,,,,,,,,,,,,,,,,"0"
"4894","39.25",2.25,NA,NA,"1990",,,,,,,,,,,,,,,,,,,,,,,,,,,,,,,,,,"0"
"4895","39.25",2.25,NA,"13.8535356521606","2019",,,,,,,,,,,,,,,,,,,,,,,,,,,,,,,,,,"0"
"4896","39.25",2.25,NA,"7.28300476074219","2004",,,,,,,,,,,,,,,,,,,,,,,,,,,,,,,,,,"0"
"4897","39.25",2.75,NA,"16.173807144165","2007",,,,,,,,,,,,,,,,,,,,,,,,,,,,,,,,,,"0"
"4898","39.25",2.75,NA,NA,"2020",,,,,,,,,,,,,,,,,,,,,,,,,,,,,,,,,,"0"
"4899","39.25",2.75,NA,"15.8064556121826","1999",,,,,,,,,,,,,,,,,,,,,,,,,,,,,,,,,,"0"
"4900","39.25",2.75,NA,"12.1185007095337","2014",,,,,,,,,,,,,,,,,,,,,,,,,,,,,,,,,,"0"
"4901","39.25",2.75,NA,NA,"1986",,,,,,,,,,,,,,,,,,,,,,,,,,,,,,,,,,"0"
"4902","39.25",2.75,NA,"28.6081562042236","2018",,,,,,,,,,,,,,,,,,,,,,,,,,,,,,,,,,"0"
"4903","39.25",2.75,NA,"10.0640125274658","2009",,,,,,,,,,,,,,,,,,,,,,,,,,,,,,,,,,"0"
"4904","39.25",2.75,NA,"21.6609039306641","2019",,,,,,,,,,,,,,,,,,,,,,,,,,,,,,,,,,"0"
"4905","39.25",2.75,NA,"14.3254842758179","2002",,,,,,,,,,,,,,,,,,,,,,,,,,,,,,,,,,"0"
"4906","39.25",2.75,NA,"13.2315664291382","2008",,,,,,,,,,,,,,,,,,,,,,,,,,,,,,,,,,"0"
"4907","39.25",2.75,NA,NA,"1987",,,,,,,,,,,,,,,,,,,,,,,,,,,,,,,,,,"0"
"4908","39.25",2.75,NA,NA,"1996",,,,,,,,,,,,,,,,,,,,,,,,,,,,,,,,,,"0"
"4909","39.25",2.75,NA,"15.2064695358276","2017",,,,,,,,,,,,,,,,,,,,,,,,,,,,,,,,,,"0"
"4910","39.25",2.75,NA,"8.79056262969971","2005",,,,,,,,,,,,,,,,,,,,,,,,,,,,,,,,,,"0"
"4911","39.25",2.75,NA,NA,"1990",,,,,,,,,,,,,,,,,,,,,,,,,,,,,,,,,,"0"
"4912","39.25",2.75,NA,"12.1719341278076","2016",,,,,,,,,,,,,,,,,,,,,,,,,,,,,,,,,,"0"
"4913","39.25",2.75,NA,NA,"1988",,,,,,,,,,,,,,,,,,,,,,,,,,,,,,,,,,"0"
"4914","39.25",2.75,NA,NA,"1997",,,,,,,,,,,,,,,,,,,,,,,,,,,,,,,,,,"0"
"4915","39.25",2.75,NA,"14.2874612808228","2004",,,,,,,,,,,,,,,,,,,,,,,,,,,,,,,,,,"0"
"4916","39.25",2.75,NA,NA,"1993",,,,,,,,,,,,,,,,,,,,,,,,,,,,,,,,,,"0"
"4917","39.25",2.75,NA,"15.1244926452637","2011",,,,,,,,,,,,,,,,,,,,,,,,,,,,,,,,,,"0"
"4918","39.25",2.75,NA,"21.8076438903809","2013",,,,,,,,,,,,,,,,,,,,,,,,,,,,,,,,,,"0"
"4919","39.25",2.75,NA,NA,"1994",,,,,,,,,,,,,,,,,,,,,,,,,,,,,,,,,,"0"
"4920","39.25",2.75,NA,NA,"1989",,,,,,,,,,,,,,,,,,,,,,,,,,,,,,,,,,"0"
"4921","39.25",2.75,NA,"18.7487125396729","2006",,,,,,,,,,,,,,,,,,,,,,,,,,,,,,,,,,"0"
"4922","39.25",2.75,NA,"11.1848993301392","2015",,,,,,,,,,,,,,,,,,,,,,,,,,,,,,,,,,"0"
"4923","39.25",2.75,NA,NA,"1998",,,,,,,,,,,,,,,,,,,,,,,,,,,,,,,,,,"0"
"4924","39.25",2.75,NA,"9.57808685302734","2000",,,,,,,,,,,,,,,,,,,,,,,,,,,,,,,,,,"0"
"4925","39.25",2.75,NA,"15.1790952682495","2012",,,,,,,,,,,,,,,,,,,,,,,,,,,,,,,,,,"0"
"4926","39.25",2.75,NA,"10.8544883728027","2001",,,,,,,,,,,,,,,,,,,,,,,,,,,,,,,,,,"0"
"4927","39.25",2.75,NA,"9.93208980560303","2010",,,,,,,,,,,,,,,,,,,,,,,,,,,,,,,,,,"0"
"4928","39.25",2.75,NA,NA,"1991",,,,,,,,,,,,,,,,,,,,,,,,,,,,,,,,,,"0"
"4929","39.25",2.75,NA,"14.5574131011963","2003",,,,,,,,,,,,,,,,,,,,,,,,,,,,,,,,,,"0"
"4930","39.25",2.75,NA,NA,"1992",,,,,,,,,,,,,,,,,,,,,,,,,,,,,,,,,,"0"
"4931","39.25",2.75,NA,NA,"1985",,,,,,,,,,,,,,,,,,,,,,,,,,,,,,,,,,"0"
"4932","39.25",2.75,NA,NA,"1995",,,,,,,,,,,,,,,,,,,,,,,,,,,,,,,,,,"0"
"4933","39.25",3.25,NA,"23.487720489502","2003",,,,,,,,,,,,,,,,,,,,,,,,,,,,,,,,,,"0"
"4934","39.25",3.25,NA,NA,"1998",,,,,,,,,,,,,,,,,,,,,,,,,,,,,,,,,,"0"
"4935","39.25",3.25,NA,"26.9466438293457","1999",,,,,,,,,,,,,,,,,,,,,,,,,,,,,,,,,,"0"
"4936","39.25",3.25,NA,"24.2211685180664","2008",,,,,,,,,,,,,,,,,,,,,,,,,,,,,,,,,,"0"
"4937","39.25",3.25,NA,"19.8747596740723","2009",,,,,,,,,,,,,,,,,,,,,,,,,,,,,,,,,,"0"
"4938","39.25",3.25,NA,"21.6870517730713","2010",,,,,,,,,,,,,,,,,,,,,,,,,,,,,,,,,,"0"
"4939","39.25",3.25,NA,"22.8220062255859","2011",,,,,,,,,,,,,,,,,,,,,,,,,,,,,,,,,,"0"
"4940","39.25",3.25,NA,NA,"1990",,,,,,,,,,,,,,,,,,,,,,,,,,,,,,,,,,"0"
"4941","39.25",3.25,NA,"28.3304576873779","2012",,,,,,,,,,,,,,,,,,,,,,,,,,,,,,,,,,"0"
"4942","39.25",3.25,NA,NA,"1989",,,,,,,,,,,,,,,,,,,,,,,,,,,,,,,,,,"0"
"4943","39.25",3.25,NA,NA,"1994",,,,,,,,,,,,,,,,,,,,,,,,,,,,,,,,,,"0"
"4944","39.25",3.25,NA,NA,"1991",,,,,,,,,,,,,,,,,,,,,,,,,,,,,,,,,,"0"
"4945","39.25",3.25,NA,"19.3420677185059","2001",,,,,,,,,,,,,,,,,,,,,,,,,,,,,,,,,,"0"
"4946","39.25",3.25,NA,"28.5284900665283","2007",,,,,,,,,,,,,,,,,,,,,,,,,,,,,,,,,,"0"
"4947","39.25",3.25,NA,NA,"1997",,,,,,,,,,,,,,,,,,,,,,,,,,,,,,,,,,"0"
"4948","39.25",3.25,NA,"25.0908336639404","2004",,,,,,,,,,,,,,,,,,,,,,,,,,,,,,,,,,"0"
"4949","39.25",3.25,NA,"34.5653915405273","2018",,,,,,,,,,,,,,,,,,,,,,,,,,,,,,,,,,"0"
"4950","39.25",3.25,NA,NA,"2020",,,,,,,,,,,,,,,,,,,,,,,,,,,,,,,,,,"0"
"4951","39.25",3.25,NA,NA,"1996",,,,,,,,,,,,,,,,,,,,,,,,,,,,,,,,,,"0"
"4952","39.25",3.25,NA,"19.7994079589844","2016",,,,,,,,,,,,,,,,,,,,,,,,,,,,,,,,,,"0"
"4953","39.25",3.25,NA,NA,"1987",,,,,,,,,,,,,,,,,,,,,,,,,,,,,,,,,,"0"
"4954","39.25",3.25,NA,"17.4127979278564","2005",,,,,,,,,,,,,,,,,,,,,,,,,,,,,,,,,,"0"
"4955","39.25",3.25,NA,NA,"1988",,,,,,,,,,,,,,,,,,,,,,,,,,,,,,,,,,"0"
"4956","39.25",3.25,NA,"22.3896198272705","2015",,,,,,,,,,,,,,,,,,,,,,,,,,,,,,,,,,"0"
"4957","39.25",3.25,NA,"35.8367385864258","2013",,,,,,,,,,,,,,,,,,,,,,,,,,,,,,,,,,"0"
"4958","39.25",3.25,NA,NA,"1992",,,,,,,,,,,,,,,,,,,,,,,,,,,,,,,,,,"0"
"4959","39.25",3.25,NA,"24.0878677368164","2014",,,,,,,,,,,,,,,,,,,,,,,,,,,,,,,,,,"0"
"4960","39.25",3.25,NA,"32.0251502990723","2019",,,,,,,,,,,,,,,,,,,,,,,,,,,,,,,,,,"0"
"4961","39.25",3.25,NA,NA,"1993",,,,,,,,,,,,,,,,,,,,,,,,,,,,,,,,,,"0"
"4962","39.25",3.25,NA,NA,"1986",,,,,,,,,,,,,,,,,,,,,,,,,,,,,,,,,,"0"
"4963","39.25",3.25,NA,"21.487735748291","2017",,,,,,,,,,,,,,,,,,,,,,,,,,,,,,,,,,"0"
"4964","39.25",3.25,NA,NA,"1995",,,,,,,,,,,,,,,,,,,,,,,,,,,,,,,,,,"0"
"4965","39.25",3.25,NA,NA,"1985",,,,,,,,,,,,,,,,,,,,,,,,,,,,,,,,,,"0"
"4966","39.25",3.25,NA,"31.9839267730713","2006",,,,,,,,,,,,,,,,,,,,,,,,,,,,,,,,,,"0"
"4967","39.25",3.25,NA,"23.0951023101807","2002",,,,,,,,,,,,,,,,,,,,,,,,,,,,,,,,,,"0"
"4968","39.25",3.25,NA,"18.9982471466064","2000",,,,,,,,,,,,,,,,,,,,,,,,,,,,,,,,,,"0"
"4969","39.75",-3.75,"0.405000001192093",NA,"1988",,,,,,,,,,,,,,,,,,,,,,,,,,,,,,,,,,"0"
"4970","39.75",-3.75,"0.405000001192093","61.6258773803711","2007",,,,,,,,,,,,,,,,,,,,,,,,,,,,,,,,,,"0"
"4971","39.75",-3.75,"0.405000001192093",NA,"1995",,,,,,,,,,,,,,,,,,,,,,,,,,,,,,,,,,"0"
"4972","39.75",-3.75,"0.405000001192093",NA,"1990",,,,,,,,,,,,,,,,,,,,,,,,,,,,,,,,,,"0"
"4973","39.75",-3.75,"0.405000001192093",NA,"2020",,,,,,,,,,,,,,,,,,,,,,,,,,,,,,,,,,"0"
"4974","39.75",-3.75,"0.405000001192093","54.1242408752441","2010",,,,,,,,,,,,,,,,,,,,,,,,,,,,,,,,,,"0"
"4975","39.75",-3.75,"0.405000001192093",NA,"1987",,,,,,,,,,,,,,,,,,,,,,,,,,,,,,,,,,"0"
"4976","39.75",-3.75,"0.405000001192093","50.0780830383301","2005",,,,,,,,,,,,,,,,,,,,,,,,,,,,,,,,,,"0"
"4977","39.75",-3.75,"0.405000001192093",NA,"1993",,,,,,,,,,,,,,,,,,,,,,,,,,,,,,,,,,"0"
"4978","39.75",-3.75,"0.405000001192093","55.1841430664062","2002",,,,,,,,,,,,,,,,,,,,,,,,,,,,,,,,,,"0"
"4979","39.75",-3.75,"0.405000001192093","45.7657585144043","2011",,,,,,,,,,,,,,,,,,,,,,,,,,,,,,,,,,"0"
"4980","39.75",-3.75,"0.405000001192093",NA,"1985",,,,,,,,,,,,,,,,,,,,,,,,,,,,,,,,,,"0"
"4981","39.75",-3.75,"0.405000001192093",NA,"1994",,,,,,,,,,,,,,,,,,,,,,,,,,,,,,,,,,"0"
"4982","39.75",-3.75,"0.405000001192093","58.5466995239258","1999",,,,,,,,,,,,,,,,,,,,,,,,,,,,,,,,,,"0"
"4983","39.75",-3.75,"0.405000001192093","60.779426574707","2018",,,,,,,,,,,,,,,,,,,,,,,,,,,,,,,,,,"0"
"4984","39.75",-3.75,"0.405000001192093",NA,"1998",,,,,,,,,,,,,,,,,,,,,,,,,,,,,,,,,,"0"
"4985","39.75",-3.75,"0.405000001192093","55.905933380127","2006",,,,,,,,,,,,,,,,,,,,,,,,,,,,,,,,,,"0"
"4986","39.75",-3.75,"0.405000001192093","49.9089050292969","2004",,,,,,,,,,,,,,,,,,,,,,,,,,,,,,,,,,"0"
"4987","39.75",-3.75,"0.405000001192093","56.9888534545898","2014",,,,,,,,,,,,,,,,,,,,,,,,,,,,,,,,,,"0"
"4988","39.75",-3.75,"0.405000001192093","53.4610290527344","2001",,,,,,,,,,,,,,,,,,,,,,,,,,,,,,,,,,"0"
"4989","39.75",-3.75,"0.405000001192093","56.9340667724609","2003",,,,,,,,,,,,,,,,,,,,,,,,,,,,,,,,,,"0"
"4990","39.75",-3.75,"0.405000001192093",NA,"1996",,,,,,,,,,,,,,,,,,,,,,,,,,,,,,,,,,"0"
"4991","39.75",-3.75,"0.405000001192093",NA,"1992",,,,,,,,,,,,,,,,,,,,,,,,,,,,,,,,,,"0"
"4992","39.75",-3.75,"0.405000001192093",NA,"1989",,,,,,,,,,,,,,,,,,,,,,,,,,,,,,,,,,"0"
"4993","39.75",-3.75,"0.405000001192093","44.4715156555176","2009",,,,,,,,,,,,,,,,,,,,,,,,,,,,,,,,,,"0"
"4994","39.75",-3.75,"0.405000001192093","46.9457740783691","2012",,,,,,,,,,,,,,,,,,,,,,,,,,,,,,,,,,"0"
"4995","39.75",-3.75,"0.405000001192093","47.8176689147949","2017",,,,,,,,,,,,,,,,,,,,,,,,,,,,,,,,,,"0"
"4996","39.75",-3.75,"0.405000001192093","55.2297782897949","2008",,,,,,,,,,,,,,,,,,,,,,,,,,,,,,,,,,"0"
"4997","39.75",-3.75,"0.405000001192093","56.5777854919434","2019",,,,,,,,,,,,,,,,,,,,,,,,,,,,,,,,,,"0"
"4998","39.75",-3.75,"0.405000001192093","40.2095184326172","2016",,,,,,,,,,,,,,,,,,,,,,,,,,,,,,,,,,"0"
"4999","39.75",-3.75,"0.405000001192093",NA,"1997",,,,,,,,,,,,,,,,,,,,,,,,,,,,,,,,,,"0"
"5000","39.75",-3.75,"0.405000001192093","54.4042549133301","2013",,,,,,,,,,,,,,,,,,,,,,,,,,,,,,,,,,"0"
"5001","39.75",-3.75,"0.405000001192093",NA,"1986",,,,,,,,,,,,,,,,,,,,,,,,,,,,,,,,,,"0"
"5002","39.75",-3.75,"0.405000001192093","51.8857612609863","2015",,,,,,,,,,,,,,,,,,,,,,,,,,,,,,,,,,"0"
"5003","39.75",-3.75,"0.405000001192093",NA,"1991",,,,,,,,,,,,,,,,,,,,,,,,,,,,,,,,,,"0"
"5004","39.75",-3.75,"0.405000001192093","58.6348152160645","2000",,,,,,,,,,,,,,,,,,,,,,,,,,,,,,,,,,"0"
"5005","39.75",-3.25,"0.704999983310699","50.6504249572754","2019",,,,,,,,,,,,,,,,,,,,,,,,,,,,,,,,,,"0"
"5006","39.75",-3.25,"0.704999983310699","44.6422538757324","2012",,,,,,,,,,,,,,,,,,,,,,,,,,,,,,,,,,"0"
"5007","39.75",-3.25,"0.704999983310699","44.5390853881836","2005",,,,,,,,,,,,,,,,,,,,,,,,,,,,,,,,,,"0"
"5008","39.75",-3.25,"0.704999983310699","42.6037521362305","2017",,,,,,,,,,,,,,,,,,,,,,,,,,,,,,,,,,"0"
"5009","39.75",-3.25,"0.704999983310699","51.0491790771484","1999",,,,,,,,,,,,,,,,,,,,,,,,,,,,,,,,,,"0"
"5010","39.75",-3.25,"0.704999983310699","49.7309303283691","2002",,,,,,,,,,,,,,,,,,,,,,,,,,,,,,,,,,"0"
"5011","39.75",-3.25,"0.704999983310699","55.2620849609375","2000",,,,,,,,,,,,,,,,,,,,,,,,,,,,,,,,,,"0"
"5012","39.75",-3.25,"0.704999983310699",NA,"1985",,,,,,,,,,,,,,,,,,,,,,,,,,,,,,,,,,"0"
"5013","39.75",-3.25,"0.704999983310699",NA,"2020",,,,,,,,,,,,,,,,,,,,,,,,,,,,,,,,,,"0"
"5014","39.75",-3.25,"0.704999983310699","52.399658203125","2018",,,,,,,,,,,,,,,,,,,,,,,,,,,,,,,,,,"0"
"5015","39.75",-3.25,"0.704999983310699","35.829460144043","2016",,,,,,,,,,,,,,,,,,,,,,,,,,,,,,,,,,"0"
"5016","39.75",-3.25,"0.704999983310699","42.3773956298828","2011",,,,,,,,,,,,,,,,,,,,,,,,,,,,,,,,,,"0"
"5017","39.75",-3.25,"0.704999983310699",NA,"1992",,,,,,,,,,,,,,,,,,,,,,,,,,,,,,,,,,"0"
"5018","39.75",-3.25,"0.704999983310699",NA,"1994",,,,,,,,,,,,,,,,,,,,,,,,,,,,,,,,,,"0"
"5019","39.75",-3.25,"0.704999983310699",NA,"1988",,,,,,,,,,,,,,,,,,,,,,,,,,,,,,,,,,"0"
"5020","39.75",-3.25,"0.704999983310699",NA,"1997",,,,,,,,,,,,,,,,,,,,,,,,,,,,,,,,,,"0"
"5021","39.75",-3.25,"0.704999983310699","52.4399337768555","2010",,,,,,,,,,,,,,,,,,,,,,,,,,,,,,,,,,"0"
"5022","39.75",-3.25,"0.704999983310699",NA,"1996",,,,,,,,,,,,,,,,,,,,,,,,,,,,,,,,,,"0"
"5023","39.75",-3.25,"0.704999983310699","47.3406639099121","2001",,,,,,,,,,,,,,,,,,,,,,,,,,,,,,,,,,"0"
"5024","39.75",-3.25,"0.704999983310699",NA,"1991",,,,,,,,,,,,,,,,,,,,,,,,,,,,,,,,,,"0"
"5025","39.75",-3.25,"0.704999983310699",NA,"1987",,,,,,,,,,,,,,,,,,,,,,,,,,,,,,,,,,"0"
"5026","39.75",-3.25,"0.704999983310699",NA,"1998",,,,,,,,,,,,,,,,,,,,,,,,,,,,,,,,,,"0"
"5027","39.75",-3.25,"0.704999983310699",NA,"1986",,,,,,,,,,,,,,,,,,,,,,,,,,,,,,,,,,"0"
"5028","39.75",-3.25,"0.704999983310699","45.4963874816895","2009",,,,,,,,,,,,,,,,,,,,,,,,,,,,,,,,,,"0"
"5029","39.75",-3.25,"0.704999983310699",NA,"1989",,,,,,,,,,,,,,,,,,,,,,,,,,,,,,,,,,"0"
"5030","39.75",-3.25,"0.704999983310699","50.0445709228516","2013",,,,,,,,,,,,,,,,,,,,,,,,,,,,,,,,,,"0"
"5031","39.75",-3.25,"0.704999983310699",NA,"1990",,,,,,,,,,,,,,,,,,,,,,,,,,,,,,,,,,"0"
"5032","39.75",-3.25,"0.704999983310699",NA,"1995",,,,,,,,,,,,,,,,,,,,,,,,,,,,,,,,,,"0"
"5033","39.75",-3.25,"0.704999983310699",NA,"1993",,,,,,,,,,,,,,,,,,,,,,,,,,,,,,,,,,"0"
"5034","39.75",-3.25,"0.704999983310699","52.2258148193359","2014",,,,,,,,,,,,,,,,,,,,,,,,,,,,,,,,,,"0"
"5035","39.75",-3.25,"0.704999983310699","50.7684669494629","2006",,,,,,,,,,,,,,,,,,,,,,,,,,,,,,,,,,"0"
"5036","39.75",-3.25,"0.704999983310699","60.0940933227539","2007",,,,,,,,,,,,,,,,,,,,,,,,,,,,,,,,,,"0"
"5037","39.75",-3.25,"0.704999983310699","53.5038757324219","2003",,,,,,,,,,,,,,,,,,,,,,,,,,,,,,,,,,"0"
"5038","39.75",-3.25,"0.704999983310699","47.3371658325195","2004",,,,,,,,,,,,,,,,,,,,,,,,,,,,,,,,,,"0"
"5039","39.75",-3.25,"0.704999983310699","44.9017448425293","2015",,,,,,,,,,,,,,,,,,,,,,,,,,,,,,,,,,"0"
"5040","39.75",-3.25,"0.704999983310699","51.8778343200684","2008",,,,,,,,,,,,,,,,,,,,,,,,,,,,,,,,,,"0"
"5041","39.75",-2.75,NA,"34.1091613769531","2001",,,,,,,,,,,,,,,,,,,,,,,,,,,,,,,,,,"0"
"5042","39.75",-2.75,NA,NA,"1994",,,,,,,,,,,,,,,,,,,,,,,,,,,,,,,,,,"0"
"5043","39.75",-2.75,NA,"41.5470123291016","2003",,,,,,,,,,,,,,,,,,,,,,,,,,,,,,,,,,"0"
"5044","39.75",-2.75,NA,"47.9694023132324","2007",,,,,,,,,,,,,,,,,,,,,,,,,,,,,,,,,,"0"
"5045","39.75",-2.75,NA,NA,"1995",,,,,,,,,,,,,,,,,,,,,,,,,,,,,,,,,,"0"
"5046","39.75",-2.75,NA,NA,"1992",,,,,,,,,,,,,,,,,,,,,,,,,,,,,,,,,,"0"
"5047","39.75",-2.75,NA,"34.1186370849609","2012",,,,,,,,,,,,,,,,,,,,,,,,,,,,,,,,,,"0"
"5048","39.75",-2.75,NA,"42.7604331970215","2008",,,,,,,,,,,,,,,,,,,,,,,,,,,,,,,,,,"0"
"5049","39.75",-2.75,NA,"40.5960693359375","2000",,,,,,,,,,,,,,,,,,,,,,,,,,,,,,,,,,"0"
"5050","39.75",-2.75,NA,"40.9743041992188","2019",,,,,,,,,,,,,,,,,,,,,,,,,,,,,,,,,,"0"
"5051","39.75",-2.75,NA,"38.6749153137207","1999",,,,,,,,,,,,,,,,,,,,,,,,,,,,,,,,,,"0"
"5052","39.75",-2.75,NA,NA,"1998",,,,,,,,,,,,,,,,,,,,,,,,,,,,,,,,,,"0"
"5053","39.75",-2.75,NA,"36.115894317627","2011",,,,,,,,,,,,,,,,,,,,,,,,,,,,,,,,,,"0"
"5054","39.75",-2.75,NA,NA,"1987",,,,,,,,,,,,,,,,,,,,,,,,,,,,,,,,,,"0"
"5055","39.75",-2.75,NA,"36.1298599243164","2005",,,,,,,,,,,,,,,,,,,,,,,,,,,,,,,,,,"0"
"5056","39.75",-2.75,NA,"38.5794906616211","2009",,,,,,,,,,,,,,,,,,,,,,,,,,,,,,,,,,"0"
"5057","39.75",-2.75,NA,NA,"1993",,,,,,,,,,,,,,,,,,,,,,,,,,,,,,,,,,"0"
"5058","39.75",-2.75,NA,NA,"2020",,,,,,,,,,,,,,,,,,,,,,,,,,,,,,,,,,"0"
"5059","39.75",-2.75,NA,"37.5261764526367","2004",,,,,,,,,,,,,,,,,,,,,,,,,,,,,,,,,,"0"
"5060","39.75",-2.75,NA,"30.3913497924805","2016",,,,,,,,,,,,,,,,,,,,,,,,,,,,,,,,,,"0"
"5061","39.75",-2.75,NA,NA,"1996",,,,,,,,,,,,,,,,,,,,,,,,,,,,,,,,,,"0"
"5062","39.75",-2.75,NA,"39.0298919677734","2013",,,,,,,,,,,,,,,,,,,,,,,,,,,,,,,,,,"0"
"5063","39.75",-2.75,NA,"38.7541351318359","2002",,,,,,,,,,,,,,,,,,,,,,,,,,,,,,,,,,"0"
"5064","39.75",-2.75,NA,"40.0048599243164","2006",,,,,,,,,,,,,,,,,,,,,,,,,,,,,,,,,,"0"
"5065","39.75",-2.75,NA,"39.8184661865234","2014",,,,,,,,,,,,,,,,,,,,,,,,,,,,,,,,,,"0"
"5066","39.75",-2.75,NA,NA,"1986",,,,,,,,,,,,,,,,,,,,,,,,,,,,,,,,,,"0"
"5067","39.75",-2.75,NA,NA,"1985",,,,,,,,,,,,,,,,,,,,,,,,,,,,,,,,,,"0"
"5068","39.75",-2.75,NA,"37.3872184753418","2015",,,,,,,,,,,,,,,,,,,,,,,,,,,,,,,,,,"0"
"5069","39.75",-2.75,NA,NA,"1991",,,,,,,,,,,,,,,,,,,,,,,,,,,,,,,,,,"0"
"5070","39.75",-2.75,NA,NA,"1997",,,,,,,,,,,,,,,,,,,,,,,,,,,,,,,,,,"0"
"5071","39.75",-2.75,NA,"43.1255912780762","2018",,,,,,,,,,,,,,,,,,,,,,,,,,,,,,,,,,"0"
"5072","39.75",-2.75,NA,"43.6593170166016","2010",,,,,,,,,,,,,,,,,,,,,,,,,,,,,,,,,,"0"
"5073","39.75",-2.75,NA,NA,"1988",,,,,,,,,,,,,,,,,,,,,,,,,,,,,,,,,,"0"
"5074","39.75",-2.75,NA,NA,"1989",,,,,,,,,,,,,,,,,,,,,,,,,,,,,,,,,,"0"
"5075","39.75",-2.75,NA,NA,"1990",,,,,,,,,,,,,,,,,,,,,,,,,,,,,,,,,,"0"
"5076","39.75",-2.75,NA,"34.6725730895996","2017",,,,,,,,,,,,,,,,,,,,,,,,,,,,,,,,,,"0"
"5077","39.75",-2.25,NA,"21.2071475982666","2005",,,,,,,,,,,,,,,,,,,,,,,,,,,,,,,,,,"0"
"5078","39.75",-2.25,NA,"22.5677642822266","2002",,,,,,,,,,,,,,,,,,,,,,,,,,,,,,,,,,"0"
"5079","39.75",-2.25,NA,"17.9558792114258","2017",,,,,,,,,,,,,,,,,,,,,,,,,,,,,,,,,,"0"
"5080","39.75",-2.25,NA,"23.5787315368652","1999",,,,,,,,,,,,,,,,,,,,,,,,,,,,,,,,,,"0"
"5081","39.75",-2.25,NA,"21.6829967498779","2013",,,,,,,,,,,,,,,,,,,,,,,,,,,,,,,,,,"0"
"5082","39.75",-2.25,NA,NA,"1997",,,,,,,,,,,,,,,,,,,,,,,,,,,,,,,,,,"0"
"5083","39.75",-2.25,NA,NA,"1990",,,,,,,,,,,,,,,,,,,,,,,,,,,,,,,,,,"0"
"5084","39.75",-2.25,NA,"19.9463863372803","2009",,,,,,,,,,,,,,,,,,,,,,,,,,,,,,,,,,"0"
"5085","39.75",-2.25,NA,"22.6145267486572","2000",,,,,,,,,,,,,,,,,,,,,,,,,,,,,,,,,,"0"
"5086","39.75",-2.25,NA,NA,"1992",,,,,,,,,,,,,,,,,,,,,,,,,,,,,,,,,,"0"
"5087","39.75",-2.25,NA,"17.3219566345215","2001",,,,,,,,,,,,,,,,,,,,,,,,,,,,,,,,,,"0"
"5088","39.75",-2.25,NA,"22.3925895690918","2018",,,,,,,,,,,,,,,,,,,,,,,,,,,,,,,,,,"0"
"5089","39.75",-2.25,NA,"21.7033214569092","2004",,,,,,,,,,,,,,,,,,,,,,,,,,,,,,,,,,"0"
"5090","39.75",-2.25,NA,"20.9822063446045","2011",,,,,,,,,,,,,,,,,,,,,,,,,,,,,,,,,,"0"
"5091","39.75",-2.25,NA,NA,"1985",,,,,,,,,,,,,,,,,,,,,,,,,,,,,,,,,,"0"
"5092","39.75",-2.25,NA,NA,"1994",,,,,,,,,,,,,,,,,,,,,,,,,,,,,,,,,,"0"
"5093","39.75",-2.25,NA,"16.9917011260986","2012",,,,,,,,,,,,,,,,,,,,,,,,,,,,,,,,,,"0"
"5094","39.75",-2.25,NA,"24.2895030975342","2019",,,,,,,,,,,,,,,,,,,,,,,,,,,,,,,,,,"0"
"5095","39.75",-2.25,NA,"22.5007171630859","2003",,,,,,,,,,,,,,,,,,,,,,,,,,,,,,,,,,"0"
"5096","39.75",-2.25,NA,NA,"1991",,,,,,,,,,,,,,,,,,,,,,,,,,,,,,,,,,"0"
"5097","39.75",-2.25,NA,"15.6240043640137","2016",,,,,,,,,,,,,,,,,,,,,,,,,,,,,,,,,,"0"
"5098","39.75",-2.25,NA,"20.4271621704102","2015",,,,,,,,,,,,,,,,,,,,,,,,,,,,,,,,,,"0"
"5099","39.75",-2.25,NA,NA,"1993",,,,,,,,,,,,,,,,,,,,,,,,,,,,,,,,,,"0"
"5100","39.75",-2.25,NA,NA,"1998",,,,,,,,,,,,,,,,,,,,,,,,,,,,,,,,,,"0"
"5101","39.75",-2.25,NA,NA,"2020",,,,,,,,,,,,,,,,,,,,,,,,,,,,,,,,,,"0"
"5102","39.75",-2.25,NA,NA,"1996",,,,,,,,,,,,,,,,,,,,,,,,,,,,,,,,,,"0"
"5103","39.75",-2.25,NA,"22.2940216064453","2006",,,,,,,,,,,,,,,,,,,,,,,,,,,,,,,,,,"0"
"5104","39.75",-2.25,NA,NA,"1995",,,,,,,,,,,,,,,,,,,,,,,,,,,,,,,,,,"0"
"5105","39.75",-2.25,NA,"22.1831016540527","2014",,,,,,,,,,,,,,,,,,,,,,,,,,,,,,,,,,"0"
"5106","39.75",-2.25,NA,NA,"1987",,,,,,,,,,,,,,,,,,,,,,,,,,,,,,,,,,"0"
"5107","39.75",-2.25,NA,NA,"1986",,,,,,,,,,,,,,,,,,,,,,,,,,,,,,,,,,"0"
"5108","39.75",-2.25,NA,"22.4917011260986","2010",,,,,,,,,,,,,,,,,,,,,,,,,,,,,,,,,,"0"
"5109","39.75",-2.25,NA,NA,"1988",,,,,,,,,,,,,,,,,,,,,,,,,,,,,,,,,,"0"
"5110","39.75",-2.25,NA,"26.2877216339111","2008",,,,,,,,,,,,,,,,,,,,,,,,,,,,,,,,,,"0"
"5111","39.75",-2.25,NA,"27.8226432800293","2007",,,,,,,,,,,,,,,,,,,,,,,,,,,,,,,,,,"0"
"5112","39.75",-2.25,NA,NA,"1989",,,,,,,,,,,,,,,,,,,,,,,,,,,,,,,,,,"0"
"5113","39.75",-1.75,NA,NA,"1996",,,,,,,,,,,,,,,,,,,,,,,,,,,,,,,,,,"0"
"5114","39.75",-1.75,NA,"15.0080862045288","2002",,,,,,,,,,,,,,,,,,,,,,,,,,,,,,,,,,"0"
"5115","39.75",-1.75,NA,"16.4991588592529","2000",,,,,,,,,,,,,,,,,,,,,,,,,,,,,,,,,,"0"
"5116","39.75",-1.75,NA,"13.9490833282471","2013",,,,,,,,,,,,,,,,,,,,,,,,,,,,,,,,,,"0"
"5117","39.75",-1.75,NA,"14.398401260376","2014",,,,,,,,,,,,,,,,,,,,,,,,,,,,,,,,,,"0"
"5118","39.75",-1.75,NA,"13.2473173141479","2011",,,,,,,,,,,,,,,,,,,,,,,,,,,,,,,,,,"0"
"5119","39.75",-1.75,NA,NA,"1990",,,,,,,,,,,,,,,,,,,,,,,,,,,,,,,,,,"0"
"5120","39.75",-1.75,NA,NA,"1991",,,,,,,,,,,,,,,,,,,,,,,,,,,,,,,,,,"0"
"5121","39.75",-1.75,NA,"10.2421674728394","2016",,,,,,,,,,,,,,,,,,,,,,,,,,,,,,,,,,"0"
"5122","39.75",-1.75,NA,NA,"1989",,,,,,,,,,,,,,,,,,,,,,,,,,,,,,,,,,"0"
"5123","39.75",-1.75,NA,NA,"1985",,,,,,,,,,,,,,,,,,,,,,,,,,,,,,,,,,"0"
"5124","39.75",-1.75,NA,"12.3280267715454","2005",,,,,,,,,,,,,,,,,,,,,,,,,,,,,,,,,,"0"
"5125","39.75",-1.75,NA,"15.6462850570679","2006",,,,,,,,,,,,,,,,,,,,,,,,,,,,,,,,,,"0"
"5126","39.75",-1.75,NA,NA,"1992",,,,,,,,,,,,,,,,,,,,,,,,,,,,,,,,,,"0"
"5127","39.75",-1.75,NA,NA,"1988",,,,,,,,,,,,,,,,,,,,,,,,,,,,,,,,,,"0"
"5128","39.75",-1.75,NA,NA,"1987",,,,,,,,,,,,,,,,,,,,,,,,,,,,,,,,,,"0"
"5129","39.75",-1.75,NA,NA,"1995",,,,,,,,,,,,,,,,,,,,,,,,,,,,,,,,,,"0"
"5130","39.75",-1.75,NA,"12.2512893676758","2009",,,,,,,,,,,,,,,,,,,,,,,,,,,,,,,,,,"0"
"5131","39.75",-1.75,NA,NA,"1993",,,,,,,,,,,,,,,,,,,,,,,,,,,,,,,,,,"0"
"5132","39.75",-1.75,NA,"11.8523178100586","2001",,,,,,,,,,,,,,,,,,,,,,,,,,,,,,,,,,"0"
"5133","39.75",-1.75,NA,NA,"1997",,,,,,,,,,,,,,,,,,,,,,,,,,,,,,,,,,"0"
"5134","39.75",-1.75,NA,"13.5161561965942","2004",,,,,,,,,,,,,,,,,,,,,,,,,,,,,,,,,,"0"
"5135","39.75",-1.75,NA,"10.1253881454468","2012",,,,,,,,,,,,,,,,,,,,,,,,,,,,,,,,,,"0"
"5136","39.75",-1.75,NA,NA,"1986",,,,,,,,,,,,,,,,,,,,,,,,,,,,,,,,,,"0"
"5137","39.75",-1.75,NA,"15.9040155410767","2008",,,,,,,,,,,,,,,,,,,,,,,,,,,,,,,,,,"0"
"5138","39.75",-1.75,NA,NA,"1994",,,,,,,,,,,,,,,,,,,,,,,,,,,,,,,,,,"0"
"5139","39.75",-1.75,NA,"15.4401931762695","1999",,,,,,,,,,,,,,,,,,,,,,,,,,,,,,,,,,"0"
"5140","39.75",-1.75,NA,"14.0367574691772","2003",,,,,,,,,,,,,,,,,,,,,,,,,,,,,,,,,,"0"
"5141","39.75",-1.75,NA,"14.7232809066772","2018",,,,,,,,,,,,,,,,,,,,,,,,,,,,,,,,,,"0"
"5142","39.75",-1.75,NA,"15.2806959152222","2010",,,,,,,,,,,,,,,,,,,,,,,,,,,,,,,,,,"0"
"5143","39.75",-1.75,NA,NA,"2020",,,,,,,,,,,,,,,,,,,,,,,,,,,,,,,,,,"0"
"5144","39.75",-1.75,NA,NA,"1998",,,,,,,,,,,,,,,,,,,,,,,,,,,,,,,,,,"0"
"5145","39.75",-1.75,NA,"15.6379308700562","2019",,,,,,,,,,,,,,,,,,,,,,,,,,,,,,,,,,"0"
"5146","39.75",-1.75,NA,"17.7085933685303","2007",,,,,,,,,,,,,,,,,,,,,,,,,,,,,,,,,,"0"
"5147","39.75",-1.75,NA,"14.5719718933105","2015",,,,,,,,,,,,,,,,,,,,,,,,,,,,,,,,,,"0"
"5148","39.75",-1.75,NA,"10.2560329437256","2017",,,,,,,,,,,,,,,,,,,,,,,,,,,,,,,,,,"0"
"5149","39.75",-1.25,NA,"11.9572467803955","2019",,,,,,,,,,,,,,,,,,,,,,,,,,,,,,,,,,"0"
"5150","39.75",-1.25,NA,"11.0242519378662","2011",,,,,,,,,,,,,,,,,,,,,,,,,,,,,,,,,,"0"
"5151","39.75",-1.25,NA,NA,"1998",,,,,,,,,,,,,,,,,,,,,,,,,,,,,,,,,,"0"
"5152","39.75",-1.25,NA,"12.0628108978271","1999",,,,,,,,,,,,,,,,,,,,,,,,,,,,,,,,,,"0"
"5153","39.75",-1.25,NA,"9.07788181304932","2009",,,,,,,,,,,,,,,,,,,,,,,,,,,,,,,,,,"0"
"5154","39.75",-1.25,NA,NA,"1985",,,,,,,,,,,,,,,,,,,,,,,,,,,,,,,,,,"0"
"5155","39.75",-1.25,NA,"10.0210332870483","2014",,,,,,,,,,,,,,,,,,,,,,,,,,,,,,,,,,"0"
"5156","39.75",-1.25,NA,NA,"1986",,,,,,,,,,,,,,,,,,,,,,,,,,,,,,,,,,"0"
"5157","39.75",-1.25,NA,"12.5128040313721","2013",,,,,,,,,,,,,,,,,,,,,,,,,,,,,,,,,,"0"
"5158","39.75",-1.25,NA,"13.3272972106934","2003",,,,,,,,,,,,,,,,,,,,,,,,,,,,,,,,,,"0"
"5159","39.75",-1.25,NA,NA,"1997",,,,,,,,,,,,,,,,,,,,,,,,,,,,,,,,,,"0"
"5160","39.75",-1.25,NA,NA,"1987",,,,,,,,,,,,,,,,,,,,,,,,,,,,,,,,,,"0"
"5161","39.75",-1.25,NA,"7.67192983627319","2005",,,,,,,,,,,,,,,,,,,,,,,,,,,,,,,,,,"0"
"5162","39.75",-1.25,NA,"12.3973178863525","2008",,,,,,,,,,,,,,,,,,,,,,,,,,,,,,,,,,"0"
"5163","39.75",-1.25,NA,"13.536431312561","2000",,,,,,,,,,,,,,,,,,,,,,,,,,,,,,,,,,"0"
"5164","39.75",-1.25,NA,NA,"1996",,,,,,,,,,,,,,,,,,,,,,,,,,,,,,,,,,"0"
"5165","39.75",-1.25,NA,"11.5691404342651","2006",,,,,,,,,,,,,,,,,,,,,,,,,,,,,,,,,,"0"
"5166","39.75",-1.25,NA,"6.87772703170776","2017",,,,,,,,,,,,,,,,,,,,,,,,,,,,,,,,,,"0"
"5167","39.75",-1.25,NA,NA,"1993",,,,,,,,,,,,,,,,,,,,,,,,,,,,,,,,,,"0"
"5168","39.75",-1.25,NA,"9.62430953979492","2004",,,,,,,,,,,,,,,,,,,,,,,,,,,,,,,,,,"0"
"5169","39.75",-1.25,NA,"8.02259731292725","2016",,,,,,,,,,,,,,,,,,,,,,,,,,,,,,,,,,"0"
"5170","39.75",-1.25,NA,"10.7995643615723","2010",,,,,,,,,,,,,,,,,,,,,,,,,,,,,,,,,,"0"
"5171","39.75",-1.25,NA,"14.3230991363525","2007",,,,,,,,,,,,,,,,,,,,,,,,,,,,,,,,,,"0"
"5172","39.75",-1.25,NA,NA,"1990",,,,,,,,,,,,,,,,,,,,,,,,,,,,,,,,,,"0"
"5173","39.75",-1.25,NA,"12.7757148742676","2002",,,,,,,,,,,,,,,,,,,,,,,,,,,,,,,,,,"0"
"5174","39.75",-1.25,NA,NA,"1988",,,,,,,,,,,,,,,,,,,,,,,,,,,,,,,,,,"0"
"5175","39.75",-1.25,NA,NA,"1994",,,,,,,,,,,,,,,,,,,,,,,,,,,,,,,,,,"0"
"5176","39.75",-1.25,NA,"11.5332851409912","2015",,,,,,,,,,,,,,,,,,,,,,,,,,,,,,,,,,"0"
"5177","39.75",-1.25,NA,NA,"1989",,,,,,,,,,,,,,,,,,,,,,,,,,,,,,,,,,"0"
"5178","39.75",-1.25,NA,NA,"1991",,,,,,,,,,,,,,,,,,,,,,,,,,,,,,,,,,"0"
"5179","39.75",-1.25,NA,NA,"2020",,,,,,,,,,,,,,,,,,,,,,,,,,,,,,,,,,"0"
"5180","39.75",-1.25,NA,NA,"1995",,,,,,,,,,,,,,,,,,,,,,,,,,,,,,,,,,"0"
"5181","39.75",-1.25,NA,"9.97697067260742","2012",,,,,,,,,,,,,,,,,,,,,,,,,,,,,,,,,,"0"
"5182","39.75",-1.25,NA,"13.6495380401611","2018",,,,,,,,,,,,,,,,,,,,,,,,,,,,,,,,,,"0"
"5183","39.75",-1.25,NA,"9.42328357696533","2001",,,,,,,,,,,,,,,,,,,,,,,,,,,,,,,,,,"0"
"5184","39.75",-1.25,NA,NA,"1992",,,,,,,,,,,,,,,,,,,,,,,,,,,,,,,,,,"0"
"5185","39.75",-0.75,"0.605000019073486",NA,"1989",,,,,,,,,,,,,,,,,,,,,,,,,,,,,,,,,,"0"
"5186","39.75",-0.75,"0.605000019073486","9.62847900390625","2015",,,,,,,,,,,,,,,,,,,,,,,,,,,,,,,,,,"0"
"5187","39.75",-0.75,"0.605000019073486","10.9003190994263","2003",,,,,,,,,,,,,,,,,,,,,,,,,,,,,,,,,,"0"
"5188","39.75",-0.75,"0.605000019073486","8.04148197174072","2014",,,,,,,,,,,,,,,,,,,,,,,,,,,,,,,,,,"0"
"5189","39.75",-0.75,"0.605000019073486",NA,"1990",,,,,,,,,,,,,,,,,,,,,,,,,,,,,,,,,,"0"
"5190","39.75",-0.75,"0.605000019073486",NA,"1987",,,,,,,,,,,,,,,,,,,,,,,,,,,,,,,,,,"0"
"5191","39.75",-0.75,"0.605000019073486","10.8663730621338","2019",,,,,,,,,,,,,,,,,,,,,,,,,,,,,,,,,,"0"
"5192","39.75",-0.75,"0.605000019073486",NA,"1992",,,,,,,,,,,,,,,,,,,,,,,,,,,,,,,,,,"0"
"5193","39.75",-0.75,"0.605000019073486","12.1464147567749","2008",,,,,,,,,,,,,,,,,,,,,,,,,,,,,,,,,,"0"
"5194","39.75",-0.75,"0.605000019073486","7.46574783325195","2016",,,,,,,,,,,,,,,,,,,,,,,,,,,,,,,,,,"0"
"5195","39.75",-0.75,"0.605000019073486",NA,"1994",,,,,,,,,,,,,,,,,,,,,,,,,,,,,,,,,,"0"
"5196","39.75",-0.75,"0.605000019073486",NA,"1988",,,,,,,,,,,,,,,,,,,,,,,,,,,,,,,,,,"0"
"5197","39.75",-0.75,"0.605000019073486",NA,"1995",,,,,,,,,,,,,,,,,,,,,,,,,,,,,,,,,,"0"
"5198","39.75",-0.75,"0.605000019073486",NA,"1986",,,,,,,,,,,,,,,,,,,,,,,,,,,,,,,,,,"0"
"5199","39.75",-0.75,"0.605000019073486","11.4940805435181","2010",,,,,,,,,,,,,,,,,,,,,,,,,,,,,,,,,,"0"
"5200","39.75",-0.75,"0.605000019073486","9.04249000549316","2006",,,,,,,,,,,,,,,,,,,,,,,,,,,,,,,,,,"0"
"5201","39.75",-0.75,"0.605000019073486","12.7725505828857","2007",,,,,,,,,,,,,,,,,,,,,,,,,,,,,,,,,,"0"
"5202","39.75",-0.75,"0.605000019073486",NA,"1997",,,,,,,,,,,,,,,,,,,,,,,,,,,,,,,,,,"0"
"5203","39.75",-0.75,"0.605000019073486","12.0353603363037","1999",,,,,,,,,,,,,,,,,,,,,,,,,,,,,,,,,,"0"
"5204","39.75",-0.75,"0.605000019073486","6.65016794204712","2005",,,,,,,,,,,,,,,,,,,,,,,,,,,,,,,,,,"0"
"5205","39.75",-0.75,"0.605000019073486",NA,"1998",,,,,,,,,,,,,,,,,,,,,,,,,,,,,,,,,,"0"
"5206","39.75",-0.75,"0.605000019073486","8.85035514831543","2009",,,,,,,,,,,,,,,,,,,,,,,,,,,,,,,,,,"0"
"5207","39.75",-0.75,"0.605000019073486","7.99014663696289","2004",,,,,,,,,,,,,,,,,,,,,,,,,,,,,,,,,,"0"
"5208","39.75",-0.75,"0.605000019073486",NA,"2020",,,,,,,,,,,,,,,,,,,,,,,,,,,,,,,,,,"0"
"5209","39.75",-0.75,"0.605000019073486","13.0663795471191","2018",,,,,,,,,,,,,,,,,,,,,,,,,,,,,,,,,,"0"
"5210","39.75",-0.75,"0.605000019073486","11.4496965408325","2013",,,,,,,,,,,,,,,,,,,,,,,,,,,,,,,,,,"0"
"5211","39.75",-0.75,"0.605000019073486",NA,"1991",,,,,,,,,,,,,,,,,,,,,,,,,,,,,,,,,,"0"
"5212","39.75",-0.75,"0.605000019073486","11.4498605728149","2000",,,,,,,,,,,,,,,,,,,,,,,,,,,,,,,,,,"0"
"5213","39.75",-0.75,"0.605000019073486","12.2498750686646","2002",,,,,,,,,,,,,,,,,,,,,,,,,,,,,,,,,,"0"
"5214","39.75",-0.75,"0.605000019073486","9.04753017425537","2012",,,,,,,,,,,,,,,,,,,,,,,,,,,,,,,,,,"0"
"5215","39.75",-0.75,"0.605000019073486",NA,"1993",,,,,,,,,,,,,,,,,,,,,,,,,,,,,,,,,,"0"
"5216","39.75",-0.75,"0.605000019073486","11.0733423233032","2011",,,,,,,,,,,,,,,,,,,,,,,,,,,,,,,,,,"0"
"5217","39.75",-0.75,"0.605000019073486",NA,"1996",,,,,,,,,,,,,,,,,,,,,,,,,,,,,,,,,,"0"
"5218","39.75",-0.75,"0.605000019073486",NA,"1985",,,,,,,,,,,,,,,,,,,,,,,,,,,,,,,,,,"0"
"5219","39.75",-0.75,"0.605000019073486","7.16469192504883","2017",,,,,,,,,,,,,,,,,,,,,,,,,,,,,,,,,,"0"
"5220","39.75",-0.75,"0.605000019073486","9.71766567230225","2001",,,,,,,,,,,,,,,,,,,,,,,,,,,,,,,,,,"0"
"5221","39.75",-0.25,"0.405000001192093",NA,"2020",,,,,,,,,,,,,,,,,,,,,,,,,,,,,,,,,,"0"
"5222","39.75",-0.25,"0.405000001192093","6.58903455734253","2014",,,,,,,,,,,,,,,,,,,,,,,,,,,,,,,,,,"0"
"5223","39.75",-0.25,"0.405000001192093","8.50522994995117","2009",,,,,,,,,,,,,,,,,,,,,,,,,,,,,,,,,,"0"
"5224","39.75",-0.25,"0.405000001192093","10.7316131591797","2008",,,,,,,,,,,,,,,,,,,,,,,,,,,,,,,,,,"0"
"5225","39.75",-0.25,"0.405000001192093",NA,"1995",,,,,,,,,,,,,,,,,,,,,,,,,,,,,,,,,,"0"
"5226","39.75",-0.25,"0.405000001192093","10.7270078659058","2018",,,,,,,,,,,,,,,,,,,,,,,,,,,,,,,,,,"0"
"5227","39.75",-0.25,"0.405000001192093","6.43454360961914","2016",,,,,,,,,,,,,,,,,,,,,,,,,,,,,,,,,,"0"
"5228","39.75",-0.25,"0.405000001192093","8.34051322937012","2015",,,,,,,,,,,,,,,,,,,,,,,,,,,,,,,,,,"0"
"5229","39.75",-0.25,"0.405000001192093","9.46905040740967","2013",,,,,,,,,,,,,,,,,,,,,,,,,,,,,,,,,,"0"
"5230","39.75",-0.25,"0.405000001192093",NA,"1988",,,,,,,,,,,,,,,,,,,,,,,,,,,,,,,,,,"0"
"5231","39.75",-0.25,"0.405000001192093",NA,"1994",,,,,,,,,,,,,,,,,,,,,,,,,,,,,,,,,,"0"
"5232","39.75",-0.25,"0.405000001192093","11.1071348190308","2003",,,,,,,,,,,,,,,,,,,,,,,,,,,,,,,,,,"0"
"5233","39.75",-0.25,"0.405000001192093",NA,"1997",,,,,,,,,,,,,,,,,,,,,,,,,,,,,,,,,,"0"
"5234","39.75",-0.25,"0.405000001192093",NA,"1993",,,,,,,,,,,,,,,,,,,,,,,,,,,,,,,,,,"0"
"5235","39.75",-0.25,"0.405000001192093","8.60508918762207","2001",,,,,,,,,,,,,,,,,,,,,,,,,,,,,,,,,,"0"
"5236","39.75",-0.25,"0.405000001192093","10.9211378097534","1999",,,,,,,,,,,,,,,,,,,,,,,,,,,,,,,,,,"0"
"5237","39.75",-0.25,"0.405000001192093","10.4435224533081","2000",,,,,,,,,,,,,,,,,,,,,,,,,,,,,,,,,,"0"
"5238","39.75",-0.25,"0.405000001192093","11.480598449707","2002",,,,,,,,,,,,,,,,,,,,,,,,,,,,,,,,,,"0"
"5239","39.75",-0.25,"0.405000001192093",NA,"1986",,,,,,,,,,,,,,,,,,,,,,,,,,,,,,,,,,"0"
"5240","39.75",-0.25,"0.405000001192093","8.93314743041992","2006",,,,,,,,,,,,,,,,,,,,,,,,,,,,,,,,,,"0"
"5241","39.75",-0.25,"0.405000001192093",NA,"1985",,,,,,,,,,,,,,,,,,,,,,,,,,,,,,,,,,"0"
"5242","39.75",-0.25,"0.405000001192093","6.12572145462036","2005",,,,,,,,,,,,,,,,,,,,,,,,,,,,,,,,,,"0"
"5243","39.75",-0.25,"0.405000001192093","8.99736499786377","2019",,,,,,,,,,,,,,,,,,,,,,,,,,,,,,,,,,"0"
"5244","39.75",-0.25,"0.405000001192093","9.91515731811523","2011",,,,,,,,,,,,,,,,,,,,,,,,,,,,,,,,,,"0"
"5245","39.75",-0.25,"0.405000001192093",NA,"1998",,,,,,,,,,,,,,,,,,,,,,,,,,,,,,,,,,"0"
"5246","39.75",-0.25,"0.405000001192093",NA,"1990",,,,,,,,,,,,,,,,,,,,,,,,,,,,,,,,,,"0"
"5247","39.75",-0.25,"0.405000001192093","7.80281257629395","2004",,,,,,,,,,,,,,,,,,,,,,,,,,,,,,,,,,"0"
"5248","39.75",-0.25,"0.405000001192093","8.33005809783936","2012",,,,,,,,,,,,,,,,,,,,,,,,,,,,,,,,,,"0"
"5249","39.75",-0.25,"0.405000001192093",NA,"1987",,,,,,,,,,,,,,,,,,,,,,,,,,,,,,,,,,"0"
"5250","39.75",-0.25,"0.405000001192093",NA,"1996",,,,,,,,,,,,,,,,,,,,,,,,,,,,,,,,,,"0"
"5251","39.75",-0.25,"0.405000001192093","11.765851020813","2007",,,,,,,,,,,,,,,,,,,,,,,,,,,,,,,,,,"0"
"5252","39.75",-0.25,"0.405000001192093",NA,"1991",,,,,,,,,,,,,,,,,,,,,,,,,,,,,,,,,,"0"
"5253","39.75",-0.25,"0.405000001192093","10.3476028442383","2010",,,,,,,,,,,,,,,,,,,,,,,,,,,,,,,,,,"0"
"5254","39.75",-0.25,"0.405000001192093",NA,"1992",,,,,,,,,,,,,,,,,,,,,,,,,,,,,,,,,,"0"
"5255","39.75",-0.25,"0.405000001192093","6.25285863876343","2017",,,,,,,,,,,,,,,,,,,,,,,,,,,,,,,,,,"0"
"5256","39.75",-0.25,"0.405000001192093",NA,"1989",,,,,,,,,,,,,,,,,,,,,,,,,,,,,,,,,,"0"
"5257","39.75",0.25,"0.405000001192093","9.54789543151855","2018",,,,,,,,,,,,,,,,,,,,,,,,,,,,,,,,,,"0"
"5258","39.75",0.25,"0.405000001192093",NA,"1986",,,,,,,,,,,,,,,,,,,,,,,,,,,,,,,,,,"0"
"5259","39.75",0.25,"0.405000001192093","8.4234037399292","2002",,,,,,,,,,,,,,,,,,,,,,,,,,,,,,,,,,"0"
"5260","39.75",0.25,"0.405000001192093",NA,"1996",,,,,,,,,,,,,,,,,,,,,,,,,,,,,,,,,,"0"
"5261","39.75",0.25,"0.405000001192093",NA,"1998",,,,,,,,,,,,,,,,,,,,,,,,,,,,,,,,,,"0"
"5262","39.75",0.25,"0.405000001192093",NA,"1991",,,,,,,,,,,,,,,,,,,,,,,,,,,,,,,,,,"0"
"5263","39.75",0.25,"0.405000001192093","9.93094253540039","2007",,,,,,,,,,,,,,,,,,,,,,,,,,,,,,,,,,"0"
"5264","39.75",0.25,"0.405000001192093","5.15704965591431","2005",,,,,,,,,,,,,,,,,,,,,,,,,,,,,,,,,,"0"
"5265","39.75",0.25,"0.405000001192093","4.80614805221558","2014",,,,,,,,,,,,,,,,,,,,,,,,,,,,,,,,,,"0"
"5266","39.75",0.25,"0.405000001192093","8.14916515350342","2003",,,,,,,,,,,,,,,,,,,,,,,,,,,,,,,,,,"0"
"5267","39.75",0.25,"0.405000001192093",NA,"1988",,,,,,,,,,,,,,,,,,,,,,,,,,,,,,,,,,"0"
"5268","39.75",0.25,"0.405000001192093","7.57461500167847","2015",,,,,,,,,,,,,,,,,,,,,,,,,,,,,,,,,,"0"
"5269","39.75",0.25,"0.405000001192093","9.57652759552002","1999",,,,,,,,,,,,,,,,,,,,,,,,,,,,,,,,,,"0"
"5270","39.75",0.25,"0.405000001192093","6.30791759490967","2001",,,,,,,,,,,,,,,,,,,,,,,,,,,,,,,,,,"0"
"5271","39.75",0.25,"0.405000001192093",NA,"1985",,,,,,,,,,,,,,,,,,,,,,,,,,,,,,,,,,"0"
"5272","39.75",0.25,"0.405000001192093",NA,"1993",,,,,,,,,,,,,,,,,,,,,,,,,,,,,,,,,,"0"
"5273","39.75",0.25,"0.405000001192093","4.21286058425903","2017",,,,,,,,,,,,,,,,,,,,,,,,,,,,,,,,,,"0"
"5274","39.75",0.25,"0.405000001192093",NA,"1995",,,,,,,,,,,,,,,,,,,,,,,,,,,,,,,,,,"0"
"5275","39.75",0.25,"0.405000001192093",NA,"1994",,,,,,,,,,,,,,,,,,,,,,,,,,,,,,,,,,"0"
"5276","39.75",0.25,"0.405000001192093","7.57864189147949","2013",,,,,,,,,,,,,,,,,,,,,,,,,,,,,,,,,,"0"
"5277","39.75",0.25,"0.405000001192093","7.24073314666748","2012",,,,,,,,,,,,,,,,,,,,,,,,,,,,,,,,,,"0"
"5278","39.75",0.25,"0.405000001192093","4.90785789489746","2016",,,,,,,,,,,,,,,,,,,,,,,,,,,,,,,,,,"0"
"5279","39.75",0.25,"0.405000001192093",NA,"1989",,,,,,,,,,,,,,,,,,,,,,,,,,,,,,,,,,"0"
"5280","39.75",0.25,"0.405000001192093",NA,"1987",,,,,,,,,,,,,,,,,,,,,,,,,,,,,,,,,,"0"
"5281","39.75",0.25,"0.405000001192093","8.69484710693359","2011",,,,,,,,,,,,,,,,,,,,,,,,,,,,,,,,,,"0"
"5282","39.75",0.25,"0.405000001192093","6.97082614898682","2009",,,,,,,,,,,,,,,,,,,,,,,,,,,,,,,,,,"0"
"5283","39.75",0.25,"0.405000001192093",NA,"1997",,,,,,,,,,,,,,,,,,,,,,,,,,,,,,,,,,"0"
"5284","39.75",0.25,"0.405000001192093",NA,"1990",,,,,,,,,,,,,,,,,,,,,,,,,,,,,,,,,,"0"
"5285","39.75",0.25,"0.405000001192093","8.91888809204102","2006",,,,,,,,,,,,,,,,,,,,,,,,,,,,,,,,,,"0"
"5286","39.75",0.25,"0.405000001192093",NA,"2020",,,,,,,,,,,,,,,,,,,,,,,,,,,,,,,,,,"0"
"5287","39.75",0.25,"0.405000001192093","8.02261829376221","2000",,,,,,,,,,,,,,,,,,,,,,,,,,,,,,,,,,"0"
"5288","39.75",0.25,"0.405000001192093","7.11399507522583","2019",,,,,,,,,,,,,,,,,,,,,,,,,,,,,,,,,,"0"
"5289","39.75",0.25,"0.405000001192093","7.05208921432495","2010",,,,,,,,,,,,,,,,,,,,,,,,,,,,,,,,,,"0"
"5290","39.75",0.25,"0.405000001192093","7.12762260437012","2008",,,,,,,,,,,,,,,,,,,,,,,,,,,,,,,,,,"0"
"5291","39.75",0.25,"0.405000001192093","7.31849336624146","2004",,,,,,,,,,,,,,,,,,,,,,,,,,,,,,,,,,"0"
"5292","39.75",0.25,"0.405000001192093",NA,"1992",,,,,,,,,,,,,,,,,,,,,,,,,,,,,,,,,,"0"
"5293","39.75",0.75,"0.405000001192093",NA,"1986",,,,,,,,,,,,,,,,,,,,,,,,,,,,,,,,,,"0"
"5294","39.75",0.75,"0.405000001192093",NA,"1994",,,,,,,,,,,,,,,,,,,,,,,,,,,,,,,,,,"0"
"5295","39.75",0.75,"0.405000001192093",NA,"1995",,,,,,,,,,,,,,,,,,,,,,,,,,,,,,,,,,"0"
"5296","39.75",0.75,"0.405000001192093","7.97250890731812","2019",,,,,,,,,,,,,,,,,,,,,,,,,,,,,,,,,,"0"
"5297","39.75",0.75,"0.405000001192093","11.4688053131104","2018",,,,,,,,,,,,,,,,,,,,,,,,,,,,,,,,,,"0"
"5298","39.75",0.75,"0.405000001192093","6.81328201293945","2010",,,,,,,,,,,,,,,,,,,,,,,,,,,,,,,,,,"0"
"5299","39.75",0.75,"0.405000001192093",NA,"1992",,,,,,,,,,,,,,,,,,,,,,,,,,,,,,,,,,"0"
"5300","39.75",0.75,"0.405000001192093",NA,"1989",,,,,,,,,,,,,,,,,,,,,,,,,,,,,,,,,,"0"
"5301","39.75",0.75,"0.405000001192093","9.82872867584229","2002",,,,,,,,,,,,,,,,,,,,,,,,,,,,,,,,,,"0"
"5302","39.75",0.75,"0.405000001192093","6.08116245269775","2001",,,,,,,,,,,,,,,,,,,,,,,,,,,,,,,,,,"0"
"5303","39.75",0.75,"0.405000001192093","9.95676612854004","2007",,,,,,,,,,,,,,,,,,,,,,,,,,,,,,,,,,"0"
"5304","39.75",0.75,"0.405000001192093",NA,"1990",,,,,,,,,,,,,,,,,,,,,,,,,,,,,,,,,,"0"
"5305","39.75",0.75,"0.405000001192093",NA,"1985",,,,,,,,,,,,,,,,,,,,,,,,,,,,,,,,,,"0"
"5306","39.75",0.75,"0.405000001192093",NA,"1988",,,,,,,,,,,,,,,,,,,,,,,,,,,,,,,,,,"0"
"5307","39.75",0.75,"0.405000001192093",NA,"1991",,,,,,,,,,,,,,,,,,,,,,,,,,,,,,,,,,"0"
"5308","39.75",0.75,"0.405000001192093","7.77300882339478","2009",,,,,,,,,,,,,,,,,,,,,,,,,,,,,,,,,,"0"
"5309","39.75",0.75,"0.405000001192093","6.89015007019043","2000",,,,,,,,,,,,,,,,,,,,,,,,,,,,,,,,,,"0"
"5310","39.75",0.75,"0.405000001192093",NA,"1987",,,,,,,,,,,,,,,,,,,,,,,,,,,,,,,,,,"0"
"5311","39.75",0.75,"0.405000001192093","9.48768997192383","2006",,,,,,,,,,,,,,,,,,,,,,,,,,,,,,,,,,"0"
"5312","39.75",0.75,"0.405000001192093","6.88911962509155","2008",,,,,,,,,,,,,,,,,,,,,,,,,,,,,,,,,,"0"
"5313","39.75",0.75,"0.405000001192093","8.47750377655029","2011",,,,,,,,,,,,,,,,,,,,,,,,,,,,,,,,,,"0"
"5314","39.75",0.75,"0.405000001192093","3.96598410606384","2017",,,,,,,,,,,,,,,,,,,,,,,,,,,,,,,,,,"0"
"5315","39.75",0.75,"0.405000001192093",NA,"1997",,,,,,,,,,,,,,,,,,,,,,,,,,,,,,,,,,"0"
"5316","39.75",0.75,"0.405000001192093","6.48053789138794","2016",,,,,,,,,,,,,,,,,,,,,,,,,,,,,,,,,,"0"
"5317","39.75",0.75,"0.405000001192093","8.25775527954102","2003",,,,,,,,,,,,,,,,,,,,,,,,,,,,,,,,,,"0"
"5318","39.75",0.75,"0.405000001192093",NA,"1998",,,,,,,,,,,,,,,,,,,,,,,,,,,,,,,,,,"0"
"5319","39.75",0.75,"0.405000001192093",NA,"1996",,,,,,,,,,,,,,,,,,,,,,,,,,,,,,,,,,"0"
"5320","39.75",0.75,"0.405000001192093","7.38971185684204","2012",,,,,,,,,,,,,,,,,,,,,,,,,,,,,,,,,,"0"
"5321","39.75",0.75,"0.405000001192093","7.80888271331787","2004",,,,,,,,,,,,,,,,,,,,,,,,,,,,,,,,,,"0"
"5322","39.75",0.75,"0.405000001192093",NA,"2020",,,,,,,,,,,,,,,,,,,,,,,,,,,,,,,,,,"0"
"5323","39.75",0.75,"0.405000001192093","9.00524234771729","2013",,,,,,,,,,,,,,,,,,,,,,,,,,,,,,,,,,"0"
"5324","39.75",0.75,"0.405000001192093",NA,"1993",,,,,,,,,,,,,,,,,,,,,,,,,,,,,,,,,,"0"
"5325","39.75",0.75,"0.405000001192093","4.66116285324097","2005",,,,,,,,,,,,,,,,,,,,,,,,,,,,,,,,,,"0"
"5326","39.75",0.75,"0.405000001192093","5.65792322158813","2014",,,,,,,,,,,,,,,,,,,,,,,,,,,,,,,,,,"0"
"5327","39.75",0.75,"0.405000001192093","9.21337890625","1999",,,,,,,,,,,,,,,,,,,,,,,,,,,,,,,,,,"0"
"5328","39.75",0.75,"0.405000001192093","8.386061668396","2015",,,,,,,,,,,,,,,,,,,,,,,,,,,,,,,,,,"0"
"5329","39.75",1.25,"0.405000001192093",NA,"1995",,,,,,,,,,,,,,,,,,,,,,,,,,,,,,,,,,"0"
"5330","39.75",1.25,"0.405000001192093",NA,"2020",,,,,,,,,,,,,,,,,,,,,,,,,,,,,,,,,,"0"
"5331","39.75",1.25,"0.405000001192093","4.73521423339844","2005",,,,,,,,,,,,,,,,,,,,,,,,,,,,,,,,,,"0"
"5332","39.75",1.25,"0.405000001192093","6.1932806968689","2001",,,,,,,,,,,,,,,,,,,,,,,,,,,,,,,,,,"0"
"5333","39.75",1.25,"0.405000001192093","9.59774208068848","2011",,,,,,,,,,,,,,,,,,,,,,,,,,,,,,,,,,"0"
"5334","39.75",1.25,"0.405000001192093","7.22629547119141","2009",,,,,,,,,,,,,,,,,,,,,,,,,,,,,,,,,,"0"
"5335","39.75",1.25,"0.405000001192093",NA,"1993",,,,,,,,,,,,,,,,,,,,,,,,,,,,,,,,,,"0"
"5336","39.75",1.25,"0.405000001192093","7.30551767349243","2008",,,,,,,,,,,,,,,,,,,,,,,,,,,,,,,,,,"0"
"5337","39.75",1.25,"0.405000001192093",NA,"1998",,,,,,,,,,,,,,,,,,,,,,,,,,,,,,,,,,"0"
"5338","39.75",1.25,"0.405000001192093","8.81103229522705","2002",,,,,,,,,,,,,,,,,,,,,,,,,,,,,,,,,,"0"
"5339","39.75",1.25,"0.405000001192093","7.33558511734009","2013",,,,,,,,,,,,,,,,,,,,,,,,,,,,,,,,,,"0"
"5340","39.75",1.25,"0.405000001192093","8.81457042694092","2006",,,,,,,,,,,,,,,,,,,,,,,,,,,,,,,,,,"0"
"5341","39.75",1.25,"0.405000001192093","6.82817220687866","2010",,,,,,,,,,,,,,,,,,,,,,,,,,,,,,,,,,"0"
"5342","39.75",1.25,"0.405000001192093",NA,"1986",,,,,,,,,,,,,,,,,,,,,,,,,,,,,,,,,,"0"
"5343","39.75",1.25,"0.405000001192093",NA,"1994",,,,,,,,,,,,,,,,,,,,,,,,,,,,,,,,,,"0"
"5344","39.75",1.25,"0.405000001192093",NA,"1989",,,,,,,,,,,,,,,,,,,,,,,,,,,,,,,,,,"0"
"5345","39.75",1.25,"0.405000001192093",NA,"1997",,,,,,,,,,,,,,,,,,,,,,,,,,,,,,,,,,"0"
"5346","39.75",1.25,"0.405000001192093",NA,"1991",,,,,,,,,,,,,,,,,,,,,,,,,,,,,,,,,,"0"
"5347","39.75",1.25,"0.405000001192093","5.68176746368408","2016",,,,,,,,,,,,,,,,,,,,,,,,,,,,,,,,,,"0"
"5348","39.75",1.25,"0.405000001192093","7.73551273345947","2007",,,,,,,,,,,,,,,,,,,,,,,,,,,,,,,,,,"0"
"5349","39.75",1.25,"0.405000001192093","7.20561361312866","2015",,,,,,,,,,,,,,,,,,,,,,,,,,,,,,,,,,"0"
"5350","39.75",1.25,"0.405000001192093","8.35653114318848","2019",,,,,,,,,,,,,,,,,,,,,,,,,,,,,,,,,,"0"
"5351","39.75",1.25,"0.405000001192093","8.85434055328369","2003",,,,,,,,,,,,,,,,,,,,,,,,,,,,,,,,,,"0"
"5352","39.75",1.25,"0.405000001192093",NA,"1990",,,,,,,,,,,,,,,,,,,,,,,,,,,,,,,,,,"0"
"5353","39.75",1.25,"0.405000001192093",NA,"1996",,,,,,,,,,,,,,,,,,,,,,,,,,,,,,,,,,"0"
"5354","39.75",1.25,"0.405000001192093","8.73809623718262","1999",,,,,,,,,,,,,,,,,,,,,,,,,,,,,,,,,,"0"
"5355","39.75",1.25,"0.405000001192093","6.88010931015015","2012",,,,,,,,,,,,,,,,,,,,,,,,,,,,,,,,,,"0"
"5356","39.75",1.25,"0.405000001192093","5.10900926589966","2014",,,,,,,,,,,,,,,,,,,,,,,,,,,,,,,,,,"0"
"5357","39.75",1.25,"0.405000001192093",NA,"1987",,,,,,,,,,,,,,,,,,,,,,,,,,,,,,,,,,"0"
"5358","39.75",1.25,"0.405000001192093","6.69688749313354","2000",,,,,,,,,,,,,,,,,,,,,,,,,,,,,,,,,,"0"
"5359","39.75",1.25,"0.405000001192093","10.4816865921021","2018",,,,,,,,,,,,,,,,,,,,,,,,,,,,,,,,,,"0"
"5360","39.75",1.25,"0.405000001192093",NA,"1988",,,,,,,,,,,,,,,,,,,,,,,,,,,,,,,,,,"0"
"5361","39.75",1.25,"0.405000001192093","8.50257778167725","2004",,,,,,,,,,,,,,,,,,,,,,,,,,,,,,,,,,"0"
"5362","39.75",1.25,"0.405000001192093",NA,"1992",,,,,,,,,,,,,,,,,,,,,,,,,,,,,,,,,,"0"
"5363","39.75",1.25,"0.405000001192093","4.40258979797363","2017",,,,,,,,,,,,,,,,,,,,,,,,,,,,,,,,,,"0"
"5364","39.75",1.25,"0.405000001192093",NA,"1985",,,,,,,,,,,,,,,,,,,,,,,,,,,,,,,,,,"0"
"5365","39.75",1.75,"0.405000001192093",NA,"1989",,,,,,,,,,,,,,,,,,,,,,,,,,,,,,,,,,"0"
"5366","39.75",1.75,"0.405000001192093","7.51302051544189","2008",,,,,,,,,,,,,,,,,,,,,,,,,,,,,,,,,,"0"
"5367","39.75",1.75,"0.405000001192093","6.63889837265015","2012",,,,,,,,,,,,,,,,,,,,,,,,,,,,,,,,,,"0"
"5368","39.75",1.75,"0.405000001192093","4.37822580337524","2014",,,,,,,,,,,,,,,,,,,,,,,,,,,,,,,,,,"0"
"5369","39.75",1.75,"0.405000001192093",NA,"1995",,,,,,,,,,,,,,,,,,,,,,,,,,,,,,,,,,"0"
"5370","39.75",1.75,"0.405000001192093","4.51958417892456","2017",,,,,,,,,,,,,,,,,,,,,,,,,,,,,,,,,,"0"
"5371","39.75",1.75,"0.405000001192093",NA,"1985",,,,,,,,,,,,,,,,,,,,,,,,,,,,,,,,,,"0"
"5372","39.75",1.75,"0.405000001192093","8.29958629608154","2006",,,,,,,,,,,,,,,,,,,,,,,,,,,,,,,,,,"0"
"5373","39.75",1.75,"0.405000001192093",NA,"1992",,,,,,,,,,,,,,,,,,,,,,,,,,,,,,,,,,"0"
"5374","39.75",1.75,"0.405000001192093","5.0733323097229","2004",,,,,,,,,,,,,,,,,,,,,,,,,,,,,,,,,,"0"
"5375","39.75",1.75,"0.405000001192093","9.98209571838379","2018",,,,,,,,,,,,,,,,,,,,,,,,,,,,,,,,,,"0"
"5376","39.75",1.75,"0.405000001192093","3.85497379302979","2005",,,,,,,,,,,,,,,,,,,,,,,,,,,,,,,,,,"0"
"5377","39.75",1.75,"0.405000001192093","7.3679461479187","2013",,,,,,,,,,,,,,,,,,,,,,,,,,,,,,,,,,"0"
"5378","39.75",1.75,"0.405000001192093",NA,"1986",,,,,,,,,,,,,,,,,,,,,,,,,,,,,,,,,,"0"
"5379","39.75",1.75,"0.405000001192093","4.71693658828735","2001",,,,,,,,,,,,,,,,,,,,,,,,,,,,,,,,,,"0"
"5380","39.75",1.75,"0.405000001192093","3.96767282485962","2000",,,,,,,,,,,,,,,,,,,,,,,,,,,,,,,,,,"0"
"5381","39.75",1.75,"0.405000001192093","7.17094802856445","2007",,,,,,,,,,,,,,,,,,,,,,,,,,,,,,,,,,"0"
"5382","39.75",1.75,"0.405000001192093",NA,"1998",,,,,,,,,,,,,,,,,,,,,,,,,,,,,,,,,,"0"
"5383","39.75",1.75,"0.405000001192093",NA,"1997",,,,,,,,,,,,,,,,,,,,,,,,,,,,,,,,,,"0"
"5384","39.75",1.75,"0.405000001192093",NA,"1993",,,,,,,,,,,,,,,,,,,,,,,,,,,,,,,,,,"0"
"5385","39.75",1.75,"0.405000001192093",NA,"1987",,,,,,,,,,,,,,,,,,,,,,,,,,,,,,,,,,"0"
"5386","39.75",1.75,"0.405000001192093",NA,"1988",,,,,,,,,,,,,,,,,,,,,,,,,,,,,,,,,,"0"
"5387","39.75",1.75,"0.405000001192093",NA,"1996",,,,,,,,,,,,,,,,,,,,,,,,,,,,,,,,,,"0"
"5388","39.75",1.75,"0.405000001192093","5.37553119659424","2009",,,,,,,,,,,,,,,,,,,,,,,,,,,,,,,,,,"0"
"5389","39.75",1.75,"0.405000001192093",NA,"2020",,,,,,,,,,,,,,,,,,,,,,,,,,,,,,,,,,"0"
"5390","39.75",1.75,"0.405000001192093","9.4057788848877","2011",,,,,,,,,,,,,,,,,,,,,,,,,,,,,,,,,,"0"
"5391","39.75",1.75,"0.405000001192093","8.3644905090332","2019",,,,,,,,,,,,,,,,,,,,,,,,,,,,,,,,,,"0"
"5392","39.75",1.75,"0.405000001192093","6.01447534561157","2002",,,,,,,,,,,,,,,,,,,,,,,,,,,,,,,,,,"0"
"5393","39.75",1.75,"0.405000001192093",NA,"1994",,,,,,,,,,,,,,,,,,,,,,,,,,,,,,,,,,"0"
"5394","39.75",1.75,"0.405000001192093","4.41301155090332","2016",,,,,,,,,,,,,,,,,,,,,,,,,,,,,,,,,,"0"
"5395","39.75",1.75,"0.405000001192093","6.26969861984253","2010",,,,,,,,,,,,,,,,,,,,,,,,,,,,,,,,,,"0"
"5396","39.75",1.75,"0.405000001192093",NA,"1991",,,,,,,,,,,,,,,,,,,,,,,,,,,,,,,,,,"0"
"5397","39.75",1.75,"0.405000001192093","5.50309133529663","1999",,,,,,,,,,,,,,,,,,,,,,,,,,,,,,,,,,"0"
"5398","39.75",1.75,"0.405000001192093",NA,"1990",,,,,,,,,,,,,,,,,,,,,,,,,,,,,,,,,,"0"
"5399","39.75",1.75,"0.405000001192093","6.55333852767944","2015",,,,,,,,,,,,,,,,,,,,,,,,,,,,,,,,,,"0"
"5400","39.75",1.75,"0.405000001192093","6.69230794906616","2003",,,,,,,,,,,,,,,,,,,,,,,,,,,,,,,,,,"0"
"5401","39.75",2.25,"0.405000001192093",NA,"1991",,,,,,,,,,,,,,,,,,,,,,,,,,,,,,,,,,"0"
"5402","39.75",2.25,"0.405000001192093","11.4945230484009","2019",,,,,,,,,,,,,,,,,,,,,,,,,,,,,,,,,,"0"
"5403","39.75",2.25,"0.405000001192093","5.85449266433716","2000",,,,,,,,,,,,,,,,,,,,,,,,,,,,,,,,,,"0"
"5404","39.75",2.25,"0.405000001192093",NA,"1985",,,,,,,,,,,,,,,,,,,,,,,,,,,,,,,,,,"0"
"5405","39.75",2.25,"0.405000001192093","7.26332473754883","2015",,,,,,,,,,,,,,,,,,,,,,,,,,,,,,,,,,"0"
"5406","39.75",2.25,"0.405000001192093","11.6993942260742","2006",,,,,,,,,,,,,,,,,,,,,,,,,,,,,,,,,,"0"
"5407","39.75",2.25,"0.405000001192093",NA,"1986",,,,,,,,,,,,,,,,,,,,,,,,,,,,,,,,,,"0"
"5408","39.75",2.25,"0.405000001192093","7.46762084960938","2001",,,,,,,,,,,,,,,,,,,,,,,,,,,,,,,,,,"0"
"5409","39.75",2.25,"0.405000001192093",NA,"1989",,,,,,,,,,,,,,,,,,,,,,,,,,,,,,,,,,"0"
"5410","39.75",2.25,"0.405000001192093","10.5380229949951","2008",,,,,,,,,,,,,,,,,,,,,,,,,,,,,,,,,,"0"
"5411","39.75",2.25,"0.405000001192093",NA,"1995",,,,,,,,,,,,,,,,,,,,,,,,,,,,,,,,,,"0"
"5412","39.75",2.25,"0.405000001192093",NA,"1996",,,,,,,,,,,,,,,,,,,,,,,,,,,,,,,,,,"0"
"5413","39.75",2.25,"0.405000001192093","4.80747365951538","2014",,,,,,,,,,,,,,,,,,,,,,,,,,,,,,,,,,"0"
"5414","39.75",2.25,"0.405000001192093",NA,"1992",,,,,,,,,,,,,,,,,,,,,,,,,,,,,,,,,,"0"
"5415","39.75",2.25,"0.405000001192093","5.51214838027954","2005",,,,,,,,,,,,,,,,,,,,,,,,,,,,,,,,,,"0"
"5416","39.75",2.25,"0.405000001192093","11.0508193969727","2011",,,,,,,,,,,,,,,,,,,,,,,,,,,,,,,,,,"0"
"5417","39.75",2.25,"0.405000001192093","7.89595699310303","2003",,,,,,,,,,,,,,,,,,,,,,,,,,,,,,,,,,"0"
"5418","39.75",2.25,"0.405000001192093",NA,"1990",,,,,,,,,,,,,,,,,,,,,,,,,,,,,,,,,,"0"
"5419","39.75",2.25,"0.405000001192093",NA,"1993",,,,,,,,,,,,,,,,,,,,,,,,,,,,,,,,,,"0"
"5420","39.75",2.25,"0.405000001192093","7.55785703659058","2009",,,,,,,,,,,,,,,,,,,,,,,,,,,,,,,,,,"0"
"5421","39.75",2.25,"0.405000001192093",NA,"1997",,,,,,,,,,,,,,,,,,,,,,,,,,,,,,,,,,"0"
"5422","39.75",2.25,"0.405000001192093","8.92651176452637","1999",,,,,,,,,,,,,,,,,,,,,,,,,,,,,,,,,,"0"
"5423","39.75",2.25,"0.405000001192093","11.06409740448","2007",,,,,,,,,,,,,,,,,,,,,,,,,,,,,,,,,,"0"
"5424","39.75",2.25,"0.405000001192093","11.9222021102905","2018",,,,,,,,,,,,,,,,,,,,,,,,,,,,,,,,,,"0"
"5425","39.75",2.25,"0.405000001192093","10.959771156311","2013",,,,,,,,,,,,,,,,,,,,,,,,,,,,,,,,,,"0"
"5426","39.75",2.25,"0.405000001192093","9.34904479980469","2012",,,,,,,,,,,,,,,,,,,,,,,,,,,,,,,,,,"0"
"5427","39.75",2.25,"0.405000001192093",NA,"1994",,,,,,,,,,,,,,,,,,,,,,,,,,,,,,,,,,"0"
"5428","39.75",2.25,"0.405000001192093","7.68023729324341","2010",,,,,,,,,,,,,,,,,,,,,,,,,,,,,,,,,,"0"
"5429","39.75",2.25,"0.405000001192093",NA,"1998",,,,,,,,,,,,,,,,,,,,,,,,,,,,,,,,,,"0"
"5430","39.75",2.25,"0.405000001192093","8.57506942749023","2002",,,,,,,,,,,,,,,,,,,,,,,,,,,,,,,,,,"0"
"5431","39.75",2.25,"0.405000001192093","7.21348428726196","2004",,,,,,,,,,,,,,,,,,,,,,,,,,,,,,,,,,"0"
"5432","39.75",2.25,"0.405000001192093",NA,"1988",,,,,,,,,,,,,,,,,,,,,,,,,,,,,,,,,,"0"
"5433","39.75",2.25,"0.405000001192093",NA,"2020",,,,,,,,,,,,,,,,,,,,,,,,,,,,,,,,,,"0"
"5434","39.75",2.25,"0.405000001192093","6.90401268005371","2017",,,,,,,,,,,,,,,,,,,,,,,,,,,,,,,,,,"0"
"5435","39.75",2.25,"0.405000001192093","8.02866268157959","2016",,,,,,,,,,,,,,,,,,,,,,,,,,,,,,,,,,"0"
"5436","39.75",2.25,"0.405000001192093",NA,"1987",,,,,,,,,,,,,,,,,,,,,,,,,,,,,,,,,,"0"
"5437","39.75",2.75,"0.405000001192093",NA,"1995",,,,,,,,,,,,,,,,,,,,,,,,,,,,,,,,,,"0"
"5438","39.75",2.75,"0.405000001192093","11.3479261398315","2004",,,,,,,,,,,,,,,,,,,,,,,,,,,,,,,,,,"0"
"5439","39.75",2.75,"0.405000001192093",NA,"1986",,,,,,,,,,,,,,,,,,,,,,,,,,,,,,,,,,"0"
"5440","39.75",2.75,"0.405000001192093","10.3943853378296","2000",,,,,,,,,,,,,,,,,,,,,,,,,,,,,,,,,,"0"
"5441","39.75",2.75,"0.405000001192093","16.2410354614258","2006",,,,,,,,,,,,,,,,,,,,,,,,,,,,,,,,,,"0"
"5442","39.75",2.75,"0.405000001192093","12.2664546966553","2015",,,,,,,,,,,,,,,,,,,,,,,,,,,,,,,,,,"0"
"5443","39.75",2.75,"0.405000001192093",NA,"1988",,,,,,,,,,,,,,,,,,,,,,,,,,,,,,,,,,"0"
"5444","39.75",2.75,"0.405000001192093","13.0539445877075","2016",,,,,,,,,,,,,,,,,,,,,,,,,,,,,,,,,,"0"
"5445","39.75",2.75,"0.405000001192093",NA,"1990",,,,,,,,,,,,,,,,,,,,,,,,,,,,,,,,,,"0"
"5446","39.75",2.75,"0.405000001192093","18.0454235076904","2013",,,,,,,,,,,,,,,,,,,,,,,,,,,,,,,,,,"0"
"5447","39.75",2.75,"0.405000001192093",NA,"1997",,,,,,,,,,,,,,,,,,,,,,,,,,,,,,,,,,"0"
"5448","39.75",2.75,"0.405000001192093",NA,"1998",,,,,,,,,,,,,,,,,,,,,,,,,,,,,,,,,,"0"
"5449","39.75",2.75,"0.405000001192093",NA,"1989",,,,,,,,,,,,,,,,,,,,,,,,,,,,,,,,,,"0"
"5450","39.75",2.75,"0.405000001192093",NA,"1991",,,,,,,,,,,,,,,,,,,,,,,,,,,,,,,,,,"0"
"5451","39.75",2.75,"0.405000001192093","12.2162427902222","2014",,,,,,,,,,,,,,,,,,,,,,,,,,,,,,,,,,"0"
"5452","39.75",2.75,"0.405000001192093","10.9577026367188","2010",,,,,,,,,,,,,,,,,,,,,,,,,,,,,,,,,,"0"
"5453","39.75",2.75,"0.405000001192093",NA,"1985",,,,,,,,,,,,,,,,,,,,,,,,,,,,,,,,,,"0"
"5454","39.75",2.75,"0.405000001192093","13.2610645294189","2008",,,,,,,,,,,,,,,,,,,,,,,,,,,,,,,,,,"0"
"5455","39.75",2.75,"0.405000001192093","14.7428684234619","1999",,,,,,,,,,,,,,,,,,,,,,,,,,,,,,,,,,"0"
"5456","39.75",2.75,"0.405000001192093","15.1988563537598","2007",,,,,,,,,,,,,,,,,,,,,,,,,,,,,,,,,,"0"
"5457","39.75",2.75,"0.405000001192093","20.162073135376","2019",,,,,,,,,,,,,,,,,,,,,,,,,,,,,,,,,,"0"
"5458","39.75",2.75,"0.405000001192093","16.5184726715088","2012",,,,,,,,,,,,,,,,,,,,,,,,,,,,,,,,,,"0"
"5459","39.75",2.75,"0.405000001192093","11.2530937194824","2009",,,,,,,,,,,,,,,,,,,,,,,,,,,,,,,,,,"0"
"5460","39.75",2.75,"0.405000001192093",NA,"1993",,,,,,,,,,,,,,,,,,,,,,,,,,,,,,,,,,"0"
"5461","39.75",2.75,"0.405000001192093",NA,"2020",,,,,,,,,,,,,,,,,,,,,,,,,,,,,,,,,,"0"
"5462","39.75",2.75,"0.405000001192093","23.3570404052734","2018",,,,,,,,,,,,,,,,,,,,,,,,,,,,,,,,,,"0"
"5463","39.75",2.75,"0.405000001192093",NA,"1992",,,,,,,,,,,,,,,,,,,,,,,,,,,,,,,,,,"0"
"5464","39.75",2.75,"0.405000001192093","13.4245958328247","2017",,,,,,,,,,,,,,,,,,,,,,,,,,,,,,,,,,"0"
"5465","39.75",2.75,"0.405000001192093","13.4744215011597","2002",,,,,,,,,,,,,,,,,,,,,,,,,,,,,,,,,,"0"
"5466","39.75",2.75,"0.405000001192093","10.1940298080444","2001",,,,,,,,,,,,,,,,,,,,,,,,,,,,,,,,,,"0"
"5467","39.75",2.75,"0.405000001192093","11.7695827484131","2003",,,,,,,,,,,,,,,,,,,,,,,,,,,,,,,,,,"0"
"5468","39.75",2.75,"0.405000001192093",NA,"1987",,,,,,,,,,,,,,,,,,,,,,,,,,,,,,,,,,"0"
"5469","39.75",2.75,"0.405000001192093","7.83211040496826","2005",,,,,,,,,,,,,,,,,,,,,,,,,,,,,,,,,,"0"
"5470","39.75",2.75,"0.405000001192093","13.7184972763062","2011",,,,,,,,,,,,,,,,,,,,,,,,,,,,,,,,,,"0"
"5471","39.75",2.75,"0.405000001192093",NA,"1994",,,,,,,,,,,,,,,,,,,,,,,,,,,,,,,,,,"0"
"5472","39.75",2.75,"0.405000001192093",NA,"1996",,,,,,,,,,,,,,,,,,,,,,,,,,,,,,,,,,"0"
"5473","39.75",3.25,"0.405000001192093",NA,"1994",,,,,,,,,,,,,,,,,,,,,,,,,,,,,,,,,,"0"
"5474","39.75",3.25,"0.405000001192093","18.7071514129639","2008",,,,,,,,,,,,,,,,,,,,,,,,,,,,,,,,,,"0"
"5475","39.75",3.25,"0.405000001192093",NA,"1993",,,,,,,,,,,,,,,,,,,,,,,,,,,,,,,,,,"0"
"5476","39.75",3.25,"0.405000001192093",NA,"1996",,,,,,,,,,,,,,,,,,,,,,,,,,,,,,,,,,"0"
"5477","39.75",3.25,"0.405000001192093","16.3108577728271","2009",,,,,,,,,,,,,,,,,,,,,,,,,,,,,,,,,,"0"
"5478","39.75",3.25,"0.405000001192093",NA,"1991",,,,,,,,,,,,,,,,,,,,,,,,,,,,,,,,,,"0"
"5479","39.75",3.25,"0.405000001192093",NA,"1985",,,,,,,,,,,,,,,,,,,,,,,,,,,,,,,,,,"0"
"5480","39.75",3.25,"0.405000001192093","29.0820655822754","2018",,,,,,,,,,,,,,,,,,,,,,,,,,,,,,,,,,"0"
"5481","39.75",3.25,"0.405000001192093","20.5726699829102","2006",,,,,,,,,,,,,,,,,,,,,,,,,,,,,,,,,,"0"
"5482","39.75",3.25,"0.405000001192093","17.503490447998","2004",,,,,,,,,,,,,,,,,,,,,,,,,,,,,,,,,,"0"
"5483","39.75",3.25,"0.405000001192093","13.8061017990112","2001",,,,,,,,,,,,,,,,,,,,,,,,,,,,,,,,,,"0"
"5484","39.75",3.25,"0.405000001192093","13.1034288406372","2005",,,,,,,,,,,,,,,,,,,,,,,,,,,,,,,,,,"0"
"5485","39.75",3.25,"0.405000001192093","20.8059101104736","1999",,,,,,,,,,,,,,,,,,,,,,,,,,,,,,,,,,"0"
"5486","39.75",3.25,"0.405000001192093",NA,"2020",,,,,,,,,,,,,,,,,,,,,,,,,,,,,,,,,,"0"
"5487","39.75",3.25,"0.405000001192093","24.2434673309326","2007",,,,,,,,,,,,,,,,,,,,,,,,,,,,,,,,,,"0"
"5488","39.75",3.25,"0.405000001192093",NA,"1995",,,,,,,,,,,,,,,,,,,,,,,,,,,,,,,,,,"0"
"5489","39.75",3.25,"0.405000001192093",NA,"1990",,,,,,,,,,,,,,,,,,,,,,,,,,,,,,,,,,"0"
"5490","39.75",3.25,"0.405000001192093",NA,"1992",,,,,,,,,,,,,,,,,,,,,,,,,,,,,,,,,,"0"
"5491","39.75",3.25,"0.405000001192093","18.9065361022949","2003",,,,,,,,,,,,,,,,,,,,,,,,,,,,,,,,,,"0"
"5492","39.75",3.25,"0.405000001192093",NA,"1986",,,,,,,,,,,,,,,,,,,,,,,,,,,,,,,,,,"0"
"5493","39.75",3.25,"0.405000001192093","15.8867588043213","2016",,,,,,,,,,,,,,,,,,,,,,,,,,,,,,,,,,"0"
"5494","39.75",3.25,"0.405000001192093","17.4178524017334","2010",,,,,,,,,,,,,,,,,,,,,,,,,,,,,,,,,,"0"
"5495","39.75",3.25,"0.405000001192093","17.7029476165771","2017",,,,,,,,,,,,,,,,,,,,,,,,,,,,,,,,,,"0"
"5496","39.75",3.25,"0.405000001192093","17.1256351470947","2002",,,,,,,,,,,,,,,,,,,,,,,,,,,,,,,,,,"0"
"5497","39.75",3.25,"0.405000001192093",NA,"1989",,,,,,,,,,,,,,,,,,,,,,,,,,,,,,,,,,"0"
"5498","39.75",3.25,"0.405000001192093",NA,"1998",,,,,,,,,,,,,,,,,,,,,,,,,,,,,,,,,,"0"
"5499","39.75",3.25,"0.405000001192093",NA,"1988",,,,,,,,,,,,,,,,,,,,,,,,,,,,,,,,,,"0"
"5500","39.75",3.25,"0.405000001192093","18.3925018310547","2011",,,,,,,,,,,,,,,,,,,,,,,,,,,,,,,,,,"0"
"5501","39.75",3.25,"0.405000001192093","20.0126152038574","2014",,,,,,,,,,,,,,,,,,,,,,,,,,,,,,,,,,"0"
"5502","39.75",3.25,"0.405000001192093","22.816478729248","2012",,,,,,,,,,,,,,,,,,,,,,,,,,,,,,,,,,"0"
"5503","39.75",3.25,"0.405000001192093","26.8471202850342","2019",,,,,,,,,,,,,,,,,,,,,,,,,,,,,,,,,,"0"
"5504","39.75",3.25,"0.405000001192093","16.9977989196777","2000",,,,,,,,,,,,,,,,,,,,,,,,,,,,,,,,,,"0"
"5505","39.75",3.25,"0.405000001192093","25.7488956451416","2013",,,,,,,,,,,,,,,,,,,,,,,,,,,,,,,,,,"0"
"5506","39.75",3.25,"0.405000001192093",NA,"1997",,,,,,,,,,,,,,,,,,,,,,,,,,,,,,,,,,"0"
"5507","39.75",3.25,"0.405000001192093",NA,"1987",,,,,,,,,,,,,,,,,,,,,,,,,,,,,,,,,,"0"
"5508","39.75",3.25,"0.405000001192093","19.0885753631592","2015",,,,,,,,,,,,,,,,,,,,,,,,,,,,,,,,,,"0"
"5509","40.25",-2.25,"0.605000019073486","43.3213195800781","2000","1","1","1","1","1","1","1","1","1","1","1","1","1","1","1","1","1","1","1","1","1","1","1","1","1","1","1","1","1","1","1","1","1","1"
"5510","40.25",-2.25,"0.605000019073486","44.0032424926758","2019","1","1","1","1","1","1","1","1","1","1","1","1","1","1","1","1","1","1","1","1","1","1","1","1","1","1","1","1","1","1","1","1","1","1"
"5511","40.25",-2.25,"0.605000019073486","41.8953018188477","2002","1","1","1","1","1","1","1","1","1","1","1","1","1","1","1","1","1","1","1","1","1","1","1","1","1","1","1","1","1","1","1","1","1","1"
"5512","40.25",-2.25,"0.605000019073486","34.8699264526367","2011","1","1","1","1","1","1","1","1","1","1","1","1","1","1","1","1","1","1","1","1","1","1","1","1","1","1","1","1","1","1","1","1","1","1"
"5513","40.25",-2.25,"0.605000019073486","44.2341270446777","2013","1","1","1","1","1","1","1","1","1","1","1","1","1","1","1","1","1","1","1","1","1","1","1","1","1","1","1","1","1","1","1","1","1","1"
"5514","40.25",-2.25,"0.605000019073486","30.5180759429932","2016","1","1","1","1","1","1","1","1","1","1","1","1","1","1","1","1","1","1","1","1","1","1","1","1","1","1","1","1","1","1","1","1","1","1"
"5515","40.25",-2.25,"0.605000019073486","50.2188301086426","2007","1","1","1","1","1","1","1","1","1","1","1","1","1","1","1","1","1","1","1","1","1","1","1","1","1","1","1","1","1","1","1","1","1","1"
"5516","40.25",-2.25,"0.605000019073486",NA,"1992","1","1","1","1","1","1","1","1","1","1","1","1","1","1","1","1","1","1","1","1","1","1","1","1","1","1","1","1","1","1","1","1","1","1"
"5517","40.25",-2.25,"0.605000019073486",NA,"1993","1","1","1","1","1","1","1","1","1","1","1","1","1","1","1","1","1","1","1","1","1","1","1","1","1","1","1","1","1","1","1","1","1","1"
"5518","40.25",-2.25,"0.605000019073486",NA,"1987","1","1","1","1","1","1","1","1","1","1","1","1","1","1","1","1","1","1","1","1","1","1","1","1","1","1","1","1","1","1","1","1","1","1"
"5519","40.25",-2.25,"0.605000019073486","35.1997222900391","2012","1","1","1","1","1","1","1","1","1","1","1","1","1","1","1","1","1","1","1","1","1","1","1","1","1","1","1","1","1","1","1","1","1","1"
"5520","40.25",-2.25,"0.605000019073486","46.8118324279785","2008","1","1","1","1","1","1","1","1","1","1","1","1","1","1","1","1","1","1","1","1","1","1","1","1","1","1","1","1","1","1","1","1","1","1"
"5521","40.25",-2.25,"0.605000019073486","43.7899780273438","1999","1","1","1","1","1","1","1","1","1","1","1","1","1","1","1","1","1","1","1","1","1","1","1","1","1","1","1","1","1","1","1","1","1","1"
"5522","40.25",-2.25,"0.605000019073486",NA,"1995","1","1","1","1","1","1","1","1","1","1","1","1","1","1","1","1","1","1","1","1","1","1","1","1","1","1","1","1","1","1","1","1","1","1"
"5523","40.25",-2.25,"0.605000019073486",NA,"1996","1","1","1","1","1","1","1","1","1","1","1","1","1","1","1","1","1","1","1","1","1","1","1","1","1","1","1","1","1","1","1","1","1","1"
"5524","40.25",-2.25,"0.605000019073486","38.4840431213379","2009","1","1","1","1","1","1","1","1","1","1","1","1","1","1","1","1","1","1","1","1","1","1","1","1","1","1","1","1","1","1","1","1","1","1"
"5525","40.25",-2.25,"0.605000019073486","34.3702125549316","2017","1","1","1","1","1","1","1","1","1","1","1","1","1","1","1","1","1","1","1","1","1","1","1","1","1","1","1","1","1","1","1","1","1","1"
"5526","40.25",-2.25,"0.605000019073486",NA,"2020","1","1","1","1","1","1","1","1","1","1","1","1","1","1","1","1","1","1","1","1","1","1","1","1","1","1","1","1","1","1","1","1","1","1"
"5527","40.25",-2.25,"0.605000019073486",NA,"1997","1","1","1","1","1","1","1","1","1","1","1","1","1","1","1","1","1","1","1","1","1","1","1","1","1","1","1","1","1","1","1","1","1","1"
"5528","40.25",-2.25,"0.605000019073486","45.1625823974609","2003","1","1","1","1","1","1","1","1","1","1","1","1","1","1","1","1","1","1","1","1","1","1","1","1","1","1","1","1","1","1","1","1","1","1"
"5529","40.25",-2.25,"0.605000019073486","36.0550880432129","2001","1","1","1","1","1","1","1","1","1","1","1","1","1","1","1","1","1","1","1","1","1","1","1","1","1","1","1","1","1","1","1","1","1","1"
"5530","40.25",-2.25,"0.605000019073486","44.9190330505371","2006","1","1","1","1","1","1","1","1","1","1","1","1","1","1","1","1","1","1","1","1","1","1","1","1","1","1","1","1","1","1","1","1","1","1"
"5531","40.25",-2.25,"0.605000019073486",NA,"1991","1","1","1","1","1","1","1","1","1","1","1","1","1","1","1","1","1","1","1","1","1","1","1","1","1","1","1","1","1","1","1","1","1","1"
"5532","40.25",-2.25,"0.605000019073486","41.1773376464844","2005","1","1","1","1","1","1","1","1","1","1","1","1","1","1","1","1","1","1","1","1","1","1","1","1","1","1","1","1","1","1","1","1","1","1"
"5533","40.25",-2.25,"0.605000019073486","43.2534866333008","2004","1","1","1","1","1","1","1","1","1","1","1","1","1","1","1","1","1","1","1","1","1","1","1","1","1","1","1","1","1","1","1","1","1","1"
"5534","40.25",-2.25,"0.605000019073486","39.1382255554199","2015","1","1","1","1","1","1","1","1","1","1","1","1","1","1","1","1","1","1","1","1","1","1","1","1","1","1","1","1","1","1","1","1","1","1"
"5535","40.25",-2.25,"0.605000019073486",NA,"1990","1","1","1","1","1","1","1","1","1","1","1","1","1","1","1","1","1","1","1","1","1","1","1","1","1","1","1","1","1","1","1","1","1","1"
"5536","40.25",-2.25,"0.605000019073486",NA,"1988","1","1","1","1","1","1","1","1","1","1","1","1","1","1","1","1","1","1","1","1","1","1","1","1","1","1","1","1","1","1","1","1","1","1"
"5537","40.25",-2.25,"0.605000019073486",NA,"1998","1","1","1","1","1","1","1","1","1","1","1","1","1","1","1","1","1","1","1","1","1","1","1","1","1","1","1","1","1","1","1","1","1","1"
"5538","40.25",-2.25,"0.605000019073486",NA,"1986","1","1","1","1","1","1","1","1","1","1","1","1","1","1","1","1","1","1","1","1","1","1","1","1","1","1","1","1","1","1","1","1","1","1"
"5539","40.25",-2.25,"0.605000019073486","44.8783874511719","2010","1","1","1","1","1","1","1","1","1","1","1","1","1","1","1","1","1","1","1","1","1","1","1","1","1","1","1","1","1","1","1","1","1","1"
"5540","40.25",-2.25,"0.605000019073486",NA,"1994","1","1","1","1","1","1","1","1","1","1","1","1","1","1","1","1","1","1","1","1","1","1","1","1","1","1","1","1","1","1","1","1","1","1"
"5541","40.25",-2.25,"0.605000019073486","45.3536186218262","2014","1","1","1","1","1","1","1","1","1","1","1","1","1","1","1","1","1","1","1","1","1","1","1","1","1","1","1","1","1","1","1","1","1","1"
"5542","40.25",-2.25,"0.605000019073486",NA,"1985","1","1","1","1","1","1","1","1","1","1","1","1","1","1","1","1","1","1","1","1","1","1","1","1","1","1","1","1","1","1","1","1","1","1"
"5543","40.25",-2.25,"0.605000019073486",NA,"1989","1","1","1","1","1","1","1","1","1","1","1","1","1","1","1","1","1","1","1","1","1","1","1","1","1","1","1","1","1","1","1","1","1","1"
"5544","40.25",-2.25,"0.605000019073486","44.4811210632324","2018","1","1","1","1","1","1","1","1","1","1","1","1","1","1","1","1","1","1","1","1","1","1","1","1","1","1","1","1","1","1","1","1","1","1"
"5545","40.25",-1.75,"0.605000019073486","25.9781093597412","2010",,,,,,,,,,,,,,,,,,,,,,,,,,,,,,,,,,"0"
"5546","40.25",-1.75,"0.605000019073486","24.4589881896973","2015",,,,,,,,,,,,,,,,,,,,,,,,,,,,,,,,,,"0"
"5547","40.25",-1.75,"0.605000019073486",NA,"1987",,,,,,,,,,,,,,,,,,,,,,,,,,,,,,,,,,"0"
"5548","40.25",-1.75,"0.605000019073486","24.1956272125244","2009",,,,,,,,,,,,,,,,,,,,,,,,,,,,,,,,,,"0"
"5549","40.25",-1.75,"0.605000019073486","25.8205661773682","2004",,,,,,,,,,,,,,,,,,,,,,,,,,,,,,,,,,"0"
"5550","40.25",-1.75,"0.605000019073486",NA,"1993",,,,,,,,,,,,,,,,,,,,,,,,,,,,,,,,,,"0"
"5551","40.25",-1.75,"0.605000019073486",NA,"1986",,,,,,,,,,,,,,,,,,,,,,,,,,,,,,,,,,"0"
"5552","40.25",-1.75,"0.605000019073486","23.3468399047852","2011",,,,,,,,,,,,,,,,,,,,,,,,,,,,,,,,,,"0"
"5553","40.25",-1.75,"0.605000019073486",NA,"1991",,,,,,,,,,,,,,,,,,,,,,,,,,,,,,,,,,"0"
"5554","40.25",-1.75,"0.605000019073486","27.4308242797852","2000",,,,,,,,,,,,,,,,,,,,,,,,,,,,,,,,,,"0"
"5555","40.25",-1.75,"0.605000019073486","25.4600524902344","2003",,,,,,,,,,,,,,,,,,,,,,,,,,,,,,,,,,"0"
"5556","40.25",-1.75,"0.605000019073486","23.0666027069092","2001",,,,,,,,,,,,,,,,,,,,,,,,,,,,,,,,,,"0"
"5557","40.25",-1.75,"0.605000019073486",NA,"2020",,,,,,,,,,,,,,,,,,,,,,,,,,,,,,,,,,"0"
"5558","40.25",-1.75,"0.605000019073486","26.4724750518799","2002",,,,,,,,,,,,,,,,,,,,,,,,,,,,,,,,,,"0"
"5559","40.25",-1.75,"0.605000019073486",NA,"1988",,,,,,,,,,,,,,,,,,,,,,,,,,,,,,,,,,"0"
"5560","40.25",-1.75,"0.605000019073486",NA,"1998",,,,,,,,,,,,,,,,,,,,,,,,,,,,,,,,,,"0"
"5561","40.25",-1.75,"0.605000019073486","26.5012435913086","2006",,,,,,,,,,,,,,,,,,,,,,,,,,,,,,,,,,"0"
"5562","40.25",-1.75,"0.605000019073486",NA,"1989",,,,,,,,,,,,,,,,,,,,,,,,,,,,,,,,,,"0"
"5563","40.25",-1.75,"0.605000019073486",NA,"1990",,,,,,,,,,,,,,,,,,,,,,,,,,,,,,,,,,"0"
"5564","40.25",-1.75,"0.605000019073486","25.7710952758789","2018",,,,,,,,,,,,,,,,,,,,,,,,,,,,,,,,,,"0"
"5565","40.25",-1.75,"0.605000019073486","29.1504421234131","2008",,,,,,,,,,,,,,,,,,,,,,,,,,,,,,,,,,"0"
"5566","40.25",-1.75,"0.605000019073486",NA,"1995",,,,,,,,,,,,,,,,,,,,,,,,,,,,,,,,,,"0"
"5567","40.25",-1.75,"0.605000019073486","23.3631172180176","2014",,,,,,,,,,,,,,,,,,,,,,,,,,,,,,,,,,"0"
"5568","40.25",-1.75,"0.605000019073486",NA,"1997",,,,,,,,,,,,,,,,,,,,,,,,,,,,,,,,,,"0"
"5569","40.25",-1.75,"0.605000019073486","31.165885925293","2007",,,,,,,,,,,,,,,,,,,,,,,,,,,,,,,,,,"0"
"5570","40.25",-1.75,"0.605000019073486",NA,"1992",,,,,,,,,,,,,,,,,,,,,,,,,,,,,,,,,,"0"
"5571","40.25",-1.75,"0.605000019073486","22.4950618743896","2005",,,,,,,,,,,,,,,,,,,,,,,,,,,,,,,,,,"0"
"5572","40.25",-1.75,"0.605000019073486","25.3817157745361","2019",,,,,,,,,,,,,,,,,,,,,,,,,,,,,,,,,,"0"
"5573","40.25",-1.75,"0.605000019073486","27.3495864868164","1999",,,,,,,,,,,,,,,,,,,,,,,,,,,,,,,,,,"0"
"5574","40.25",-1.75,"0.605000019073486","19.4455585479736","2012",,,,,,,,,,,,,,,,,,,,,,,,,,,,,,,,,,"0"
"5575","40.25",-1.75,"0.605000019073486","17.5257110595703","2016",,,,,,,,,,,,,,,,,,,,,,,,,,,,,,,,,,"0"
"5576","40.25",-1.75,"0.605000019073486","23.8220043182373","2013",,,,,,,,,,,,,,,,,,,,,,,,,,,,,,,,,,"0"
"5577","40.25",-1.75,"0.605000019073486",NA,"1994",,,,,,,,,,,,,,,,,,,,,,,,,,,,,,,,,,"0"
"5578","40.25",-1.75,"0.605000019073486",NA,"1996",,,,,,,,,,,,,,,,,,,,,,,,,,,,,,,,,,"0"
"5579","40.25",-1.75,"0.605000019073486",NA,"1985",,,,,,,,,,,,,,,,,,,,,,,,,,,,,,,,,,"0"
"5580","40.25",-1.75,"0.605000019073486","19.1323719024658","2017",,,,,,,,,,,,,,,,,,,,,,,,,,,,,,,,,,"0"
"5581","40.25",-1.25,"0.605000019073486",NA,"1996",,,,,,,,,,,,,,,,,,,,,,,,,,,,,,,,,,"0"
"5582","40.25",-1.25,"0.605000019073486","11.9264192581177","2016",,,,,,,,,,,,,,,,,,,,,,,,,,,,,,,,,,"0"
"5583","40.25",-1.25,"0.605000019073486","19.8426475524902","2002",,,,,,,,,,,,,,,,,,,,,,,,,,,,,,,,,,"0"
"5584","40.25",-1.25,"0.605000019073486",NA,"1991",,,,,,,,,,,,,,,,,,,,,,,,,,,,,,,,,,"0"
"5585","40.25",-1.25,"0.605000019073486","20.4655017852783","2000",,,,,,,,,,,,,,,,,,,,,,,,,,,,,,,,,,"0"
"5586","40.25",-1.25,"0.605000019073486","21.7747020721436","2008",,,,,,,,,,,,,,,,,,,,,,,,,,,,,,,,,,"0"
"5587","40.25",-1.25,"0.605000019073486",NA,"1994",,,,,,,,,,,,,,,,,,,,,,,,,,,,,,,,,,"0"
"5588","40.25",-1.25,"0.605000019073486","14.9116897583008","2014",,,,,,,,,,,,,,,,,,,,,,,,,,,,,,,,,,"0"
"5589","40.25",-1.25,"0.605000019073486",NA,"1990",,,,,,,,,,,,,,,,,,,,,,,,,,,,,,,,,,"0"
"5590","40.25",-1.25,"0.605000019073486","16.5673294067383","2015",,,,,,,,,,,,,,,,,,,,,,,,,,,,,,,,,,"0"
"5591","40.25",-1.25,"0.605000019073486","17.2902946472168","2004",,,,,,,,,,,,,,,,,,,,,,,,,,,,,,,,,,"0"
"5592","40.25",-1.25,"0.605000019073486","17.8513050079346","2019",,,,,,,,,,,,,,,,,,,,,,,,,,,,,,,,,,"0"
"5593","40.25",-1.25,"0.605000019073486",NA,"1998",,,,,,,,,,,,,,,,,,,,,,,,,,,,,,,,,,"0"
"5594","40.25",-1.25,"0.605000019073486",NA,"1995",,,,,,,,,,,,,,,,,,,,,,,,,,,,,,,,,,"0"
"5595","40.25",-1.25,"0.605000019073486",NA,"1997",,,,,,,,,,,,,,,,,,,,,,,,,,,,,,,,,,"0"
"5596","40.25",-1.25,"0.605000019073486",NA,"1992",,,,,,,,,,,,,,,,,,,,,,,,,,,,,,,,,,"0"
"5597","40.25",-1.25,"0.605000019073486","19.1377029418945","2003",,,,,,,,,,,,,,,,,,,,,,,,,,,,,,,,,,"0"
"5598","40.25",-1.25,"0.605000019073486","18.2994403839111","2006",,,,,,,,,,,,,,,,,,,,,,,,,,,,,,,,,,"0"
"5599","40.25",-1.25,"0.605000019073486","21.5952301025391","2007",,,,,,,,,,,,,,,,,,,,,,,,,,,,,,,,,,"0"
"5600","40.25",-1.25,"0.605000019073486",NA,"1989",,,,,,,,,,,,,,,,,,,,,,,,,,,,,,,,,,"0"
"5601","40.25",-1.25,"0.605000019073486",NA,"1985",,,,,,,,,,,,,,,,,,,,,,,,,,,,,,,,,,"0"
"5602","40.25",-1.25,"0.605000019073486","14.1703424453735","2005",,,,,,,,,,,,,,,,,,,,,,,,,,,,,,,,,,"0"
"5603","40.25",-1.25,"0.605000019073486","18.8401260375977","1999",,,,,,,,,,,,,,,,,,,,,,,,,,,,,,,,,,"0"
"5604","40.25",-1.25,"0.605000019073486","15.7626276016235","2009",,,,,,,,,,,,,,,,,,,,,,,,,,,,,,,,,,"0"
"5605","40.25",-1.25,"0.605000019073486","17.8166084289551","2013",,,,,,,,,,,,,,,,,,,,,,,,,,,,,,,,,,"0"
"5606","40.25",-1.25,"0.605000019073486","15.6575078964233","2001",,,,,,,,,,,,,,,,,,,,,,,,,,,,,,,,,,"0"
"5607","40.25",-1.25,"0.605000019073486","13.854793548584","2012",,,,,,,,,,,,,,,,,,,,,,,,,,,,,,,,,,"0"
"5608","40.25",-1.25,"0.605000019073486",NA,"2020",,,,,,,,,,,,,,,,,,,,,,,,,,,,,,,,,,"0"
"5609","40.25",-1.25,"0.605000019073486","18.2267894744873","2018",,,,,,,,,,,,,,,,,,,,,,,,,,,,,,,,,,"0"
"5610","40.25",-1.25,"0.605000019073486",NA,"1987",,,,,,,,,,,,,,,,,,,,,,,,,,,,,,,,,,"0"
"5611","40.25",-1.25,"0.605000019073486",NA,"1993",,,,,,,,,,,,,,,,,,,,,,,,,,,,,,,,,,"0"
"5612","40.25",-1.25,"0.605000019073486","13.8724536895752","2017",,,,,,,,,,,,,,,,,,,,,,,,,,,,,,,,,,"0"
"5613","40.25",-1.25,"0.605000019073486","16.2298641204834","2011",,,,,,,,,,,,,,,,,,,,,,,,,,,,,,,,,,"0"
"5614","40.25",-1.25,"0.605000019073486",NA,"1988",,,,,,,,,,,,,,,,,,,,,,,,,,,,,,,,,,"0"
"5615","40.25",-1.25,"0.605000019073486",NA,"1986",,,,,,,,,,,,,,,,,,,,,,,,,,,,,,,,,,"0"
"5616","40.25",-1.25,"0.605000019073486","18.4289073944092","2010",,,,,,,,,,,,,,,,,,,,,,,,,,,,,,,,,,"0"
"5617","40.25",-0.75,"0.405000001192093",NA,"1996",,,,,,,,,,,,,,,,,,,,,,,,,,,,,,,,,,"0"
"5618","40.25",-0.75,"0.405000001192093","9.3968563079834","2016",,,,,,,,,,,,,,,,,,,,,,,,,,,,,,,,,,"0"
"5619","40.25",-0.75,"0.405000001192093","14.5136680603027","1999",,,,,,,,,,,,,,,,,,,,,,,,,,,,,,,,,,"0"
"5620","40.25",-0.75,"0.405000001192093","16.8624000549316","2018",,,,,,,,,,,,,,,,,,,,,,,,,,,,,,,,,,"0"
"5621","40.25",-0.75,"0.405000001192093","15.2050762176514","2013",,,,,,,,,,,,,,,,,,,,,,,,,,,,,,,,,,"0"
"5622","40.25",-0.75,"0.405000001192093","11.6552648544312","2004",,,,,,,,,,,,,,,,,,,,,,,,,,,,,,,,,,"0"
"5623","40.25",-0.75,"0.405000001192093","10.8710622787476","2005",,,,,,,,,,,,,,,,,,,,,,,,,,,,,,,,,,"0"
"5624","40.25",-0.75,"0.405000001192093","15.7271909713745","2002",,,,,,,,,,,,,,,,,,,,,,,,,,,,,,,,,,"0"
"5625","40.25",-0.75,"0.405000001192093",NA,"1986",,,,,,,,,,,,,,,,,,,,,,,,,,,,,,,,,,"0"
"5626","40.25",-0.75,"0.405000001192093","15.2581214904785","2010",,,,,,,,,,,,,,,,,,,,,,,,,,,,,,,,,,"0"
"5627","40.25",-0.75,"0.405000001192093","14.9249200820923","2019",,,,,,,,,,,,,,,,,,,,,,,,,,,,,,,,,,"0"
"5628","40.25",-0.75,"0.405000001192093","12.7751522064209","2001",,,,,,,,,,,,,,,,,,,,,,,,,,,,,,,,,,"0"
"5629","40.25",-0.75,"0.405000001192093",NA,"1987",,,,,,,,,,,,,,,,,,,,,,,,,,,,,,,,,,"0"
"5630","40.25",-0.75,"0.405000001192093",NA,"1989",,,,,,,,,,,,,,,,,,,,,,,,,,,,,,,,,,"0"
"5631","40.25",-0.75,"0.405000001192093",NA,"1995",,,,,,,,,,,,,,,,,,,,,,,,,,,,,,,,,,"0"
"5632","40.25",-0.75,"0.405000001192093","14.9039363861084","2011",,,,,,,,,,,,,,,,,,,,,,,,,,,,,,,,,,"0"
"5633","40.25",-0.75,"0.405000001192093","13.055980682373","2012",,,,,,,,,,,,,,,,,,,,,,,,,,,,,,,,,,"0"
"5634","40.25",-0.75,"0.405000001192093",NA,"1988",,,,,,,,,,,,,,,,,,,,,,,,,,,,,,,,,,"0"
"5635","40.25",-0.75,"0.405000001192093","11.5344505310059","2014",,,,,,,,,,,,,,,,,,,,,,,,,,,,,,,,,,"0"
"5636","40.25",-0.75,"0.405000001192093",NA,"1990",,,,,,,,,,,,,,,,,,,,,,,,,,,,,,,,,,"0"
"5637","40.25",-0.75,"0.405000001192093","14.8228645324707","2003",,,,,,,,,,,,,,,,,,,,,,,,,,,,,,,,,,"0"
"5638","40.25",-0.75,"0.405000001192093","13.4640560150146","2015",,,,,,,,,,,,,,,,,,,,,,,,,,,,,,,,,,"0"
"5639","40.25",-0.75,"0.405000001192093","11.3994302749634","2017",,,,,,,,,,,,,,,,,,,,,,,,,,,,,,,,,,"0"
"5640","40.25",-0.75,"0.405000001192093",NA,"1991",,,,,,,,,,,,,,,,,,,,,,,,,,,,,,,,,,"0"
"5641","40.25",-0.75,"0.405000001192093",NA,"1997",,,,,,,,,,,,,,,,,,,,,,,,,,,,,,,,,,"0"
"5642","40.25",-0.75,"0.405000001192093",NA,"1992",,,,,,,,,,,,,,,,,,,,,,,,,,,,,,,,,,"0"
"5643","40.25",-0.75,"0.405000001192093",NA,"1985",,,,,,,,,,,,,,,,,,,,,,,,,,,,,,,,,,"0"
"5644","40.25",-0.75,"0.405000001192093","18.7771663665771","2007",,,,,,,,,,,,,,,,,,,,,,,,,,,,,,,,,,"0"
"5645","40.25",-0.75,"0.405000001192093",NA,"2020",,,,,,,,,,,,,,,,,,,,,,,,,,,,,,,,,,"0"
"5646","40.25",-0.75,"0.405000001192093",NA,"1998",,,,,,,,,,,,,,,,,,,,,,,,,,,,,,,,,,"0"
"5647","40.25",-0.75,"0.405000001192093","18.0208187103271","2008",,,,,,,,,,,,,,,,,,,,,,,,,,,,,,,,,,"0"
"5648","40.25",-0.75,"0.405000001192093",NA,"1993",,,,,,,,,,,,,,,,,,,,,,,,,,,,,,,,,,"0"
"5649","40.25",-0.75,"0.405000001192093",NA,"1994",,,,,,,,,,,,,,,,,,,,,,,,,,,,,,,,,,"0"
"5650","40.25",-0.75,"0.405000001192093","15.8099184036255","2000",,,,,,,,,,,,,,,,,,,,,,,,,,,,,,,,,,"0"
"5651","40.25",-0.75,"0.405000001192093","12.8127756118774","2009",,,,,,,,,,,,,,,,,,,,,,,,,,,,,,,,,,"0"
"5652","40.25",-0.75,"0.405000001192093","14.5580635070801","2006",,,,,,,,,,,,,,,,,,,,,,,,,,,,,,,,,,"0"
"5653","40.25",-0.25,"0.405000001192093","15.9176940917969","2007",,,,,,,,,,,,,,,,,,,,,,,,,,,,,,,,,,"0"
"5654","40.25",-0.25,"0.405000001192093",NA,"1992",,,,,,,,,,,,,,,,,,,,,,,,,,,,,,,,,,"0"
"5655","40.25",-0.25,"0.405000001192093","11.2008924484253","2006",,,,,,,,,,,,,,,,,,,,,,,,,,,,,,,,,,"0"
"5656","40.25",-0.25,"0.405000001192093","9.1260814666748","2017",,,,,,,,,,,,,,,,,,,,,,,,,,,,,,,,,,"0"
"5657","40.25",-0.25,"0.405000001192093","12.9406089782715","2008",,,,,,,,,,,,,,,,,,,,,,,,,,,,,,,,,,"0"
"5658","40.25",-0.25,"0.405000001192093",NA,"1997",,,,,,,,,,,,,,,,,,,,,,,,,,,,,,,,,,"0"
"5659","40.25",-0.25,"0.405000001192093","9.74666976928711","2004",,,,,,,,,,,,,,,,,,,,,,,,,,,,,,,,,,"0"
"5660","40.25",-0.25,"0.405000001192093","7.41310787200928","2016",,,,,,,,,,,,,,,,,,,,,,,,,,,,,,,,,,"0"
"5661","40.25",-0.25,"0.405000001192093",NA,"1993",,,,,,,,,,,,,,,,,,,,,,,,,,,,,,,,,,"0"
"5662","40.25",-0.25,"0.405000001192093",NA,"1990",,,,,,,,,,,,,,,,,,,,,,,,,,,,,,,,,,"0"
"5663","40.25",-0.25,"0.405000001192093",NA,"1998",,,,,,,,,,,,,,,,,,,,,,,,,,,,,,,,,,"0"
"5664","40.25",-0.25,"0.405000001192093","12.5468378067017","2013",,,,,,,,,,,,,,,,,,,,,,,,,,,,,,,,,,"0"
"5665","40.25",-0.25,"0.405000001192093","12.692045211792","2011",,,,,,,,,,,,,,,,,,,,,,,,,,,,,,,,,,"0"
"5666","40.25",-0.25,"0.405000001192093",NA,"1987",,,,,,,,,,,,,,,,,,,,,,,,,,,,,,,,,,"0"
"5667","40.25",-0.25,"0.405000001192093",NA,"1985",,,,,,,,,,,,,,,,,,,,,,,,,,,,,,,,,,"0"
"5668","40.25",-0.25,"0.405000001192093","10.6501874923706","2009",,,,,,,,,,,,,,,,,,,,,,,,,,,,,,,,,,"0"
"5669","40.25",-0.25,"0.405000001192093",NA,"1986",,,,,,,,,,,,,,,,,,,,,,,,,,,,,,,,,,"0"
"5670","40.25",-0.25,"0.405000001192093","10.5731925964355","2019",,,,,,,,,,,,,,,,,,,,,,,,,,,,,,,,,,"0"
"5671","40.25",-0.25,"0.405000001192093",NA,"2020",,,,,,,,,,,,,,,,,,,,,,,,,,,,,,,,,,"0"
"5672","40.25",-0.25,"0.405000001192093","12.0239715576172","2003",,,,,,,,,,,,,,,,,,,,,,,,,,,,,,,,,,"0"
"5673","40.25",-0.25,"0.405000001192093","13.9561996459961","2010",,,,,,,,,,,,,,,,,,,,,,,,,,,,,,,,,,"0"
"5674","40.25",-0.25,"0.405000001192093","13.950252532959","2000",,,,,,,,,,,,,,,,,,,,,,,,,,,,,,,,,,"0"
"5675","40.25",-0.25,"0.405000001192093","11.7390336990356","2012",,,,,,,,,,,,,,,,,,,,,,,,,,,,,,,,,,"0"
"5676","40.25",-0.25,"0.405000001192093",NA,"1994",,,,,,,,,,,,,,,,,,,,,,,,,,,,,,,,,,"0"
"5677","40.25",-0.25,"0.405000001192093","8.87547969818115","2005",,,,,,,,,,,,,,,,,,,,,,,,,,,,,,,,,,"0"
"5678","40.25",-0.25,"0.405000001192093",NA,"1988",,,,,,,,,,,,,,,,,,,,,,,,,,,,,,,,,,"0"
"5679","40.25",-0.25,"0.405000001192093","13.7461681365967","2002",,,,,,,,,,,,,,,,,,,,,,,,,,,,,,,,,,"0"
"5680","40.25",-0.25,"0.405000001192093","10.9458808898926","2001",,,,,,,,,,,,,,,,,,,,,,,,,,,,,,,,,,"0"
"5681","40.25",-0.25,"0.405000001192093",NA,"1989",,,,,,,,,,,,,,,,,,,,,,,,,,,,,,,,,,"0"
"5682","40.25",-0.25,"0.405000001192093","8.52486705780029","2014",,,,,,,,,,,,,,,,,,,,,,,,,,,,,,,,,,"0"
"5683","40.25",-0.25,"0.405000001192093","13.241397857666","1999",,,,,,,,,,,,,,,,,,,,,,,,,,,,,,,,,,"0"
"5684","40.25",-0.25,"0.405000001192093",NA,"1996",,,,,,,,,,,,,,,,,,,,,,,,,,,,,,,,,,"0"
"5685","40.25",-0.25,"0.405000001192093",NA,"1991",,,,,,,,,,,,,,,,,,,,,,,,,,,,,,,,,,"0"
"5686","40.25",-0.25,"0.405000001192093","10.7534885406494","2015",,,,,,,,,,,,,,,,,,,,,,,,,,,,,,,,,,"0"
"5687","40.25",-0.25,"0.405000001192093","11.9061918258667","2018",,,,,,,,,,,,,,,,,,,,,,,,,,,,,,,,,,"0"
"5688","40.25",-0.25,"0.405000001192093",NA,"1995",,,,,,,,,,,,,,,,,,,,,,,,,,,,,,,,,,"0"
"5689","40.25",0.25,"0.405000001192093","9.46497344970703","2006",,,,,,,,,,,,,,,,,,,,,,,,,,,,,,,,,,"0"
"5690","40.25",0.25,"0.405000001192093","9.22721290588379","2002",,,,,,,,,,,,,,,,,,,,,,,,,,,,,,,,,,"0"
"5691","40.25",0.25,"0.405000001192093",NA,"1995",,,,,,,,,,,,,,,,,,,,,,,,,,,,,,,,,,"0"
"5692","40.25",0.25,"0.405000001192093","8.96816444396973","2004",,,,,,,,,,,,,,,,,,,,,,,,,,,,,,,,,,"0"
"5693","40.25",0.25,"0.405000001192093","6.10854768753052","2017",,,,,,,,,,,,,,,,,,,,,,,,,,,,,,,,,,"0"
"5694","40.25",0.25,"0.405000001192093",NA,"1992",,,,,,,,,,,,,,,,,,,,,,,,,,,,,,,,,,"0"
"5695","40.25",0.25,"0.405000001192093","9.84622764587402","2018",,,,,,,,,,,,,,,,,,,,,,,,,,,,,,,,,,"0"
"5696","40.25",0.25,"0.405000001192093",NA,"2020",,,,,,,,,,,,,,,,,,,,,,,,,,,,,,,,,,"0"
"5697","40.25",0.25,"0.405000001192093",NA,"1990",,,,,,,,,,,,,,,,,,,,,,,,,,,,,,,,,,"0"
"5698","40.25",0.25,"0.405000001192093","8.74015331268311","2019",,,,,,,,,,,,,,,,,,,,,,,,,,,,,,,,,,"0"
"5699","40.25",0.25,"0.405000001192093","11.5073499679565","2003",,,,,,,,,,,,,,,,,,,,,,,,,,,,,,,,,,"0"
"5700","40.25",0.25,"0.405000001192093",NA,"1998",,,,,,,,,,,,,,,,,,,,,,,,,,,,,,,,,,"0"
"5701","40.25",0.25,"0.405000001192093",NA,"1993",,,,,,,,,,,,,,,,,,,,,,,,,,,,,,,,,,"0"
"5702","40.25",0.25,"0.405000001192093","9.34538459777832","2008",,,,,,,,,,,,,,,,,,,,,,,,,,,,,,,,,,"0"
"5703","40.25",0.25,"0.405000001192093","8.2122163772583","2009",,,,,,,,,,,,,,,,,,,,,,,,,,,,,,,,,,"0"
"5704","40.25",0.25,"0.405000001192093","8.30904769897461","2012",,,,,,,,,,,,,,,,,,,,,,,,,,,,,,,,,,"0"
"5705","40.25",0.25,"0.405000001192093","10.0865249633789","2000",,,,,,,,,,,,,,,,,,,,,,,,,,,,,,,,,,"0"
"5706","40.25",0.25,"0.405000001192093",NA,"1987",,,,,,,,,,,,,,,,,,,,,,,,,,,,,,,,,,"0"
"5707","40.25",0.25,"0.405000001192093",NA,"1985",,,,,,,,,,,,,,,,,,,,,,,,,,,,,,,,,,"0"
"5708","40.25",0.25,"0.405000001192093","7.79018688201904","2001",,,,,,,,,,,,,,,,,,,,,,,,,,,,,,,,,,"0"
"5709","40.25",0.25,"0.405000001192093",NA,"1991",,,,,,,,,,,,,,,,,,,,,,,,,,,,,,,,,,"0"
"5710","40.25",0.25,"0.405000001192093",NA,"1994",,,,,,,,,,,,,,,,,,,,,,,,,,,,,,,,,,"0"
"5711","40.25",0.25,"0.405000001192093",NA,"1996",,,,,,,,,,,,,,,,,,,,,,,,,,,,,,,,,,"0"
"5712","40.25",0.25,"0.405000001192093","10.2700271606445","1999",,,,,,,,,,,,,,,,,,,,,,,,,,,,,,,,,,"0"
"5713","40.25",0.25,"0.405000001192093","9.79556655883789","2010",,,,,,,,,,,,,,,,,,,,,,,,,,,,,,,,,,"0"
"5714","40.25",0.25,"0.405000001192093","8.70906352996826","2013",,,,,,,,,,,,,,,,,,,,,,,,,,,,,,,,,,"0"
"5715","40.25",0.25,"0.405000001192093",NA,"1988",,,,,,,,,,,,,,,,,,,,,,,,,,,,,,,,,,"0"
"5716","40.25",0.25,"0.405000001192093","5.97841119766235","2016",,,,,,,,,,,,,,,,,,,,,,,,,,,,,,,,,,"0"
"5717","40.25",0.25,"0.405000001192093","8.05797481536865","2015",,,,,,,,,,,,,,,,,,,,,,,,,,,,,,,,,,"0"
"5718","40.25",0.25,"0.405000001192093","5.63197183609009","2014",,,,,,,,,,,,,,,,,,,,,,,,,,,,,,,,,,"0"
"5719","40.25",0.25,"0.405000001192093","8.06092262268066","2005",,,,,,,,,,,,,,,,,,,,,,,,,,,,,,,,,,"0"
"5720","40.25",0.25,"0.405000001192093",NA,"1989",,,,,,,,,,,,,,,,,,,,,,,,,,,,,,,,,,"0"
"5721","40.25",0.25,"0.405000001192093","11.953577041626","2007",,,,,,,,,,,,,,,,,,,,,,,,,,,,,,,,,,"0"
"5722","40.25",0.25,"0.405000001192093","10.0297956466675","2011",,,,,,,,,,,,,,,,,,,,,,,,,,,,,,,,,,"0"
"5723","40.25",0.25,"0.405000001192093",NA,"1997",,,,,,,,,,,,,,,,,,,,,,,,,,,,,,,,,,"0"
"5724","40.25",0.25,"0.405000001192093",NA,"1986",,,,,,,,,,,,,,,,,,,,,,,,,,,,,,,,,,"0"
"5725","40.25",0.75,"0.405000001192093","10.2493000030518","2010",,,,,,,,,,,,,,,,,,,,,,,,,,,,,,,,,,"0"
"5726","40.25",0.75,"0.405000001192093","9.5973596572876","2004",,,,,,,,,,,,,,,,,,,,,,,,,,,,,,,,,,"0"
"5727","40.25",0.75,"0.405000001192093",NA,"1991",,,,,,,,,,,,,,,,,,,,,,,,,,,,,,,,,,"0"
"5728","40.25",0.75,"0.405000001192093","6.39928960800171","2005",,,,,,,,,,,,,,,,,,,,,,,,,,,,,,,,,,"0"
"5729","40.25",0.75,"0.405000001192093",NA,"1985",,,,,,,,,,,,,,,,,,,,,,,,,,,,,,,,,,"0"
"5730","40.25",0.75,"0.405000001192093","7.23305082321167","2016",,,,,,,,,,,,,,,,,,,,,,,,,,,,,,,,,,"0"
"5731","40.25",0.75,"0.405000001192093",NA,"1986",,,,,,,,,,,,,,,,,,,,,,,,,,,,,,,,,,"0"
"5732","40.25",0.75,"0.405000001192093","11.0660514831543","2006",,,,,,,,,,,,,,,,,,,,,,,,,,,,,,,,,,"0"
"5733","40.25",0.75,"0.405000001192093","7.20361375808716","2012",,,,,,,,,,,,,,,,,,,,,,,,,,,,,,,,,,"0"
"5734","40.25",0.75,"0.405000001192093",NA,"1998",,,,,,,,,,,,,,,,,,,,,,,,,,,,,,,,,,"0"
"5735","40.25",0.75,"0.405000001192093",NA,"1993",,,,,,,,,,,,,,,,,,,,,,,,,,,,,,,,,,"0"
"5736","40.25",0.75,"0.405000001192093",NA,"1996",,,,,,,,,,,,,,,,,,,,,,,,,,,,,,,,,,"0"
"5737","40.25",0.75,"0.405000001192093",NA,"1988",,,,,,,,,,,,,,,,,,,,,,,,,,,,,,,,,,"0"
"5738","40.25",0.75,"0.405000001192093","9.56032562255859","2015",,,,,,,,,,,,,,,,,,,,,,,,,,,,,,,,,,"0"
"5739","40.25",0.75,"0.405000001192093","9.82222080230713","1999",,,,,,,,,,,,,,,,,,,,,,,,,,,,,,,,,,"0"
"5740","40.25",0.75,"0.405000001192093","11.4904546737671","2003",,,,,,,,,,,,,,,,,,,,,,,,,,,,,,,,,,"0"
"5741","40.25",0.75,"0.405000001192093","9.48280048370361","2000",,,,,,,,,,,,,,,,,,,,,,,,,,,,,,,,,,"0"
"5742","40.25",0.75,"0.405000001192093",NA,"1994",,,,,,,,,,,,,,,,,,,,,,,,,,,,,,,,,,"0"
"5743","40.25",0.75,"0.405000001192093",NA,"1987",,,,,,,,,,,,,,,,,,,,,,,,,,,,,,,,,,"0"
"5744","40.25",0.75,"0.405000001192093","11.5307960510254","2007",,,,,,,,,,,,,,,,,,,,,,,,,,,,,,,,,,"0"
"5745","40.25",0.75,"0.405000001192093","10.4665088653564","2013",,,,,,,,,,,,,,,,,,,,,,,,,,,,,,,,,,"0"
"5746","40.25",0.75,"0.405000001192093",NA,"1990",,,,,,,,,,,,,,,,,,,,,,,,,,,,,,,,,,"0"
"5747","40.25",0.75,"0.405000001192093",NA,"1997",,,,,,,,,,,,,,,,,,,,,,,,,,,,,,,,,,"0"
"5748","40.25",0.75,"0.405000001192093","11.6183462142944","2018",,,,,,,,,,,,,,,,,,,,,,,,,,,,,,,,,,"0"
"5749","40.25",0.75,"0.405000001192093",NA,"1995",,,,,,,,,,,,,,,,,,,,,,,,,,,,,,,,,,"0"
"5750","40.25",0.75,"0.405000001192093","6.98323154449463","2014",,,,,,,,,,,,,,,,,,,,,,,,,,,,,,,,,,"0"
"5751","40.25",0.75,"0.405000001192093",NA,"1989",,,,,,,,,,,,,,,,,,,,,,,,,,,,,,,,,,"0"
"5752","40.25",0.75,"0.405000001192093","5.87238883972168","2017",,,,,,,,,,,,,,,,,,,,,,,,,,,,,,,,,,"0"
"5753","40.25",0.75,"0.405000001192093","8.78596878051758","2008",,,,,,,,,,,,,,,,,,,,,,,,,,,,,,,,,,"0"
"5754","40.25",0.75,"0.405000001192093","12.5540571212769","2002",,,,,,,,,,,,,,,,,,,,,,,,,,,,,,,,,,"0"
"5755","40.25",0.75,"0.405000001192093","10.0053691864014","2019",,,,,,,,,,,,,,,,,,,,,,,,,,,,,,,,,,"0"
"5756","40.25",0.75,"0.405000001192093","7.97720623016357","2001",,,,,,,,,,,,,,,,,,,,,,,,,,,,,,,,,,"0"
"5757","40.25",0.75,"0.405000001192093","9.1759786605835","2009",,,,,,,,,,,,,,,,,,,,,,,,,,,,,,,,,,"0"
"5758","40.25",0.75,"0.405000001192093","9.93004989624023","2011",,,,,,,,,,,,,,,,,,,,,,,,,,,,,,,,,,"0"
"5759","40.25",0.75,"0.405000001192093",NA,"1992",,,,,,,,,,,,,,,,,,,,,,,,,,,,,,,,,,"0"
"5760","40.25",0.75,"0.405000001192093",NA,"2020",,,,,,,,,,,,,,,,,,,,,,,,,,,,,,,,,,"0"
"5761","40.25",1.25,"0.405000001192093","10.3347902297974","2011",,,,,,,,,,,,,,,,,,,,,,,,,,,,,,,,,,"0"
"5762","40.25",1.25,"0.405000001192093",NA,"1985",,,,,,,,,,,,,,,,,,,,,,,,,,,,,,,,,,"0"
"5763","40.25",1.25,"0.405000001192093","6.88877010345459","2001",,,,,,,,,,,,,,,,,,,,,,,,,,,,,,,,,,"0"
"5764","40.25",1.25,"0.405000001192093","10.97292137146","2006",,,,,,,,,,,,,,,,,,,,,,,,,,,,,,,,,,"0"
"5765","40.25",1.25,"0.405000001192093",NA,"1995",,,,,,,,,,,,,,,,,,,,,,,,,,,,,,,,,,"0"
"5766","40.25",1.25,"0.405000001192093","11.8283004760742","2002",,,,,,,,,,,,,,,,,,,,,,,,,,,,,,,,,,"0"
"5767","40.25",1.25,"0.405000001192093","9.75920486450195","2010",,,,,,,,,,,,,,,,,,,,,,,,,,,,,,,,,,"0"
"5768","40.25",1.25,"0.405000001192093","9.56792068481445","2018",,,,,,,,,,,,,,,,,,,,,,,,,,,,,,,,,,"0"
"5769","40.25",1.25,"0.405000001192093","7.45311880111694","2000",,,,,,,,,,,,,,,,,,,,,,,,,,,,,,,,,,"0"
"5770","40.25",1.25,"0.405000001192093",NA,"1990",,,,,,,,,,,,,,,,,,,,,,,,,,,,,,,,,,"0"
"5771","40.25",1.25,"0.405000001192093",NA,"1994",,,,,,,,,,,,,,,,,,,,,,,,,,,,,,,,,,"0"
"5772","40.25",1.25,"0.405000001192093","7.30255603790283","2015",,,,,,,,,,,,,,,,,,,,,,,,,,,,,,,,,,"0"
"5773","40.25",1.25,"0.405000001192093","7.84490346908569","2009",,,,,,,,,,,,,,,,,,,,,,,,,,,,,,,,,,"0"
"5774","40.25",1.25,"0.405000001192093","5.862548828125","2005",,,,,,,,,,,,,,,,,,,,,,,,,,,,,,,,,,"0"
"5775","40.25",1.25,"0.405000001192093",NA,"1986",,,,,,,,,,,,,,,,,,,,,,,,,,,,,,,,,,"0"
"5776","40.25",1.25,"0.405000001192093",NA,"2020",,,,,,,,,,,,,,,,,,,,,,,,,,,,,,,,,,"0"
"5777","40.25",1.25,"0.405000001192093","10.2305593490601","2003",,,,,,,,,,,,,,,,,,,,,,,,,,,,,,,,,,"0"
"5778","40.25",1.25,"0.405000001192093","7.34460020065308","2016",,,,,,,,,,,,,,,,,,,,,,,,,,,,,,,,,,"0"
"5779","40.25",1.25,"0.405000001192093",NA,"1992",,,,,,,,,,,,,,,,,,,,,,,,,,,,,,,,,,"0"
"5780","40.25",1.25,"0.405000001192093",NA,"1988",,,,,,,,,,,,,,,,,,,,,,,,,,,,,,,,,,"0"
"5781","40.25",1.25,"0.405000001192093","9.02528381347656","2013",,,,,,,,,,,,,,,,,,,,,,,,,,,,,,,,,,"0"
"5782","40.25",1.25,"0.405000001192093","4.95873403549194","2017",,,,,,,,,,,,,,,,,,,,,,,,,,,,,,,,,,"0"
"5783","40.25",1.25,"0.405000001192093","8.58317565917969","2008",,,,,,,,,,,,,,,,,,,,,,,,,,,,,,,,,,"0"
"5784","40.25",1.25,"0.405000001192093","7.69405126571655","2012",,,,,,,,,,,,,,,,,,,,,,,,,,,,,,,,,,"0"
"5785","40.25",1.25,"0.405000001192093","5.07085371017456","2014",,,,,,,,,,,,,,,,,,,,,,,,,,,,,,,,,,"0"
"5786","40.25",1.25,"0.405000001192093",NA,"1991",,,,,,,,,,,,,,,,,,,,,,,,,,,,,,,,,,"0"
"5787","40.25",1.25,"0.405000001192093",NA,"1998",,,,,,,,,,,,,,,,,,,,,,,,,,,,,,,,,,"0"
"5788","40.25",1.25,"0.405000001192093","10.9149169921875","2007",,,,,,,,,,,,,,,,,,,,,,,,,,,,,,,,,,"0"
"5789","40.25",1.25,"0.405000001192093",NA,"1996",,,,,,,,,,,,,,,,,,,,,,,,,,,,,,,,,,"0"
"5790","40.25",1.25,"0.405000001192093",NA,"1997",,,,,,,,,,,,,,,,,,,,,,,,,,,,,,,,,,"0"
"5791","40.25",1.25,"0.405000001192093",NA,"1989",,,,,,,,,,,,,,,,,,,,,,,,,,,,,,,,,,"0"
"5792","40.25",1.25,"0.405000001192093","9.84854125976562","2019",,,,,,,,,,,,,,,,,,,,,,,,,,,,,,,,,,"0"
"5793","40.25",1.25,"0.405000001192093",NA,"1987",,,,,,,,,,,,,,,,,,,,,,,,,,,,,,,,,,"0"
"5794","40.25",1.25,"0.405000001192093","8.54787445068359","1999",,,,,,,,,,,,,,,,,,,,,,,,,,,,,,,,,,"0"
"5795","40.25",1.25,"0.405000001192093",NA,"1993",,,,,,,,,,,,,,,,,,,,,,,,,,,,,,,,,,"0"
"5796","40.25",1.25,"0.405000001192093","10.4359045028687","2004",,,,,,,,,,,,,,,,,,,,,,,,,,,,,,,,,,"0"
"5797","40.25",1.75,"0.405000001192093",NA,"1996",,,,,,,,,,,,,,,,,,,,,,,,,,,,,,,,,,"0"
"5798","40.25",1.75,"0.405000001192093","8.80229759216309","2009",,,,,,,,,,,,,,,,,,,,,,,,,,,,,,,,,,"0"
"5799","40.25",1.75,"0.405000001192093",NA,"1989",,,,,,,,,,,,,,,,,,,,,,,,,,,,,,,,,,"0"
"5800","40.25",1.75,"0.405000001192093","11.3046245574951","2019",,,,,,,,,,,,,,,,,,,,,,,,,,,,,,,,,,"0"
"5801","40.25",1.75,"0.405000001192093","9.69178295135498","2002",,,,,,,,,,,,,,,,,,,,,,,,,,,,,,,,,,"0"
"5802","40.25",1.75,"0.405000001192093","11.0050268173218","2006",,,,,,,,,,,,,,,,,,,,,,,,,,,,,,,,,,"0"
"5803","40.25",1.75,"0.405000001192093","10.5144567489624","2004",,,,,,,,,,,,,,,,,,,,,,,,,,,,,,,,,,"0"
"5804","40.25",1.75,"0.405000001192093",NA,"1986",,,,,,,,,,,,,,,,,,,,,,,,,,,,,,,,,,"0"
"5805","40.25",1.75,"0.405000001192093",NA,"1995",,,,,,,,,,,,,,,,,,,,,,,,,,,,,,,,,,"0"
"5806","40.25",1.75,"0.405000001192093",NA,"1992",,,,,,,,,,,,,,,,,,,,,,,,,,,,,,,,,,"0"
"5807","40.25",1.75,"0.405000001192093","9.95254325866699","2013",,,,,,,,,,,,,,,,,,,,,,,,,,,,,,,,,,"0"
"5808","40.25",1.75,"0.405000001192093","9.50894737243652","1999",,,,,,,,,,,,,,,,,,,,,,,,,,,,,,,,,,"0"
"5809","40.25",1.75,"0.405000001192093",NA,"1994",,,,,,,,,,,,,,,,,,,,,,,,,,,,,,,,,,"0"
"5810","40.25",1.75,"0.405000001192093",NA,"1998",,,,,,,,,,,,,,,,,,,,,,,,,,,,,,,,,,"0"
"5811","40.25",1.75,"0.405000001192093",NA,"1988",,,,,,,,,,,,,,,,,,,,,,,,,,,,,,,,,,"0"
"5812","40.25",1.75,"0.405000001192093","10.2497682571411","2003",,,,,,,,,,,,,,,,,,,,,,,,,,,,,,,,,,"0"
"5813","40.25",1.75,"0.405000001192093",NA,"1985",,,,,,,,,,,,,,,,,,,,,,,,,,,,,,,,,,"0"
"5814","40.25",1.75,"0.405000001192093","7.38332176208496","2000",,,,,,,,,,,,,,,,,,,,,,,,,,,,,,,,,,"0"
"5815","40.25",1.75,"0.405000001192093","11.5122451782227","2012",,,,,,,,,,,,,,,,,,,,,,,,,,,,,,,,,,"0"
"5816","40.25",1.75,"0.405000001192093",NA,"1987",,,,,,,,,,,,,,,,,,,,,,,,,,,,,,,,,,"0"
"5817","40.25",1.75,"0.405000001192093",NA,"1990",,,,,,,,,,,,,,,,,,,,,,,,,,,,,,,,,,"0"
"5818","40.25",1.75,"0.405000001192093","10.044976234436","2010",,,,,,,,,,,,,,,,,,,,,,,,,,,,,,,,,,"0"
"5819","40.25",1.75,"0.405000001192093",NA,"2020",,,,,,,,,,,,,,,,,,,,,,,,,,,,,,,,,,"0"
"5820","40.25",1.75,"0.405000001192093","7.62708377838135","2001",,,,,,,,,,,,,,,,,,,,,,,,,,,,,,,,,,"0"
"5821","40.25",1.75,"0.405000001192093","8.69641304016113","2015",,,,,,,,,,,,,,,,,,,,,,,,,,,,,,,,,,"0"
"5822","40.25",1.75,"0.405000001192093",NA,"1997",,,,,,,,,,,,,,,,,,,,,,,,,,,,,,,,,,"0"
"5823","40.25",1.75,"0.405000001192093","6.98181581497192","2005",,,,,,,,,,,,,,,,,,,,,,,,,,,,,,,,,,"0"
"5824","40.25",1.75,"0.405000001192093",NA,"1993",,,,,,,,,,,,,,,,,,,,,,,,,,,,,,,,,,"0"
"5825","40.25",1.75,"0.405000001192093","6.83547878265381","2016",,,,,,,,,,,,,,,,,,,,,,,,,,,,,,,,,,"0"
"5826","40.25",1.75,"0.405000001192093","7.32793188095093","2017",,,,,,,,,,,,,,,,,,,,,,,,,,,,,,,,,,"0"
"5827","40.25",1.75,"0.405000001192093","11.4068412780762","2011",,,,,,,,,,,,,,,,,,,,,,,,,,,,,,,,,,"0"
"5828","40.25",1.75,"0.405000001192093",NA,"1991",,,,,,,,,,,,,,,,,,,,,,,,,,,,,,,,,,"0"
"5829","40.25",1.75,"0.405000001192093","11.9799518585205","2007",,,,,,,,,,,,,,,,,,,,,,,,,,,,,,,,,,"0"
"5830","40.25",1.75,"0.405000001192093","10.8966588973999","2008",,,,,,,,,,,,,,,,,,,,,,,,,,,,,,,,,,"0"
"5831","40.25",1.75,"0.405000001192093","12.7551736831665","2018",,,,,,,,,,,,,,,,,,,,,,,,,,,,,,,,,,"0"
"5832","40.25",1.75,"0.405000001192093","6.71786451339722","2014",,,,,,,,,,,,,,,,,,,,,,,,,,,,,,,,,,"0"
"5833","40.25",2.25,"0.405000001192093","10.0721578598022","2001",,,,,,,,,,,,,,,,,,,,,,,,,,,,,,,,,,"0"
"5834","40.25",2.25,"0.405000001192093","16.4742393493652","2012",,,,,,,,,,,,,,,,,,,,,,,,,,,,,,,,,,"0"
"5835","40.25",2.25,"0.405000001192093",NA,"1997",,,,,,,,,,,,,,,,,,,,,,,,,,,,,,,,,,"0"
"5836","40.25",2.25,"0.405000001192093",NA,"2020",,,,,,,,,,,,,,,,,,,,,,,,,,,,,,,,,,"0"
"5837","40.25",2.25,"0.405000001192093","13.3727807998657","1999",,,,,,,,,,,,,,,,,,,,,,,,,,,,,,,,,,"0"
"5838","40.25",2.25,"0.405000001192093",NA,"1994",,,,,,,,,,,,,,,,,,,,,,,,,,,,,,,,,,"0"
"5839","40.25",2.25,"0.405000001192093",NA,"1995",,,,,,,,,,,,,,,,,,,,,,,,,,,,,,,,,,"0"
"5840","40.25",2.25,"0.405000001192093","7.62711715698242","2005",,,,,,,,,,,,,,,,,,,,,,,,,,,,,,,,,,"0"
"5841","40.25",2.25,"0.405000001192093",NA,"1998",,,,,,,,,,,,,,,,,,,,,,,,,,,,,,,,,,"0"
"5842","40.25",2.25,"0.405000001192093","10.7640743255615","2017",,,,,,,,,,,,,,,,,,,,,,,,,,,,,,,,,,"0"
"5843","40.25",2.25,"0.405000001192093","11.6289100646973","2003",,,,,,,,,,,,,,,,,,,,,,,,,,,,,,,,,,"0"
"5844","40.25",2.25,"0.405000001192093","14.8065128326416","2008",,,,,,,,,,,,,,,,,,,,,,,,,,,,,,,,,,"0"
"5845","40.25",2.25,"0.405000001192093",NA,"1986",,,,,,,,,,,,,,,,,,,,,,,,,,,,,,,,,,"0"
"5846","40.25",2.25,"0.405000001192093","11.9038772583008","2009",,,,,,,,,,,,,,,,,,,,,,,,,,,,,,,,,,"0"
"5847","40.25",2.25,"0.405000001192093","17.2160797119141","2019",,,,,,,,,,,,,,,,,,,,,,,,,,,,,,,,,,"0"
"5848","40.25",2.25,"0.405000001192093",NA,"1990",,,,,,,,,,,,,,,,,,,,,,,,,,,,,,,,,,"0"
"5849","40.25",2.25,"0.405000001192093",NA,"1993",,,,,,,,,,,,,,,,,,,,,,,,,,,,,,,,,,"0"
"5850","40.25",2.25,"0.405000001192093","10.0255527496338","2000",,,,,,,,,,,,,,,,,,,,,,,,,,,,,,,,,,"0"
"5851","40.25",2.25,"0.405000001192093",NA,"1996",,,,,,,,,,,,,,,,,,,,,,,,,,,,,,,,,,"0"
"5852","40.25",2.25,"0.405000001192093",NA,"1988",,,,,,,,,,,,,,,,,,,,,,,,,,,,,,,,,,"0"
"5853","40.25",2.25,"0.405000001192093","12.8271379470825","2002",,,,,,,,,,,,,,,,,,,,,,,,,,,,,,,,,,"0"
"5854","40.25",2.25,"0.405000001192093",NA,"1987",,,,,,,,,,,,,,,,,,,,,,,,,,,,,,,,,,"0"
"5855","40.25",2.25,"0.405000001192093","11.5485048294067","2016",,,,,,,,,,,,,,,,,,,,,,,,,,,,,,,,,,"0"
"5856","40.25",2.25,"0.405000001192093","16.0539665222168","2013",,,,,,,,,,,,,,,,,,,,,,,,,,,,,,,,,,"0"
"5857","40.25",2.25,"0.405000001192093",NA,"1985",,,,,,,,,,,,,,,,,,,,,,,,,,,,,,,,,,"0"
"5858","40.25",2.25,"0.405000001192093","16.1346607208252","2007",,,,,,,,,,,,,,,,,,,,,,,,,,,,,,,,,,"0"
"5859","40.25",2.25,"0.405000001192093","9.34310245513916","2014",,,,,,,,,,,,,,,,,,,,,,,,,,,,,,,,,,"0"
"5860","40.25",2.25,"0.405000001192093",NA,"1991",,,,,,,,,,,,,,,,,,,,,,,,,,,,,,,,,,"0"
"5861","40.25",2.25,"0.405000001192093","13.4808912277222","2015",,,,,,,,,,,,,,,,,,,,,,,,,,,,,,,,,,"0"
"5862","40.25",2.25,"0.405000001192093","14.4751949310303","2011",,,,,,,,,,,,,,,,,,,,,,,,,,,,,,,,,,"0"
"5863","40.25",2.25,"0.405000001192093","14.8589611053467","2006",,,,,,,,,,,,,,,,,,,,,,,,,,,,,,,,,,"0"
"5864","40.25",2.25,"0.405000001192093",NA,"1989",,,,,,,,,,,,,,,,,,,,,,,,,,,,,,,,,,"0"
"5865","40.25",2.25,"0.405000001192093","20.1150245666504","2018",,,,,,,,,,,,,,,,,,,,,,,,,,,,,,,,,,"0"
"5866","40.25",2.25,"0.405000001192093","12.8751020431519","2010",,,,,,,,,,,,,,,,,,,,,,,,,,,,,,,,,,"0"
"5867","40.25",2.25,"0.405000001192093","10.9807138442993","2004",,,,,,,,,,,,,,,,,,,,,,,,,,,,,,,,,,"0"
"5868","40.25",2.25,"0.405000001192093",NA,"1992",,,,,,,,,,,,,,,,,,,,,,,,,,,,,,,,,,"0"
"5869","40.25",2.75,"0.405000001192093","14.4582853317261","2015",,,,,,,,,,,,,,,,,,,,,,,,,,,,,,,,,,"0"
"5870","40.25",2.75,"0.405000001192093","13.7385902404785","1999",,,,,,,,,,,,,,,,,,,,,,,,,,,,,,,,,,"0"
"5871","40.25",2.75,"0.405000001192093",NA,"1992",,,,,,,,,,,,,,,,,,,,,,,,,,,,,,,,,,"0"
"5872","40.25",2.75,"0.405000001192093",NA,"2020",,,,,,,,,,,,,,,,,,,,,,,,,,,,,,,,,,"0"
"5873","40.25",2.75,"0.405000001192093",NA,"1988",,,,,,,,,,,,,,,,,,,,,,,,,,,,,,,,,,"0"
"5874","40.25",2.75,"0.405000001192093","20.779842376709","2018",,,,,,,,,,,,,,,,,,,,,,,,,,,,,,,,,,"0"
"5875","40.25",2.75,"0.405000001192093","13.4677352905273","2008",,,,,,,,,,,,,,,,,,,,,,,,,,,,,,,,,,"0"
"5876","40.25",2.75,"0.405000001192093","16.2594833374023","2007",,,,,,,,,,,,,,,,,,,,,,,,,,,,,,,,,,"0"
"5877","40.25",2.75,"0.405000001192093","13.1514520645142","2016",,,,,,,,,,,,,,,,,,,,,,,,,,,,,,,,,,"0"
"5878","40.25",2.75,"0.405000001192093","11.6488637924194","2004",,,,,,,,,,,,,,,,,,,,,,,,,,,,,,,,,,"0"
"5879","40.25",2.75,"0.405000001192093","8.01734924316406","2005",,,,,,,,,,,,,,,,,,,,,,,,,,,,,,,,,,"0"
"5880","40.25",2.75,"0.405000001192093",NA,"1994",,,,,,,,,,,,,,,,,,,,,,,,,,,,,,,,,,"0"
"5881","40.25",2.75,"0.405000001192093","11.8913431167603","2010",,,,,,,,,,,,,,,,,,,,,,,,,,,,,,,,,,"0"
"5882","40.25",2.75,"0.405000001192093","10.5986480712891","2001",,,,,,,,,,,,,,,,,,,,,,,,,,,,,,,,,,"0"
"5883","40.25",2.75,"0.405000001192093",NA,"1989",,,,,,,,,,,,,,,,,,,,,,,,,,,,,,,,,,"0"
"5884","40.25",2.75,"0.405000001192093","18.7899055480957","2019",,,,,,,,,,,,,,,,,,,,,,,,,,,,,,,,,,"0"
"5885","40.25",2.75,"0.405000001192093","14.2849798202515","2011",,,,,,,,,,,,,,,,,,,,,,,,,,,,,,,,,,"0"
"5886","40.25",2.75,"0.405000001192093",NA,"1998",,,,,,,,,,,,,,,,,,,,,,,,,,,,,,,,,,"0"
"5887","40.25",2.75,"0.405000001192093","10.4259662628174","2014",,,,,,,,,,,,,,,,,,,,,,,,,,,,,,,,,,"0"
"5888","40.25",2.75,"0.405000001192093","17.7818355560303","2013",,,,,,,,,,,,,,,,,,,,,,,,,,,,,,,,,,"0"
"5889","40.25",2.75,"0.405000001192093","9.483154296875","2000",,,,,,,,,,,,,,,,,,,,,,,,,,,,,,,,,,"0"
"5890","40.25",2.75,"0.405000001192093",NA,"1993",,,,,,,,,,,,,,,,,,,,,,,,,,,,,,,,,,"0"
"5891","40.25",2.75,"0.405000001192093",NA,"1995",,,,,,,,,,,,,,,,,,,,,,,,,,,,,,,,,,"0"
"5892","40.25",2.75,"0.405000001192093",NA,"1990",,,,,,,,,,,,,,,,,,,,,,,,,,,,,,,,,,"0"
"5893","40.25",2.75,"0.405000001192093","17.5735282897949","2012",,,,,,,,,,,,,,,,,,,,,,,,,,,,,,,,,,"0"
"5894","40.25",2.75,"0.405000001192093",NA,"1987",,,,,,,,,,,,,,,,,,,,,,,,,,,,,,,,,,"0"
"5895","40.25",2.75,"0.405000001192093","10.623706817627","2009",,,,,,,,,,,,,,,,,,,,,,,,,,,,,,,,,,"0"
"5896","40.25",2.75,"0.405000001192093","11.5345706939697","2003",,,,,,,,,,,,,,,,,,,,,,,,,,,,,,,,,,"0"
"5897","40.25",2.75,"0.405000001192093",NA,"1986",,,,,,,,,,,,,,,,,,,,,,,,,,,,,,,,,,"0"
"5898","40.25",2.75,"0.405000001192093",NA,"1997",,,,,,,,,,,,,,,,,,,,,,,,,,,,,,,,,,"0"
"5899","40.25",2.75,"0.405000001192093","15.8482456207275","2006",,,,,,,,,,,,,,,,,,,,,,,,,,,,,,,,,,"0"
"5900","40.25",2.75,"0.405000001192093",NA,"1991",,,,,,,,,,,,,,,,,,,,,,,,,,,,,,,,,,"0"
"5901","40.25",2.75,"0.405000001192093","14.3860578536987","2002",,,,,,,,,,,,,,,,,,,,,,,,,,,,,,,,,,"0"
"5902","40.25",2.75,"0.405000001192093","10.4109401702881","2017",,,,,,,,,,,,,,,,,,,,,,,,,,,,,,,,,,"0"
"5903","40.25",2.75,"0.405000001192093",NA,"1985",,,,,,,,,,,,,,,,,,,,,,,,,,,,,,,,,,"0"
"5904","40.25",2.75,"0.405000001192093",NA,"1996",,,,,,,,,,,,,,,,,,,,,,,,,,,,,,,,,,"0"
"5905","40.25",3.25,"0.405000001192093","14.0095119476318","2017",,,,,,,,,,,,,,,,,,,,,,,,,,,,,,,,,,"0"
"5906","40.25",3.25,"0.405000001192093","13.5630559921265","2016",,,,,,,,,,,,,,,,,,,,,,,,,,,,,,,,,,"0"
"5907","40.25",3.25,"0.405000001192093",NA,"1998",,,,,,,,,,,,,,,,,,,,,,,,,,,,,,,,,,"0"
"5908","40.25",3.25,"0.405000001192093","13.8154544830322","2004",,,,,,,,,,,,,,,,,,,,,,,,,,,,,,,,,,"0"
"5909","40.25",3.25,"0.405000001192093","15.6488761901855","2003",,,,,,,,,,,,,,,,,,,,,,,,,,,,,,,,,,"0"
"5910","40.25",3.25,"0.405000001192093",NA,"1990",,,,,,,,,,,,,,,,,,,,,,,,,,,,,,,,,,"0"
"5911","40.25",3.25,"0.405000001192093","13.8690462112427","2000",,,,,,,,,,,,,,,,,,,,,,,,,,,,,,,,,,"0"
"5912","40.25",3.25,"0.405000001192093","14.6660432815552","2010",,,,,,,,,,,,,,,,,,,,,,,,,,,,,,,,,,"0"
"5913","40.25",3.25,"0.405000001192093","11.7887601852417","2001",,,,,,,,,,,,,,,,,,,,,,,,,,,,,,,,,,"0"
"5914","40.25",3.25,"0.405000001192093",NA,"1995",,,,,,,,,,,,,,,,,,,,,,,,,,,,,,,,,,"0"
"5915","40.25",3.25,"0.405000001192093","22.8789405822754","2019",,,,,,,,,,,,,,,,,,,,,,,,,,,,,,,,,,"0"
"5916","40.25",3.25,"0.405000001192093","12.7557697296143","2009",,,,,,,,,,,,,,,,,,,,,,,,,,,,,,,,,,"0"
"5917","40.25",3.25,"0.405000001192093","18.2706546783447","2006",,,,,,,,,,,,,,,,,,,,,,,,,,,,,,,,,,"0"
"5918","40.25",3.25,"0.405000001192093","17.9759254455566","1999",,,,,,,,,,,,,,,,,,,,,,,,,,,,,,,,,,"0"
"5919","40.25",3.25,"0.405000001192093","20.0343494415283","2013",,,,,,,,,,,,,,,,,,,,,,,,,,,,,,,,,,"0"
"5920","40.25",3.25,"0.405000001192093",NA,"1989",,,,,,,,,,,,,,,,,,,,,,,,,,,,,,,,,,"0"
"5921","40.25",3.25,"0.405000001192093",NA,"2020",,,,,,,,,,,,,,,,,,,,,,,,,,,,,,,,,,"0"
"5922","40.25",3.25,"0.405000001192093","14.3274040222168","2002",,,,,,,,,,,,,,,,,,,,,,,,,,,,,,,,,,"0"
"5923","40.25",3.25,"0.405000001192093","20.6860446929932","2007",,,,,,,,,,,,,,,,,,,,,,,,,,,,,,,,,,"0"
"5924","40.25",3.25,"0.405000001192093",NA,"1993",,,,,,,,,,,,,,,,,,,,,,,,,,,,,,,,,,"0"
"5925","40.25",3.25,"0.405000001192093",NA,"1994",,,,,,,,,,,,,,,,,,,,,,,,,,,,,,,,,,"0"
"5926","40.25",3.25,"0.405000001192093",NA,"1987",,,,,,,,,,,,,,,,,,,,,,,,,,,,,,,,,,"0"
"5927","40.25",3.25,"0.405000001192093","16.5762176513672","2015",,,,,,,,,,,,,,,,,,,,,,,,,,,,,,,,,,"0"
"5928","40.25",3.25,"0.405000001192093",NA,"1992",,,,,,,,,,,,,,,,,,,,,,,,,,,,,,,,,,"0"
"5929","40.25",3.25,"0.405000001192093","15.2370662689209","2008",,,,,,,,,,,,,,,,,,,,,,,,,,,,,,,,,,"0"
"5930","40.25",3.25,"0.405000001192093",NA,"1997",,,,,,,,,,,,,,,,,,,,,,,,,,,,,,,,,,"0"
"5931","40.25",3.25,"0.405000001192093",NA,"1986",,,,,,,,,,,,,,,,,,,,,,,,,,,,,,,,,,"0"
"5932","40.25",3.25,"0.405000001192093",NA,"1996",,,,,,,,,,,,,,,,,,,,,,,,,,,,,,,,,,"0"
"5933","40.25",3.25,"0.405000001192093","15.522421836853","2014",,,,,,,,,,,,,,,,,,,,,,,,,,,,,,,,,,"0"
"5934","40.25",3.25,"0.405000001192093",NA,"1985",,,,,,,,,,,,,,,,,,,,,,,,,,,,,,,,,,"0"
"5935","40.25",3.25,"0.405000001192093",NA,"1988",,,,,,,,,,,,,,,,,,,,,,,,,,,,,,,,,,"0"
"5936","40.25",3.25,"0.405000001192093","16.4013500213623","2011",,,,,,,,,,,,,,,,,,,,,,,,,,,,,,,,,,"0"
"5937","40.25",3.25,"0.405000001192093","11.9469537734985","2005",,,,,,,,,,,,,,,,,,,,,,,,,,,,,,,,,,"0"
"5938","40.25",3.25,"0.405000001192093","23.2914276123047","2018",,,,,,,,,,,,,,,,,,,,,,,,,,,,,,,,,,"0"
"5939","40.25",3.25,"0.405000001192093","20.8870086669922","2012",,,,,,,,,,,,,,,,,,,,,,,,,,,,,,,,,,"0"
"5940","40.25",3.25,"0.405000001192093",NA,"1991",,,,,,,,,,,,,,,,,,,,,,,,,,,,,,,,,,"0"
"5941","40.25",3.75,"0.405000001192093","29.3346633911133","2018",,,,,,,,,,,,,,,,,,,,,,,,,,,,,,,,,,"0"
"5942","40.25",3.75,"0.405000001192093","18.0799770355225","2011",,,,,,,,,,,,,,,,,,,,,,,,,,,,,,,,,,"0"
"5943","40.25",3.75,"0.405000001192093","23.7826480865479","2015",,,,,,,,,,,,,,,,,,,,,,,,,,,,,,,,,,"0"
"5944","40.25",3.75,"0.405000001192093",NA,"1985",,,,,,,,,,,,,,,,,,,,,,,,,,,,,,,,,,"0"
"5945","40.25",3.75,"0.405000001192093",NA,"1998",,,,,,,,,,,,,,,,,,,,,,,,,,,,,,,,,,"0"
"5946","40.25",3.75,"0.405000001192093","20.159984588623","2005",,,,,,,,,,,,,,,,,,,,,,,,,,,,,,,,,,"0"
"5947","40.25",3.75,"0.405000001192093","22.3012199401855","2014",,,,,,,,,,,,,,,,,,,,,,,,,,,,,,,,,,"0"
"5948","40.25",3.75,"0.405000001192093",NA,"1997",,,,,,,,,,,,,,,,,,,,,,,,,,,,,,,,,,"0"
"5949","40.25",3.75,"0.405000001192093",NA,"1990",,,,,,,,,,,,,,,,,,,,,,,,,,,,,,,,,,"0"
"5950","40.25",3.75,"0.405000001192093",NA,"1991",,,,,,,,,,,,,,,,,,,,,,,,,,,,,,,,,,"0"
"5951","40.25",3.75,"0.405000001192093","18.4122047424316","2009",,,,,,,,,,,,,,,,,,,,,,,,,,,,,,,,,,"0"
"5952","40.25",3.75,"0.405000001192093","21.69313621521","2004",,,,,,,,,,,,,,,,,,,,,,,,,,,,,,,,,,"0"
"5953","40.25",3.75,"0.405000001192093","16.2529563903809","2001",,,,,,,,,,,,,,,,,,,,,,,,,,,,,,,,,,"0"
"5954","40.25",3.75,"0.405000001192093",NA,"1992",,,,,,,,,,,,,,,,,,,,,,,,,,,,,,,,,,"0"
"5955","40.25",3.75,"0.405000001192093",NA,"1988",,,,,,,,,,,,,,,,,,,,,,,,,,,,,,,,,,"0"
"5956","40.25",3.75,"0.405000001192093",NA,"1987",,,,,,,,,,,,,,,,,,,,,,,,,,,,,,,,,,"0"
"5957","40.25",3.75,"0.405000001192093","26.6854209899902","2013",,,,,,,,,,,,,,,,,,,,,,,,,,,,,,,,,,"0"
"5958","40.25",3.75,"0.405000001192093","20.8335933685303","2003",,,,,,,,,,,,,,,,,,,,,,,,,,,,,,,,,,"0"
"5959","40.25",3.75,"0.405000001192093",NA,"1989",,,,,,,,,,,,,,,,,,,,,,,,,,,,,,,,,,"0"
"5960","40.25",3.75,"0.405000001192093",NA,"2020",,,,,,,,,,,,,,,,,,,,,,,,,,,,,,,,,,"0"
"5961","40.25",3.75,"0.405000001192093","21.9664306640625","2016",,,,,,,,,,,,,,,,,,,,,,,,,,,,,,,,,,"0"
"5962","40.25",3.75,"0.405000001192093",NA,"1993",,,,,,,,,,,,,,,,,,,,,,,,,,,,,,,,,,"0"
"5963","40.25",3.75,"0.405000001192093","20.9526519775391","2010",,,,,,,,,,,,,,,,,,,,,,,,,,,,,,,,,,"0"
"5964","40.25",3.75,"0.405000001192093","28.1493892669678","2019",,,,,,,,,,,,,,,,,,,,,,,,,,,,,,,,,,"0"
"5965","40.25",3.75,"0.405000001192093",NA,"1996",,,,,,,,,,,,,,,,,,,,,,,,,,,,,,,,,,"0"
"5966","40.25",3.75,"0.405000001192093",NA,"1986",,,,,,,,,,,,,,,,,,,,,,,,,,,,,,,,,,"0"
"5967","40.25",3.75,"0.405000001192093","25.5149631500244","2012",,,,,,,,,,,,,,,,,,,,,,,,,,,,,,,,,,"0"
"5968","40.25",3.75,"0.405000001192093","20.2405452728271","2000",,,,,,,,,,,,,,,,,,,,,,,,,,,,,,,,,,"0"
"5969","40.25",3.75,"0.405000001192093",NA,"1995",,,,,,,,,,,,,,,,,,,,,,,,,,,,,,,,,,"0"
"5970","40.25",3.75,"0.405000001192093","22.1902809143066","1999",,,,,,,,,,,,,,,,,,,,,,,,,,,,,,,,,,"0"
"5971","40.25",3.75,"0.405000001192093","24.3796634674072","2007",,,,,,,,,,,,,,,,,,,,,,,,,,,,,,,,,,"0"
"5972","40.25",3.75,"0.405000001192093","23.0621585845947","2006",,,,,,,,,,,,,,,,,,,,,,,,,,,,,,,,,,"0"
"5973","40.25",3.75,"0.405000001192093","21.9203758239746","2017",,,,,,,,,,,,,,,,,,,,,,,,,,,,,,,,,,"0"
"5974","40.25",3.75,"0.405000001192093",NA,"1994",,,,,,,,,,,,,,,,,,,,,,,,,,,,,,,,,,"0"
"5975","40.25",3.75,"0.405000001192093","21.3485507965088","2008",,,,,,,,,,,,,,,,,,,,,,,,,,,,,,,,,,"0"
"5976","40.25",3.75,"0.405000001192093","18.6206607818604","2002",,,,,,,,,,,,,,,,,,,,,,,,,,,,,,,,,,"0"
"5977","40.75",-2.25,"0.405000001192093","61.1733283996582","2018",,,,,,,,,,,,,,,,,,,,,,,,,,,,,,,,,,"0"
"5978","40.75",-2.25,"0.405000001192093",NA,"1993",,,,,,,,,,,,,,,,,,,,,,,,,,,,,,,,,,"0"
"5979","40.75",-2.25,"0.405000001192093","55.1691436767578","2004",,,,,,,,,,,,,,,,,,,,,,,,,,,,,,,,,,"0"
"5980","40.75",-2.25,"0.405000001192093","52.905086517334","2015",,,,,,,,,,,,,,,,,,,,,,,,,,,,,,,,,,"0"
"5981","40.75",-2.25,"0.405000001192093","62.181812286377","2006",,,,,,,,,,,,,,,,,,,,,,,,,,,,,,,,,,"0"
"5982","40.75",-2.25,"0.405000001192093",NA,"1985",,,,,,,,,,,,,,,,,,,,,,,,,,,,,,,,,,"0"
"5983","40.75",-2.25,"0.405000001192093","61.8238639831543","2000",,,,,,,,,,,,,,,,,,,,,,,,,,,,,,,,,,"0"
"5984","40.75",-2.25,"0.405000001192093",NA,"1995",,,,,,,,,,,,,,,,,,,,,,,,,,,,,,,,,,"0"
"5985","40.75",-2.25,"0.405000001192093","58.1364974975586","2001",,,,,,,,,,,,,,,,,,,,,,,,,,,,,,,,,,"0"
"5986","40.75",-2.25,"0.405000001192093",NA,"1990",,,,,,,,,,,,,,,,,,,,,,,,,,,,,,,,,,"0"
"5987","40.75",-2.25,"0.405000001192093",NA,"1986",,,,,,,,,,,,,,,,,,,,,,,,,,,,,,,,,,"0"
"5988","40.75",-2.25,"0.405000001192093","60.0310363769531","2019",,,,,,,,,,,,,,,,,,,,,,,,,,,,,,,,,,"0"
"5989","40.75",-2.25,"0.405000001192093","59.6838073730469","2005",,,,,,,,,,,,,,,,,,,,,,,,,,,,,,,,,,"0"
"5990","40.75",-2.25,"0.405000001192093",NA,"1997",,,,,,,,,,,,,,,,,,,,,,,,,,,,,,,,,,"0"
"5991","40.75",-2.25,"0.405000001192093",NA,"1987",,,,,,,,,,,,,,,,,,,,,,,,,,,,,,,,,,"0"
"5992","40.75",-2.25,"0.405000001192093","56.7627716064453","2003",,,,,,,,,,,,,,,,,,,,,,,,,,,,,,,,,,"0"
"5993","40.75",-2.25,"0.405000001192093","51.136116027832","2017",,,,,,,,,,,,,,,,,,,,,,,,,,,,,,,,,,"0"
"5994","40.75",-2.25,"0.405000001192093",NA,"1988",,,,,,,,,,,,,,,,,,,,,,,,,,,,,,,,,,"0"
"5995","40.75",-2.25,"0.405000001192093",NA,"1989",,,,,,,,,,,,,,,,,,,,,,,,,,,,,,,,,,"0"
"5996","40.75",-2.25,"0.405000001192093","61.4302062988281","2008",,,,,,,,,,,,,,,,,,,,,,,,,,,,,,,,,,"0"
"5997","40.75",-2.25,"0.405000001192093","58.1965827941895","2014",,,,,,,,,,,,,,,,,,,,,,,,,,,,,,,,,,"0"
"5998","40.75",-2.25,"0.405000001192093",NA,"1996",,,,,,,,,,,,,,,,,,,,,,,,,,,,,,,,,,"0"
"5999","40.75",-2.25,"0.405000001192093","49.8871879577637","2011",,,,,,,,,,,,,,,,,,,,,,,,,,,,,,,,,,"0"
"6000","40.75",-2.25,"0.405000001192093",NA,"1991",,,,,,,,,,,,,,,,,,,,,,,,,,,,,,,,,,"0"
"6001","40.75",-2.25,"0.405000001192093","57.5343704223633","2002",,,,,,,,,,,,,,,,,,,,,,,,,,,,,,,,,,"0"
"6002","40.75",-2.25,"0.405000001192093",NA,"1998",,,,,,,,,,,,,,,,,,,,,,,,,,,,,,,,,,"0"
"6003","40.75",-2.25,"0.405000001192093","61.9650459289551","2010",,,,,,,,,,,,,,,,,,,,,,,,,,,,,,,,,,"0"
"6004","40.75",-2.25,"0.405000001192093","61.4650726318359","1999",,,,,,,,,,,,,,,,,,,,,,,,,,,,,,,,,,"0"
"6005","40.75",-2.25,"0.405000001192093","53.1235046386719","2012",,,,,,,,,,,,,,,,,,,,,,,,,,,,,,,,,,"0"
"6006","40.75",-2.25,"0.405000001192093","58.132152557373","2013",,,,,,,,,,,,,,,,,,,,,,,,,,,,,,,,,,"0"
"6007","40.75",-2.25,"0.405000001192093","40.5215911865234","2016",,,,,,,,,,,,,,,,,,,,,,,,,,,,,,,,,,"0"
"6008","40.75",-2.25,"0.405000001192093","51.4932708740234","2009",,,,,,,,,,,,,,,,,,,,,,,,,,,,,,,,,,"0"
"6009","40.75",-2.25,"0.405000001192093",NA,"1994",,,,,,,,,,,,,,,,,,,,,,,,,,,,,,,,,,"0"
"6010","40.75",-2.25,"0.405000001192093","65.8079833984375","2007",,,,,,,,,,,,,,,,,,,,,,,,,,,,,,,,,,"0"
"6011","40.75",-2.25,"0.405000001192093",NA,"1992",,,,,,,,,,,,,,,,,,,,,,,,,,,,,,,,,,"0"
"6012","40.75",-2.25,"0.405000001192093",NA,"2020",,,,,,,,,,,,,,,,,,,,,,,,,,,,,,,,,,"0"
"6013","40.75",-1.75,NA,NA,"1995",,,,,,,,,,,,,,,,,,,,,,,,,,,,,,,,,,"0"
"6014","40.75",-1.75,NA,"52.8210296630859","2007",,,,,,,,,,,,,,,,,,,,,,,,,,,,,,,,,,"0"
"6015","40.75",-1.75,NA,"40.5984153747559","2011",,,,,,,,,,,,,,,,,,,,,,,,,,,,,,,,,,"0"
"6016","40.75",-1.75,NA,"47.4968452453613","2001",,,,,,,,,,,,,,,,,,,,,,,,,,,,,,,,,,"0"
"6017","40.75",-1.75,NA,NA,"1988",,,,,,,,,,,,,,,,,,,,,,,,,,,,,,,,,,"0"
"6018","40.75",-1.75,NA,"50.5545501708984","2008",,,,,,,,,,,,,,,,,,,,,,,,,,,,,,,,,,"0"
"6019","40.75",-1.75,NA,"43.9025115966797","2013",,,,,,,,,,,,,,,,,,,,,,,,,,,,,,,,,,"0"
"6020","40.75",-1.75,NA,NA,"1989",,,,,,,,,,,,,,,,,,,,,,,,,,,,,,,,,,"0"
"6021","40.75",-1.75,NA,NA,"1987",,,,,,,,,,,,,,,,,,,,,,,,,,,,,,,,,,"0"
"6022","40.75",-1.75,NA,"47.4128761291504","2005",,,,,,,,,,,,,,,,,,,,,,,,,,,,,,,,,,"0"
"6023","40.75",-1.75,NA,"39.8601303100586","2017",,,,,,,,,,,,,,,,,,,,,,,,,,,,,,,,,,"0"
"6024","40.75",-1.75,NA,NA,"1996",,,,,,,,,,,,,,,,,,,,,,,,,,,,,,,,,,"0"
"6025","40.75",-1.75,NA,NA,"1998",,,,,,,,,,,,,,,,,,,,,,,,,,,,,,,,,,"0"
"6026","40.75",-1.75,NA,"44.6838836669922","2004",,,,,,,,,,,,,,,,,,,,,,,,,,,,,,,,,,"0"
"6027","40.75",-1.75,NA,"48.9811820983887","2006",,,,,,,,,,,,,,,,,,,,,,,,,,,,,,,,,,"0"
"6028","40.75",-1.75,NA,NA,"2020",,,,,,,,,,,,,,,,,,,,,,,,,,,,,,,,,,"0"
"6029","40.75",-1.75,NA,"46.4626159667969","2014",,,,,,,,,,,,,,,,,,,,,,,,,,,,,,,,,,"0"
"6030","40.75",-1.75,NA,"49.3804817199707","2000",,,,,,,,,,,,,,,,,,,,,,,,,,,,,,,,,,"0"
"6031","40.75",-1.75,NA,NA,"1997",,,,,,,,,,,,,,,,,,,,,,,,,,,,,,,,,,"0"
"6032","40.75",-1.75,NA,NA,"1986",,,,,,,,,,,,,,,,,,,,,,,,,,,,,,,,,,"0"
"6033","40.75",-1.75,NA,NA,"1994",,,,,,,,,,,,,,,,,,,,,,,,,,,,,,,,,,"0"
"6034","40.75",-1.75,NA,NA,"1991",,,,,,,,,,,,,,,,,,,,,,,,,,,,,,,,,,"0"
"6035","40.75",-1.75,NA,"38.0618934631348","2012",,,,,,,,,,,,,,,,,,,,,,,,,,,,,,,,,,"0"
"6036","40.75",-1.75,NA,"49.9228973388672","2010",,,,,,,,,,,,,,,,,,,,,,,,,,,,,,,,,,"0"
"6037","40.75",-1.75,NA,"34.2850799560547","2016",,,,,,,,,,,,,,,,,,,,,,,,,,,,,,,,,,"0"
"6038","40.75",-1.75,NA,"42.7106895446777","2015",,,,,,,,,,,,,,,,,,,,,,,,,,,,,,,,,,"0"
"6039","40.75",-1.75,NA,"49.5035171508789","2018",,,,,,,,,,,,,,,,,,,,,,,,,,,,,,,,,,"0"
"6040","40.75",-1.75,NA,NA,"1990",,,,,,,,,,,,,,,,,,,,,,,,,,,,,,,,,,"0"
"6041","40.75",-1.75,NA,NA,"1992",,,,,,,,,,,,,,,,,,,,,,,,,,,,,,,,,,"0"
"6042","40.75",-1.75,NA,NA,"1985",,,,,,,,,,,,,,,,,,,,,,,,,,,,,,,,,,"0"
"6043","40.75",-1.75,NA,"42.7655448913574","2009",,,,,,,,,,,,,,,,,,,,,,,,,,,,,,,,,,"0"
"6044","40.75",-1.75,NA,"43.3808364868164","2003",,,,,,,,,,,,,,,,,,,,,,,,,,,,,,,,,,"0"
"6045","40.75",-1.75,NA,NA,"1993",,,,,,,,,,,,,,,,,,,,,,,,,,,,,,,,,,"0"
"6046","40.75",-1.75,NA,"45.5168113708496","2019",,,,,,,,,,,,,,,,,,,,,,,,,,,,,,,,,,"0"
"6047","40.75",-1.75,NA,"48.5957145690918","1999",,,,,,,,,,,,,,,,,,,,,,,,,,,,,,,,,,"0"
"6048","40.75",-1.75,NA,"46.3527450561523","2002",,,,,,,,,,,,,,,,,,,,,,,,,,,,,,,,,,"0"
"6049","40.75",-1.25,NA,NA,"1987",,,,,,,,,,,,,,,,,,,,,,,,,,,,,,,,,,"0"
"6050","40.75",-1.25,NA,"30.2839050292969","2006",,,,,,,,,,,,,,,,,,,,,,,,,,,,,,,,,,"0"
"6051","40.75",-1.25,NA,NA,"1991",,,,,,,,,,,,,,,,,,,,,,,,,,,,,,,,,,"0"
"6052","40.75",-1.25,NA,NA,"1992",,,,,,,,,,,,,,,,,,,,,,,,,,,,,,,,,,"0"
"6053","40.75",-1.25,NA,NA,"1994",,,,,,,,,,,,,,,,,,,,,,,,,,,,,,,,,,"0"
"6054","40.75",-1.25,NA,NA,"1995",,,,,,,,,,,,,,,,,,,,,,,,,,,,,,,,,,"0"
"6055","40.75",-1.25,NA,NA,"1985",,,,,,,,,,,,,,,,,,,,,,,,,,,,,,,,,,"0"
"6056","40.75",-1.25,NA,NA,"1996",,,,,,,,,,,,,,,,,,,,,,,,,,,,,,,,,,"0"
"6057","40.75",-1.25,NA,"28.5965614318848","2018",,,,,,,,,,,,,,,,,,,,,,,,,,,,,,,,,,"0"
"6058","40.75",-1.25,NA,"26.6777172088623","2019",,,,,,,,,,,,,,,,,,,,,,,,,,,,,,,,,,"0"
"6059","40.75",-1.25,NA,NA,"1998",,,,,,,,,,,,,,,,,,,,,,,,,,,,,,,,,,"0"
"6060","40.75",-1.25,NA,NA,"1990",,,,,,,,,,,,,,,,,,,,,,,,,,,,,,,,,,"0"
"6061","40.75",-1.25,NA,"26.4486865997314","2013",,,,,,,,,,,,,,,,,,,,,,,,,,,,,,,,,,"0"
"6062","40.75",-1.25,NA,"32.2126502990723","1999",,,,,,,,,,,,,,,,,,,,,,,,,,,,,,,,,,"0"
"6063","40.75",-1.25,NA,"26.4348793029785","2004",,,,,,,,,,,,,,,,,,,,,,,,,,,,,,,,,,"0"
"6064","40.75",-1.25,NA,"27.8834552764893","2003",,,,,,,,,,,,,,,,,,,,,,,,,,,,,,,,,,"0"
"6065","40.75",-1.25,NA,"24.5235958099365","2009",,,,,,,,,,,,,,,,,,,,,,,,,,,,,,,,,,"0"
"6066","40.75",-1.25,NA,NA,"1986",,,,,,,,,,,,,,,,,,,,,,,,,,,,,,,,,,"0"
"6067","40.75",-1.25,NA,NA,"1988",,,,,,,,,,,,,,,,,,,,,,,,,,,,,,,,,,"0"
"6068","40.75",-1.25,NA,"28.2068119049072","2001",,,,,,,,,,,,,,,,,,,,,,,,,,,,,,,,,,"0"
"6069","40.75",-1.25,NA,NA,"2020",,,,,,,,,,,,,,,,,,,,,,,,,,,,,,,,,,"0"
"6070","40.75",-1.25,NA,"31.0248775482178","2008",,,,,,,,,,,,,,,,,,,,,,,,,,,,,,,,,,"0"
"6071","40.75",-1.25,NA,"33.5037269592285","2007",,,,,,,,,,,,,,,,,,,,,,,,,,,,,,,,,,"0"
"6072","40.75",-1.25,NA,"28.5502414703369","2010",,,,,,,,,,,,,,,,,,,,,,,,,,,,,,,,,,"0"
"6073","40.75",-1.25,NA,"26.1883144378662","2005",,,,,,,,,,,,,,,,,,,,,,,,,,,,,,,,,,"0"
"6074","40.75",-1.25,NA,"21.7047805786133","2012",,,,,,,,,,,,,,,,,,,,,,,,,,,,,,,,,,"0"
"6075","40.75",-1.25,NA,"30.7778377532959","2002",,,,,,,,,,,,,,,,,,,,,,,,,,,,,,,,,,"0"
"6076","40.75",-1.25,NA,"22.921407699585","2014",,,,,,,,,,,,,,,,,,,,,,,,,,,,,,,,,,"0"
"6077","40.75",-1.25,NA,NA,"1993",,,,,,,,,,,,,,,,,,,,,,,,,,,,,,,,,,"0"
"6078","40.75",-1.25,NA,"31.6436061859131","2000",,,,,,,,,,,,,,,,,,,,,,,,,,,,,,,,,,"0"
"6079","40.75",-1.25,NA,NA,"1997",,,,,,,,,,,,,,,,,,,,,,,,,,,,,,,,,,"0"
"6080","40.75",-1.25,NA,"22.8951168060303","2017",,,,,,,,,,,,,,,,,,,,,,,,,,,,,,,,,,"0"
"6081","40.75",-1.25,NA,"19.9214839935303","2016",,,,,,,,,,,,,,,,,,,,,,,,,,,,,,,,,,"0"
"6082","40.75",-1.25,NA,"25.2808704376221","2015",,,,,,,,,,,,,,,,,,,,,,,,,,,,,,,,,,"0"
"6083","40.75",-1.25,NA,"24.636266708374","2011",,,,,,,,,,,,,,,,,,,,,,,,,,,,,,,,,,"0"
"6084","40.75",-1.25,NA,NA,"1989",,,,,,,,,,,,,,,,,,,,,,,,,,,,,,,,,,"0"
"6085","40.75",-0.75,"0.405000001192093","24.7682495117188","2002",,,,,,,,,,,,,,,,,,,,,,,,,,,,,,,,,,"0"
"6086","40.75",-0.75,"0.405000001192093",NA,"1994",,,,,,,,,,,,,,,,,,,,,,,,,,,,,,,,,,"0"
"6087","40.75",-0.75,"0.405000001192093",NA,"1990",,,,,,,,,,,,,,,,,,,,,,,,,,,,,,,,,,"0"
"6088","40.75",-0.75,"0.405000001192093",NA,"2020",,,,,,,,,,,,,,,,,,,,,,,,,,,,,,,,,,"0"
"6089","40.75",-0.75,"0.405000001192093",NA,"1997",,,,,,,,,,,,,,,,,,,,,,,,,,,,,,,,,,"0"
"6090","40.75",-0.75,"0.405000001192093",NA,"1991",,,,,,,,,,,,,,,,,,,,,,,,,,,,,,,,,,"0"
"6091","40.75",-0.75,"0.405000001192093","21.4931087493896","2019",,,,,,,,,,,,,,,,,,,,,,,,,,,,,,,,,,"0"
"6092","40.75",-0.75,"0.405000001192093","20.6440525054932","2015",,,,,,,,,,,,,,,,,,,,,,,,,,,,,,,,,,"0"
"6093","40.75",-0.75,"0.405000001192093",NA,"1992",,,,,,,,,,,,,,,,,,,,,,,,,,,,,,,,,,"0"
"6094","40.75",-0.75,"0.405000001192093",NA,"1996",,,,,,,,,,,,,,,,,,,,,,,,,,,,,,,,,,"0"
"6095","40.75",-0.75,"0.405000001192093","23.9592094421387","2000",,,,,,,,,,,,,,,,,,,,,,,,,,,,,,,,,,"0"
"6096","40.75",-0.75,"0.405000001192093","19.8528060913086","2012",,,,,,,,,,,,,,,,,,,,,,,,,,,,,,,,,,"0"
"6097","40.75",-0.75,"0.405000001192093","21.3822612762451","2006",,,,,,,,,,,,,,,,,,,,,,,,,,,,,,,,,,"0"
"6098","40.75",-0.75,"0.405000001192093",NA,"1985",,,,,,,,,,,,,,,,,,,,,,,,,,,,,,,,,,"0"
"6099","40.75",-0.75,"0.405000001192093","24.4279479980469","1999",,,,,,,,,,,,,,,,,,,,,,,,,,,,,,,,,,"0"
"6100","40.75",-0.75,"0.405000001192093",NA,"1995",,,,,,,,,,,,,,,,,,,,,,,,,,,,,,,,,,"0"
"6101","40.75",-0.75,"0.405000001192093",NA,"1998",,,,,,,,,,,,,,,,,,,,,,,,,,,,,,,,,,"0"
"6102","40.75",-0.75,"0.405000001192093","20.7638244628906","2001",,,,,,,,,,,,,,,,,,,,,,,,,,,,,,,,,,"0"
"6103","40.75",-0.75,"0.405000001192093","22.2580299377441","2013",,,,,,,,,,,,,,,,,,,,,,,,,,,,,,,,,,"0"
"6104","40.75",-0.75,"0.405000001192093","21.0141792297363","2009",,,,,,,,,,,,,,,,,,,,,,,,,,,,,,,,,,"0"
"6105","40.75",-0.75,"0.405000001192093","21.122766494751","2010",,,,,,,,,,,,,,,,,,,,,,,,,,,,,,,,,,"0"
"6106","40.75",-0.75,"0.405000001192093","19.0639877319336","2014",,,,,,,,,,,,,,,,,,,,,,,,,,,,,,,,,,"0"
"6107","40.75",-0.75,"0.405000001192093","21.4643592834473","2004",,,,,,,,,,,,,,,,,,,,,,,,,,,,,,,,,,"0"
"6108","40.75",-0.75,"0.405000001192093","27.3512859344482","2007",,,,,,,,,,,,,,,,,,,,,,,,,,,,,,,,,,"0"
"6109","40.75",-0.75,"0.405000001192093","16.1241111755371","2016",,,,,,,,,,,,,,,,,,,,,,,,,,,,,,,,,,"0"
"6110","40.75",-0.75,"0.405000001192093","18.9940223693848","2017",,,,,,,,,,,,,,,,,,,,,,,,,,,,,,,,,,"0"
"6111","40.75",-0.75,"0.405000001192093","21.957799911499","2018",,,,,,,,,,,,,,,,,,,,,,,,,,,,,,,,,,"0"
"6112","40.75",-0.75,"0.405000001192093",NA,"1989",,,,,,,,,,,,,,,,,,,,,,,,,,,,,,,,,,"0"
"6113","40.75",-0.75,"0.405000001192093","20.4509315490723","2011",,,,,,,,,,,,,,,,,,,,,,,,,,,,,,,,,,"0"
"6114","40.75",-0.75,"0.405000001192093",NA,"1988",,,,,,,,,,,,,,,,,,,,,,,,,,,,,,,,,,"0"
"6115","40.75",-0.75,"0.405000001192093",NA,"1986",,,,,,,,,,,,,,,,,,,,,,,,,,,,,,,,,,"0"
"6116","40.75",-0.75,"0.405000001192093","26.5216579437256","2008",,,,,,,,,,,,,,,,,,,,,,,,,,,,,,,,,,"0"
"6117","40.75",-0.75,"0.405000001192093",NA,"1993",,,,,,,,,,,,,,,,,,,,,,,,,,,,,,,,,,"0"
"6118","40.75",-0.75,"0.405000001192093",NA,"1987",,,,,,,,,,,,,,,,,,,,,,,,,,,,,,,,,,"0"
"6119","40.75",-0.75,"0.405000001192093","23.6357746124268","2003",,,,,,,,,,,,,,,,,,,,,,,,,,,,,,,,,,"0"
"6120","40.75",-0.75,"0.405000001192093","20.3167114257812","2005",,,,,,,,,,,,,,,,,,,,,,,,,,,,,,,,,,"0"
"6121","40.75",-0.25,"0.405000001192093","18.7298755645752","2002",,,,,,,,,,,,,,,,,,,,,,,,,,,,,,,,,,"0"
"6122","40.75",-0.25,"0.405000001192093",NA,"1991",,,,,,,,,,,,,,,,,,,,,,,,,,,,,,,,,,"0"
"6123","40.75",-0.25,"0.405000001192093","17.4894027709961","2008",,,,,,,,,,,,,,,,,,,,,,,,,,,,,,,,,,"0"
"6124","40.75",-0.25,"0.405000001192093",NA,"1996",,,,,,,,,,,,,,,,,,,,,,,,,,,,,,,,,,"0"
"6125","40.75",-0.25,"0.405000001192093","15.4724454879761","2009",,,,,,,,,,,,,,,,,,,,,,,,,,,,,,,,,,"0"
"6126","40.75",-0.25,"0.405000001192093","17.8724842071533","2003",,,,,,,,,,,,,,,,,,,,,,,,,,,,,,,,,,"0"
"6127","40.75",-0.25,"0.405000001192093","17.2956657409668","2013",,,,,,,,,,,,,,,,,,,,,,,,,,,,,,,,,,"0"
"6128","40.75",-0.25,"0.405000001192093","16.805908203125","2006",,,,,,,,,,,,,,,,,,,,,,,,,,,,,,,,,,"0"
"6129","40.75",-0.25,"0.405000001192093",NA,"1995",,,,,,,,,,,,,,,,,,,,,,,,,,,,,,,,,,"0"
"6130","40.75",-0.25,"0.405000001192093","14.7556991577148","2001",,,,,,,,,,,,,,,,,,,,,,,,,,,,,,,,,,"0"
"6131","40.75",-0.25,"0.405000001192093","16.5009803771973","2010",,,,,,,,,,,,,,,,,,,,,,,,,,,,,,,,,,"0"
"6132","40.75",-0.25,"0.405000001192093",NA,"1993",,,,,,,,,,,,,,,,,,,,,,,,,,,,,,,,,,"0"
"6133","40.75",-0.25,"0.405000001192093","15.505407333374","2019",,,,,,,,,,,,,,,,,,,,,,,,,,,,,,,,,,"0"
"6134","40.75",-0.25,"0.405000001192093","20.7803421020508","2007",,,,,,,,,,,,,,,,,,,,,,,,,,,,,,,,,,"0"
"6135","40.75",-0.25,"0.405000001192093","16.4473190307617","2012",,,,,,,,,,,,,,,,,,,,,,,,,,,,,,,,,,"0"
"6136","40.75",-0.25,"0.405000001192093",NA,"1985",,,,,,,,,,,,,,,,,,,,,,,,,,,,,,,,,,"0"
"6137","40.75",-0.25,"0.405000001192093","18.7064933776855","2000",,,,,,,,,,,,,,,,,,,,,,,,,,,,,,,,,,"0"
"6138","40.75",-0.25,"0.405000001192093",NA,"1994",,,,,,,,,,,,,,,,,,,,,,,,,,,,,,,,,,"0"
"6139","40.75",-0.25,"0.405000001192093",NA,"1988",,,,,,,,,,,,,,,,,,,,,,,,,,,,,,,,,,"0"
"6140","40.75",-0.25,"0.405000001192093","15.0924472808838","2011",,,,,,,,,,,,,,,,,,,,,,,,,,,,,,,,,,"0"
"6141","40.75",-0.25,"0.405000001192093","15.090669631958","2004",,,,,,,,,,,,,,,,,,,,,,,,,,,,,,,,,,"0"
"6142","40.75",-0.25,"0.405000001192093","16.1624298095703","2018",,,,,,,,,,,,,,,,,,,,,,,,,,,,,,,,,,"0"
"6143","40.75",-0.25,"0.405000001192093","15.5434513092041","2015",,,,,,,,,,,,,,,,,,,,,,,,,,,,,,,,,,"0"
"6144","40.75",-0.25,"0.405000001192093",NA,"1992",,,,,,,,,,,,,,,,,,,,,,,,,,,,,,,,,,"0"
"6145","40.75",-0.25,"0.405000001192093",NA,"1987",,,,,,,,,,,,,,,,,,,,,,,,,,,,,,,,,,"0"
"6146","40.75",-0.25,"0.405000001192093",NA,"1990",,,,,,,,,,,,,,,,,,,,,,,,,,,,,,,,,,"0"
"6147","40.75",-0.25,"0.405000001192093","12.4239835739136","2017",,,,,,,,,,,,,,,,,,,,,,,,,,,,,,,,,,"0"
"6148","40.75",-0.25,"0.405000001192093","11.4783792495728","2016",,,,,,,,,,,,,,,,,,,,,,,,,,,,,,,,,,"0"
"6149","40.75",-0.25,"0.405000001192093","15.2227325439453","2005",,,,,,,,,,,,,,,,,,,,,,,,,,,,,,,,,,"0"
"6150","40.75",-0.25,"0.405000001192093",NA,"2020",,,,,,,,,,,,,,,,,,,,,,,,,,,,,,,,,,"0"
"6151","40.75",-0.25,"0.405000001192093",NA,"1986",,,,,,,,,,,,,,,,,,,,,,,,,,,,,,,,,,"0"
"6152","40.75",-0.25,"0.405000001192093","13.0883407592773","2014",,,,,,,,,,,,,,,,,,,,,,,,,,,,,,,,,,"0"
"6153","40.75",-0.25,"0.405000001192093",NA,"1997",,,,,,,,,,,,,,,,,,,,,,,,,,,,,,,,,,"0"
"6154","40.75",-0.25,"0.405000001192093",NA,"1989",,,,,,,,,,,,,,,,,,,,,,,,,,,,,,,,,,"0"
"6155","40.75",-0.25,"0.405000001192093","19.3505744934082","1999",,,,,,,,,,,,,,,,,,,,,,,,,,,,,,,,,,"0"
"6156","40.75",-0.25,"0.405000001192093",NA,"1998",,,,,,,,,,,,,,,,,,,,,,,,,,,,,,,,,,"0"
"6157","40.75",0.25,"0.405000001192093",NA,"1996",,,,,,,,,,,,,,,,,,,,,,,,,,,,,,,,,,"0"
"6158","40.75",0.25,"0.405000001192093","13.8658838272095","2007",,,,,,,,,,,,,,,,,,,,,,,,,,,,,,,,,,"0"
"6159","40.75",0.25,"0.405000001192093","11.3475608825684","2006",,,,,,,,,,,,,,,,,,,,,,,,,,,,,,,,,,"0"
"6160","40.75",0.25,"0.405000001192093","12.1723070144653","2002",,,,,,,,,,,,,,,,,,,,,,,,,,,,,,,,,,"0"
"6161","40.75",0.25,"0.405000001192093",NA,"1986",,,,,,,,,,,,,,,,,,,,,,,,,,,,,,,,,,"0"
"6162","40.75",0.25,"0.405000001192093","10.5288028717041","2004",,,,,,,,,,,,,,,,,,,,,,,,,,,,,,,,,,"0"
"6163","40.75",0.25,"0.405000001192093","11.5609397888184","2013",,,,,,,,,,,,,,,,,,,,,,,,,,,,,,,,,,"0"
"6164","40.75",0.25,"0.405000001192093","12.395188331604","1999",,,,,,,,,,,,,,,,,,,,,,,,,,,,,,,,,,"0"
"6165","40.75",0.25,"0.405000001192093","10.9558877944946","2011",,,,,,,,,,,,,,,,,,,,,,,,,,,,,,,,,,"0"
"6166","40.75",0.25,"0.405000001192093",NA,"2020",,,,,,,,,,,,,,,,,,,,,,,,,,,,,,,,,,"0"
"6167","40.75",0.25,"0.405000001192093","11.1134233474731","2000",,,,,,,,,,,,,,,,,,,,,,,,,,,,,,,,,,"0"
"6168","40.75",0.25,"0.405000001192093",NA,"1998",,,,,,,,,,,,,,,,,,,,,,,,,,,,,,,,,,"0"
"6169","40.75",0.25,"0.405000001192093","10.7928810119629","2008",,,,,,,,,,,,,,,,,,,,,,,,,,,,,,,,,,"0"
"6170","40.75",0.25,"0.405000001192093","12.8517646789551","2003",,,,,,,,,,,,,,,,,,,,,,,,,,,,,,,,,,"0"
"6171","40.75",0.25,"0.405000001192093",NA,"1988",,,,,,,,,,,,,,,,,,,,,,,,,,,,,,,,,,"0"
"6172","40.75",0.25,"0.405000001192093","12.327938079834","2018",,,,,,,,,,,,,,,,,,,,,,,,,,,,,,,,,,"0"
"6173","40.75",0.25,"0.405000001192093",NA,"1997",,,,,,,,,,,,,,,,,,,,,,,,,,,,,,,,,,"0"
"6174","40.75",0.25,"0.405000001192093",NA,"1995",,,,,,,,,,,,,,,,,,,,,,,,,,,,,,,,,,"0"
"6175","40.75",0.25,"0.405000001192093","7.99603509902954","2014",,,,,,,,,,,,,,,,,,,,,,,,,,,,,,,,,,"0"
"6176","40.75",0.25,"0.405000001192093","8.25454330444336","2016",,,,,,,,,,,,,,,,,,,,,,,,,,,,,,,,,,"0"
"6177","40.75",0.25,"0.405000001192093","9.10485458374023","2005",,,,,,,,,,,,,,,,,,,,,,,,,,,,,,,,,,"0"
"6178","40.75",0.25,"0.405000001192093",NA,"1993",,,,,,,,,,,,,,,,,,,,,,,,,,,,,,,,,,"0"
"6179","40.75",0.25,"0.405000001192093","10.9975757598877","2019",,,,,,,,,,,,,,,,,,,,,,,,,,,,,,,,,,"0"
"6180","40.75",0.25,"0.405000001192093","8.02395057678223","2017",,,,,,,,,,,,,,,,,,,,,,,,,,,,,,,,,,"0"
"6181","40.75",0.25,"0.405000001192093","10.1593360900879","2001",,,,,,,,,,,,,,,,,,,,,,,,,,,,,,,,,,"0"
"6182","40.75",0.25,"0.405000001192093",NA,"1992",,,,,,,,,,,,,,,,,,,,,,,,,,,,,,,,,,"0"
"6183","40.75",0.25,"0.405000001192093","11.2430076599121","2015",,,,,,,,,,,,,,,,,,,,,,,,,,,,,,,,,,"0"
"6184","40.75",0.25,"0.405000001192093","9.83344841003418","2012",,,,,,,,,,,,,,,,,,,,,,,,,,,,,,,,,,"0"
"6185","40.75",0.25,"0.405000001192093",NA,"1985",,,,,,,,,,,,,,,,,,,,,,,,,,,,,,,,,,"0"
"6186","40.75",0.25,"0.405000001192093",NA,"1987",,,,,,,,,,,,,,,,,,,,,,,,,,,,,,,,,,"0"
"6187","40.75",0.25,"0.405000001192093","10.3953428268433","2009",,,,,,,,,,,,,,,,,,,,,,,,,,,,,,,,,,"0"
"6188","40.75",0.25,"0.405000001192093",NA,"1994",,,,,,,,,,,,,,,,,,,,,,,,,,,,,,,,,,"0"
"6189","40.75",0.25,"0.405000001192093","11.1406116485596","2010",,,,,,,,,,,,,,,,,,,,,,,,,,,,,,,,,,"0"
"6190","40.75",0.25,"0.405000001192093",NA,"1990",,,,,,,,,,,,,,,,,,,,,,,,,,,,,,,,,,"0"
"6191","40.75",0.25,"0.405000001192093",NA,"1991",,,,,,,,,,,,,,,,,,,,,,,,,,,,,,,,,,"0"
"6192","40.75",0.25,"0.405000001192093",NA,"1989",,,,,,,,,,,,,,,,,,,,,,,,,,,,,,,,,,"0"
"6193","40.75",0.75,"0.405000001192093","8.17599201202393","2008",,,,,,,,,,,,,,,,,,,,,,,,,,,,,,,,,,"0"
"6194","40.75",0.75,"0.405000001192093","8.87640571594238","2010",,,,,,,,,,,,,,,,,,,,,,,,,,,,,,,,,,"0"
"6195","40.75",0.75,"0.405000001192093","10.1600685119629","2007",,,,,,,,,,,,,,,,,,,,,,,,,,,,,,,,,,"0"
"6196","40.75",0.75,"0.405000001192093","11.5154209136963","2018",,,,,,,,,,,,,,,,,,,,,,,,,,,,,,,,,,"0"
"6197","40.75",0.75,"0.405000001192093",NA,"1986",,,,,,,,,,,,,,,,,,,,,,,,,,,,,,,,,,"0"
"6198","40.75",0.75,"0.405000001192093","9.84652709960938","2015",,,,,,,,,,,,,,,,,,,,,,,,,,,,,,,,,,"0"
"6199","40.75",0.75,"0.405000001192093",NA,"1996",,,,,,,,,,,,,,,,,,,,,,,,,,,,,,,,,,"0"
"6200","40.75",0.75,"0.405000001192093",NA,"2020",,,,,,,,,,,,,,,,,,,,,,,,,,,,,,,,,,"0"
"6201","40.75",0.75,"0.405000001192093","5.60502243041992","2016",,,,,,,,,,,,,,,,,,,,,,,,,,,,,,,,,,"0"
"6202","40.75",0.75,"0.405000001192093","10.7815923690796","2006",,,,,,,,,,,,,,,,,,,,,,,,,,,,,,,,,,"0"
"6203","40.75",0.75,"0.405000001192093","6.19482135772705","2014",,,,,,,,,,,,,,,,,,,,,,,,,,,,,,,,,,"0"
"6204","40.75",0.75,"0.405000001192093",NA,"1988",,,,,,,,,,,,,,,,,,,,,,,,,,,,,,,,,,"0"
"6205","40.75",0.75,"0.405000001192093",NA,"1987",,,,,,,,,,,,,,,,,,,,,,,,,,,,,,,,,,"0"
"6206","40.75",0.75,"0.405000001192093","9.37839794158936","2013",,,,,,,,,,,,,,,,,,,,,,,,,,,,,,,,,,"0"
"6207","40.75",0.75,"0.405000001192093","6.82087707519531","2012",,,,,,,,,,,,,,,,,,,,,,,,,,,,,,,,,,"0"
"6208","40.75",0.75,"0.405000001192093","6.50553560256958","2005",,,,,,,,,,,,,,,,,,,,,,,,,,,,,,,,,,"0"
"6209","40.75",0.75,"0.405000001192093",NA,"1991",,,,,,,,,,,,,,,,,,,,,,,,,,,,,,,,,,"0"
"6210","40.75",0.75,"0.405000001192093","10.0911455154419","2019",,,,,,,,,,,,,,,,,,,,,,,,,,,,,,,,,,"0"
"6211","40.75",0.75,"0.405000001192093",NA,"1995",,,,,,,,,,,,,,,,,,,,,,,,,,,,,,,,,,"0"
"6212","40.75",0.75,"0.405000001192093",NA,"1994",,,,,,,,,,,,,,,,,,,,,,,,,,,,,,,,,,"0"
"6213","40.75",0.75,"0.405000001192093",NA,"1998",,,,,,,,,,,,,,,,,,,,,,,,,,,,,,,,,,"0"
"6214","40.75",0.75,"0.405000001192093","9.28314113616943","1999",,,,,,,,,,,,,,,,,,,,,,,,,,,,,,,,,,"0"
"6215","40.75",0.75,"0.405000001192093",NA,"1993",,,,,,,,,,,,,,,,,,,,,,,,,,,,,,,,,,"0"
"6216","40.75",0.75,"0.405000001192093","10.080376625061","2011",,,,,,,,,,,,,,,,,,,,,,,,,,,,,,,,,,"0"
"6217","40.75",0.75,"0.405000001192093","9.11624526977539","2004",,,,,,,,,,,,,,,,,,,,,,,,,,,,,,,,,,"0"
"6218","40.75",0.75,"0.405000001192093","10.8816061019897","2003",,,,,,,,,,,,,,,,,,,,,,,,,,,,,,,,,,"0"
"6219","40.75",0.75,"0.405000001192093",NA,"1997",,,,,,,,,,,,,,,,,,,,,,,,,,,,,,,,,,"0"
"6220","40.75",0.75,"0.405000001192093","8.59613609313965","2000",,,,,,,,,,,,,,,,,,,,,,,,,,,,,,,,,,"0"
"6221","40.75",0.75,"0.405000001192093",NA,"1985",,,,,,,,,,,,,,,,,,,,,,,,,,,,,,,,,,"0"
"6222","40.75",0.75,"0.405000001192093","12.8190803527832","2002",,,,,,,,,,,,,,,,,,,,,,,,,,,,,,,,,,"0"
"6223","40.75",0.75,"0.405000001192093","9.20841312408447","2009",,,,,,,,,,,,,,,,,,,,,,,,,,,,,,,,,,"0"
"6224","40.75",0.75,"0.405000001192093",NA,"1990",,,,,,,,,,,,,,,,,,,,,,,,,,,,,,,,,,"0"
"6225","40.75",0.75,"0.405000001192093",NA,"1992",,,,,,,,,,,,,,,,,,,,,,,,,,,,,,,,,,"0"
"6226","40.75",0.75,"0.405000001192093",NA,"1989",,,,,,,,,,,,,,,,,,,,,,,,,,,,,,,,,,"0"
"6227","40.75",0.75,"0.405000001192093","5.25672674179077","2017",,,,,,,,,,,,,,,,,,,,,,,,,,,,,,,,,,"0"
"6228","40.75",0.75,"0.405000001192093","7.23574686050415","2001",,,,,,,,,,,,,,,,,,,,,,,,,,,,,,,,,,"0"
"6229","40.75",1.25,"0.405000001192093",NA,"1985",,,,,,,,,,,,,,,,,,,,,,,,,,,,,,,,,,"0"
"6230","40.75",1.25,"0.405000001192093",NA,"1986",,,,,,,,,,,,,,,,,,,,,,,,,,,,,,,,,,"0"
"6231","40.75",1.25,"0.405000001192093",NA,"1993",,,,,,,,,,,,,,,,,,,,,,,,,,,,,,,,,,"0"
"6232","40.75",1.25,"0.405000001192093","10.5519075393677","2018",,,,,,,,,,,,,,,,,,,,,,,,,,,,,,,,,,"0"
"6233","40.75",1.25,"0.405000001192093","8.30605316162109","2015",,,,,,,,,,,,,,,,,,,,,,,,,,,,,,,,,,"0"
"6234","40.75",1.25,"0.405000001192093",NA,"1996",,,,,,,,,,,,,,,,,,,,,,,,,,,,,,,,,,"0"
"6235","40.75",1.25,"0.405000001192093","9.9129581451416","2004",,,,,,,,,,,,,,,,,,,,,,,,,,,,,,,,,,"0"
"6236","40.75",1.25,"0.405000001192093",NA,"1994",,,,,,,,,,,,,,,,,,,,,,,,,,,,,,,,,,"0"
"6237","40.75",1.25,"0.405000001192093","11.8036775588989","2002",,,,,,,,,,,,,,,,,,,,,,,,,,,,,,,,,,"0"
"6238","40.75",1.25,"0.405000001192093","9.39331722259521","2000",,,,,,,,,,,,,,,,,,,,,,,,,,,,,,,,,,"0"
"6239","40.75",1.25,"0.405000001192093","6.77801895141602","2016",,,,,,,,,,,,,,,,,,,,,,,,,,,,,,,,,,"0"
"6240","40.75",1.25,"0.405000001192093","6.45717716217041","2014",,,,,,,,,,,,,,,,,,,,,,,,,,,,,,,,,,"0"
"6241","40.75",1.25,"0.405000001192093","8.73029708862305","1999",,,,,,,,,,,,,,,,,,,,,,,,,,,,,,,,,,"0"
"6242","40.75",1.25,"0.405000001192093",NA,"1991",,,,,,,,,,,,,,,,,,,,,,,,,,,,,,,,,,"0"
"6243","40.75",1.25,"0.405000001192093",NA,"1989",,,,,,,,,,,,,,,,,,,,,,,,,,,,,,,,,,"0"
"6244","40.75",1.25,"0.405000001192093",NA,"1990",,,,,,,,,,,,,,,,,,,,,,,,,,,,,,,,,,"0"
"6245","40.75",1.25,"0.405000001192093",NA,"1998",,,,,,,,,,,,,,,,,,,,,,,,,,,,,,,,,,"0"
"6246","40.75",1.25,"0.405000001192093",NA,"1988",,,,,,,,,,,,,,,,,,,,,,,,,,,,,,,,,,"0"
"6247","40.75",1.25,"0.405000001192093",NA,"1987",,,,,,,,,,,,,,,,,,,,,,,,,,,,,,,,,,"0"
"6248","40.75",1.25,"0.405000001192093","10.8369293212891","2011",,,,,,,,,,,,,,,,,,,,,,,,,,,,,,,,,,"0"
"6249","40.75",1.25,"0.405000001192093","12.9904098510742","2007",,,,,,,,,,,,,,,,,,,,,,,,,,,,,,,,,,"0"
"6250","40.75",1.25,"0.405000001192093","9.3830099105835","2012",,,,,,,,,,,,,,,,,,,,,,,,,,,,,,,,,,"0"
"6251","40.75",1.25,"0.405000001192093","10.4044981002808","2010",,,,,,,,,,,,,,,,,,,,,,,,,,,,,,,,,,"0"
"6252","40.75",1.25,"0.405000001192093","9.49013328552246","2009",,,,,,,,,,,,,,,,,,,,,,,,,,,,,,,,,,"0"
"6253","40.75",1.25,"0.405000001192093",NA,"2020",,,,,,,,,,,,,,,,,,,,,,,,,,,,,,,,,,"0"
"6254","40.75",1.25,"0.405000001192093",NA,"1992",,,,,,,,,,,,,,,,,,,,,,,,,,,,,,,,,,"0"
"6255","40.75",1.25,"0.405000001192093",NA,"1997",,,,,,,,,,,,,,,,,,,,,,,,,,,,,,,,,,"0"
"6256","40.75",1.25,"0.405000001192093","7.42838430404663","2001",,,,,,,,,,,,,,,,,,,,,,,,,,,,,,,,,,"0"
"6257","40.75",1.25,"0.405000001192093","12.1728792190552","2006",,,,,,,,,,,,,,,,,,,,,,,,,,,,,,,,,,"0"
"6258","40.75",1.25,"0.405000001192093","6.96481084823608","2005",,,,,,,,,,,,,,,,,,,,,,,,,,,,,,,,,,"0"
"6259","40.75",1.25,"0.405000001192093","9.40041732788086","2008",,,,,,,,,,,,,,,,,,,,,,,,,,,,,,,,,,"0"
"6260","40.75",1.25,"0.405000001192093","10.707124710083","2019",,,,,,,,,,,,,,,,,,,,,,,,,,,,,,,,,,"0"
"6261","40.75",1.25,"0.405000001192093","11.0936155319214","2003",,,,,,,,,,,,,,,,,,,,,,,,,,,,,,,,,,"0"
"6262","40.75",1.25,"0.405000001192093","10.5715446472168","2013",,,,,,,,,,,,,,,,,,,,,,,,,,,,,,,,,,"0"
"6263","40.75",1.25,"0.405000001192093",NA,"1995",,,,,,,,,,,,,,,,,,,,,,,,,,,,,,,,,,"0"
"6264","40.75",1.25,"0.405000001192093","6.20839500427246","2017",,,,,,,,,,,,,,,,,,,,,,,,,,,,,,,,,,"0"
"6265","40.75",1.75,"0.405000001192093",NA,"1989",,,,,,,,,,,,,,,,,,,,,,,,,,,,,,,,,,"0"
"6266","40.75",1.75,"0.405000001192093","11.8816375732422","2012",,,,,,,,,,,,,,,,,,,,,,,,,,,,,,,,,,"0"
"6267","40.75",1.75,"0.405000001192093",NA,"1986",,,,,,,,,,,,,,,,,,,,,,,,,,,,,,,,,,"0"
"6268","40.75",1.75,"0.405000001192093",NA,"1998",,,,,,,,,,,,,,,,,,,,,,,,,,,,,,,,,,"0"
"6269","40.75",1.75,"0.405000001192093",NA,"1992",,,,,,,,,,,,,,,,,,,,,,,,,,,,,,,,,,"0"
"6270","40.75",1.75,"0.405000001192093","11.4157333374023","2010",,,,,,,,,,,,,,,,,,,,,,,,,,,,,,,,,,"0"
"6271","40.75",1.75,"0.405000001192093",NA,"1995",,,,,,,,,,,,,,,,,,,,,,,,,,,,,,,,,,"0"
"6272","40.75",1.75,"0.405000001192093","7.97423267364502","2005",,,,,,,,,,,,,,,,,,,,,,,,,,,,,,,,,,"0"
"6273","40.75",1.75,"0.405000001192093","8.12905788421631","2001",,,,,,,,,,,,,,,,,,,,,,,,,,,,,,,,,,"0"
"6274","40.75",1.75,"0.405000001192093","11.8709497451782","2004",,,,,,,,,,,,,,,,,,,,,,,,,,,,,,,,,,"0"
"6275","40.75",1.75,"0.405000001192093","8.91659450531006","2000",,,,,,,,,,,,,,,,,,,,,,,,,,,,,,,,,,"0"
"6276","40.75",1.75,"0.405000001192093","12.7044134140015","2006",,,,,,,,,,,,,,,,,,,,,,,,,,,,,,,,,,"0"
"6277","40.75",1.75,"0.405000001192093",NA,"1997",,,,,,,,,,,,,,,,,,,,,,,,,,,,,,,,,,"0"
"6278","40.75",1.75,"0.405000001192093","12.9957065582275","2019",,,,,,,,,,,,,,,,,,,,,,,,,,,,,,,,,,"0"
"6279","40.75",1.75,"0.405000001192093","7.63959407806396","2016",,,,,,,,,,,,,,,,,,,,,,,,,,,,,,,,,,"0"
"6280","40.75",1.75,"0.405000001192093","10.8536539077759","2003",,,,,,,,,,,,,,,,,,,,,,,,,,,,,,,,,,"0"
"6281","40.75",1.75,"0.405000001192093","8.11101722717285","2017",,,,,,,,,,,,,,,,,,,,,,,,,,,,,,,,,,"0"
"6282","40.75",1.75,"0.405000001192093",NA,"1996",,,,,,,,,,,,,,,,,,,,,,,,,,,,,,,,,,"0"
"6283","40.75",1.75,"0.405000001192093",NA,"2020",,,,,,,,,,,,,,,,,,,,,,,,,,,,,,,,,,"0"
"6284","40.75",1.75,"0.405000001192093","12.0718431472778","2002",,,,,,,,,,,,,,,,,,,,,,,,,,,,,,,,,,"0"
"6285","40.75",1.75,"0.405000001192093","12.6846761703491","2007",,,,,,,,,,,,,,,,,,,,,,,,,,,,,,,,,,"0"
"6286","40.75",1.75,"0.405000001192093",NA,"1988",,,,,,,,,,,,,,,,,,,,,,,,,,,,,,,,,,"0"
"6287","40.75",1.75,"0.405000001192093",NA,"1990",,,,,,,,,,,,,,,,,,,,,,,,,,,,,,,,,,"0"
"6288","40.75",1.75,"0.405000001192093","6.90641164779663","2014",,,,,,,,,,,,,,,,,,,,,,,,,,,,,,,,,,"0"
"6289","40.75",1.75,"0.405000001192093",NA,"1993",,,,,,,,,,,,,,,,,,,,,,,,,,,,,,,,,,"0"
"6290","40.75",1.75,"0.405000001192093","10.1536960601807","2008",,,,,,,,,,,,,,,,,,,,,,,,,,,,,,,,,,"0"
"6291","40.75",1.75,"0.405000001192093",NA,"1994",,,,,,,,,,,,,,,,,,,,,,,,,,,,,,,,,,"0"
"6292","40.75",1.75,"0.405000001192093",NA,"1991",,,,,,,,,,,,,,,,,,,,,,,,,,,,,,,,,,"0"
"6293","40.75",1.75,"0.405000001192093",NA,"1987",,,,,,,,,,,,,,,,,,,,,,,,,,,,,,,,,,"0"
"6294","40.75",1.75,"0.405000001192093","8.89391422271729","2009",,,,,,,,,,,,,,,,,,,,,,,,,,,,,,,,,,"0"
"6295","40.75",1.75,"0.405000001192093","10.0319509506226","1999",,,,,,,,,,,,,,,,,,,,,,,,,,,,,,,,,,"0"
"6296","40.75",1.75,"0.405000001192093","10.6718502044678","2013",,,,,,,,,,,,,,,,,,,,,,,,,,,,,,,,,,"0"
"6297","40.75",1.75,"0.405000001192093","11.5017900466919","2011",,,,,,,,,,,,,,,,,,,,,,,,,,,,,,,,,,"0"
"6298","40.75",1.75,"0.405000001192093","8.61202907562256","2015",,,,,,,,,,,,,,,,,,,,,,,,,,,,,,,,,,"0"
"6299","40.75",1.75,"0.405000001192093",NA,"1985",,,,,,,,,,,,,,,,,,,,,,,,,,,,,,,,,,"0"
"6300","40.75",1.75,"0.405000001192093","14.3855209350586","2018",,,,,,,,,,,,,,,,,,,,,,,,,,,,,,,,,,"0"
"6301","40.75",2.25,"0.405000001192093","10.7266225814819","2010",,,,,,,,,,,,,,,,,,,,,,,,,,,,,,,,,,"0"
"6302","40.75",2.25,"0.405000001192093",NA,"1987",,,,,,,,,,,,,,,,,,,,,,,,,,,,,,,,,,"0"
"6303","40.75",2.25,"0.405000001192093","15.6034145355225","2012",,,,,,,,,,,,,,,,,,,,,,,,,,,,,,,,,,"0"
"6304","40.75",2.25,"0.405000001192093","18.4649047851562","2018",,,,,,,,,,,,,,,,,,,,,,,,,,,,,,,,,,"0"
"6305","40.75",2.25,"0.405000001192093",NA,"1990",,,,,,,,,,,,,,,,,,,,,,,,,,,,,,,,,,"0"
"6306","40.75",2.25,"0.405000001192093",NA,"1996",,,,,,,,,,,,,,,,,,,,,,,,,,,,,,,,,,"0"
"6307","40.75",2.25,"0.405000001192093",NA,"1989",,,,,,,,,,,,,,,,,,,,,,,,,,,,,,,,,,"0"
"6308","40.75",2.25,"0.405000001192093","9.98739910125732","2009",,,,,,,,,,,,,,,,,,,,,,,,,,,,,,,,,,"0"
"6309","40.75",2.25,"0.405000001192093","12.1650190353394","2004",,,,,,,,,,,,,,,,,,,,,,,,,,,,,,,,,,"0"
"6310","40.75",2.25,"0.405000001192093","11.3369426727295","2016",,,,,,,,,,,,,,,,,,,,,,,,,,,,,,,,,,"0"
"6311","40.75",2.25,"0.405000001192093",NA,"1988",,,,,,,,,,,,,,,,,,,,,,,,,,,,,,,,,,"0"
"6312","40.75",2.25,"0.405000001192093",NA,"1994",,,,,,,,,,,,,,,,,,,,,,,,,,,,,,,,,,"0"
"6313","40.75",2.25,"0.405000001192093","9.26947975158691","2014",,,,,,,,,,,,,,,,,,,,,,,,,,,,,,,,,,"0"
"6314","40.75",2.25,"0.405000001192093",NA,"1992",,,,,,,,,,,,,,,,,,,,,,,,,,,,,,,,,,"0"
"6315","40.75",2.25,"0.405000001192093","17.5230731964111","2019",,,,,,,,,,,,,,,,,,,,,,,,,,,,,,,,,,"0"
"6316","40.75",2.25,"0.405000001192093",NA,"1991",,,,,,,,,,,,,,,,,,,,,,,,,,,,,,,,,,"0"
"6317","40.75",2.25,"0.405000001192093",NA,"1997",,,,,,,,,,,,,,,,,,,,,,,,,,,,,,,,,,"0"
"6318","40.75",2.25,"0.405000001192093","10.8335943222046","2017",,,,,,,,,,,,,,,,,,,,,,,,,,,,,,,,,,"0"
"6319","40.75",2.25,"0.405000001192093","13.0787506103516","2015",,,,,,,,,,,,,,,,,,,,,,,,,,,,,,,,,,"0"
"6320","40.75",2.25,"0.405000001192093",NA,"1986",,,,,,,,,,,,,,,,,,,,,,,,,,,,,,,,,,"0"
"6321","40.75",2.25,"0.405000001192093","13.1612348556519","1999",,,,,,,,,,,,,,,,,,,,,,,,,,,,,,,,,,"0"
"6322","40.75",2.25,"0.405000001192093",NA,"1995",,,,,,,,,,,,,,,,,,,,,,,,,,,,,,,,,,"0"
"6323","40.75",2.25,"0.405000001192093","12.402304649353","2002",,,,,,,,,,,,,,,,,,,,,,,,,,,,,,,,,,"0"
"6324","40.75",2.25,"0.405000001192093","12.2994995117188","2008",,,,,,,,,,,,,,,,,,,,,,,,,,,,,,,,,,"0"
"6325","40.75",2.25,"0.405000001192093",NA,"2020",,,,,,,,,,,,,,,,,,,,,,,,,,,,,,,,,,"0"
"6326","40.75",2.25,"0.405000001192093",NA,"1993",,,,,,,,,,,,,,,,,,,,,,,,,,,,,,,,,,"0"
"6327","40.75",2.25,"0.405000001192093","14.504768371582","2006",,,,,,,,,,,,,,,,,,,,,,,,,,,,,,,,,,"0"
"6328","40.75",2.25,"0.405000001192093","14.8834218978882","2013",,,,,,,,,,,,,,,,,,,,,,,,,,,,,,,,,,"0"
"6329","40.75",2.25,"0.405000001192093","13.5893545150757","2011",,,,,,,,,,,,,,,,,,,,,,,,,,,,,,,,,,"0"
"6330","40.75",2.25,"0.405000001192093","9.60276222229004","2001",,,,,,,,,,,,,,,,,,,,,,,,,,,,,,,,,,"0"
"6331","40.75",2.25,"0.405000001192093","8.38845729827881","2005",,,,,,,,,,,,,,,,,,,,,,,,,,,,,,,,,,"0"
"6332","40.75",2.25,"0.405000001192093","12.1937837600708","2003",,,,,,,,,,,,,,,,,,,,,,,,,,,,,,,,,,"0"
"6333","40.75",2.25,"0.405000001192093","10.9810094833374","2000",,,,,,,,,,,,,,,,,,,,,,,,,,,,,,,,,,"0"
"6334","40.75",2.25,"0.405000001192093",NA,"1998",,,,,,,,,,,,,,,,,,,,,,,,,,,,,,,,,,"0"
"6335","40.75",2.25,"0.405000001192093","13.015233039856","2007",,,,,,,,,,,,,,,,,,,,,,,,,,,,,,,,,,"0"
"6336","40.75",2.25,"0.405000001192093",NA,"1985",,,,,,,,,,,,,,,,,,,,,,,,,,,,,,,,,,"0"
"6337","40.75",2.75,"0.405000001192093","15.4020519256592","2019",,,,,,,,,,,,,,,,,,,,,,,,,,,,,,,,,,"0"
"6338","40.75",2.75,"0.405000001192093",NA,"1989",,,,,,,,,,,,,,,,,,,,,,,,,,,,,,,,,,"0"
"6339","40.75",2.75,"0.405000001192093",NA,"1986",,,,,,,,,,,,,,,,,,,,,,,,,,,,,,,,,,"0"
"6340","40.75",2.75,"0.405000001192093","12.66246509552","2006",,,,,,,,,,,,,,,,,,,,,,,,,,,,,,,,,,"0"
"6341","40.75",2.75,"0.405000001192093",NA,"1987",,,,,,,,,,,,,,,,,,,,,,,,,,,,,,,,,,"0"
"6342","40.75",2.75,"0.405000001192093","9.20258903503418","2009",,,,,,,,,,,,,,,,,,,,,,,,,,,,,,,,,,"0"
"6343","40.75",2.75,"0.405000001192093","7.74045372009277","2005",,,,,,,,,,,,,,,,,,,,,,,,,,,,,,,,,,"0"
"6344","40.75",2.75,"0.405000001192093","12.9768314361572","2007",,,,,,,,,,,,,,,,,,,,,,,,,,,,,,,,,,"0"
"6345","40.75",2.75,"0.405000001192093","12.1352758407593","1999",,,,,,,,,,,,,,,,,,,,,,,,,,,,,,,,,,"0"
"6346","40.75",2.75,"0.405000001192093",NA,"1994",,,,,,,,,,,,,,,,,,,,,,,,,,,,,,,,,,"0"
"6347","40.75",2.75,"0.405000001192093","11.8287973403931","2016",,,,,,,,,,,,,,,,,,,,,,,,,,,,,,,,,,"0"
"6348","40.75",2.75,"0.405000001192093",NA,"1992",,,,,,,,,,,,,,,,,,,,,,,,,,,,,,,,,,"0"
"6349","40.75",2.75,"0.405000001192093",NA,"1998",,,,,,,,,,,,,,,,,,,,,,,,,,,,,,,,,,"0"
"6350","40.75",2.75,"0.405000001192093","10.1585645675659","2010",,,,,,,,,,,,,,,,,,,,,,,,,,,,,,,,,,"0"
"6351","40.75",2.75,"0.405000001192093","10.2931270599365","2008",,,,,,,,,,,,,,,,,,,,,,,,,,,,,,,,,,"0"
"6352","40.75",2.75,"0.405000001192093","16.613655090332","2018",,,,,,,,,,,,,,,,,,,,,,,,,,,,,,,,,,"0"
"6353","40.75",2.75,"0.405000001192093","8.16593647003174","2014",,,,,,,,,,,,,,,,,,,,,,,,,,,,,,,,,,"0"
"6354","40.75",2.75,"0.405000001192093",NA,"1995",,,,,,,,,,,,,,,,,,,,,,,,,,,,,,,,,,"0"
"6355","40.75",2.75,"0.405000001192093","7.98657178878784","2001",,,,,,,,,,,,,,,,,,,,,,,,,,,,,,,,,,"0"
"6356","40.75",2.75,"0.405000001192093","12.2374229431152","2011",,,,,,,,,,,,,,,,,,,,,,,,,,,,,,,,,,"0"
"6357","40.75",2.75,"0.405000001192093",NA,"1997",,,,,,,,,,,,,,,,,,,,,,,,,,,,,,,,,,"0"
"6358","40.75",2.75,"0.405000001192093","14.2354068756104","2012",,,,,,,,,,,,,,,,,,,,,,,,,,,,,,,,,,"0"
"6359","40.75",2.75,"0.405000001192093","14.7618427276611","2013",,,,,,,,,,,,,,,,,,,,,,,,,,,,,,,,,,"0"
"6360","40.75",2.75,"0.405000001192093",NA,"1991",,,,,,,,,,,,,,,,,,,,,,,,,,,,,,,,,,"0"
"6361","40.75",2.75,"0.405000001192093","10.675838470459","2004",,,,,,,,,,,,,,,,,,,,,,,,,,,,,,,,,,"0"
"6362","40.75",2.75,"0.405000001192093",NA,"1990",,,,,,,,,,,,,,,,,,,,,,,,,,,,,,,,,,"0"
"6363","40.75",2.75,"0.405000001192093","9.65597629547119","2017",,,,,,,,,,,,,,,,,,,,,,,,,,,,,,,,,,"0"
"6364","40.75",2.75,"0.405000001192093",NA,"2020",,,,,,,,,,,,,,,,,,,,,,,,,,,,,,,,,,"0"
"6365","40.75",2.75,"0.405000001192093","10.5662698745728","2003",,,,,,,,,,,,,,,,,,,,,,,,,,,,,,,,,,"0"
"6366","40.75",2.75,"0.405000001192093",NA,"1993",,,,,,,,,,,,,,,,,,,,,,,,,,,,,,,,,,"0"
"6367","40.75",2.75,"0.405000001192093",NA,"1988",,,,,,,,,,,,,,,,,,,,,,,,,,,,,,,,,,"0"
"6368","40.75",2.75,"0.405000001192093","10.2937784194946","2002",,,,,,,,,,,,,,,,,,,,,,,,,,,,,,,,,,"0"
"6369","40.75",2.75,"0.405000001192093",NA,"1996",,,,,,,,,,,,,,,,,,,,,,,,,,,,,,,,,,"0"
"6370","40.75",2.75,"0.405000001192093","9.18943023681641","2000",,,,,,,,,,,,,,,,,,,,,,,,,,,,,,,,,,"0"
"6371","40.75",2.75,"0.405000001192093",NA,"1985",,,,,,,,,,,,,,,,,,,,,,,,,,,,,,,,,,"0"
"6372","40.75",2.75,"0.405000001192093","12.3624124526978","2015",,,,,,,,,,,,,,,,,,,,,,,,,,,,,,,,,,"0"
"6373","40.75",3.25,"0.405000001192093",NA,"1987",,,,,,,,,,,,,,,,,,,,,,,,,,,,,,,,,,"0"
"6374","40.75",3.25,"0.405000001192093","11.6180324554443","2009",,,,,,,,,,,,,,,,,,,,,,,,,,,,,,,,,,"0"
"6375","40.75",3.25,"0.405000001192093",NA,"1993",,,,,,,,,,,,,,,,,,,,,,,,,,,,,,,,,,"0"
"6376","40.75",3.25,"0.405000001192093","17.089994430542","2007",,,,,,,,,,,,,,,,,,,,,,,,,,,,,,,,,,"0"
"6377","40.75",3.25,"0.405000001192093","15.2858953475952","2010",,,,,,,,,,,,,,,,,,,,,,,,,,,,,,,,,,"0"
"6378","40.75",3.25,"0.405000001192093",NA,"1997",,,,,,,,,,,,,,,,,,,,,,,,,,,,,,,,,,"0"
"6379","40.75",3.25,"0.405000001192093",NA,"1991",,,,,,,,,,,,,,,,,,,,,,,,,,,,,,,,,,"0"
"6380","40.75",3.25,"0.405000001192093",NA,"1995",,,,,,,,,,,,,,,,,,,,,,,,,,,,,,,,,,"0"
"6381","40.75",3.25,"0.405000001192093",NA,"1989",,,,,,,,,,,,,,,,,,,,,,,,,,,,,,,,,,"0"
"6382","40.75",3.25,"0.405000001192093","12.9603214263916","2017",,,,,,,,,,,,,,,,,,,,,,,,,,,,,,,,,,"0"
"6383","40.75",3.25,"0.405000001192093",NA,"2020",,,,,,,,,,,,,,,,,,,,,,,,,,,,,,,,,,"0"
"6384","40.75",3.25,"0.405000001192093",NA,"1990",,,,,,,,,,,,,,,,,,,,,,,,,,,,,,,,,,"0"
"6385","40.75",3.25,"0.405000001192093",NA,"1992",,,,,,,,,,,,,,,,,,,,,,,,,,,,,,,,,,"0"
"6386","40.75",3.25,"0.405000001192093","13.3044891357422","2003",,,,,,,,,,,,,,,,,,,,,,,,,,,,,,,,,,"0"
"6387","40.75",3.25,"0.405000001192093",NA,"1994",,,,,,,,,,,,,,,,,,,,,,,,,,,,,,,,,,"0"
"6388","40.75",3.25,"0.405000001192093",NA,"1988",,,,,,,,,,,,,,,,,,,,,,,,,,,,,,,,,,"0"
"6389","40.75",3.25,"0.405000001192093","14.0581436157227","2004",,,,,,,,,,,,,,,,,,,,,,,,,,,,,,,,,,"0"
"6390","40.75",3.25,"0.405000001192093","15.0146903991699","2006",,,,,,,,,,,,,,,,,,,,,,,,,,,,,,,,,,"0"
"6391","40.75",3.25,"0.405000001192093",NA,"1986",,,,,,,,,,,,,,,,,,,,,,,,,,,,,,,,,,"0"
"6392","40.75",3.25,"0.405000001192093",NA,"1996",,,,,,,,,,,,,,,,,,,,,,,,,,,,,,,,,,"0"
"6393","40.75",3.25,"0.405000001192093",NA,"1998",,,,,,,,,,,,,,,,,,,,,,,,,,,,,,,,,,"0"
"6394","40.75",3.25,"0.405000001192093","15.2490634918213","2015",,,,,,,,,,,,,,,,,,,,,,,,,,,,,,,,,,"0"
"6395","40.75",3.25,"0.405000001192093","13.7549343109131","2014",,,,,,,,,,,,,,,,,,,,,,,,,,,,,,,,,,"0"
"6396","40.75",3.25,"0.405000001192093","13.3156709671021","2002",,,,,,,,,,,,,,,,,,,,,,,,,,,,,,,,,,"0"
"6397","40.75",3.25,"0.405000001192093","13.8720731735229","2016",,,,,,,,,,,,,,,,,,,,,,,,,,,,,,,,,,"0"
"6398","40.75",3.25,"0.405000001192093","12.2395658493042","2005",,,,,,,,,,,,,,,,,,,,,,,,,,,,,,,,,,"0"
"6399","40.75",3.25,"0.405000001192093","12.763445854187","2000",,,,,,,,,,,,,,,,,,,,,,,,,,,,,,,,,,"0"
"6400","40.75",3.25,"0.405000001192093","20.3275928497314","2013",,,,,,,,,,,,,,,,,,,,,,,,,,,,,,,,,,"0"
"6401","40.75",3.25,"0.405000001192093","17.4838066101074","1999",,,,,,,,,,,,,,,,,,,,,,,,,,,,,,,,,,"0"
"6402","40.75",3.25,"0.405000001192093","21.5138320922852","2018",,,,,,,,,,,,,,,,,,,,,,,,,,,,,,,,,,"0"
"6403","40.75",3.25,"0.405000001192093","13.6207008361816","2008",,,,,,,,,,,,,,,,,,,,,,,,,,,,,,,,,,"0"
"6404","40.75",3.25,"0.405000001192093","19.3481922149658","2019",,,,,,,,,,,,,,,,,,,,,,,,,,,,,,,,,,"0"
"6405","40.75",3.25,"0.405000001192093",NA,"1985",,,,,,,,,,,,,,,,,,,,,,,,,,,,,,,,,,"0"
"6406","40.75",3.25,"0.405000001192093","14.6435060501099","2011",,,,,,,,,,,,,,,,,,,,,,,,,,,,,,,,,,"0"
"6407","40.75",3.25,"0.405000001192093","17.8183479309082","2012",,,,,,,,,,,,,,,,,,,,,,,,,,,,,,,,,,"0"
"6408","40.75",3.25,"0.405000001192093","11.129958152771","2001",,,,,,,,,,,,,,,,,,,,,,,,,,,,,,,,,,"0"
"6409","40.75",3.75,"0.405000001192093","15.9213485717773","2016",,,,,,,,,,,,,,,,,,,,,,,,,,,,,,,,,,"0"
"6410","40.75",3.75,"0.405000001192093",NA,"1985",,,,,,,,,,,,,,,,,,,,,,,,,,,,,,,,,,"0"
"6411","40.75",3.75,"0.405000001192093",NA,"1987",,,,,,,,,,,,,,,,,,,,,,,,,,,,,,,,,,"0"
"6412","40.75",3.75,"0.405000001192093","16.9637756347656","2015",,,,,,,,,,,,,,,,,,,,,,,,,,,,,,,,,,"0"
"6413","40.75",3.75,"0.405000001192093",NA,"1995",,,,,,,,,,,,,,,,,,,,,,,,,,,,,,,,,,"0"
"6414","40.75",3.75,"0.405000001192093","15.9478130340576","2003",,,,,,,,,,,,,,,,,,,,,,,,,,,,,,,,,,"0"
"6415","40.75",3.75,"0.405000001192093",NA,"1994",,,,,,,,,,,,,,,,,,,,,,,,,,,,,,,,,,"0"
"6416","40.75",3.75,"0.405000001192093","18.757251739502","2007",,,,,,,,,,,,,,,,,,,,,,,,,,,,,,,,,,"0"
"6417","40.75",3.75,"0.405000001192093","15.715989112854","2002",,,,,,,,,,,,,,,,,,,,,,,,,,,,,,,,,,"0"
"6418","40.75",3.75,"0.405000001192093",NA,"1990",,,,,,,,,,,,,,,,,,,,,,,,,,,,,,,,,,"0"
"6419","40.75",3.75,"0.405000001192093","15.5262985229492","2011",,,,,,,,,,,,,,,,,,,,,,,,,,,,,,,,,,"0"
"6420","40.75",3.75,"0.405000001192093","14.1696929931641","2005",,,,,,,,,,,,,,,,,,,,,,,,,,,,,,,,,,"0"
"6421","40.75",3.75,"0.405000001192093","16.5297241210938","2014",,,,,,,,,,,,,,,,,,,,,,,,,,,,,,,,,,"0"
"6422","40.75",3.75,"0.405000001192093","14.2876319885254","2000",,,,,,,,,,,,,,,,,,,,,,,,,,,,,,,,,,"0"
"6423","40.75",3.75,"0.405000001192093","19.7869777679443","2012",,,,,,,,,,,,,,,,,,,,,,,,,,,,,,,,,,"0"
"6424","40.75",3.75,"0.405000001192093","13.517219543457","2009",,,,,,,,,,,,,,,,,,,,,,,,,,,,,,,,,,"0"
"6425","40.75",3.75,"0.405000001192093",NA,"1991",,,,,,,,,,,,,,,,,,,,,,,,,,,,,,,,,,"0"
"6426","40.75",3.75,"0.405000001192093","21.0700397491455","2013",,,,,,,,,,,,,,,,,,,,,,,,,,,,,,,,,,"0"
"6427","40.75",3.75,"0.405000001192093",NA,"1997",,,,,,,,,,,,,,,,,,,,,,,,,,,,,,,,,,"0"
"6428","40.75",3.75,"0.405000001192093",NA,"1989",,,,,,,,,,,,,,,,,,,,,,,,,,,,,,,,,,"0"
"6429","40.75",3.75,"0.405000001192093","12.1891918182373","2001",,,,,,,,,,,,,,,,,,,,,,,,,,,,,,,,,,"0"
"6430","40.75",3.75,"0.405000001192093",NA,"1993",,,,,,,,,,,,,,,,,,,,,,,,,,,,,,,,,,"0"
"6431","40.75",3.75,"0.405000001192093",NA,"1988",,,,,,,,,,,,,,,,,,,,,,,,,,,,,,,,,,"0"
"6432","40.75",3.75,"0.405000001192093",NA,"1992",,,,,,,,,,,,,,,,,,,,,,,,,,,,,,,,,,"0"
"6433","40.75",3.75,"0.405000001192093",NA,"2020",,,,,,,,,,,,,,,,,,,,,,,,,,,,,,,,,,"0"
"6434","40.75",3.75,"0.405000001192093","16.0916500091553","2010",,,,,,,,,,,,,,,,,,,,,,,,,,,,,,,,,,"0"
"6435","40.75",3.75,"0.405000001192093","18.91233253479","1999",,,,,,,,,,,,,,,,,,,,,,,,,,,,,,,,,,"0"
"6436","40.75",3.75,"0.405000001192093","23.8053417205811","2018",,,,,,,,,,,,,,,,,,,,,,,,,,,,,,,,,,"0"
"6437","40.75",3.75,"0.405000001192093",NA,"1998",,,,,,,,,,,,,,,,,,,,,,,,,,,,,,,,,,"0"
"6438","40.75",3.75,"0.405000001192093","16.4382972717285","2017",,,,,,,,,,,,,,,,,,,,,,,,,,,,,,,,,,"0"
"6439","40.75",3.75,"0.405000001192093","17.4099769592285","2006",,,,,,,,,,,,,,,,,,,,,,,,,,,,,,,,,,"0"
"6440","40.75",3.75,"0.405000001192093","15.7636260986328","2008",,,,,,,,,,,,,,,,,,,,,,,,,,,,,,,,,,"0"
"6441","40.75",3.75,"0.405000001192093",NA,"1986",,,,,,,,,,,,,,,,,,,,,,,,,,,,,,,,,,"0"
"6442","40.75",3.75,"0.405000001192093","17.2898101806641","2004",,,,,,,,,,,,,,,,,,,,,,,,,,,,,,,,,,"0"
"6443","40.75",3.75,"0.405000001192093","22.2517509460449","2019",,,,,,,,,,,,,,,,,,,,,,,,,,,,,,,,,,"0"
"6444","40.75",3.75,"0.405000001192093",NA,"1996",,,,,,,,,,,,,,,,,,,,,,,,,,,,,,,,,,"0"
"6445","40.75",4.25,"0.405000001192093",NA,"1988","1","1","1","1","1","1","1","1","1","1","1","1","1","1","1","1","1","1","1","1","1","1","1","1","1","1","1","1","1","1","1","1","1","1"
"6446","40.75",4.25,"0.405000001192093",NA,"1992","1","1","1","1","1","1","1","1","1","1","1","1","1","1","1","1","1","1","1","1","1","1","1","1","1","1","1","1","1","1","1","1","1","1"
"6447","40.75",4.25,"0.405000001192093",NA,"2020","1","1","1","1","1","1","1","1","1","1","1","1","1","1","1","1","1","1","1","1","1","1","1","1","1","1","1","1","1","1","1","1","1","1"
"6448","40.75",4.25,"0.405000001192093",NA,"1986","1","1","1","1","1","1","1","1","1","1","1","1","1","1","1","1","1","1","1","1","1","1","1","1","1","1","1","1","1","1","1","1","1","1"
"6449","40.75",4.25,"0.405000001192093","21.7584323883057","2011","1","1","1","1","1","1","1","1","1","1","1","1","1","1","1","1","1","1","1","1","1","1","1","1","1","1","1","1","1","1","1","1","1","1"
"6450","40.75",4.25,"0.405000001192093","24.8617553710938","2017","1","1","1","1","1","1","1","1","1","1","1","1","1","1","1","1","1","1","1","1","1","1","1","1","1","1","1","1","1","1","1","1","1","1"
"6451","40.75",4.25,"0.405000001192093",NA,"1991","1","1","1","1","1","1","1","1","1","1","1","1","1","1","1","1","1","1","1","1","1","1","1","1","1","1","1","1","1","1","1","1","1","1"
"6452","40.75",4.25,"0.405000001192093","28.7955131530762","2012","1","1","1","1","1","1","1","1","1","1","1","1","1","1","1","1","1","1","1","1","1","1","1","1","1","1","1","1","1","1","1","1","1","1"
"6453","40.75",4.25,"0.405000001192093",NA,"1995","1","1","1","1","1","1","1","1","1","1","1","1","1","1","1","1","1","1","1","1","1","1","1","1","1","1","1","1","1","1","1","1","1","1"
"6454","40.75",4.25,"0.405000001192093",NA,"1985","1","1","1","1","1","1","1","1","1","1","1","1","1","1","1","1","1","1","1","1","1","1","1","1","1","1","1","1","1","1","1","1","1","1"
"6455","40.75",4.25,"0.405000001192093",NA,"1993","1","1","1","1","1","1","1","1","1","1","1","1","1","1","1","1","1","1","1","1","1","1","1","1","1","1","1","1","1","1","1","1","1","1"
"6456","40.75",4.25,"0.405000001192093",NA,"1989","1","1","1","1","1","1","1","1","1","1","1","1","1","1","1","1","1","1","1","1","1","1","1","1","1","1","1","1","1","1","1","1","1","1"
"6457","40.75",4.25,"0.405000001192093","32.0376434326172","2018","1","1","1","1","1","1","1","1","1","1","1","1","1","1","1","1","1","1","1","1","1","1","1","1","1","1","1","1","1","1","1","1","1","1"
"6458","40.75",4.25,"0.405000001192093","26.3978385925293","2015","1","1","1","1","1","1","1","1","1","1","1","1","1","1","1","1","1","1","1","1","1","1","1","1","1","1","1","1","1","1","1","1","1","1"
"6459","40.75",4.25,"0.405000001192093","22.9126720428467","2008","1","1","1","1","1","1","1","1","1","1","1","1","1","1","1","1","1","1","1","1","1","1","1","1","1","1","1","1","1","1","1","1","1","1"
"6460","40.75",4.25,"0.405000001192093","29.3902473449707","2007","1","1","1","1","1","1","1","1","1","1","1","1","1","1","1","1","1","1","1","1","1","1","1","1","1","1","1","1","1","1","1","1","1","1"
"6461","40.75",4.25,"0.405000001192093",NA,"1990","1","1","1","1","1","1","1","1","1","1","1","1","1","1","1","1","1","1","1","1","1","1","1","1","1","1","1","1","1","1","1","1","1","1"
"6462","40.75",4.25,"0.405000001192093","28.6831188201904","2019","1","1","1","1","1","1","1","1","1","1","1","1","1","1","1","1","1","1","1","1","1","1","1","1","1","1","1","1","1","1","1","1","1","1"
"6463","40.75",4.25,"0.405000001192093","22.8637733459473","2014","1","1","1","1","1","1","1","1","1","1","1","1","1","1","1","1","1","1","1","1","1","1","1","1","1","1","1","1","1","1","1","1","1","1"
"6464","40.75",4.25,"0.405000001192093","17.4517288208008","2001","1","1","1","1","1","1","1","1","1","1","1","1","1","1","1","1","1","1","1","1","1","1","1","1","1","1","1","1","1","1","1","1","1","1"
"6465","40.75",4.25,"0.405000001192093","22.8801898956299","2010","1","1","1","1","1","1","1","1","1","1","1","1","1","1","1","1","1","1","1","1","1","1","1","1","1","1","1","1","1","1","1","1","1","1"
"6466","40.75",4.25,"0.405000001192093",NA,"1987","1","1","1","1","1","1","1","1","1","1","1","1","1","1","1","1","1","1","1","1","1","1","1","1","1","1","1","1","1","1","1","1","1","1"
"6467","40.75",4.25,"0.405000001192093","21.0382194519043","2002","1","1","1","1","1","1","1","1","1","1","1","1","1","1","1","1","1","1","1","1","1","1","1","1","1","1","1","1","1","1","1","1","1","1"
"6468","40.75",4.25,"0.405000001192093",NA,"1998","1","1","1","1","1","1","1","1","1","1","1","1","1","1","1","1","1","1","1","1","1","1","1","1","1","1","1","1","1","1","1","1","1","1"
"6469","40.75",4.25,"0.405000001192093","19.6556053161621","2009","1","1","1","1","1","1","1","1","1","1","1","1","1","1","1","1","1","1","1","1","1","1","1","1","1","1","1","1","1","1","1","1","1","1"
"6470","40.75",4.25,"0.405000001192093","22.1468868255615","2003","1","1","1","1","1","1","1","1","1","1","1","1","1","1","1","1","1","1","1","1","1","1","1","1","1","1","1","1","1","1","1","1","1","1"
"6471","40.75",4.25,"0.405000001192093","21.9569931030273","2000","1","1","1","1","1","1","1","1","1","1","1","1","1","1","1","1","1","1","1","1","1","1","1","1","1","1","1","1","1","1","1","1","1","1"
"6472","40.75",4.25,"0.405000001192093","22.2884540557861","2016","1","1","1","1","1","1","1","1","1","1","1","1","1","1","1","1","1","1","1","1","1","1","1","1","1","1","1","1","1","1","1","1","1","1"
"6473","40.75",4.25,"0.405000001192093",NA,"1996","1","1","1","1","1","1","1","1","1","1","1","1","1","1","1","1","1","1","1","1","1","1","1","1","1","1","1","1","1","1","1","1","1","1"
"6474","40.75",4.25,"0.405000001192093","24.8686141967773","2006","1","1","1","1","1","1","1","1","1","1","1","1","1","1","1","1","1","1","1","1","1","1","1","1","1","1","1","1","1","1","1","1","1","1"
"6475","40.75",4.25,"0.405000001192093",NA,"1997","1","1","1","1","1","1","1","1","1","1","1","1","1","1","1","1","1","1","1","1","1","1","1","1","1","1","1","1","1","1","1","1","1","1"
"6476","40.75",4.25,"0.405000001192093",NA,"1994","1","1","1","1","1","1","1","1","1","1","1","1","1","1","1","1","1","1","1","1","1","1","1","1","1","1","1","1","1","1","1","1","1","1"
"6477","40.75",4.25,"0.405000001192093","23.1005954742432","2004","1","1","1","1","1","1","1","1","1","1","1","1","1","1","1","1","1","1","1","1","1","1","1","1","1","1","1","1","1","1","1","1","1","1"
"6478","40.75",4.25,"0.405000001192093","29.8762340545654","2013","1","1","1","1","1","1","1","1","1","1","1","1","1","1","1","1","1","1","1","1","1","1","1","1","1","1","1","1","1","1","1","1","1","1"
"6479","40.75",4.25,"0.405000001192093","20.0584812164307","2005","1","1","1","1","1","1","1","1","1","1","1","1","1","1","1","1","1","1","1","1","1","1","1","1","1","1","1","1","1","1","1","1","1","1"
"6480","40.75",4.25,"0.405000001192093","24.2002067565918","1999","1","1","1","1","1","1","1","1","1","1","1","1","1","1","1","1","1","1","1","1","1","1","1","1","1","1","1","1","1","1","1","1","1","1"
"6481","41.25",-1.75,"0.405000001192093",NA,"1995","2","2","2","2","2","2","2","2","2","2","2","2","2","2","2","2","2","2","2","2","2","2","2","2","2","2","2","2","2","2","2","2","2","1"
"6482","41.25",-1.75,"0.405000001192093","66.3910064697266","2019","2","2","2","2","2","2","2","2","2","2","2","2","2","2","2","2","2","2","2","2","2","2","2","2","2","2","2","2","2","2","2","2","2","1"
"6483","41.25",-1.75,"0.405000001192093","62.9989166259766","2004","2","2","2","2","2","2","2","2","2","2","2","2","2","2","2","2","2","2","2","2","2","2","2","2","2","2","2","2","2","2","2","2","2","1"
"6484","41.25",-1.75,"0.405000001192093","64.7316589355469","2012","2","2","2","2","2","2","2","2","2","2","2","2","2","2","2","2","2","2","2","2","2","2","2","2","2","2","2","2","2","2","2","2","2","1"
"6485","41.25",-1.75,"0.405000001192093",NA,"1997","2","2","2","2","2","2","2","2","2","2","2","2","2","2","2","2","2","2","2","2","2","2","2","2","2","2","2","2","2","2","2","2","2","1"
"6486","41.25",-1.75,"0.405000001192093",NA,"2020","2","2","2","2","2","2","2","2","2","2","2","2","2","2","2","2","2","2","2","2","2","2","2","2","2","2","2","2","2","2","2","2","2","1"
"6487","41.25",-1.75,"0.405000001192093","66.9400863647461","2005","2","2","2","2","2","2","2","2","2","2","2","2","2","2","2","2","2","2","2","2","2","2","2","2","2","2","2","2","2","2","2","2","2","1"
"6488","41.25",-1.75,"0.405000001192093",NA,"1996","2","2","2","2","2","2","2","2","2","2","2","2","2","2","2","2","2","2","2","2","2","2","2","2","2","2","2","2","2","2","2","2","2","1"
"6489","41.25",-1.75,"0.405000001192093","65.2584762573242","2002","2","2","2","2","2","2","2","2","2","2","2","2","2","2","2","2","2","2","2","2","2","2","2","2","2","2","2","2","2","2","2","2","2","1"
"6490","41.25",-1.75,"0.405000001192093","64.0581130981445","2003","2","2","2","2","2","2","2","2","2","2","2","2","2","2","2","2","2","2","2","2","2","2","2","2","2","2","2","2","2","2","2","2","2","1"
"6491","41.25",-1.75,"0.405000001192093",NA,"1989","2","2","2","2","2","2","2","2","2","2","2","2","2","2","2","2","2","2","2","2","2","2","2","2","2","2","2","2","2","2","2","2","2","1"
"6492","41.25",-1.75,"0.405000001192093","61.4222412109375","2017","2","2","2","2","2","2","2","2","2","2","2","2","2","2","2","2","2","2","2","2","2","2","2","2","2","2","2","2","2","2","2","2","2","1"
"6493","41.25",-1.75,"0.405000001192093","67.8222198486328","2006","2","2","2","2","2","2","2","2","2","2","2","2","2","2","2","2","2","2","2","2","2","2","2","2","2","2","2","2","2","2","2","2","2","1"
"6494","41.25",-1.75,"0.405000001192093","61.945384979248","2015","2","2","2","2","2","2","2","2","2","2","2","2","2","2","2","2","2","2","2","2","2","2","2","2","2","2","2","2","2","2","2","2","2","1"
"6495","41.25",-1.75,"0.405000001192093","67.7474746704102","1999","2","2","2","2","2","2","2","2","2","2","2","2","2","2","2","2","2","2","2","2","2","2","2","2","2","2","2","2","2","2","2","2","2","1"
"6496","41.25",-1.75,"0.405000001192093","64.2655639648438","2013","2","2","2","2","2","2","2","2","2","2","2","2","2","2","2","2","2","2","2","2","2","2","2","2","2","2","2","2","2","2","2","2","2","1"
"6497","41.25",-1.75,"0.405000001192093","64.7371826171875","2001","2","2","2","2","2","2","2","2","2","2","2","2","2","2","2","2","2","2","2","2","2","2","2","2","2","2","2","2","2","2","2","2","2","1"
"6498","41.25",-1.75,"0.405000001192093",NA,"1985","2","2","2","2","2","2","2","2","2","2","2","2","2","2","2","2","2","2","2","2","2","2","2","2","2","2","2","2","2","2","2","2","2","1"
"6499","41.25",-1.75,"0.405000001192093","71.514030456543","2010","2","2","2","2","2","2","2","2","2","2","2","2","2","2","2","2","2","2","2","2","2","2","2","2","2","2","2","2","2","2","2","2","2","1"
"6500","41.25",-1.75,"0.405000001192093","73.4030609130859","2007","2","2","2","2","2","2","2","2","2","2","2","2","2","2","2","2","2","2","2","2","2","2","2","2","2","2","2","2","2","2","2","2","2","1"
"6501","41.25",-1.75,"0.405000001192093",NA,"1987","2","2","2","2","2","2","2","2","2","2","2","2","2","2","2","2","2","2","2","2","2","2","2","2","2","2","2","2","2","2","2","2","2","1"
"6502","41.25",-1.75,"0.405000001192093",NA,"1993","2","2","2","2","2","2","2","2","2","2","2","2","2","2","2","2","2","2","2","2","2","2","2","2","2","2","2","2","2","2","2","2","2","1"
"6503","41.25",-1.75,"0.405000001192093","69.7313995361328","2018","2","2","2","2","2","2","2","2","2","2","2","2","2","2","2","2","2","2","2","2","2","2","2","2","2","2","2","2","2","2","2","2","2","1"
"6504","41.25",-1.75,"0.405000001192093",NA,"1990","2","2","2","2","2","2","2","2","2","2","2","2","2","2","2","2","2","2","2","2","2","2","2","2","2","2","2","2","2","2","2","2","2","1"
"6505","41.25",-1.75,"0.405000001192093",NA,"1988","2","2","2","2","2","2","2","2","2","2","2","2","2","2","2","2","2","2","2","2","2","2","2","2","2","2","2","2","2","2","2","2","2","1"
"6506","41.25",-1.75,"0.405000001192093",NA,"1991","2","2","2","2","2","2","2","2","2","2","2","2","2","2","2","2","2","2","2","2","2","2","2","2","2","2","2","2","2","2","2","2","2","1"
"6507","41.25",-1.75,"0.405000001192093","60.0103988647461","2009","2","2","2","2","2","2","2","2","2","2","2","2","2","2","2","2","2","2","2","2","2","2","2","2","2","2","2","2","2","2","2","2","2","1"
"6508","41.25",-1.75,"0.405000001192093","58.3390846252441","2016","2","2","2","2","2","2","2","2","2","2","2","2","2","2","2","2","2","2","2","2","2","2","2","2","2","2","2","2","2","2","2","2","2","1"
"6509","41.25",-1.75,"0.405000001192093","68.5656890869141","2000","2","2","2","2","2","2","2","2","2","2","2","2","2","2","2","2","2","2","2","2","2","2","2","2","2","2","2","2","2","2","2","2","2","1"
"6510","41.25",-1.75,"0.405000001192093",NA,"1994","2","2","2","2","2","2","2","2","2","2","2","2","2","2","2","2","2","2","2","2","2","2","2","2","2","2","2","2","2","2","2","2","2","1"
"6511","41.25",-1.75,"0.405000001192093",NA,"1992","2","2","2","2","2","2","2","2","2","2","2","2","2","2","2","2","2","2","2","2","2","2","2","2","2","2","2","2","2","2","2","2","2","1"
"6512","41.25",-1.75,"0.405000001192093","66.6940155029297","2008","2","2","2","2","2","2","2","2","2","2","2","2","2","2","2","2","2","2","2","2","2","2","2","2","2","2","2","2","2","2","2","2","2","1"
"6513","41.25",-1.75,"0.405000001192093","67.2901916503906","2014","2","2","2","2","2","2","2","2","2","2","2","2","2","2","2","2","2","2","2","2","2","2","2","2","2","2","2","2","2","2","2","2","2","1"
"6514","41.25",-1.75,"0.405000001192093",NA,"1998","2","2","2","2","2","2","2","2","2","2","2","2","2","2","2","2","2","2","2","2","2","2","2","2","2","2","2","2","2","2","2","2","2","1"
"6515","41.25",-1.75,"0.405000001192093",NA,"1986","2","2","2","2","2","2","2","2","2","2","2","2","2","2","2","2","2","2","2","2","2","2","2","2","2","2","2","2","2","2","2","2","2","1"
"6516","41.25",-1.75,"0.405000001192093","58.7008819580078","2011","2","2","2","2","2","2","2","2","2","2","2","2","2","2","2","2","2","2","2","2","2","2","2","2","2","2","2","2","2","2","2","2","2","1"
"6517","41.25",-1.25,NA,NA,"2020",,,,,,,,,,,,,,,,,,,,,,,,,,,,,,,,,,"0"
"6518","41.25",-1.25,NA,NA,"1988",,,,,,,,,,,,,,,,,,,,,,,,,,,,,,,,,,"0"
"6519","41.25",-1.25,NA,"44.8320159912109","2001",,,,,,,,,,,,,,,,,,,,,,,,,,,,,,,,,,"0"
"6520","41.25",-1.25,NA,"46.3262596130371","2006",,,,,,,,,,,,,,,,,,,,,,,,,,,,,,,,,,"0"
"6521","41.25",-1.25,NA,"42.858528137207","2003",,,,,,,,,,,,,,,,,,,,,,,,,,,,,,,,,,"0"
"6522","41.25",-1.25,NA,"43.9911956787109","2019",,,,,,,,,,,,,,,,,,,,,,,,,,,,,,,,,,"0"
"6523","41.25",-1.25,NA,NA,"1998",,,,,,,,,,,,,,,,,,,,,,,,,,,,,,,,,,"0"
"6524","41.25",-1.25,NA,NA,"1987",,,,,,,,,,,,,,,,,,,,,,,,,,,,,,,,,,"0"
"6525","41.25",-1.25,NA,"41.8105735778809","2013",,,,,,,,,,,,,,,,,,,,,,,,,,,,,,,,,,"0"
"6526","41.25",-1.25,NA,"45.3114891052246","2008",,,,,,,,,,,,,,,,,,,,,,,,,,,,,,,,,,"0"
"6527","41.25",-1.25,NA,"40.0525856018066","2015",,,,,,,,,,,,,,,,,,,,,,,,,,,,,,,,,,"0"
"6528","41.25",-1.25,NA,"51.5285606384277","2007",,,,,,,,,,,,,,,,,,,,,,,,,,,,,,,,,,"0"
"6529","41.25",-1.25,NA,"45.5671691894531","2002",,,,,,,,,,,,,,,,,,,,,,,,,,,,,,,,,,"0"
"6530","41.25",-1.25,NA,NA,"1997",,,,,,,,,,,,,,,,,,,,,,,,,,,,,,,,,,"0"
"6531","41.25",-1.25,NA,NA,"1992",,,,,,,,,,,,,,,,,,,,,,,,,,,,,,,,,,"0"
"6532","41.25",-1.25,NA,NA,"1995",,,,,,,,,,,,,,,,,,,,,,,,,,,,,,,,,,"0"
"6533","41.25",-1.25,NA,"45.2096710205078","2018",,,,,,,,,,,,,,,,,,,,,,,,,,,,,,,,,,"0"
"6534","41.25",-1.25,NA,NA,"1989",,,,,,,,,,,,,,,,,,,,,,,,,,,,,,,,,,"0"
"6535","41.25",-1.25,NA,NA,"1986",,,,,,,,,,,,,,,,,,,,,,,,,,,,,,,,,,"0"
"6536","41.25",-1.25,NA,"39.5510101318359","2012",,,,,,,,,,,,,,,,,,,,,,,,,,,,,,,,,,"0"
"6537","41.25",-1.25,NA,"42.0441246032715","2014",,,,,,,,,,,,,,,,,,,,,,,,,,,,,,,,,,"0"
"6538","41.25",-1.25,NA,"43.205436706543","2005",,,,,,,,,,,,,,,,,,,,,,,,,,,,,,,,,,"0"
"6539","41.25",-1.25,NA,"38.3740921020508","2017",,,,,,,,,,,,,,,,,,,,,,,,,,,,,,,,,,"0"
"6540","41.25",-1.25,NA,NA,"1985",,,,,,,,,,,,,,,,,,,,,,,,,,,,,,,,,,"0"
"6541","41.25",-1.25,NA,"45.9642753601074","2000",,,,,,,,,,,,,,,,,,,,,,,,,,,,,,,,,,"0"
"6542","41.25",-1.25,NA,"34.8040733337402","2016",,,,,,,,,,,,,,,,,,,,,,,,,,,,,,,,,,"0"
"6543","41.25",-1.25,NA,"37.3127746582031","2011",,,,,,,,,,,,,,,,,,,,,,,,,,,,,,,,,,"0"
"6544","41.25",-1.25,NA,NA,"1990",,,,,,,,,,,,,,,,,,,,,,,,,,,,,,,,,,"0"
"6545","41.25",-1.25,NA,NA,"1994",,,,,,,,,,,,,,,,,,,,,,,,,,,,,,,,,,"0"
"6546","41.25",-1.25,NA,NA,"1993",,,,,,,,,,,,,,,,,,,,,,,,,,,,,,,,,,"0"
"6547","41.25",-1.25,NA,"38.9814910888672","2009",,,,,,,,,,,,,,,,,,,,,,,,,,,,,,,,,,"0"
"6548","41.25",-1.25,NA,NA,"1996",,,,,,,,,,,,,,,,,,,,,,,,,,,,,,,,,,"0"
"6549","41.25",-1.25,NA,"41.9345817565918","2004",,,,,,,,,,,,,,,,,,,,,,,,,,,,,,,,,,"0"
"6550","41.25",-1.25,NA,"47.7181167602539","1999",,,,,,,,,,,,,,,,,,,,,,,,,,,,,,,,,,"0"
"6551","41.25",-1.25,NA,NA,"1991",,,,,,,,,,,,,,,,,,,,,,,,,,,,,,,,,,"0"
"6552","41.25",-1.25,NA,"45.3731079101562","2010",,,,,,,,,,,,,,,,,,,,,,,,,,,,,,,,,,"0"
"6553","41.25",3.25,"0.405000001192093","12.0921640396118","2009",,,,,,,,,,,,,,,,,,,,,,,,,,,,,,,,,,"0"
"6554","41.25",3.25,"0.405000001192093",NA,"1997",,,,,,,,,,,,,,,,,,,,,,,,,,,,,,,,,,"0"
"6555","41.25",3.25,"0.405000001192093",NA,"1996",,,,,,,,,,,,,,,,,,,,,,,,,,,,,,,,,,"0"
"6556","41.25",3.25,"0.405000001192093","13.787558555603","1999",,,,,,,,,,,,,,,,,,,,,,,,,,,,,,,,,,"0"
"6557","41.25",3.25,"0.405000001192093","17.7705364227295","2019",,,,,,,,,,,,,,,,,,,,,,,,,,,,,,,,,,"0"
"6558","41.25",3.25,"0.405000001192093","13.7645206451416","2006",,,,,,,,,,,,,,,,,,,,,,,,,,,,,,,,,,"0"
"6559","41.25",3.25,"0.405000001192093","9.58017444610596","2001",,,,,,,,,,,,,,,,,,,,,,,,,,,,,,,,,,"0"
"6560","41.25",3.25,"0.405000001192093",NA,"1991",,,,,,,,,,,,,,,,,,,,,,,,,,,,,,,,,,"0"
"6561","41.25",3.25,"0.405000001192093","14.4478921890259","2012",,,,,,,,,,,,,,,,,,,,,,,,,,,,,,,,,,"0"
"6562","41.25",3.25,"0.405000001192093",NA,"1998",,,,,,,,,,,,,,,,,,,,,,,,,,,,,,,,,,"0"
"6563","41.25",3.25,"0.405000001192093",NA,"1994",,,,,,,,,,,,,,,,,,,,,,,,,,,,,,,,,,"0"
"6564","41.25",3.25,"0.405000001192093","11.050103187561","2017",,,,,,,,,,,,,,,,,,,,,,,,,,,,,,,,,,"0"
"6565","41.25",3.25,"0.405000001192093","11.6412029266357","2000",,,,,,,,,,,,,,,,,,,,,,,,,,,,,,,,,,"0"
"6566","41.25",3.25,"0.405000001192093","13.2611246109009","2004",,,,,,,,,,,,,,,,,,,,,,,,,,,,,,,,,,"0"
"6567","41.25",3.25,"0.405000001192093","13.8910293579102","2015",,,,,,,,,,,,,,,,,,,,,,,,,,,,,,,,,,"0"
"6568","41.25",3.25,"0.405000001192093",NA,"1990",,,,,,,,,,,,,,,,,,,,,,,,,,,,,,,,,,"0"
"6569","41.25",3.25,"0.405000001192093","12.9742584228516","2008",,,,,,,,,,,,,,,,,,,,,,,,,,,,,,,,,,"0"
"6570","41.25",3.25,"0.405000001192093",NA,"1993",,,,,,,,,,,,,,,,,,,,,,,,,,,,,,,,,,"0"
"6571","41.25",3.25,"0.405000001192093",NA,"1992",,,,,,,,,,,,,,,,,,,,,,,,,,,,,,,,,,"0"
"6572","41.25",3.25,"0.405000001192093","16.1117916107178","2007",,,,,,,,,,,,,,,,,,,,,,,,,,,,,,,,,,"0"
"6573","41.25",3.25,"0.405000001192093",NA,"2020",,,,,,,,,,,,,,,,,,,,,,,,,,,,,,,,,,"0"
"6574","41.25",3.25,"0.405000001192093","13.8633155822754","2010",,,,,,,,,,,,,,,,,,,,,,,,,,,,,,,,,,"0"
"6575","41.25",3.25,"0.405000001192093","11.222017288208","2005",,,,,,,,,,,,,,,,,,,,,,,,,,,,,,,,,,"0"
"6576","41.25",3.25,"0.405000001192093","17.057336807251","2013",,,,,,,,,,,,,,,,,,,,,,,,,,,,,,,,,,"0"
"6577","41.25",3.25,"0.405000001192093","11.8881702423096","2016",,,,,,,,,,,,,,,,,,,,,,,,,,,,,,,,,,"0"
"6578","41.25",3.25,"0.405000001192093",NA,"1988",,,,,,,,,,,,,,,,,,,,,,,,,,,,,,,,,,"0"
"6579","41.25",3.25,"0.405000001192093","13.9593563079834","2011",,,,,,,,,,,,,,,,,,,,,,,,,,,,,,,,,,"0"
"6580","41.25",3.25,"0.405000001192093",NA,"1986",,,,,,,,,,,,,,,,,,,,,,,,,,,,,,,,,,"0"
"6581","41.25",3.25,"0.405000001192093","11.7000703811646","2003",,,,,,,,,,,,,,,,,,,,,,,,,,,,,,,,,,"0"
"6582","41.25",3.25,"0.405000001192093","18.3395748138428","2018",,,,,,,,,,,,,,,,,,,,,,,,,,,,,,,,,,"0"
"6583","41.25",3.25,"0.405000001192093",NA,"1989",,,,,,,,,,,,,,,,,,,,,,,,,,,,,,,,,,"0"
"6584","41.25",3.25,"0.405000001192093",NA,"1995",,,,,,,,,,,,,,,,,,,,,,,,,,,,,,,,,,"0"
"6585","41.25",3.25,"0.405000001192093",NA,"1985",,,,,,,,,,,,,,,,,,,,,,,,,,,,,,,,,,"0"
"6586","41.25",3.25,"0.405000001192093",NA,"1987",,,,,,,,,,,,,,,,,,,,,,,,,,,,,,,,,,"0"
"6587","41.25",3.25,"0.405000001192093","11.7097797393799","2002",,,,,,,,,,,,,,,,,,,,,,,,,,,,,,,,,,"0"
"6588","41.25",3.25,"0.405000001192093","12.4238977432251","2014",,,,,,,,,,,,,,,,,,,,,,,,,,,,,,,,,,"0"
"6589","41.25",3.75,"0.405000001192093","9.33055114746094","1999",,,,,,,,,,,,,,,,,,,,,,,,,,,,,,,,,,"0"
"6590","41.25",3.75,"0.405000001192093","13.694091796875","2018",,,,,,,,,,,,,,,,,,,,,,,,,,,,,,,,,,"0"
"6591","41.25",3.75,"0.405000001192093","7.82100772857666","2005",,,,,,,,,,,,,,,,,,,,,,,,,,,,,,,,,,"0"
"6592","41.25",3.75,"0.405000001192093",NA,"1992",,,,,,,,,,,,,,,,,,,,,,,,,,,,,,,,,,"0"
"6593","41.25",3.75,"0.405000001192093",NA,"1990",,,,,,,,,,,,,,,,,,,,,,,,,,,,,,,,,,"0"
"6594","41.25",3.75,"0.405000001192093",NA,"1995",,,,,,,,,,,,,,,,,,,,,,,,,,,,,,,,,,"0"
"6595","41.25",3.75,"0.405000001192093","13.1475696563721","2019",,,,,,,,,,,,,,,,,,,,,,,,,,,,,,,,,,"0"
"6596","41.25",3.75,"0.405000001192093",NA,"1989",,,,,,,,,,,,,,,,,,,,,,,,,,,,,,,,,,"0"
"6597","41.25",3.75,"0.405000001192093",NA,"1988",,,,,,,,,,,,,,,,,,,,,,,,,,,,,,,,,,"0"
"6598","41.25",3.75,"0.405000001192093",NA,"1993",,,,,,,,,,,,,,,,,,,,,,,,,,,,,,,,,,"0"
"6599","41.25",3.75,"0.405000001192093","7.68397951126099","2009",,,,,,,,,,,,,,,,,,,,,,,,,,,,,,,,,,"0"
"6600","41.25",3.75,"0.405000001192093","9.41253757476807","2003",,,,,,,,,,,,,,,,,,,,,,,,,,,,,,,,,,"0"
"6601","41.25",3.75,"0.405000001192093",NA,"1994",,,,,,,,,,,,,,,,,,,,,,,,,,,,,,,,,,"0"
"6602","41.25",3.75,"0.405000001192093",NA,"1985",,,,,,,,,,,,,,,,,,,,,,,,,,,,,,,,,,"0"
"6603","41.25",3.75,"0.405000001192093","9.48829746246338","2006",,,,,,,,,,,,,,,,,,,,,,,,,,,,,,,,,,"0"
"6604","41.25",3.75,"0.405000001192093","10.3526134490967","2004",,,,,,,,,,,,,,,,,,,,,,,,,,,,,,,,,,"0"
"6605","41.25",3.75,"0.405000001192093","8.90861129760742","2002",,,,,,,,,,,,,,,,,,,,,,,,,,,,,,,,,,"0"
"6606","41.25",3.75,"0.405000001192093","9.43368530273438","2015",,,,,,,,,,,,,,,,,,,,,,,,,,,,,,,,,,"0"
"6607","41.25",3.75,"0.405000001192093",NA,"1986",,,,,,,,,,,,,,,,,,,,,,,,,,,,,,,,,,"0"
"6608","41.25",3.75,"0.405000001192093",NA,"1997",,,,,,,,,,,,,,,,,,,,,,,,,,,,,,,,,,"0"
"6609","41.25",3.75,"0.405000001192093","10.6959037780762","2010",,,,,,,,,,,,,,,,,,,,,,,,,,,,,,,,,,"0"
"6610","41.25",3.75,"0.405000001192093","9.51191234588623","2014",,,,,,,,,,,,,,,,,,,,,,,,,,,,,,,,,,"0"
"6611","41.25",3.75,"0.405000001192093","8.27952194213867","2000",,,,,,,,,,,,,,,,,,,,,,,,,,,,,,,,,,"0"
"6612","41.25",3.75,"0.405000001192093",NA,"1991",,,,,,,,,,,,,,,,,,,,,,,,,,,,,,,,,,"0"
"6613","41.25",3.75,"0.405000001192093","13.1198205947876","2013",,,,,,,,,,,,,,,,,,,,,,,,,,,,,,,,,,"0"
"6614","41.25",3.75,"0.405000001192093",NA,"1996",,,,,,,,,,,,,,,,,,,,,,,,,,,,,,,,,,"0"
"6615","41.25",3.75,"0.405000001192093","6.53959846496582","2001",,,,,,,,,,,,,,,,,,,,,,,,,,,,,,,,,,"0"
"6616","41.25",3.75,"0.405000001192093","8.43480968475342","2008",,,,,,,,,,,,,,,,,,,,,,,,,,,,,,,,,,"0"
"6617","41.25",3.75,"0.405000001192093","9.6690788269043","2007",,,,,,,,,,,,,,,,,,,,,,,,,,,,,,,,,,"0"
"6618","41.25",3.75,"0.405000001192093","8.57452774047852","2016",,,,,,,,,,,,,,,,,,,,,,,,,,,,,,,,,,"0"
"6619","41.25",3.75,"0.405000001192093","10.080228805542","2011",,,,,,,,,,,,,,,,,,,,,,,,,,,,,,,,,,"0"
"6620","41.25",3.75,"0.405000001192093",NA,"2020",,,,,,,,,,,,,,,,,,,,,,,,,,,,,,,,,,"0"
"6621","41.25",3.75,"0.405000001192093",NA,"1987",,,,,,,,,,,,,,,,,,,,,,,,,,,,,,,,,,"0"
"6622","41.25",3.75,"0.405000001192093","8.33728122711182","2017",,,,,,,,,,,,,,,,,,,,,,,,,,,,,,,,,,"0"
"6623","41.25",3.75,"0.405000001192093",NA,"1998",,,,,,,,,,,,,,,,,,,,,,,,,,,,,,,,,,"0"
"6624","41.25",3.75,"0.405000001192093","10.2316427230835","2012",,,,,,,,,,,,,,,,,,,,,,,,,,,,,,,,,,"0"
