WDPAID,WDPA_PID,PA_DEF,NAME,ORIG_NAME,DESIG,DESIG_ENG,DESIG_TYPE,IUCN_CAT,INT_CRIT,MARINE,REP_M_AREA,GIS_M_AREA,REP_AREA,GIS_AREA,NO_TAKE,NO_TK_AREA,STATUS,STATUS_YR,GOV_TYPE,OWN_TYPE,MANG_AUTH,MANG_PLAN,VERIF,METADATAID,SUB_LOC,PARENT_ISO,ISO3,SUPP_INFO,CONS_OBJ,layer,path,Area,NUMPOINTS,conflicts/square km,conflicts/100squarekm
7630,7630,1,Leshau,Leshau,Forest Reserve,Forest Reserve,National,Not Reported,Not Applicable,0,0,0,1.98,2.003163158,Not Applicable,0,Designated,1960,Not Reported,Not Reported,Not Reported,Not Reported,State Verified,178,KE-200,KEN,KEN,Not Applicable,Not Applicable,conservancy 1,/Users/meeraburghardt/Desktop/WDPA_WDOECM_Jan2024_Public_KEN_shp/WDPA_WDOECM_Jan2024_Public_KEN_shp_1/WDPA_WDOECM_Jan2024_Public_KEN_shp-polygons.shp,1989753,0,0,0
7631,7631,1,Londiani,Londiani,Forest Reserve,Forest Reserve,National,Not Reported,Not Applicable,0,0,0,1.06,215.1589279,Not Applicable,0,Designated,1932,Not Reported,Not Reported,Not Reported,Not Reported,State Verified,178,Not Reported,KEN,KEN,Not Applicable,Not Applicable,conservancy 1,/Users/meeraburghardt/Desktop/WDPA_WDOECM_Jan2024_Public_KEN_shp/WDPA_WDOECM_Jan2024_Public_KEN_shp_1/WDPA_WDOECM_Jan2024_Public_KEN_shp-polygons.shp,213718678,0,0,0
7632,7632,1,Lugari,Lugari,Forest Reserve,Forest Reserve,National,Not Reported,Not Applicable,0,0,0,21.93,17.08210671,Not Applicable,0,Designated,1977,Not Reported,Not Reported,Not Reported,Not Reported,State Verified,178,KE-800,KEN,KEN,Not Applicable,Not Applicable,conservancy 1,/Users/meeraburghardt/Desktop/WDPA_WDOECM_Jan2024_Public_KEN_shp/WDPA_WDOECM_Jan2024_Public_KEN_shp_1/WDPA_WDOECM_Jan2024_Public_KEN_shp-polygons.shp,16967782,0,0,0
7633,7633,1,Loitokitok,Loitokitok,Forest Reserve,Forest Reserve,National,Not Reported,Not Applicable,0,0,0,7.66,27.79846455,Not Applicable,0,Designated,1977,Not Reported,Not Reported,Not Reported,Not Reported,State Verified,178,KE-700,KEN,KEN,Not Applicable,Not Applicable,conservancy 1,/Users/meeraburghardt/Desktop/WDPA_WDOECM_Jan2024_Public_KEN_shp/WDPA_WDOECM_Jan2024_Public_KEN_shp_1/WDPA_WDOECM_Jan2024_Public_KEN_shp-polygons.shp,27613342,0,0,0
7636,7636,1,Mailuganji,Mailuganji,Forest Reserve,Forest Reserve,National,Not Reported,Not Applicable,0,0,0,16.85,18.22526613,Not Applicable,0,Designated,1941,Not Reported,Not Reported,Not Reported,Not Reported,State Verified,178,Not Reported,KEN,KEN,Not Applicable,Not Applicable,conservancy 1,/Users/meeraburghardt/Desktop/WDPA_WDOECM_Jan2024_Public_KEN_shp/WDPA_WDOECM_Jan2024_Public_KEN_shp_1/WDPA_WDOECM_Jan2024_Public_KEN_shp-polygons.shp,18104775,0,0,0
7637,7637,1,Maji Mazuri,Maji Mazuri,Forest Reserve,Forest Reserve,National,Not Reported,Not Applicable,0,0,0,78.09,81.16550661,Not Applicable,0,Designated,1932,Not Reported,Not Reported,Not Reported,Not Reported,State Verified,178,Not Reported,KEN,KEN,Not Applicable,Not Applicable,conservancy 1,/Users/meeraburghardt/Desktop/WDPA_WDOECM_Jan2024_Public_KEN_shp/WDPA_WDOECM_Jan2024_Public_KEN_shp_1/WDPA_WDOECM_Jan2024_Public_KEN_shp-polygons.shp,80622167,0,0,0
7638,7638,1,Makongo-kitui,Makongo-kitui,Forest Reserve,Forest Reserve,National,Not Reported,Not Applicable,0,0,0,24.47,32.42985976,Not Applicable,0,Designated,1961,Not Reported,Not Reported,Not Reported,Not Reported,State Verified,178,KE-400,KEN,KEN,Not Applicable,Not Applicable,conservancy 1,/Users/meeraburghardt/Desktop/WDPA_WDOECM_Jan2024_Public_KEN_shp/WDPA_WDOECM_Jan2024_Public_KEN_shp_1/WDPA_WDOECM_Jan2024_Public_KEN_shp-polygons.shp,32212649,0,0,0
7640,7640,1,Makuli-nguuta,Makuli-nguuta,Forest Reserve,Forest Reserve,National,Not Reported,Not Applicable,0,0,0,16.76,13.8934852,Not Applicable,0,Designated,1960,Not Reported,Not Reported,Not Reported,Not Reported,State Verified,178,KE-400,KEN,KEN,Not Applicable,Not Applicable,conservancy 1,/Users/meeraburghardt/Desktop/WDPA_WDOECM_Jan2024_Public_KEN_shp/WDPA_WDOECM_Jan2024_Public_KEN_shp_1/WDPA_WDOECM_Jan2024_Public_KEN_shp-polygons.shp,13800669,0,0,0
7641,7641,1,Malaba,Malaba,Forest Reserve,Forest Reserve,National,Not Reported,Not Applicable,0,0,0,7.21,6.635277025,Not Applicable,0,Designated,1933,Not Reported,Not Reported,Not Reported,Not Reported,State Verified,178,KE-800,KEN,KEN,Not Applicable,Not Applicable,conservancy 1,/Users/meeraburghardt/Desktop/WDPA_WDOECM_Jan2024_Public_KEN_shp/WDPA_WDOECM_Jan2024_Public_KEN_shp_1/WDPA_WDOECM_Jan2024_Public_KEN_shp-polygons.shp,6590863,0,0,0
7643,7643,1,Maragoli,Maragoli,Forest Reserve,Forest Reserve,National,Not Reported,Not Applicable,0,0,0,4.7,2.10136986,Not Applicable,0,Designated,1957,Not Reported,Not Reported,Not Reported,Not Reported,State Verified,178,KE-800,KEN,KEN,Not Applicable,Not Applicable,conservancy 1,/Users/meeraburghardt/Desktop/WDPA_WDOECM_Jan2024_Public_KEN_shp/WDPA_WDOECM_Jan2024_Public_KEN_shp_1/WDPA_WDOECM_Jan2024_Public_KEN_shp-polygons.shp,2087302,0,0,0
7644,7644,1,Marenji,Marenji,Forest Reserve,Forest Reserve,National,Not Reported,Not Applicable,0,0,0,15.19,11.05019465,Not Applicable,0,Designated,1967,Not Reported,Not Reported,Not Reported,Not Reported,State Verified,178,Not Reported,KEN,KEN,Not Applicable,Not Applicable,conservancy 1,/Users/meeraburghardt/Desktop/WDPA_WDOECM_Jan2024_Public_KEN_shp/WDPA_WDOECM_Jan2024_Public_KEN_shp_1/WDPA_WDOECM_Jan2024_Public_KEN_shp-polygons.shp,10977114,0,0,0
7645,7645,1,Marmanet,Marmanet,Forest Reserve,Forest Reserve,National,Not Reported,Not Applicable,0,0,0,226.44,209.3703591,Not Applicable,0,Designated,1932,Not Reported,Not Reported,Not Reported,Not Reported,State Verified,178,KE-700,KEN,KEN,Not Applicable,Not Applicable,conservancy 1,/Users/meeraburghardt/Desktop/WDPA_WDOECM_Jan2024_Public_KEN_shp/WDPA_WDOECM_Jan2024_Public_KEN_shp_1/WDPA_WDOECM_Jan2024_Public_KEN_shp-polygons.shp,207969187,0,0,0
7647,7647,1,Marsabit,Marsabit,Forest Reserve,Forest Reserve,National,Not Reported,Not Applicable,0,0,0,157.78,147.6370321,Not Applicable,0,Designated,1932,Not Reported,Not Reported,Not Reported,Not Reported,State Verified,178,KE-400,KEN,KEN,Not Applicable,Not Applicable,conservancy 1,/Users/meeraburghardt/Desktop/WDPA_WDOECM_Jan2024_Public_KEN_shp/WDPA_WDOECM_Jan2024_Public_KEN_shp_1/WDPA_WDOECM_Jan2024_Public_KEN_shp-polygons.shp,146651670,3,0.020456637,2.0456637
7648,7648,1,Mataa,Mataa,Forest Reserve,Forest Reserve,National,Not Reported,Not Applicable,0,0,0,0.48,9.433354557,Not Applicable,0,Designated,1960,Not Reported,Not Reported,Not Reported,Not Reported,State Verified,178,KE-400,KEN,KEN,Not Applicable,Not Applicable,conservancy 1,/Users/meeraburghardt/Desktop/WDPA_WDOECM_Jan2024_Public_KEN_shp/WDPA_WDOECM_Jan2024_Public_KEN_shp_1/WDPA_WDOECM_Jan2024_Public_KEN_shp-polygons.shp,9370208,0,0,0
7649,7649,1,Mathews Range,Mathews Range,Forest Reserve,Forest Reserve,National,Not Reported,Not Applicable,0,0,0,973.92,974.9905666,Not Applicable,0,Designated,1956,Federal or national ministry or agency,Not Reported,Not Reported,Not Reported,Not Reported,1714,KE-700,KEN,KEN,Not Applicable,Not Applicable,conservancy 1,/Users/meeraburghardt/Desktop/WDPA_WDOECM_Jan2024_Public_KEN_shp/WDPA_WDOECM_Jan2024_Public_KEN_shp_1/WDPA_WDOECM_Jan2024_Public_KEN_shp-polygons.shp,968468078,0,0,0
7650,7650,1,Mau Narok,Mau Narok,Forest Reserve,Forest Reserve,National,Not Reported,Not Applicable,0,0,0,8.51,6.435657088,Not Applicable,0,Designated,1967,Not Reported,Not Reported,Not Reported,Not Reported,State Verified,178,KE-700,KEN,KEN,Not Applicable,Not Applicable,conservancy 1,/Users/meeraburghardt/Desktop/WDPA_WDOECM_Jan2024_Public_KEN_shp/WDPA_WDOECM_Jan2024_Public_KEN_shp_1/WDPA_WDOECM_Jan2024_Public_KEN_shp-polygons.shp,6392583,0,0,0
7651,7651,1,Menengai,Menengai,Forest Reserve,Forest Reserve,National,Not Reported,Not Applicable,0,0,0,57.37,55.37725545,Not Applicable,0,Designated,1977,Not Reported,Not Reported,Not Reported,Not Reported,State Verified,178,KE-700,KEN,KEN,Not Applicable,Not Applicable,conservancy 1,/Users/meeraburghardt/Desktop/WDPA_WDOECM_Jan2024_Public_KEN_shp/WDPA_WDOECM_Jan2024_Public_KEN_shp_1/WDPA_WDOECM_Jan2024_Public_KEN_shp-polygons.shp,55007779,0,0,0
7653,7653,1,Imenti or Upper Imenti,Imenti or Upper Imenti,Forest Reserve,Forest Reserve,National,Not Reported,Not Applicable,0,0,0,121.99,122.804809,Not Applicable,0,Designated,1938,Not Reported,Not Reported,Not Reported,Not Reported,Not Reported,495,KE-400,KEN,KEN,Not Applicable,Not Applicable,conservancy 1,/Users/meeraburghardt/Desktop/WDPA_WDOECM_Jan2024_Public_KEN_shp/WDPA_WDOECM_Jan2024_Public_KEN_shp_1/WDPA_WDOECM_Jan2024_Public_KEN_shp-polygons.shp,121982677,0,0,0
7654,7654,1,Metkei,Metkei,Forest Reserve,Forest Reserve,National,Not Reported,Not Applicable,0,0,0,19.58,17.58875045,Not Applicable,0,Designated,1954,Not Reported,Not Reported,Not Reported,Not Reported,State Verified,178,KE-700,KEN,KEN,Not Applicable,Not Applicable,conservancy 1,/Users/meeraburghardt/Desktop/WDPA_WDOECM_Jan2024_Public_KEN_shp/WDPA_WDOECM_Jan2024_Public_KEN_shp_1/WDPA_WDOECM_Jan2024_Public_KEN_shp-polygons.shp,17471039,0,0,0
7655,7655,1,Mkongani North,Mkongani North,Forest Reserve,Forest Reserve,National,Not Reported,Not Applicable,0,0,0,11.65,8.892709803,Not Applicable,0,Designated,1956,Not Reported,Not Reported,Not Reported,Not Reported,State Verified,178,KE-300,KEN,KEN,Not Applicable,Not Applicable,conservancy 1,/Users/meeraburghardt/Desktop/WDPA_WDOECM_Jan2024_Public_KEN_shp/WDPA_WDOECM_Jan2024_Public_KEN_shp_1/WDPA_WDOECM_Jan2024_Public_KEN_shp-polygons.shp,8834275,0,0,0
7656,7656,1,Mkongani West,Mkongani West,Forest Reserve,Forest Reserve,National,Not Reported,Not Applicable,0,0,0,14.08,15.05302576,Not Applicable,0,Designated,1956,Not Reported,Not Reported,Not Reported,Not Reported,State Verified,178,KE-300,KEN,KEN,Not Applicable,Not Applicable,conservancy 1,/Users/meeraburghardt/Desktop/WDPA_WDOECM_Jan2024_Public_KEN_shp/WDPA_WDOECM_Jan2024_Public_KEN_shp_1/WDPA_WDOECM_Jan2024_Public_KEN_shp-polygons.shp,14955180,0,0,0
7657,7657,1,Molo,Molo,Forest Reserve,Forest Reserve,National,Not Reported,Not Applicable,0,0,0,9.15,8.470421539,Not Applicable,0,Designated,1932,Not Reported,Not Reported,Not Reported,Not Reported,State Verified,178,KE-700,KEN,KEN,Not Applicable,Not Applicable,conservancy 1,/Users/meeraburghardt/Desktop/WDPA_WDOECM_Jan2024_Public_KEN_shp/WDPA_WDOECM_Jan2024_Public_KEN_shp_1/WDPA_WDOECM_Jan2024_Public_KEN_shp-polygons.shp,8413711,0,0,0
7660,7660,1,Mount Elgon,Mount Elgon,Forest Reserve,Forest Reserve,National,Not Reported,Not Applicable,0,0,0,730.89,608.9296445,Not Applicable,0,Designated,1932,Not Reported,Not Reported,Not Reported,Not Reported,State Verified,178,KE-800,KEN,KEN,Not Applicable,Not Applicable,conservancy 1,/Users/meeraburghardt/Desktop/WDPA_WDOECM_Jan2024_Public_KEN_shp/WDPA_WDOECM_Jan2024_Public_KEN_shp_1/WDPA_WDOECM_Jan2024_Public_KEN_shp-polygons.shp,604855320,0,0,0
7661,7661,1,Mount Kenya,Mount Kenya,Forest Reserve,Forest Reserve,National,Not Reported,Not Applicable,0,0,0,2009.74,2136.415114,Not Applicable,0,Designated,1943,Federal or national ministry or agency,Not Reported,Not Reported,Not Reported,Not Reported,1714,Not Reported,KEN,KEN,Not Applicable,Not Applicable,conservancy 1,/Users/meeraburghardt/Desktop/WDPA_WDOECM_Jan2024_Public_KEN_shp/WDPA_WDOECM_Jan2024_Public_KEN_shp_1/WDPA_WDOECM_Jan2024_Public_KEN_shp-polygons.shp,2122113402,0,0,0
7662,7662,1,Mount Londiani,Mount Londiani,Forest Reserve,Forest Reserve,National,Not Reported,Not Applicable,0,0,0,301.52,222.6114248,Not Applicable,0,Designated,1932,Not Reported,Not Reported,Not Reported,Not Reported,State Verified,178,KE-700,KEN,KEN,Not Applicable,Not Applicable,conservancy 1,/Users/meeraburghardt/Desktop/WDPA_WDOECM_Jan2024_Public_KEN_shp/WDPA_WDOECM_Jan2024_Public_KEN_shp_1/WDPA_WDOECM_Jan2024_Public_KEN_shp-polygons.shp,221121998,0,0,0
7663,7663,1,Mount Nyiru,Mount Nyiru,Forest Reserve,Forest Reserve,National,Not Reported,Not Applicable,0,0,0,454.96,459.9465958,Not Applicable,0,Designated,1956,Not Reported,Not Reported,Not Reported,Not Reported,State Verified,178,KE-700,KEN,KEN,Not Applicable,Not Applicable,conservancy 1,/Users/meeraburghardt/Desktop/WDPA_WDOECM_Jan2024_Public_KEN_shp/WDPA_WDOECM_Jan2024_Public_KEN_shp_1/WDPA_WDOECM_Jan2024_Public_KEN_shp-polygons.shp,456832666,1,0.002188985,0.2188985
7664,7664,1,Mrima,Mrima,Forest Reserve,Forest Reserve,National,Not Reported,Not Applicable,0,0,0,3.9,3.342255916,Not Applicable,0,Designated,1961,Not Reported,Not Reported,Not Reported,Not Reported,State Verified,178,KE-300,KEN,KEN,Not Applicable,Not Applicable,conservancy 1,/Users/meeraburghardt/Desktop/WDPA_WDOECM_Jan2024_Public_KEN_shp/WDPA_WDOECM_Jan2024_Public_KEN_shp_1/WDPA_WDOECM_Jan2024_Public_KEN_shp-polygons.shp,3320155,0,0,0
7666,7666,1,Muguga,Muguga,Forest Reserve,Forest Reserve,National,Not Reported,Not Applicable,0,0,0,2.25,1.433250773,Not Applicable,0,Designated,1938,Not Reported,Not Reported,Not Reported,Not Reported,State Verified,178,KE-200,KEN,KEN,Not Applicable,Not Applicable,conservancy 1,/Users/meeraburghardt/Desktop/WDPA_WDOECM_Jan2024_Public_KEN_shp/WDPA_WDOECM_Jan2024_Public_KEN_shp_1/WDPA_WDOECM_Jan2024_Public_KEN_shp-polygons.shp,1423665,0,0,0
7667,7667,1,Mukobe,Mukobe,Forest Reserve,Forest Reserve,National,Not Reported,Not Applicable,0,0,0,7.47,7.613175668,Not Applicable,0,Designated,1962,Not Reported,Not Reported,Not Reported,Not Reported,State Verified,178,KE-700,KEN,KEN,Not Applicable,Not Applicable,conservancy 1,/Users/meeraburghardt/Desktop/WDPA_WDOECM_Jan2024_Public_KEN_shp/WDPA_WDOECM_Jan2024_Public_KEN_shp_1/WDPA_WDOECM_Jan2024_Public_KEN_shp-polygons.shp,7562209,0,0,0
7668,7668,1,Mukogodo,Mukogodo,Forest Reserve,Forest Reserve,National,Not Reported,Not Applicable,0,0,0,299.31,311.2390517,Not Applicable,0,Designated,1937,Federal or national ministry or agency,Not Reported,Not Reported,Not Reported,Not Reported,1714,KE-700,KEN,KEN,Not Applicable,Not Applicable,conservancy 1,/Users/meeraburghardt/Desktop/WDPA_WDOECM_Jan2024_Public_KEN_shp/WDPA_WDOECM_Jan2024_Public_KEN_shp_1/WDPA_WDOECM_Jan2024_Public_KEN_shp-polygons.shp,309152056,1,0.003234654,0.3234654
7670,7670,1,Munguni,Munguni,Forest Reserve,Forest Reserve,National,Not Reported,Not Applicable,0,0,0,1.89,4.672585895,Not Applicable,0,Designated,1959,Not Reported,Not Reported,Not Reported,Not Reported,State Verified,178,KE-400,KEN,KEN,Not Applicable,Not Applicable,conservancy 1,/Users/meeraburghardt/Desktop/WDPA_WDOECM_Jan2024_Public_KEN_shp/WDPA_WDOECM_Jan2024_Public_KEN_shp_1/WDPA_WDOECM_Jan2024_Public_KEN_shp-polygons.shp,4641308,0,0,0
7672,7672,1,Mutejwa,Mutejwa,Forest Reserve,Forest Reserve,National,Not Reported,Not Applicable,0,0,0,13.18,8.652127497,Not Applicable,0,Designated,1959,Not Reported,Not Reported,Not Reported,Not Reported,State Verified,178,KE-400,KEN,KEN,Not Applicable,Not Applicable,conservancy 1,/Users/meeraburghardt/Desktop/WDPA_WDOECM_Jan2024_Public_KEN_shp/WDPA_WDOECM_Jan2024_Public_KEN_shp_1/WDPA_WDOECM_Jan2024_Public_KEN_shp-polygons.shp,8594213,0,0,0
7673,7673,1,Mutharanga,Mutharanga,Forest Reserve,Forest Reserve,National,Not Reported,Not Applicable,0,0,0,2.93,6.183793064,Not Applicable,0,Designated,1959,Not Reported,Not Reported,Not Reported,Not Reported,State Verified,178,KE-400,KEN,KEN,Not Applicable,Not Applicable,conservancy 1,/Users/meeraburghardt/Desktop/WDPA_WDOECM_Jan2024_Public_KEN_shp/WDPA_WDOECM_Jan2024_Public_KEN_shp_1/WDPA_WDOECM_Jan2024_Public_KEN_shp-polygons.shp,6142398,0,0,0
7674,7674,1,Mutito,Mutito,Forest Reserve,Forest Reserve,National,Not Reported,Not Applicable,0,0,0,19.75,30.83134398,Not Applicable,0,Designated,1962,Not Reported,Not Reported,Not Reported,Not Reported,State Verified,178,KE-400,KEN,KEN,Not Applicable,Not Applicable,conservancy 1,/Users/meeraburghardt/Desktop/WDPA_WDOECM_Jan2024_Public_KEN_shp/WDPA_WDOECM_Jan2024_Public_KEN_shp_1/WDPA_WDOECM_Jan2024_Public_KEN_shp-polygons.shp,30625146,0,0,0
7676,7676,1,Mwachi,Mwachi,Forest Reserve,Forest Reserve,National,Not Reported,Not Applicable,0,0,0,3.81,8.285439088,Not Applicable,0,Designated,1938,Not Reported,Not Reported,Not Reported,Not Reported,State Verified,178,KE-400,KEN,KEN,Not Applicable,Not Applicable,conservancy 1,/Users/meeraburghardt/Desktop/WDPA_WDOECM_Jan2024_Public_KEN_shp/WDPA_WDOECM_Jan2024_Public_KEN_shp_1/WDPA_WDOECM_Jan2024_Public_KEN_shp-polygons.shp,8230507,0,0,0
7679,7679,1,Namanga Hill,Namanga Hill,Forest Reserve,Forest Reserve,National,Not Reported,Not Applicable,0,0,0,119.04,106.4437167,Not Applicable,0,Designated,1979,Federal or national ministry or agency,Not Reported,Not Reported,Not Reported,Not Reported,1714,KE-700,KEN,KEN,Not Applicable,Not Applicable,conservancy 1,/Users/meeraburghardt/Desktop/WDPA_WDOECM_Jan2024_Public_KEN_shp/WDPA_WDOECM_Jan2024_Public_KEN_shp_1/WDPA_WDOECM_Jan2024_Public_KEN_shp-polygons.shp,105733748,0,0,0
7682,7682,1,Nakuru,Nakuru,Forest Reserve,Forest Reserve,National,Not Reported,Not Applicable,0,0,0,6.31,4.545772974,Not Applicable,0,Designated,1977,Not Reported,Not Reported,Not Reported,Not Reported,State Verified,178,KE-700,KEN,KEN,Not Applicable,Not Applicable,conservancy 1,/Users/meeraburghardt/Desktop/WDPA_WDOECM_Jan2024_Public_KEN_shp/WDPA_WDOECM_Jan2024_Public_KEN_shp_1/WDPA_WDOECM_Jan2024_Public_KEN_shp-polygons.shp,4515327,0,0,0
7683,7683,1,Ngare Ndare,Ngare Ndare,Forest Reserve,Forest Reserve,National,Not Reported,Not Applicable,0,0,0,55.77,56.13945183,Not Applicable,0,Designated,1932,Not Reported,Not Reported,Not Reported,Not Reported,Not Reported,495,KE-400,KEN,KEN,Not Applicable,Not Applicable,conservancy 1,/Users/meeraburghardt/Desktop/WDPA_WDOECM_Jan2024_Public_KEN_shp/WDPA_WDOECM_Jan2024_Public_KEN_shp_1/WDPA_WDOECM_Jan2024_Public_KEN_shp-polygons.shp,55764163,0,0,0
7685,7685,1,Ndotos Range,Ndotos Range,Forest Reserve,Forest Reserve,National,Not Reported,Not Applicable,0,0,0,932.05,958.3448653,Not Applicable,0,Designated,1956,Not Reported,Not Reported,Not Reported,Not Reported,State Verified,178,KE-700,KEN,KEN,Not Applicable,Not Applicable,conservancy 1,/Users/meeraburghardt/Desktop/WDPA_WDOECM_Jan2024_Public_KEN_shp/WDPA_WDOECM_Jan2024_Public_KEN_shp_1/WDPA_WDOECM_Jan2024_Public_KEN_shp-polygons.shp,951908859,1,0.001050521,0.1050521
7687,7687,1,Ngaia,Ngaia,Forest Reserve,Forest Reserve,National,Not Reported,Not Applicable,0,0,0,43.14,83.21940976,Not Applicable,0,Designated,1959,Not Reported,Not Reported,Not Reported,Not Reported,State Verified,178,KE-400,KEN,KEN,Not Applicable,Not Applicable,conservancy 1,/Users/meeraburghardt/Desktop/WDPA_WDOECM_Jan2024_Public_KEN_shp/WDPA_WDOECM_Jan2024_Public_KEN_shp_1/WDPA_WDOECM_Jan2024_Public_KEN_shp-polygons.shp,82662338,0,0,0
7688,7688,1,Ngamba,Ngamba,Forest Reserve,Forest Reserve,National,Not Reported,Not Applicable,0,0,0,11.41,9.348101213,Not Applicable,0,Designated,1961,Not Reported,Not Reported,Not Reported,Not Reported,State Verified,178,KE-400,KEN,KEN,Not Applicable,Not Applicable,conservancy 1,/Users/meeraburghardt/Desktop/WDPA_WDOECM_Jan2024_Public_KEN_shp/WDPA_WDOECM_Jan2024_Public_KEN_shp_1/WDPA_WDOECM_Jan2024_Public_KEN_shp-polygons.shp,9285570,0,0,0
7689,7689,1,Ngong Road,Ngong Road,Forest Reserve,Forest Reserve,National,Not Reported,Not Applicable,0,0,0,10.39,10.6127183,Not Applicable,0,Designated,1932,Not Reported,Not Reported,Not Reported,Not Reported,State Verified,178,KE-110,KEN,KEN,Not Applicable,Not Applicable,conservancy 1,/Users/meeraburghardt/Desktop/WDPA_WDOECM_Jan2024_Public_KEN_shp/WDPA_WDOECM_Jan2024_Public_KEN_shp_1/WDPA_WDOECM_Jan2024_Public_KEN_shp-polygons.shp,10541748,0,0,0
7690,7690,1,Njuguni,Njuguni,Forest Reserve,Forest Reserve,National,Not Reported,Not Applicable,0,0,0,19.87,17.98544517,Not Applicable,0,Designated,1959,Not Reported,Not Reported,Not Reported,Not Reported,State Verified,178,KE-400,KEN,KEN,Not Applicable,Not Applicable,conservancy 1,/Users/meeraburghardt/Desktop/WDPA_WDOECM_Jan2024_Public_KEN_shp/WDPA_WDOECM_Jan2024_Public_KEN_shp_1/WDPA_WDOECM_Jan2024_Public_KEN_shp-polygons.shp,17865048,0,0,0
7692,7692,1,North Nandi,North Nandi,Forest Reserve,Forest Reserve,National,Not Reported,Not Applicable,0,0,0,113.45,112.3166686,Not Applicable,0,Designated,1936,Not Reported,Not Reported,Not Reported,Not Reported,State Verified,178,KE-700,KEN,KEN,Not Applicable,Not Applicable,conservancy 1,/Users/meeraburghardt/Desktop/WDPA_WDOECM_Jan2024_Public_KEN_shp/WDPA_WDOECM_Jan2024_Public_KEN_shp_1/WDPA_WDOECM_Jan2024_Public_KEN_shp-polygons.shp,111564788,0,0,0
7693,7693,1,Northern Tinderet,Northern Tinderet,Forest Reserve,Forest Reserve,National,Not Reported,Not Applicable,0,0,0,262.85,295.2018661,Not Applicable,0,Designated,1932,Not Reported,Not Reported,Not Reported,Not Reported,State Verified,178,KE-700,KEN,KEN,Not Applicable,Not Applicable,conservancy 1,/Users/meeraburghardt/Desktop/WDPA_WDOECM_Jan2024_Public_KEN_shp/WDPA_WDOECM_Jan2024_Public_KEN_shp_1/WDPA_WDOECM_Jan2024_Public_KEN_shp-polygons.shp,293225681,0,0,0
7694,7694,1,Nthangu,Nthangu,Forest Reserve,Forest Reserve,National,Not Reported,Not Applicable,0,0,0,8.45,10.69701291,Not Applicable,0,Designated,1960,Not Reported,Not Reported,Not Reported,Not Reported,State Verified,178,KE-200,KEN,KEN,Not Applicable,Not Applicable,conservancy 1,/Users/meeraburghardt/Desktop/WDPA_WDOECM_Jan2024_Public_KEN_shp/WDPA_WDOECM_Jan2024_Public_KEN_shp_1/WDPA_WDOECM_Jan2024_Public_KEN_shp-polygons.shp,10625529,0,0,0
7696,7696,1,Nuu,Nuu,Forest Reserve,Forest Reserve,National,Not Reported,Not Applicable,0,0,0,25.32,45.58026444,Not Applicable,0,Designated,1961,Not Reported,Not Reported,Not Reported,Not Reported,State Verified,178,Not Reported,KEN,KEN,Not Applicable,Not Applicable,conservancy 1,/Users/meeraburghardt/Desktop/WDPA_WDOECM_Jan2024_Public_KEN_shp/WDPA_WDOECM_Jan2024_Public_KEN_shp_1/WDPA_WDOECM_Jan2024_Public_KEN_shp-polygons.shp,45275342,0,0,0
7697,7697,1,Nyambeni,Nyambeni,Forest Reserve,Forest Reserve,National,Not Reported,Not Applicable,0,0,0,54.54,52.54664321,Not Applicable,0,Designated,1959,Not Reported,Not Reported,Not Reported,Not Reported,State Verified,178,KE-400,KEN,KEN,Not Applicable,Not Applicable,conservancy 1,/Users/meeraburghardt/Desktop/WDPA_WDOECM_Jan2024_Public_KEN_shp/WDPA_WDOECM_Jan2024_Public_KEN_shp_1/WDPA_WDOECM_Jan2024_Public_KEN_shp-polygons.shp,52194882,0,0,0
7699,7699,1,Nyeri,Nyeri,Forest Reserve,Forest Reserve,National,Not Reported,Not Applicable,0,0,0,12.14,12.0425562,Not Applicable,0,Designated,1932,Federal or national ministry or agency,Not Reported,Not Reported,Not Reported,Not Reported,1714,Not Reported,KEN,KEN,Not Applicable,Not Applicable,conservancy 1,/Users/meeraburghardt/Desktop/WDPA_WDOECM_Jan2024_Public_KEN_shp/WDPA_WDOECM_Jan2024_Public_KEN_shp_1/WDPA_WDOECM_Jan2024_Public_KEN_shp-polygons.shp,11961940,0,0,0
7701,7701,1,Nzaui,Nzaui,Forest Reserve,Forest Reserve,National,Not Reported,Not Applicable,0,0,0,10.01,14.37237322,Not Applicable,0,Designated,1960,Not Reported,Not Reported,Not Reported,Not Reported,State Verified,178,KE-400,KEN,KEN,Not Applicable,Not Applicable,conservancy 1,/Users/meeraburghardt/Desktop/WDPA_WDOECM_Jan2024_Public_KEN_shp/WDPA_WDOECM_Jan2024_Public_KEN_shp_1/WDPA_WDOECM_Jan2024_Public_KEN_shp-polygons.shp,14276397,0,0,0
7702,7702,1,Ol-arabel,Ol-arabel,Forest Reserve,Forest Reserve,National,Not Reported,Not Applicable,0,0,0,97.38,99.59836537,Not Applicable,0,Designated,1941,Not Reported,Not Reported,Not Reported,Not Reported,State Verified,178,KE-700,KEN,KEN,Not Applicable,Not Applicable,conservancy 1,/Users/meeraburghardt/Desktop/WDPA_WDOECM_Jan2024_Public_KEN_shp/WDPA_WDOECM_Jan2024_Public_KEN_shp_1/WDPA_WDOECM_Jan2024_Public_KEN_shp-polygons.shp,98931591,3,0.030323984,3.0323984
7703,7703,1,Ol-bolossat,Ol-bolossat,Forest Reserve,Forest Reserve,National,Not Reported,Not Applicable,0,0,0,32.69,36.28972084,Not Applicable,0,Designated,1938,Not Reported,Not Reported,Not Reported,Not Reported,State Verified,178,Not Reported,KEN,KEN,Not Applicable,Not Applicable,conservancy 1,/Users/meeraburghardt/Desktop/WDPA_WDOECM_Jan2024_Public_KEN_shp/WDPA_WDOECM_Jan2024_Public_KEN_shp_1/WDPA_WDOECM_Jan2024_Public_KEN_shp-polygons.shp,36046803,0,0,0
7704,7704,1,Ololua,Ololua,Forest Reserve,Forest Reserve,National,Not Reported,Not Applicable,0,0,0,6.39,6.006115233,Not Applicable,0,Designated,1941,Not Reported,Not Reported,Not Reported,Not Reported,State Verified,178,KE-110,KEN,KEN,Not Applicable,Not Applicable,conservancy 1,/Users/meeraburghardt/Desktop/WDPA_WDOECM_Jan2024_Public_KEN_shp/WDPA_WDOECM_Jan2024_Public_KEN_shp_1/WDPA_WDOECM_Jan2024_Public_KEN_shp-polygons.shp,5965947,0,0,0
7705,7705,1,Ol-pusimoru,Ol-pusimoru,Forest Reserve,Forest Reserve,National,Not Reported,Not Applicable,0,0,0,172.58,358.7228885,Not Applicable,0,Designated,1957,Not Reported,Not Reported,Not Reported,Not Reported,State Verified,178,KE-700,KEN,KEN,Not Applicable,Not Applicable,conservancy 1,/Users/meeraburghardt/Desktop/WDPA_WDOECM_Jan2024_Public_KEN_shp/WDPA_WDOECM_Jan2024_Public_KEN_shp_1/WDPA_WDOECM_Jan2024_Public_KEN_shp-polygons.shp,356322484,5,0.014032233,1.4032233
7707,7707,1,Perkerra Catchment,Perkerra Catchment,Forest Reserve,Forest Reserve,National,Not Reported,Not Applicable,0,0,0,44.14,52.62936571,Not Applicable,0,Designated,1962,Not Reported,Not Reported,Not Reported,Not Reported,State Verified,178,KE-700,KEN,KEN,Not Applicable,Not Applicable,conservancy 1,/Users/meeraburghardt/Desktop/WDPA_WDOECM_Jan2024_Public_KEN_shp/WDPA_WDOECM_Jan2024_Public_KEN_shp_1/WDPA_WDOECM_Jan2024_Public_KEN_shp-polygons.shp,52277069,0,0,0
7708,7708,1,Rumuruti,Rumuruti,Forest Reserve,Forest Reserve,National,Not Reported,Not Applicable,0,0,0,65.51,62.31033319,Not Applicable,0,Designated,1932,Not Reported,Not Reported,Not Reported,Not Reported,State Verified,178,KE-700,KEN,KEN,Not Applicable,Not Applicable,conservancy 1,/Users/meeraburghardt/Desktop/WDPA_WDOECM_Jan2024_Public_KEN_shp/WDPA_WDOECM_Jan2024_Public_KEN_shp_1/WDPA_WDOECM_Jan2024_Public_KEN_shp-polygons.shp,61893380,0,0,0
7709,7709,1,Saimo,Saimo,Forest Reserve,Forest Reserve,National,Not Reported,Not Applicable,0,0,0,7.27,10.00533087,Not Applicable,0,Designated,1949,Not Reported,Not Reported,Not Reported,Not Reported,State Verified,178,KE-700,KEN,KEN,Not Applicable,Not Applicable,conservancy 1,/Users/meeraburghardt/Desktop/WDPA_WDOECM_Jan2024_Public_KEN_shp/WDPA_WDOECM_Jan2024_Public_KEN_shp_1/WDPA_WDOECM_Jan2024_Public_KEN_shp-polygons.shp,9938521,0,0,0
7713,7713,1,Sogotio,Sogotio,Forest Reserve,Forest Reserve,National,Not Reported,Not Applicable,0,0,0,35.55,33.20078986,Not Applicable,0,Designated,1941,Not Reported,Not Reported,Not Reported,Not Reported,State Verified,178,KE-700,KEN,KEN,Not Applicable,Not Applicable,conservancy 1,/Users/meeraburghardt/Desktop/WDPA_WDOECM_Jan2024_Public_KEN_shp/WDPA_WDOECM_Jan2024_Public_KEN_shp_1/WDPA_WDOECM_Jan2024_Public_KEN_shp-polygons.shp,32978647,0,0,0
7719,7719,1,South Nandi,South Nandi,Forest Reserve,Forest Reserve,National,Not Reported,Not Applicable,0,0,0,195.68,199.7171852,Not Applicable,0,Designated,1936,Not Reported,Not Reported,Not Reported,Not Reported,State Verified,178,KE-700,KEN,KEN,Not Applicable,Not Applicable,conservancy 1,/Users/meeraburghardt/Desktop/WDPA_WDOECM_Jan2024_Public_KEN_shp/WDPA_WDOECM_Jan2024_Public_KEN_shp_1/WDPA_WDOECM_Jan2024_Public_KEN_shp-polygons.shp,198380216,0,0,0
7720,7720,1,Sekhendu,Sekhendu,Forest Reserve,Forest Reserve,National,Not Reported,Not Applicable,0,0,0,8.04,7.562468217,Not Applicable,0,Designated,1977,Not Reported,Not Reported,Not Reported,Not Reported,State Verified,178,KE-700,KEN,KEN,Not Applicable,Not Applicable,conservancy 1,/Users/meeraburghardt/Desktop/WDPA_WDOECM_Jan2024_Public_KEN_shp/WDPA_WDOECM_Jan2024_Public_KEN_shp_1/WDPA_WDOECM_Jan2024_Public_KEN_shp-polygons.shp,7511864,0,0,0
7722,7722,1,Taressia,Taressia,Forest Reserve,Forest Reserve,National,Not Reported,Not Applicable,0,0,0,3.75,3.615868946,Not Applicable,0,Designated,1936,Not Reported,Not Reported,Not Reported,Not Reported,State Verified,178,KE-700,KEN,KEN,Not Applicable,Not Applicable,conservancy 1,/Users/meeraburghardt/Desktop/WDPA_WDOECM_Jan2024_Public_KEN_shp/WDPA_WDOECM_Jan2024_Public_KEN_shp_1/WDPA_WDOECM_Jan2024_Public_KEN_shp-polygons.shp,3591668,0,0,0
7723,7723,1,Thunguru Hill,Thunguru Hill,Forest Reserve,Forest Reserve,National,Not Reported,Not Applicable,0,0,0,5.54,8.779602615,Not Applicable,0,Designated,1959,Not Reported,Not Reported,Not Reported,Not Reported,State Verified,178,KE-400,KEN,KEN,Not Applicable,Not Applicable,conservancy 1,/Users/meeraburghardt/Desktop/WDPA_WDOECM_Jan2024_Public_KEN_shp/WDPA_WDOECM_Jan2024_Public_KEN_shp_1/WDPA_WDOECM_Jan2024_Public_KEN_shp-polygons.shp,8720827,0,0,0
7724,7724,1,Thuuri,Thuuri,Forest Reserve,Forest Reserve,National,Not Reported,Not Applicable,0,0,0,7.32,6.577344081,Not Applicable,0,Designated,1959,Not Reported,Not Reported,Not Reported,Not Reported,State Verified,178,KE-400,KEN,KEN,Not Applicable,Not Applicable,conservancy 1,/Users/meeraburghardt/Desktop/WDPA_WDOECM_Jan2024_Public_KEN_shp/WDPA_WDOECM_Jan2024_Public_KEN_shp_1/WDPA_WDOECM_Jan2024_Public_KEN_shp-polygons.shp,6533311,0,0,0
7725,7725,1,Timau,Timau,Forest Reserve,Forest Reserve,National,Not Reported,Not Applicable,0,0,0,2.95,3.811688772,Not Applicable,0,Designated,1950,Not Reported,Not Reported,Not Reported,Not Reported,State Verified,178,KE-400,KEN,KEN,Not Applicable,Not Applicable,conservancy 1,/Users/meeraburghardt/Desktop/WDPA_WDOECM_Jan2024_Public_KEN_shp/WDPA_WDOECM_Jan2024_Public_KEN_shp_1/WDPA_WDOECM_Jan2024_Public_KEN_shp-polygons.shp,3786173,0,0,0
7726,7726,1,Timboroa,Timboroa,Forest Reserve,Forest Reserve,National,Not Reported,Not Applicable,0,0,0,58.13,53.22492492,Not Applicable,0,Designated,1932,Not Reported,Not Reported,Not Reported,Not Reported,State Verified,178,KE-700,KEN,KEN,Not Applicable,Not Applicable,conservancy 1,/Users/meeraburghardt/Desktop/WDPA_WDOECM_Jan2024_Public_KEN_shp/WDPA_WDOECM_Jan2024_Public_KEN_shp_1/WDPA_WDOECM_Jan2024_Public_KEN_shp-polygons.shp,52868611,0,0,0
7727,7727,1,Tinderet,Tinderet,Forest Reserve,Forest Reserve,National,Not Reported,Not Applicable,0,0,0,281.67,340.6331552,Not Applicable,0,Designated,1932,Not Reported,Not Reported,Not Reported,Not Reported,State Verified,178,KE-700,KEN,KEN,Not Applicable,Not Applicable,conservancy 1,/Users/meeraburghardt/Desktop/WDPA_WDOECM_Jan2024_Public_KEN_shp/WDPA_WDOECM_Jan2024_Public_KEN_shp_1/WDPA_WDOECM_Jan2024_Public_KEN_shp-polygons.shp,338352891,0,0,0
7730,7730,1,Transmara,Transmara,Forest Reserve,Forest Reserve,National,Not Reported,Not Applicable,0,0,0,344.57,378.208057,Not Applicable,0,Designated,1941,Not Reported,Not Reported,Not Reported,Not Reported,State Verified,178,KE-700,KEN,KEN,Not Applicable,Not Applicable,conservancy 1,/Users/meeraburghardt/Desktop/WDPA_WDOECM_Jan2024_Public_KEN_shp/WDPA_WDOECM_Jan2024_Public_KEN_shp_1/WDPA_WDOECM_Jan2024_Public_KEN_shp-polygons.shp,375671276,0,0,0
7734,7734,1,Turbo,Turbo,Forest Reserve,Forest Reserve,National,Not Reported,Not Applicable,0,0,0,108.14,111.2372123,Not Applicable,0,Designated,1968,Not Reported,Not Reported,Not Reported,Not Reported,State Verified,178,KE-800,KEN,KEN,Not Applicable,Not Applicable,conservancy 1,/Users/meeraburghardt/Desktop/WDPA_WDOECM_Jan2024_Public_KEN_shp/WDPA_WDOECM_Jan2024_Public_KEN_shp_1/WDPA_WDOECM_Jan2024_Public_KEN_shp-polygons.shp,110492705,0,0,0
7736,7736,1,Uaso Narok,Uaso Narok,Forest Reserve,Forest Reserve,National,Not Reported,Not Applicable,0,0,0,19.66,12.32413367,Not Applicable,0,Designated,1960,Not Reported,Not Reported,Not Reported,Not Reported,State Verified,178,Not Reported,KEN,KEN,Not Applicable,Not Applicable,conservancy 1,/Users/meeraburghardt/Desktop/WDPA_WDOECM_Jan2024_Public_KEN_shp/WDPA_WDOECM_Jan2024_Public_KEN_shp_1/WDPA_WDOECM_Jan2024_Public_KEN_shp-polygons.shp,12241634,0,0,0
7744,7744,1,Witu,Witu,Forest Reserve,Forest Reserve,National,Not Reported,Not Applicable,0,0,0,40.02,23.19245335,Not Applicable,0,Designated,1962,Not Reported,Not Reported,Not Reported,Not Reported,State Verified,178,KE-300,KEN,KEN,Not Applicable,Not Applicable,conservancy 1,/Users/meeraburghardt/Desktop/WDPA_WDOECM_Jan2024_Public_KEN_shp/WDPA_WDOECM_Jan2024_Public_KEN_shp_1/WDPA_WDOECM_Jan2024_Public_KEN_shp-polygons.shp,23038080,0,0,0
7887,7887,1,Central Island,Central Island,National Park,National Park,National,II,Not Applicable,0,0,0,5,4.776199826,Not Applicable,0,Designated,1983,Federal or national ministry or agency,State,Kenya Wildlife Service,Not Reported,State Verified,933,Not Reported,KEN,KEN,Not Applicable,Not Applicable,conservancy 1,/Users/meeraburghardt/Desktop/WDPA_WDOECM_Jan2024_Public_KEN_shp/WDPA_WDOECM_Jan2024_Public_KEN_shp_1/WDPA_WDOECM_Jan2024_Public_KEN_shp-polygons.shp,4776200,0,0,0
7888,7888,1,South Island,South Island,National Park,National Park,National,II,Not Applicable,0,0,0,150.5,149.3100897,Not Applicable,0,Designated,1983,Federal or national ministry or agency,State,Kenya Wildlife Service,Not Reported,State Verified,933,Not Reported,KEN,KEN,Not Applicable,Not Applicable,conservancy 1,/Users/meeraburghardt/Desktop/WDPA_WDOECM_Jan2024_Public_KEN_shp/WDPA_WDOECM_Jan2024_Public_KEN_shp_1/WDPA_WDOECM_Jan2024_Public_KEN_shp-polygons.shp,149310392,0,0,0
10750,10750,1,Kerio Valley,Kerio Valley,National Reserve,National Reserve,National,VI,Not Applicable,0,0,0,66,65.71642445,Not Applicable,0,Designated,1983,Federal or national ministry or agency,State,Kenya Wildlife Service,Not Reported,State Verified,933,Not Reported,KEN,KEN,Not Applicable,Not Applicable,conservancy 1,/Users/meeraburghardt/Desktop/WDPA_WDOECM_Jan2024_Public_KEN_shp/WDPA_WDOECM_Jan2024_Public_KEN_shp_1/WDPA_WDOECM_Jan2024_Public_KEN_shp-polygons.shp,65716425,4,0.060867584,6.0867584
10751,10751,1,Maralal,Maralal,National Sanctuary,National Sanctuary,National,IV,Not Applicable,0,0,0,5,4.926256981,Not Applicable,0,Designated,1988,Federal or national ministry or agency,State,Kenya Wildlife Service,Not Reported,State Verified,933,Not Reported,KEN,KEN,Not Applicable,Not Applicable,conservancy 1,/Users/meeraburghardt/Desktop/WDPA_WDOECM_Jan2024_Public_KEN_shp/WDPA_WDOECM_Jan2024_Public_KEN_shp_1/WDPA_WDOECM_Jan2024_Public_KEN_shp-polygons.shp,4926257,1,0.202993875,20.2993875
12344,12344,1,Ndere Island,Ndere Island,National Park,National Park,National,II,Not Applicable,0,0,0,4.2,4.055938573,Not Applicable,0,Designated,1986,Federal or national ministry or agency,State,Kenya Wildlife Service,Not Reported,State Verified,933,Not Reported,KEN,KEN,Not Applicable,Not Applicable,conservancy 1,/Users/meeraburghardt/Desktop/WDPA_WDOECM_Jan2024_Public_KEN_shp/WDPA_WDOECM_Jan2024_Public_KEN_shp_1/WDPA_WDOECM_Jan2024_Public_KEN_shp-polygons.shp,4055939,0,0,0
12345,12345,1,Mombasa,Mombasa,Marine National Reserve,Marine National Reserve,National,Not Reported,Not Applicable,2,200,198.8741857,200,198.8764446,Not Reported,0,Designated,1986,Federal or national ministry or agency,State,Kenya Wildlife Service,Not Reported,State Verified,933,Not Reported,KEN,KEN,Not Applicable,Not Applicable,conservancy 1,/Users/meeraburghardt/Desktop/WDPA_WDOECM_Jan2024_Public_KEN_shp/WDPA_WDOECM_Jan2024_Public_KEN_shp_1/WDPA_WDOECM_Jan2024_Public_KEN_shp-polygons.shp,198876462,0,0,0
14013,14013,1,Mombasa,Mombasa,Marine National Park,Marine National Park,National,Not Reported,Not Applicable,2,10,10.039489,10,10.039489,Not Reported,0,Designated,1986,Federal or national ministry or agency,State,Kenya Wildlife Service,Not Reported,State Verified,933,Not Reported,KEN,KEN,Not Applicable,Not Applicable,conservancy 1,/Users/meeraburghardt/Desktop/WDPA_WDOECM_Jan2024_Public_KEN_shp/WDPA_WDOECM_Jan2024_Public_KEN_shp_1/WDPA_WDOECM_Jan2024_Public_KEN_shp-polygons.shp,10039490,0,0,0
17825,17825,1,Solio Ranch and Rhino Sanctuary,Solio Ranch,Private Ranch,Private Ranch,National,Not Reported,Not Applicable,0,0,0,200,238.1173372,Not Applicable,0,Designated,1970,Non-profit organisations,Not Reported,Not Reported,Not Reported,Not Reported,1714,KE-700,KEN,KEN,Not Applicable,Not Applicable,conservancy 1,/Users/meeraburghardt/Desktop/WDPA_WDOECM_Jan2024_Public_KEN_shp/WDPA_WDOECM_Jan2024_Public_KEN_shp_1/WDPA_WDOECM_Jan2024_Public_KEN_shp-polygons.shp,236523332,0,0,0
17826,17826,1,Ol Jogi Ranch,Ol Jogi Ranch,Private Ranch,Private Ranch,National,Not Reported,Not Applicable,0,0,0,267,116.9777249,Not Applicable,0,Not Reported,1985,Non-profit organisations,Not Reported,Private,Not Reported,Not Reported,1775,KE-700,KEN,KEN,Not Applicable,Not Applicable,conservancy 1,/Users/meeraburghardt/Desktop/WDPA_WDOECM_Jan2024_Public_KEN_shp/WDPA_WDOECM_Jan2024_Public_KEN_shp_1/WDPA_WDOECM_Jan2024_Public_KEN_shp-polygons.shp,116195652,0,0,0
19562,19562,1,Mt. Longonot,Mt. Longonot,National Park,National Park,National,II,Not Applicable,0,0,0,52,52.18329917,Not Applicable,0,Designated,1983,Federal or national ministry or agency,State,Kenya Wildlife Service,Not Reported,State Verified,933,Not Reported,KEN,KEN,Not Applicable,Not Applicable,conservancy 1,/Users/meeraburghardt/Desktop/WDPA_WDOECM_Jan2024_Public_KEN_shp/WDPA_WDOECM_Jan2024_Public_KEN_shp_1/WDPA_WDOECM_Jan2024_Public_KEN_shp-polygons.shp,52183299,0,0,0
19563,19563,1,Chyulu Hills,Chyulu Hills,National Park,National Park,National,II,Not Applicable,0,0,0,471,733.9180817,Not Applicable,0,Designated,1983,Federal or national ministry or agency,State,Kenya Wildlife Service,Not Reported,State Verified,933,Not Reported,KEN,KEN,Not Applicable,Not Applicable,conservancy 1,/Users/meeraburghardt/Desktop/WDPA_WDOECM_Jan2024_Public_KEN_shp/WDPA_WDOECM_Jan2024_Public_KEN_shp_1/WDPA_WDOECM_Jan2024_Public_KEN_shp-polygons.shp,733917124,0,0,0
19564,19564,1,Tsavo West,Tsavo West,National Park,National Park,National,II,Not Applicable,0,0,0,9065,7024.077566,Not Applicable,0,Designated,1948,Federal or national ministry or agency,State,Kenya Wildlife Service,Not Reported,State Verified,933,Not Reported,KEN,KEN,Not Applicable,Not Applicable,conservancy 1,/Users/meeraburghardt/Desktop/WDPA_WDOECM_Jan2024_Public_KEN_shp/WDPA_WDOECM_Jan2024_Public_KEN_shp_1/WDPA_WDOECM_Jan2024_Public_KEN_shp-polygons.shp,,0,0,0
19565,19565,1,Marsabit,Marsabit,National Park,National Park,National,Not Reported,Not Applicable,0,0,0,145,145.1000207,Not Applicable,0,Proposed,0,Federal or national ministry or agency,State,Kenya Wildlife Service,Not Reported,State Verified,933,Not Reported,KEN,KEN,Not Applicable,Not Applicable,conservancy 1,/Users/meeraburghardt/Desktop/WDPA_WDOECM_Jan2024_Public_KEN_shp/WDPA_WDOECM_Jan2024_Public_KEN_shp_1/WDPA_WDOECM_Jan2024_Public_KEN_shp-polygons.shp,145100021,0,0,0
19566,19566,1,Watamu,Watamu,Marine National Park,Marine National Park,National,Not Reported,Not Applicable,1,32,11.10095579,32,31.8748899,Not Reported,0,Designated,1968,Federal or national ministry or agency,State,Kenya Wildlife Service,Not Reported,State Verified,933,Not Reported,KEN,KEN,Not Applicable,Not Applicable,conservancy 1,/Users/meeraburghardt/Desktop/WDPA_WDOECM_Jan2024_Public_KEN_shp/WDPA_WDOECM_Jan2024_Public_KEN_shp_1/WDPA_WDOECM_Jan2024_Public_KEN_shp-polygons.shp,31874890,0,0,0
19568,19568,1,Mpunguti,Mpunguti,Marine National Reserve,Marine National Reserve,National,VI,Not Applicable,2,11,11.1091341,11,11.1091341,Not Reported,11,Designated,1978,Federal or national ministry or agency,State,Kenya Wildlife Service,Not Reported,State Verified,933,Not Reported,KEN,KEN,Not Applicable,Not Applicable,conservancy 1,/Users/meeraburghardt/Desktop/WDPA_WDOECM_Jan2024_Public_KEN_shp/WDPA_WDOECM_Jan2024_Public_KEN_shp_1/WDPA_WDOECM_Jan2024_Public_KEN_shp-polygons.shp,11109101,0,0,0
19726,19726,1,Malka Mari,Malka Mari,National Park,National Park,National,II,Not Applicable,0,0,0,876,876.4196936,Not Applicable,0,Designated,1989,Federal or national ministry or agency,State,Kenya Wildlife Service,Not Reported,State Verified,933,Not Reported,KEN,KEN,Not Applicable,Not Applicable,conservancy 1,/Users/meeraburghardt/Desktop/WDPA_WDOECM_Jan2024_Public_KEN_shp/WDPA_WDOECM_Jan2024_Public_KEN_shp_1/WDPA_WDOECM_Jan2024_Public_KEN_shp-polygons.shp,876419452,0,0,0
29801,29801,1,Arabuko Sokoke,Arabuko Sokoke,National Park,National Park,National,Not Reported,Not Applicable,0,0,0,6,5.733529422,Not Applicable,0,Designated,1990,Federal or national ministry or agency,State,Kenya Wildlife Service,Not Reported,State Verified,933,Not Reported,KEN,KEN,Not Applicable,Not Applicable,conservancy 1,/Users/meeraburghardt/Desktop/WDPA_WDOECM_Jan2024_Public_KEN_shp/WDPA_WDOECM_Jan2024_Public_KEN_shp_1/WDPA_WDOECM_Jan2024_Public_KEN_shp-polygons.shp,5733527,0,0,0
33435,33435,1,Aberdare,Aberdare,Forest Reserve,Forest Reserve,National,Not Reported,Not Applicable,0,0,0,1033.16,953.2539942,Not Applicable,0,Designated,1943,Federal or national ministry or agency,Not Reported,Not Reported,Not Reported,Not Reported,1714,Not Reported,KEN,KEN,Not Applicable,Not Applicable,conservancy 1,/Users/meeraburghardt/Desktop/WDPA_WDOECM_Jan2024_Public_KEN_shp/WDPA_WDOECM_Jan2024_Public_KEN_shp_1/WDPA_WDOECM_Jan2024_Public_KEN_shp-polygons.shp,946873862,0,0,0
33443,33443,1,Eastern Mau,Eastern Mau,Forest Reserve,Forest Reserve,National,Not Reported,Not Applicable,0,0,0,660.67,662.635349,Not Applicable,0,Designated,1941,Not Reported,Not Reported,Not Reported,Not Reported,State Verified,178,KE-700,KEN,KEN,Not Applicable,Not Applicable,conservancy 1,/Users/meeraburghardt/Desktop/WDPA_WDOECM_Jan2024_Public_KEN_shp/WDPA_WDOECM_Jan2024_Public_KEN_shp_1/WDPA_WDOECM_Jan2024_Public_KEN_shp-polygons.shp,658206267,0,0,0
33450,33450,1,Kakamega,Kakamega,Forest Reserve,Forest Reserve,National,Not Reported,Not Applicable,0,0,0,178.38,181.3823495,Not Applicable,0,Designated,1933,Not Reported,Not Reported,Not Reported,Not Reported,State Verified,178,KE-800,KEN,KEN,Not Applicable,Not Applicable,conservancy 1,/Users/meeraburghardt/Desktop/WDPA_WDOECM_Jan2024_Public_KEN_shp/WDPA_WDOECM_Jan2024_Public_KEN_shp_1/WDPA_WDOECM_Jan2024_Public_KEN_shp-polygons.shp,180168157,0,0,0
33464,33464,1,Lusoi,Lusoi,Forest Reserve,Forest Reserve,National,Not Reported,Not Applicable,0,0,0,2.68,3.789710101,Not Applicable,0,Designated,1984,Not Reported,Not Reported,Not Reported,Not Reported,State Verified,178,KE-200,KEN,KEN,Not Applicable,Not Applicable,conservancy 2,/Users/meeraburghardt/Desktop/WDPA_WDOECM_Jan2024_Public_KEN_shp/WDPA_WDOECM_Jan2024_Public_KEN_shp_2/WDPA_WDOECM_Jan2024_Public_KEN_shp-polygons.shp,3764347,0,0,0
33476,33476,1,Mumbaka,Mumbaka,Forest Reserve,Forest Reserve,National,Not Reported,Not Applicable,0,0,0,4.44,3.207014484,Not Applicable,0,Designated,1986,Not Reported,Not Reported,Not Reported,Not Reported,State Verified,178,KE-800,KEN,KEN,Not Applicable,Not Applicable,conservancy 2,/Users/meeraburghardt/Desktop/WDPA_WDOECM_Jan2024_Public_KEN_shp/WDPA_WDOECM_Jan2024_Public_KEN_shp_2/WDPA_WDOECM_Jan2024_Public_KEN_shp-polygons.shp,3185546,0,0,0
33485,33485,1,Ngong Hills,Ngong Hills,Forest Reserve,Forest Reserve,National,Not Reported,Not Applicable,0,0,0,30.81,32.59696223,Not Applicable,0,Designated,1985,Not Reported,Not Reported,Not Reported,Not Reported,State Verified,178,KE-700,KEN,KEN,Not Applicable,Not Applicable,conservancy 2,/Users/meeraburghardt/Desktop/WDPA_WDOECM_Jan2024_Public_KEN_shp/WDPA_WDOECM_Jan2024_Public_KEN_shp_2/WDPA_WDOECM_Jan2024_Public_KEN_shp-polygons.shp,32380820,4,0.123529917,12.3529917
33496,33496,1,South Laikipia,South Laikipia,Forest Reserve,Forest Reserve,National,Not Reported,Not Applicable,0,0,0,35,20.8663727,Not Applicable,0,Designated,1932,Not Reported,Not Reported,Not Reported,Not Reported,State Verified,178,KE-200,KEN,KEN,Not Applicable,Not Applicable,conservancy 2,/Users/meeraburghardt/Desktop/WDPA_WDOECM_Jan2024_Public_KEN_shp/WDPA_WDOECM_Jan2024_Public_KEN_shp_2/WDPA_WDOECM_Jan2024_Public_KEN_shp-polygons.shp,20726691,0,0,0
33498,33498,1,Southern Mau,Southern Mau,Forest Reserve,Forest Reserve,National,Not Reported,Not Applicable,0,0,0,1.28,0.778485827,Not Applicable,0,Designated,1941,Not Reported,Not Reported,Not Reported,Not Reported,State Verified,178,KE-700,KEN,KEN,Not Applicable,Not Applicable,conservancy 2,/Users/meeraburghardt/Desktop/WDPA_WDOECM_Jan2024_Public_KEN_shp/WDPA_WDOECM_Jan2024_Public_KEN_shp_2/WDPA_WDOECM_Jan2024_Public_KEN_shp-polygons.shp,773276,0,0,0
33499,33499,1,South-western Mau,South-western Mau,Forest Reserve,Forest Reserve,National,Not Reported,Not Applicable,0,0,0,841.29,835.4944055,Not Applicable,0,Designated,1932,Not Reported,Not Reported,Not Reported,Not Reported,State Verified,178,KE-700,KEN,KEN,Not Applicable,Not Applicable,conservancy 2,/Users/meeraburghardt/Desktop/WDPA_WDOECM_Jan2024_Public_KEN_shp/WDPA_WDOECM_Jan2024_Public_KEN_shp_2/WDPA_WDOECM_Jan2024_Public_KEN_shp-polygons.shp,829902577,0,0,0
62221,62221,1,Laikipia,Laikipia,National Reserve,National Reserve,National,VI,Not Applicable,0,0,0,165,167.0248138,Not Applicable,0,Designated,1991,Federal or national ministry or agency,State,Kenya Wildlife Service,Not Reported,State Verified,933,Not Reported,KEN,KEN,Not Applicable,Not Applicable,conservancy 2,/Users/meeraburghardt/Desktop/WDPA_WDOECM_Jan2024_Public_KEN_shp/WDPA_WDOECM_Jan2024_Public_KEN_shp_2/WDPA_WDOECM_Jan2024_Public_KEN_shp-polygons.shp,167024810,0,0,0
68092,68092,1,Lake Nakuru,Lake Nakuru,"Ramsar Site, Wetland of International Importance","Ramsar Site, Wetland of International Importance",International,Not Reported,(ii)(iii)(iv)(v)(vi),0,0,0,188,178.5835803,Not Applicable,0,Designated,1990,Not Reported,Not Reported,Not Reported,Management plan is implented and available,State Verified,1856,KE-700,KEN,KEN,Not Applicable,Not Applicable,conservancy 2,/Users/meeraburghardt/Desktop/WDPA_WDOECM_Jan2024_Public_KEN_shp/WDPA_WDOECM_Jan2024_Public_KEN_shp_2/WDPA_WDOECM_Jan2024_Public_KEN_shp-polygons.shp,177387162,0,0,0
72283,72283,1,Imbirikani,Imbirikani,Community Conservancy,Community Conservancy,National,Not Reported,Not Applicable,0,0,0,4.61382,4.645245472,Not Applicable,0,Designated,0,Local communities,Not Reported,Not Reported,Not Reported,Not Reported,1714,KE-700,KEN,KEN,Not Applicable,Not Applicable,conservancy 2,/Users/meeraburghardt/Desktop/WDPA_WDOECM_Jan2024_Public_KEN_shp/WDPA_WDOECM_Jan2024_Public_KEN_shp_2/WDPA_WDOECM_Jan2024_Public_KEN_shp-polygons.shp,4614272,0,0,0
72309,72309,1,Lumo,Lumo,Community Wildlife Sanctuary,Community Wildlife Sanctuary,National,Not Reported,Not Applicable,0,0,0,430.96,224.0294847,Not Applicable,0,Designated,2001,Local communities,Not Reported,Not Reported,Not Reported,Not Reported,1714,KE-300,KEN,KEN,Not Applicable,Not Applicable,conservancy 2,/Users/meeraburghardt/Desktop/WDPA_WDOECM_Jan2024_Public_KEN_shp/WDPA_WDOECM_Jan2024_Public_KEN_shp_2/WDPA_WDOECM_Jan2024_Public_KEN_shp-polygons.shp,222531290,0,0,0
103549,103549,1,Lake Naivasha,Lake Naivasha,"Ramsar Site, Wetland of International Importance","Ramsar Site, Wetland of International Importance",International,Not Reported,(i)(ii)(iii)(iv),0,0,0,300,289.5882655,Not Applicable,0,Designated,1995,Not Reported,Not Reported,Not Reported,Management plan is implented and available,State Verified,1856,KE-700,KEN,KEN,Not Applicable,Not Applicable,conservancy 2,/Users/meeraburghardt/Desktop/WDPA_WDOECM_Jan2024_Public_KEN_shp/WDPA_WDOECM_Jan2024_Public_KEN_shp_2/WDPA_WDOECM_Jan2024_Public_KEN_shp-polygons.shp,287649672,0,0,0
145585,145585,1,Mount Kenya National Park/Natural Forest,Parc national/Forêt naturelle du mont Kenya,World Heritage Site (natural or mixed),World Heritage Site (natural or mixed),International,Not Applicable,(vii)(ix),0,0,0,2023.34,1989.240249,Not Applicable,0,Inscribed,1997,Not Reported,Not Reported,Not Reported,Not Reported,State Verified,946,Not Reported,KEN,KEN,Not Applicable,Not Applicable,conservancy 2,/Users/meeraburghardt/Desktop/WDPA_WDOECM_Jan2024_Public_KEN_shp/WDPA_WDOECM_Jan2024_Public_KEN_shp_2/WDPA_WDOECM_Jan2024_Public_KEN_shp-polygons.shp,1975925865,1,0.000506092,0.0506092
145586,145586,1,Lake Turkana National Parks,Parcs nationaux du Lac Turkana,World Heritage Site (natural or mixed),World Heritage Site (natural or mixed),International,Not Applicable,(viii)(x),0,0,0,1614.85,1545.489703,Not Applicable,0,Inscribed,1997,Not Reported,Not Reported,Not Reported,Not Reported,State Verified,946,KE-400,KEN,KEN,Not Applicable,Not Applicable,conservancy 2,/Users/meeraburghardt/Desktop/WDPA_WDOECM_Jan2024_Public_KEN_shp/WDPA_WDOECM_Jan2024_Public_KEN_shp_2/WDPA_WDOECM_Jan2024_Public_KEN_shp-polygons.shp,1535238503,0,0,0
478054,478054,1,Kaya Chonyi,Kaya Chonyi,Not Reported,Not Reported,National,Not Reported,Not Applicable,0,0,0,2.01,2.023056682,Not Applicable,0,Designated,0,Not Reported,Not Reported,Not Reported,Not Reported,State Verified,826,KE-300,KEN,KEN,Not Applicable,Not Applicable,conservancy 2,/Users/meeraburghardt/Desktop/WDPA_WDOECM_Jan2024_Public_KEN_shp/WDPA_WDOECM_Jan2024_Public_KEN_shp_2/WDPA_WDOECM_Jan2024_Public_KEN_shp-polygons.shp,2009632,0,0,0
478055,478055,1,Kaya Jibana,Kaya Jibana,Not Reported,Not Reported,National,Not Reported,Not Applicable,0,0,0,1.15,1.154597167,Not Applicable,0,Designated,0,Not Reported,Not Reported,Not Reported,Not Reported,State Verified,826,KE-300,KEN,KEN,Not Applicable,Not Applicable,conservancy 2,/Users/meeraburghardt/Desktop/WDPA_WDOECM_Jan2024_Public_KEN_shp/WDPA_WDOECM_Jan2024_Public_KEN_shp_2/WDPA_WDOECM_Jan2024_Public_KEN_shp-polygons.shp,1146937,0,0,0
478056,478056,1,Kaya Kambe,Kaya Kambe,Not Reported,Not Reported,National,Not Reported,Not Applicable,0,0,0,0.61,0.610057344,Not Applicable,0,Designated,0,Not Reported,Not Reported,Not Reported,Not Reported,State Verified,826,KE-300,KEN,KEN,Not Applicable,Not Applicable,conservancy 2,/Users/meeraburghardt/Desktop/WDPA_WDOECM_Jan2024_Public_KEN_shp/WDPA_WDOECM_Jan2024_Public_KEN_shp_2/WDPA_WDOECM_Jan2024_Public_KEN_shp-polygons.shp,606011,0,0,0
478057,478057,1,Kaya Ribe,Kaya Ribe,Not Reported,Not Reported,National,Not Reported,Not Applicable,0,0,0,0.75,0.757802163,Not Applicable,0,Designated,0,Not Reported,Not Reported,Not Reported,Not Reported,State Verified,826,KE-300,KEN,KEN,Not Applicable,Not Applicable,conservancy 2,/Users/meeraburghardt/Desktop/WDPA_WDOECM_Jan2024_Public_KEN_shp/WDPA_WDOECM_Jan2024_Public_KEN_shp_2/WDPA_WDOECM_Jan2024_Public_KEN_shp-polygons.shp,752776,0,0,0
478058,478058,1,Kaya Dzombo,Kaya Dzombo,Not Reported,Not Reported,National,Not Reported,Not Applicable,0,0,0,3.12,3.138180763,Not Applicable,0,Designated,0,Not Reported,Not Reported,Not Reported,Not Reported,State Verified,826,KE-300,KEN,KEN,Not Applicable,Not Applicable,conservancy 2,/Users/meeraburghardt/Desktop/WDPA_WDOECM_Jan2024_Public_KEN_shp/WDPA_WDOECM_Jan2024_Public_KEN_shp_2/WDPA_WDOECM_Jan2024_Public_KEN_shp-polygons.shp,3117419,0,0,0
900591,900591,1,Lake Bogoria,Lake Bogoria,"Ramsar Site, Wetland of International Importance","Ramsar Site, Wetland of International Importance",International,Not Reported,(i)(ii)(iv)(v),0,0,0,107,84.60538183,Not Applicable,0,Designated,2001,Not Reported,Not Reported,Not Reported,Management plan is not implented and not available,State Verified,1856,KE-700,KEN,KEN,Not Applicable,Not Applicable,conservancy 2,/Users/meeraburghardt/Desktop/WDPA_WDOECM_Jan2024_Public_KEN_shp/WDPA_WDOECM_Jan2024_Public_KEN_shp_2/WDPA_WDOECM_Jan2024_Public_KEN_shp-polygons.shp,84038919,0,0,0
555542339,555542339,1,Kenya Lake System in the Great Rift Valley,Réseau des lacs du Kenya dans la vallée du Grand Rift,World Heritage Site (natural or mixed),World Heritage Site (natural or mixed),International,Not Applicable,(vii)(ix)(x),0,0,0,320.34,333.36807,Not Applicable,0,Inscribed,2011,Not Reported,Not Reported,Not Reported,Not Reported,State Verified,946,KE-700,KEN,KEN,Not Applicable,Not Applicable,conservancy 2,/Users/meeraburghardt/Desktop/WDPA_WDOECM_Jan2024_Public_KEN_shp/WDPA_WDOECM_Jan2024_Public_KEN_shp_2/WDPA_WDOECM_Jan2024_Public_KEN_shp-polygons.shp,331135996,0,0,0
555555481,555555481,1,Kimana Wildlife Sanctuary,Kimana Wildlife Sanctuary,Community Conservancy,Community Conservancy,National,Not Reported,Not Applicable,0,0,0,24.28,25.93057325,Not Applicable,0,Designated,1999,Local communities,Not Reported,Not Reported,Not Reported,Not Reported,1714,Not Reported,KEN,KEN,Not Applicable,Not Applicable,conservancy 2,/Users/meeraburghardt/Desktop/WDPA_WDOECM_Jan2024_Public_KEN_shp/WDPA_WDOECM_Jan2024_Public_KEN_shp_2/WDPA_WDOECM_Jan2024_Public_KEN_shp-polygons.shp,25758046,0,0,0
555555482,555555482,1,Elerai,Elerai,Community Conservancy,Community Conservancy,National,Not Reported,Not Applicable,0,0,0,20.23,43.31845372,Not Applicable,0,Designated,2008,Local communities,Not Reported,Not Reported,Not Reported,Not Reported,1714,Not Reported,KEN,KEN,Not Applicable,Not Applicable,conservancy 2,/Users/meeraburghardt/Desktop/WDPA_WDOECM_Jan2024_Public_KEN_shp/WDPA_WDOECM_Jan2024_Public_KEN_shp_2/WDPA_WDOECM_Jan2024_Public_KEN_shp-polygons.shp,43029889,0,0,0
555555483,555555483,1,Shompole,Shompole,Community Conservancy,Community Conservancy,National,Not Reported,Not Applicable,0,0,0,100,150.1339123,Not Applicable,0,Designated,2000,Local communities,Not Reported,Not Reported,Not Reported,Not Reported,1714,Not Reported,KEN,KEN,Not Applicable,Not Applicable,conservancy 2,/Users/meeraburghardt/Desktop/WDPA_WDOECM_Jan2024_Public_KEN_shp/WDPA_WDOECM_Jan2024_Public_KEN_shp_2/WDPA_WDOECM_Jan2024_Public_KEN_shp-polygons.shp,149128379,0,0,0
555555484,555555484,1,Elangata Wuas,Elangata Wuas,Community Conservancy,Community Conservancy,National,Not Reported,Not Applicable,0,0,0,595,605.6210687,Not Applicable,0,Designated,1992,Local communities,Not Reported,Not Reported,Not Reported,Not Reported,1714,Not Reported,KEN,KEN,Not Applicable,Not Applicable,conservancy 2,/Users/meeraburghardt/Desktop/WDPA_WDOECM_Jan2024_Public_KEN_shp/WDPA_WDOECM_Jan2024_Public_KEN_shp_2/WDPA_WDOECM_Jan2024_Public_KEN_shp-polygons.shp,601578850,0,0,0
555555485,555555485,1,Esenlenkei,Esenlenkei,Community Conservancy,Community Conservancy,National,Not Reported,Not Applicable,0,0,0,74.79,43.28898965,Not Applicable,0,Designated,1983,Local communities,Not Reported,Not Reported,Not Reported,Not Reported,1714,Not Reported,KEN,KEN,Not Applicable,Not Applicable,conservancy 2,/Users/meeraburghardt/Desktop/WDPA_WDOECM_Jan2024_Public_KEN_shp/WDPA_WDOECM_Jan2024_Public_KEN_shp_2/WDPA_WDOECM_Jan2024_Public_KEN_shp-polygons.shp,43000168,0,0,0
555555486,555555486,1,Motikanju,Motikanju,Community Conservancy,Community Conservancy,National,Not Reported,Not Applicable,0,0,0,28,27.90229893,Not Applicable,0,Designated,2010,Local communities,Not Reported,Not Reported,Not Reported,Not Reported,1715,Not Reported,KEN,KEN,Not Applicable,Not Applicable,conservancy 2,/Users/meeraburghardt/Desktop/WDPA_WDOECM_Jan2024_Public_KEN_shp/WDPA_WDOECM_Jan2024_Public_KEN_shp_2/WDPA_WDOECM_Jan2024_Public_KEN_shp-polygons.shp,27715917,0,0,0
555555487,555555487,1,Osupuko,Osupuko,Community Conservancy,Community Conservancy,National,Not Reported,Not Applicable,0,0,0,12.14,13.55641444,Not Applicable,0,Designated,2009,Local communities,Not Reported,Not Reported,Not Reported,Not Reported,1714,Not Reported,KEN,KEN,Not Applicable,Not Applicable,conservancy 2,/Users/meeraburghardt/Desktop/WDPA_WDOECM_Jan2024_Public_KEN_shp/WDPA_WDOECM_Jan2024_Public_KEN_shp_2/WDPA_WDOECM_Jan2024_Public_KEN_shp-polygons.shp,13466089,0,0,0
555555488,555555488,1,Nailepu,Nailepu,Community Conservancy,Community Conservancy,National,Not Reported,Not Applicable,0,0,0,15.78,24.49481497,Not Applicable,0,Designated,2010,Local communities,Not Reported,Not Reported,Not Reported,Not Reported,1714,Not Reported,KEN,KEN,Not Applicable,Not Applicable,conservancy 2,/Users/meeraburghardt/Desktop/WDPA_WDOECM_Jan2024_Public_KEN_shp/WDPA_WDOECM_Jan2024_Public_KEN_shp_2/WDPA_WDOECM_Jan2024_Public_KEN_shp-polygons.shp,24331606,0,0,0
555555489,555555489,1,Tawi,Tawi,Community Conservancy,Community Conservancy,National,Not Reported,Not Applicable,0,0,0,23.47,12.47857506,Not Applicable,0,Designated,2010,Local communities,Not Reported,Not Reported,Not Reported,Not Reported,1714,Not Reported,KEN,KEN,Not Applicable,Not Applicable,conservancy 2,/Users/meeraburghardt/Desktop/WDPA_WDOECM_Jan2024_Public_KEN_shp/WDPA_WDOECM_Jan2024_Public_KEN_shp_2/WDPA_WDOECM_Jan2024_Public_KEN_shp-polygons.shp,12395406,0,0,0
555555490,555555490,1,Lewa Wildlife Conservancy,Lewa Wildlife Conservancy,Community Conservancy,Community Conservancy,National,Not Reported,Not Applicable,0,0,0,222.6,163.7764919,Not Applicable,0,Designated,1995,Non-profit organisations,Not Reported,Not Reported,Not Reported,Not Reported,1714,Not Reported,KEN,KEN,Not Applicable,Not Applicable,conservancy 2,/Users/meeraburghardt/Desktop/WDPA_WDOECM_Jan2024_Public_KEN_shp/WDPA_WDOECM_Jan2024_Public_KEN_shp_2/WDPA_WDOECM_Jan2024_Public_KEN_shp-polygons.shp,162679948,1,0.006147039,0.6147039
555555491,555555491,1,Mpala,Mpala,Community Conservancy,Community Conservancy,National,Not Reported,Not Applicable,0,0,0,194,195.8465047,Not Applicable,0,Designated,1969,Non-profit organisations,Not Reported,Not Reported,Not Reported,Not Reported,1714,Not Reported,KEN,KEN,Not Applicable,Not Applicable,conservancy 2,/Users/meeraburghardt/Desktop/WDPA_WDOECM_Jan2024_Public_KEN_shp/WDPA_WDOECM_Jan2024_Public_KEN_shp_2/WDPA_WDOECM_Jan2024_Public_KEN_shp-polygons.shp,194534266,0,0,0
555555492,555555492,1,Lekurruki Conservancy Trust,Lekurruki Conservancy Trust,Community Nature Reserve,Community Nature Reserve,National,Not Reported,Not Applicable,0,0,0,87.836011,88.42496753,Not Applicable,0,Not Reported,1999,Indigenous peoples,Not Reported,Community,Not Reported,Not Reported,1775,Not Reported,KEN,KEN,Not Applicable,Not Applicable,conservancy 2,/Users/meeraburghardt/Desktop/WDPA_WDOECM_Jan2024_Public_KEN_shp/WDPA_WDOECM_Jan2024_Public_KEN_shp_2/WDPA_WDOECM_Jan2024_Public_KEN_shp-polygons.shp,87830897,0,0,0
555555493,555555493,1,Makurian (Oreteti),Makurian,Group Ranch,Group Ranch,National,Not Reported,Not Applicable,0,0,0,64.64,66.86421359,Not Applicable,0,Designated,2010,Local communities,Not Reported,Not Reported,Not Reported,Not Reported,1714,Not Reported,KEN,KEN,Not Applicable,Not Applicable,conservancy 2,/Users/meeraburghardt/Desktop/WDPA_WDOECM_Jan2024_Public_KEN_shp/WDPA_WDOECM_Jan2024_Public_KEN_shp_2/WDPA_WDOECM_Jan2024_Public_KEN_shp-polygons.shp,66418162,0,0,0
555555494,555555494,1,Borana,Borana,Private Ranch,Private Ranch,National,Not Reported,Not Applicable,0,0,0,141,119.8772002,Not Applicable,0,Designated,1990,Non-profit organisations,Not Reported,Not Reported,Not Reported,Not Reported,1714,Not Reported,KEN,KEN,Not Applicable,Not Applicable,conservancy 2,/Users/meeraburghardt/Desktop/WDPA_WDOECM_Jan2024_Public_KEN_shp/WDPA_WDOECM_Jan2024_Public_KEN_shp_2/WDPA_WDOECM_Jan2024_Public_KEN_shp-polygons.shp,119074415,0,0,0
555555495,555555495,1,Loisaba Wilderness,Loisaba Wilderness,Private Ranch,Private Ranch,National,Not Reported,Not Applicable,0,0,0,150,174.3717338,Not Applicable,0,Designated,2000,Non-profit organisations,Not Reported,Not Reported,Not Reported,Not Reported,1714,Not Reported,KEN,KEN,Not Applicable,Not Applicable,conservancy 2,/Users/meeraburghardt/Desktop/WDPA_WDOECM_Jan2024_Public_KEN_shp/WDPA_WDOECM_Jan2024_Public_KEN_shp_2/WDPA_WDOECM_Jan2024_Public_KEN_shp-polygons.shp,173205216,0,0,0
555555496,555555496,1,Kalama Community Wildlife Conservancy,Kalama Community Wildlife Conservancy,Community Nature Reserve,Community Nature Reserve,National,Not Reported,Not Applicable,0,0,0,496.737448,500.1465535,Not Applicable,0,Not Reported,2002,Indigenous peoples,Not Reported,Community,Not Reported,Not Reported,1775,Not Reported,KEN,KEN,Not Applicable,Not Applicable,conservancy 2,/Users/meeraburghardt/Desktop/WDPA_WDOECM_Jan2024_Public_KEN_shp/WDPA_WDOECM_Jan2024_Public_KEN_shp_2/WDPA_WDOECM_Jan2024_Public_KEN_shp-polygons.shp,496797823,6,0.012077348,1.2077348
555555497,555555497,1,Namunyak Wildlife Conservation Trust,Namunyak Wildlife Conservation Trust,Community Nature Reserve,Community Nature Reserve,National,Not Reported,Not Applicable,0,0,0,2868.973693,2888.309191,Not Applicable,0,Not Reported,1995,Indigenous peoples,Not Reported,Community,Not Reported,Not Reported,1775,Not Reported,KEN,KEN,Not Applicable,Not Applicable,conservancy 2,/Users/meeraburghardt/Desktop/WDPA_WDOECM_Jan2024_Public_KEN_shp/WDPA_WDOECM_Jan2024_Public_KEN_shp_2/WDPA_WDOECM_Jan2024_Public_KEN_shp-polygons.shp,,5,0.006666667,0.6666667
555555498,555555498,1,Sera Community Conservancy,Sera Community Conservancy,Community Nature Reserve,Community Nature Reserve,National,Not Reported,Not Applicable,0,0,0,3393.355746,3417.419957,Not Applicable,0,Not Reported,2001,Indigenous peoples,Not Reported,Community,Not Reported,Not Reported,1775,Not Reported,KEN,KEN,Not Applicable,Not Applicable,conservancy 2,/Users/meeraburghardt/Desktop/WDPA_WDOECM_Jan2024_Public_KEN_shp/WDPA_WDOECM_Jan2024_Public_KEN_shp_2/WDPA_WDOECM_Jan2024_Public_KEN_shp-polygons.shp,,0,0,0
555555499,555555499,1,Ol Pejeta,Ol Pejeta,Community Conservancy,Community Conservancy,National,Not Reported,Not Applicable,0,0,0,364,372.9030802,Not Applicable,0,Designated,2004,Non-profit organisations,Not Reported,Not Reported,Not Reported,Not Reported,1714,Not Reported,KEN,KEN,Not Applicable,Not Applicable,conservancy 2,/Users/meeraburghardt/Desktop/WDPA_WDOECM_Jan2024_Public_KEN_shp/WDPA_WDOECM_Jan2024_Public_KEN_shp_2/WDPA_WDOECM_Jan2024_Public_KEN_shp-polygons.shp,370405846,0,0,0
555555500,555555500,1,Songa Community Conservancy,Songa Community Conservancy,Community Nature Reserve,Community Nature Reserve,National,Not Reported,Not Applicable,0,0,0,1038.681053,1046.122834,Not Applicable,0,Not Reported,2013,Indigenous peoples,Not Reported,Community,Not Reported,Not Reported,1775,Not Reported,KEN,KEN,Not Applicable,Not Applicable,conservancy 2,/Users/meeraburghardt/Desktop/WDPA_WDOECM_Jan2024_Public_KEN_shp/WDPA_WDOECM_Jan2024_Public_KEN_shp_2/WDPA_WDOECM_Jan2024_Public_KEN_shp-polygons.shp,1039122699,4,0.003849401,0.3849401
555555502,555555502,1,Mugie,Mugie,Community Conservancy,Community Conservancy,National,Not Reported,Not Applicable,0,0,0,198,186.822227,Not Applicable,0,Designated,1970,Non-profit organisations,Not Reported,Not Reported,Not Reported,Not Reported,1714,Not Reported,KEN,KEN,Not Applicable,Not Applicable,conservancy 2,/Users/meeraburghardt/Desktop/WDPA_WDOECM_Jan2024_Public_KEN_shp/WDPA_WDOECM_Jan2024_Public_KEN_shp_2/WDPA_WDOECM_Jan2024_Public_KEN_shp-polygons.shp,185565571,1,0.005388931,0.5388931
555555503,555555503,1,Melako Community Conservancy,Melako Community Conservancy,Community Nature Reserve,Community Nature Reserve,National,Not Reported,Not Applicable,0,0,0,5491.247317,5530.540677,Not Applicable,0,Not Reported,2004,Indigenous peoples,Not Reported,Community,Not Reported,Not Reported,1775,Not Reported,KEN,KEN,Not Applicable,Not Applicable,conservancy 2,/Users/meeraburghardt/Desktop/WDPA_WDOECM_Jan2024_Public_KEN_shp/WDPA_WDOECM_Jan2024_Public_KEN_shp_2/WDPA_WDOECM_Jan2024_Public_KEN_shp-polygons.shp,,6,0.001092697,0.1092697
555555504,555555504,1,Il Ngwesi Community Trust,Il Ngwesi Community Trust,Community Nature Reserve,Community Nature Reserve,National,Not Reported,Not Applicable,0,0,0,94.333227,94.96659409,Not Applicable,0,Not Reported,1995,Indigenous peoples,Not Reported,Community,Not Reported,Not Reported,1775,Not Reported,KEN,KEN,Not Applicable,Not Applicable,conservancy 2,/Users/meeraburghardt/Desktop/WDPA_WDOECM_Jan2024_Public_KEN_shp/WDPA_WDOECM_Jan2024_Public_KEN_shp_2/WDPA_WDOECM_Jan2024_Public_KEN_shp-polygons.shp,94330701,0,0,0
555555505,555555505,1,Ishaqbini Hirola Community Conservancy,Ishaqbini Hirola Community Conservancy,Community Nature Reserve,Community Nature Reserve,National,Not Reported,Not Applicable,0,0,0,732,693.1568549,Not Applicable,0,Not Reported,2007,Indigenous peoples,Not Reported,Community,Not Reported,Not Reported,1775,Not Reported,KEN,KEN,Not Applicable,Not Applicable,conservancy 2,/Users/meeraburghardt/Desktop/WDPA_WDOECM_Jan2024_Public_KEN_shp/WDPA_WDOECM_Jan2024_Public_KEN_shp_2/WDPA_WDOECM_Jan2024_Public_KEN_shp-polygons.shp,688528247,0,0,0
555555506,555555506,1,Jaldesa Community Conservancy,Jaldesa Community Conservancy,Community Nature Reserve,Community Nature Reserve,National,Not Reported,Not Applicable,0,0,0,520.786516,524.565269,Not Applicable,0,Not Reported,2013,Indigenous peoples,Not Reported,Community,Not Reported,Not Reported,1775,Not Reported,KEN,KEN,Not Applicable,Not Applicable,conservancy 2,/Users/meeraburghardt/Desktop/WDPA_WDOECM_Jan2024_Public_KEN_shp/WDPA_WDOECM_Jan2024_Public_KEN_shp_2/WDPA_WDOECM_Jan2024_Public_KEN_shp-polygons.shp,521066348,0,0,0
555555507,555555507,1,Lower Tana Delta Conservation Trust,Lower Tana Delta Conservation Trust,Community Nature Reserve,Community Nature Reserve,National,Not Reported,Not Applicable,0,0,2.837847972,512,521.1817833,Not Applicable,0,Not Reported,2010,Indigenous peoples,Not Reported,Community,Not Reported,Not Reported,1775,Not Reported,KEN,KEN,Not Applicable,Not Applicable,conservancy 2,/Users/meeraburghardt/Desktop/WDPA_WDOECM_Jan2024_Public_KEN_shp/WDPA_WDOECM_Jan2024_Public_KEN_shp_2/WDPA_WDOECM_Jan2024_Public_KEN_shp-polygons.shp,517696859,0,0,0
555555508,555555508,1,Mpus Kutuk Community Conservancy,Mpus Kutuk Community Conservancy,Community Nature Reserve,Community Nature Reserve,National,Not Reported,Not Applicable,0,0,0,544.548954,548.1365283,Not Applicable,0,Not Reported,2007,Indigenous peoples,Not Reported,Community,Not Reported,Not Reported,1775,Not Reported,KEN,KEN,Not Applicable,Not Applicable,conservancy 2,/Users/meeraburghardt/Desktop/WDPA_WDOECM_Jan2024_Public_KEN_shp/WDPA_WDOECM_Jan2024_Public_KEN_shp_2/WDPA_WDOECM_Jan2024_Public_KEN_shp-polygons.shp,544467225,0,0,0
555555509,555555509,1,Naibunga Conservancy Trust,Naibunga Conservancy Trust,Community Nature Reserve,Community Nature Reserve,National,Not Reported,Not Applicable,0,0,0,471.051067,474.042038,Not Applicable,0,Not Reported,2001,Indigenous peoples,Not Reported,Community,Not Reported,Not Reported,1775,Not Reported,KEN,KEN,Not Applicable,Not Applicable,conservancy 2,/Users/meeraburghardt/Desktop/WDPA_WDOECM_Jan2024_Public_KEN_shp/WDPA_WDOECM_Jan2024_Public_KEN_shp_2/WDPA_WDOECM_Jan2024_Public_KEN_shp-polygons.shp,470869177,6,0.012742393,1.2742393
555555510,555555510,1,Ruko Community Widlife Conservancy,Ruko Community Widlife Conservancy,Community Nature Reserve,Community Nature Reserve,National,Not Reported,Not Applicable,0,0,0,178.968688,179.8689415,Not Applicable,0,Not Reported,2006,Indigenous peoples,Not Reported,Community,Not Reported,Not Reported,1775,Not Reported,KEN,KEN,Not Applicable,Not Applicable,conservancy 2,/Users/meeraburghardt/Desktop/WDPA_WDOECM_Jan2024_Public_KEN_shp/WDPA_WDOECM_Jan2024_Public_KEN_shp_2/WDPA_WDOECM_Jan2024_Public_KEN_shp-polygons.shp,178665200,4,0.022388243,2.2388243
555555511,555555511,1,West Gate Community Conservancy,West Gate Community Conservancy,Community Nature Reserve,Community Nature Reserve,National,Not Reported,Not Applicable,0,0,0,362.525087,364.9528589,Not Applicable,0,Not Reported,2004,Indigenous peoples,Not Reported,Community,Not Reported,Not Reported,1775,Not Reported,KEN,KEN,Not Applicable,Not Applicable,conservancy 2,/Users/meeraburghardt/Desktop/WDPA_WDOECM_Jan2024_Public_KEN_shp/WDPA_WDOECM_Jan2024_Public_KEN_shp_2/WDPA_WDOECM_Jan2024_Public_KEN_shp-polygons.shp,362512148,0,0,0
555555512,555555512,1,Lemek,Lemek,Community Conservancy,Community Conservancy,National,Not Reported,Not Applicable,0,0,0,68.6,62.53194947,Not Applicable,0,Designated,1995,Local communities,Not Reported,Not Reported,Not Reported,Not Reported,1714,Not Reported,KEN,KEN,Not Applicable,Not Applicable,conservancy 2,/Users/meeraburghardt/Desktop/WDPA_WDOECM_Jan2024_Public_KEN_shp/WDPA_WDOECM_Jan2024_Public_KEN_shp_2/WDPA_WDOECM_Jan2024_Public_KEN_shp-polygons.shp,62113671,0,0,0
555555513,555555513,1,Mara North,Mara North,Community Conservancy,Community Conservancy,National,VI,Not Applicable,0,0,0,309.55,336.4260284,Not Applicable,0,Designated,2009,Joint governance,Not Reported,Not Reported,Not Reported,Not Reported,1934,Not Reported,KEN,KEN,Not Applicable,Not Applicable,conservancy 2,/Users/meeraburghardt/Desktop/WDPA_WDOECM_Jan2024_Public_KEN_shp/WDPA_WDOECM_Jan2024_Public_KEN_shp_2/WDPA_WDOECM_Jan2024_Public_KEN_shp-polygons.shp,334175870,0,0,0
555555514,555555514,1,Olare Orok,Olare Orok,Community Conservancy,Community Conservancy,National,Not Reported,Not Applicable,0,0,0,97.2,111.9555697,Not Applicable,0,Designated,2006,Non-profit organisations,Not Reported,Not Reported,Not Reported,Not Reported,1714,Not Reported,KEN,KEN,Not Applicable,Not Applicable,conservancy 2,/Users/meeraburghardt/Desktop/WDPA_WDOECM_Jan2024_Public_KEN_shp/WDPA_WDOECM_Jan2024_Public_KEN_shp_2/WDPA_WDOECM_Jan2024_Public_KEN_shp-polygons.shp,111206835,0,0,0
555555515,555555515,1,Motorogi,Motorogi,Community Conservancy,Community Conservancy,National,Not Reported,Not Applicable,0,0,0,54.66,63.88144614,Not Applicable,0,Designated,2006,Local communities,Not Reported,Not Reported,Not Reported,Not Reported,1714,Not Reported,KEN,KEN,Not Applicable,Not Applicable,conservancy 2,/Users/meeraburghardt/Desktop/WDPA_WDOECM_Jan2024_Public_KEN_shp/WDPA_WDOECM_Jan2024_Public_KEN_shp_2/WDPA_WDOECM_Jan2024_Public_KEN_shp-polygons.shp,63454223,0,0,0
555555516,555555516,1,Ol Chorro Oiroua,Ol Chorro Oiroua,Community Conservancy,Community Conservancy,National,Not Reported,Not Applicable,0,0,0,68.79,53.85244456,Not Applicable,0,Designated,2010,Local communities,Not Reported,Not Reported,Not Reported,Not Reported,1714,Not Reported,KEN,KEN,Not Applicable,Not Applicable,conservancy 2,/Users/meeraburghardt/Desktop/WDPA_WDOECM_Jan2024_Public_KEN_shp/WDPA_WDOECM_Jan2024_Public_KEN_shp_2/WDPA_WDOECM_Jan2024_Public_KEN_shp-polygons.shp,53492213,0,0,0
555555517,555555517,1,Ol Kinyei,Ol Kinyei,Community Conservancy,Community Conservancy,National,Not Reported,Not Applicable,0,0,0,34.4,30.5525151,Not Applicable,0,Designated,2005,Non-profit organisations,Not Reported,Not Reported,Not Reported,Not Reported,1714,Not Reported,KEN,KEN,Not Applicable,Not Applicable,conservancy 2,/Users/meeraburghardt/Desktop/WDPA_WDOECM_Jan2024_Public_KEN_shp/WDPA_WDOECM_Jan2024_Public_KEN_shp_2/WDPA_WDOECM_Jan2024_Public_KEN_shp-polygons.shp,30348242,0,0,0
555555518,555555518,1,Naboisho,Naboisho,Community Conservancy,Community Conservancy,National,Not Reported,Not Applicable,0,0,0,206.28,211.0476386,Not Applicable,0,Designated,2010,Non-profit organisations,Not Reported,Not Reported,Not Reported,Not Reported,1714,Not Reported,KEN,KEN,Not Applicable,Not Applicable,conservancy 2,/Users/meeraburghardt/Desktop/WDPA_WDOECM_Jan2024_Public_KEN_shp/WDPA_WDOECM_Jan2024_Public_KEN_shp_2/WDPA_WDOECM_Jan2024_Public_KEN_shp-polygons.shp,209636451,0,0,0
555555519,555555519,1,Nakuprat-Gotu Community Conservancy,Nakuprat-Gotu Community Conservancy,Community Nature Reserve,Community Nature Reserve,National,Not Reported,Not Applicable,0,0,0,719.923064,725.1033418,Not Applicable,0,Not Reported,2010,Indigenous peoples,Not Reported,Community,Not Reported,Not Reported,1775,Not Reported,KEN,KEN,Not Applicable,Not Applicable,conservancy 2,/Users/meeraburghardt/Desktop/WDPA_WDOECM_Jan2024_Public_KEN_shp/WDPA_WDOECM_Jan2024_Public_KEN_shp_2/WDPA_WDOECM_Jan2024_Public_KEN_shp-polygons.shp,720257187,0,0,0
555555520,555555520,1,Biliqo-Bulesa Community Conservancy,Biliqo-Bulesa Community Conservancy,Community Nature Reserve,Community Nature Reserve,National,Not Reported,Not Applicable,0,0,0,3784.823327,3812.709416,Not Applicable,0,Not Reported,2007,Indigenous peoples,Not Reported,Community,Not Reported,Not Reported,1775,Not Reported,KEN,KEN,Not Applicable,Not Applicable,conservancy 2,/Users/meeraburghardt/Desktop/WDPA_WDOECM_Jan2024_Public_KEN_shp/WDPA_WDOECM_Jan2024_Public_KEN_shp_2/WDPA_WDOECM_Jan2024_Public_KEN_shp-polygons.shp,,4,0.001221001,0.1221001
555555521,555555521,1,Hanshak-Nyongoro Community Conservancy,Hanshak-Nyongoro Community Conservancy,Community Nature Reserve,Community Nature Reserve,National,Not Reported,Not Applicable,0,0,0,792,789.3619691,Not Applicable,0,Not Reported,2010,Indigenous peoples,Not Reported,Community,Not Reported,Not Reported,1775,Not Reported,KEN,KEN,Not Applicable,Not Applicable,conservancy 2,/Users/meeraburghardt/Desktop/WDPA_WDOECM_Jan2024_Public_KEN_shp/WDPA_WDOECM_Jan2024_Public_KEN_shp_2/WDPA_WDOECM_Jan2024_Public_KEN_shp-polygons.shp,784095514,3,0.003826064,0.3826064
555555522,555555522,1,Nasuulu Community Wildlife Conservancy,Nasuulu Community Wildlife Conservancy,Community Nature Reserve,Community Nature Reserve,National,Not Reported,Not Applicable,0,0,0,346.009704,348.3749633,Not Applicable,0,Not Reported,2011,Indigenous peoples,Not Reported,Community,Not Reported,Not Reported,1775,Not Reported,KEN,KEN,Not Applicable,Not Applicable,conservancy 2,/Users/meeraburghardt/Desktop/WDPA_WDOECM_Jan2024_Public_KEN_shp/WDPA_WDOECM_Jan2024_Public_KEN_shp_2/WDPA_WDOECM_Jan2024_Public_KEN_shp-polygons.shp,346043547,4,0.011559239,1.1559239
555555523,555555523,1,Ndera Community Conservancy,Ndera Community Conservancy,Community Nature Reserve,Community Nature Reserve,National,Not Reported,Not Applicable,0,0,0,1155,1172.244143,Not Applicable,0,Not Reported,2010,Indigenous peoples,Not Reported,Community,Not Reported,Not Reported,1775,Not Reported,KEN,KEN,Not Applicable,Not Applicable,conservancy 2,/Users/meeraburghardt/Desktop/WDPA_WDOECM_Jan2024_Public_KEN_shp/WDPA_WDOECM_Jan2024_Public_KEN_shp_2/WDPA_WDOECM_Jan2024_Public_KEN_shp-polygons.shp,1164413697,0,0,0
555566888,555566888,1,Awer Community Conservancy,Awer Community Conservancy,Community Nature Reserve,Community Nature Reserve,National,Not Reported,Not Applicable,0,0,0,209,211.0841358,Not Applicable,0,Not Reported,2010,Indigenous peoples,Not Reported,Community,Not Reported,Not Reported,1775,Not Reported,KEN,KEN,Not Applicable,Not Applicable,conservancy 2,/Users/meeraburghardt/Desktop/WDPA_WDOECM_Jan2024_Public_KEN_shp/WDPA_WDOECM_Jan2024_Public_KEN_shp_2/WDPA_WDOECM_Jan2024_Public_KEN_shp-polygons.shp,209674193,0,0,0
555566897,555566897,1,Ngorare,Ngorare,Private Protected Area,Private Protected Area,National,Not Reported,Not Applicable,0,0,0,0,157.9390936,Not Applicable,0,Not Reported,2013,For-profit organisations,Not Reported,Not Reported,Not Reported,Not Reported,1775,Not Reported,KEN,KEN,Not Applicable,Not Applicable,conservancy 2,/Users/meeraburghardt/Desktop/WDPA_WDOECM_Jan2024_Public_KEN_shp/WDPA_WDOECM_Jan2024_Public_KEN_shp_2/WDPA_WDOECM_Jan2024_Public_KEN_shp-polygons.shp,156881234,0,0,0
555566898,555566898,1,Ol Lentille Conservancy,Ol Lentille Conservancy,Community Nature Reserve,Community Nature Reserve,National,Not Reported,Not Applicable,0,0,0,0,107.9304586,Not Applicable,0,Not Reported,2006,Non-profit organisations,Not Reported,Private,Not Reported,Not Reported,1775,Not Reported,KEN,KEN,Not Applicable,Not Applicable,conservancy 2,/Users/meeraburghardt/Desktop/WDPA_WDOECM_Jan2024_Public_KEN_shp/WDPA_WDOECM_Jan2024_Public_KEN_shp_2/WDPA_WDOECM_Jan2024_Public_KEN_shp-polygons.shp,107208267,1,0.009327639,0.9327639
555566899,555566899,1,Shura Community Conservancy,Shura Community Conservancy,Community Nature Reserve,Community Nature Reserve,National,Not Reported,Not Applicable,0,0,0,4170.982359,4202.093371,Not Applicable,0,Not Reported,2004,Indigenous peoples,Not Reported,Community,Not Reported,Not Reported,1775,Not Reported,KEN,KEN,Not Applicable,Not Applicable,conservancy 2,/Users/meeraburghardt/Desktop/WDPA_WDOECM_Jan2024_Public_KEN_shp/WDPA_WDOECM_Jan2024_Public_KEN_shp_2/WDPA_WDOECM_Jan2024_Public_KEN_shp-polygons.shp,,0,0,0
555566900,555566900,1,Ol Pejeta Conservancy,Ol Pejeta Conservancy,Private Protected Area,Private Protected Area,National,Not Reported,Not Applicable,0,0,0,365,367.0815028,Not Applicable,0,Not Reported,1989,Non-profit organisations,Not Reported,Private,Not Reported,Not Reported,1775,Not Reported,KEN,KEN,Not Applicable,Not Applicable,conservancy 2,/Users/meeraburghardt/Desktop/WDPA_WDOECM_Jan2024_Public_KEN_shp/WDPA_WDOECM_Jan2024_Public_KEN_shp_2/WDPA_WDOECM_Jan2024_Public_KEN_shp-polygons.shp,364623322,0,0,0
555566901,555566901,1,Segera,Segera,Private Nature Reserve,Private Nature Reserve,National,Not Reported,Not Applicable,0,0,0,200,198.0734502,Not Applicable,0,Not Reported,2007,Non-profit organisations,Not Reported,Private,Not Reported,Not Reported,1775,KE-700,KEN,KEN,Not Applicable,Not Applicable,conservancy 2,/Users/meeraburghardt/Desktop/WDPA_WDOECM_Jan2024_Public_KEN_shp/WDPA_WDOECM_Jan2024_Public_KEN_shp_2/WDPA_WDOECM_Jan2024_Public_KEN_shp-polygons.shp,196748432,0,0,0
555566902,555566902,1,Ngare Ndare Community Conservancy,Ngare Ndare Community Conservancy,Community Nature Reserve,Community Nature Reserve,National,Not Reported,Not Applicable,0,0,0,55.107407,55.47788439,Not Applicable,0,Not Reported,2000,Indigenous peoples,Not Reported,Community,Not Reported,Not Reported,1775,Not Reported,KEN,KEN,Not Applicable,Not Applicable,conservancy 2,/Users/meeraburghardt/Desktop/WDPA_WDOECM_Jan2024_Public_KEN_shp/WDPA_WDOECM_Jan2024_Public_KEN_shp_2/WDPA_WDOECM_Jan2024_Public_KEN_shp-polygons.shp,55106352,0,0,0
555566903,555566903,1,Leparua Community Conservancy,Leparua Community Conservancy,Community Nature Reserve,Community Nature Reserve,National,Not Reported,Not Applicable,0,0,0,328.352032,330.584691,Not Applicable,0,Not Reported,2011,Indigenous peoples,Not Reported,Community,Not Reported,Not Reported,1775,Not Reported,KEN,KEN,Not Applicable,Not Applicable,conservancy 2,/Users/meeraburghardt/Desktop/WDPA_WDOECM_Jan2024_Public_KEN_shp/WDPA_WDOECM_Jan2024_Public_KEN_shp_2/WDPA_WDOECM_Jan2024_Public_KEN_shp-polygons.shp,328372180,3,0.009135975,0.9135975
555566904,555566904,1,Pate Marine Community Conservancy,Pate Marine Community Conservancy,Community Nature Reserve,Community Nature Reserve,National,Not Reported,Not Applicable,0,0,14.94771983,192,193.6452859,Not Applicable,0,Not Reported,2010,Indigenous peoples,Not Reported,Community,Not Reported,Not Reported,1775,Not Reported,KEN,KEN,Not Applicable,Not Applicable,conservancy 2,/Users/meeraburghardt/Desktop/WDPA_WDOECM_Jan2024_Public_KEN_shp/WDPA_WDOECM_Jan2024_Public_KEN_shp_2/WDPA_WDOECM_Jan2024_Public_KEN_shp-polygons.shp,192352444,0,0,0
555566905,555566905,1,Ltungai Community Conservancy Trust,Ltungai Community Conservancy Trust,Community Nature Reserve,Community Nature Reserve,National,Not Reported,Not Applicable,0,0,0,193.080842,194.1590567,Not Applicable,0,Not Reported,2002,Indigenous peoples,Not Reported,Community,Not Reported,Not Reported,1775,Not Reported,KEN,KEN,Not Applicable,Not Applicable,conservancy 2,/Users/meeraburghardt/Desktop/WDPA_WDOECM_Jan2024_Public_KEN_shp/WDPA_WDOECM_Jan2024_Public_KEN_shp_2/WDPA_WDOECM_Jan2024_Public_KEN_shp-polygons.shp,192861892,6,0.031110345,3.1110345
555566906,555566906,1,Meibae Community Conservancy,Meibae Community Conservancy,Community Nature Reserve,Community Nature Reserve,National,Not Reported,Not Applicable,0,0,0,1016.484796,1023.061097,Not Applicable,0,Not Reported,2006,Indigenous peoples,Not Reported,Community,Not Reported,Not Reported,1775,Not Reported,KEN,KEN,Not Applicable,Not Applicable,conservancy 2,/Users/meeraburghardt/Desktop/WDPA_WDOECM_Jan2024_Public_KEN_shp/WDPA_WDOECM_Jan2024_Public_KEN_shp_2/WDPA_WDOECM_Jan2024_Public_KEN_shp-polygons.shp,1016215714,0,0,0
555621995,555621995,1,Watamu,Watamu,Marine National Reserve,Marine National Reserve,National,Not Reported,Not Applicable,2,10,9.426623236,10,10.39560237,Not Reported,0,Designated,1968,Federal or national ministry or agency,State,Kenya Wildlife Service,Not Reported,State Verified,933,Not Reported,KEN,KEN,Not Applicable,Not Applicable,conservancy 2,/Users/meeraburghardt/Desktop/WDPA_WDOECM_Jan2024_Public_KEN_shp/WDPA_WDOECM_Jan2024_Public_KEN_shp_2/WDPA_WDOECM_Jan2024_Public_KEN_shp-polygons.shp,10395606,0,0,0
555621996,555621996,1,Malindi,Malindi,Marine National Reserve,Marine National Reserve,National,Not Reported,Not Applicable,2,213,147.1811692,213,151.9084337,Not Reported,0,Designated,1968,Federal or national ministry or agency,State,Kenya Wildlife Service,Not Reported,State Verified,933,Not Reported,KEN,KEN,Not Applicable,Not Applicable,conservancy 2,/Users/meeraburghardt/Desktop/WDPA_WDOECM_Jan2024_Public_KEN_shp/WDPA_WDOECM_Jan2024_Public_KEN_shp_2/WDPA_WDOECM_Jan2024_Public_KEN_shp-polygons.shp,151908605,0,0,0
555621998,555621998,1,Chepkitale,Chepkitale,National Reserve,National Reserve,National,Not Reported,Not Applicable,0,0,0,178.2,183.4135591,Not Applicable,0,Designated,2000,Federal or national ministry or agency,State,Kenya Wildlife Service,Not Reported,State Verified,933,Not Reported,KEN,KEN,Not Applicable,Not Applicable,conservancy 2,/Users/meeraburghardt/Desktop/WDPA_WDOECM_Jan2024_Public_KEN_shp/WDPA_WDOECM_Jan2024_Public_KEN_shp_2/WDPA_WDOECM_Jan2024_Public_KEN_shp-polygons.shp,183413590,0,0,0
555622000,555622000,1,Kamnarok,Kamnarok,National Reserve,National Reserve,National,Not Reported,Not Applicable,0,0,0,87.7,86.80333199,Not Applicable,0,Designated,1983,Federal or national ministry or agency,State,Kenya Wildlife Service,Not Reported,State Verified,933,Not Reported,KEN,KEN,Not Applicable,Not Applicable,conservancy 2,/Users/meeraburghardt/Desktop/WDPA_WDOECM_Jan2024_Public_KEN_shp/WDPA_WDOECM_Jan2024_Public_KEN_shp_2/WDPA_WDOECM_Jan2024_Public_KEN_shp-polygons.shp,86803331,0,0,0
555622001,555622001,1,Kisumu Impala,Kisumu Impala,National Sanctuary,National Sanctuary,National,IV,Not Applicable,0,0,0,0.34,0.280748646,Not Applicable,0,Designated,1992,Federal or national ministry or agency,State,Kenya Wildlife Service,Not Reported,State Verified,933,Not Reported,KEN,KEN,Not Applicable,Not Applicable,conservancy 2,/Users/meeraburghardt/Desktop/WDPA_WDOECM_Jan2024_Public_KEN_shp/WDPA_WDOECM_Jan2024_Public_KEN_shp_2/WDPA_WDOECM_Jan2024_Public_KEN_shp-polygons.shp,280749,0,0,0
555622002,555622002,1,Kiunga,Kiunga,Marine National Reserve,Marine National Reserve,National,VI,Not Applicable,1,250,201.9780805,250,248.9641629,Not Reported,0,Designated,1979,Federal or national ministry or agency,State,Kenya Wildlife Service,Not Reported,State Verified,933,Not Reported,KEN,KEN,Not Applicable,Not Applicable,conservancy 2,/Users/meeraburghardt/Desktop/WDPA_WDOECM_Jan2024_Public_KEN_shp/WDPA_WDOECM_Jan2024_Public_KEN_shp_2/WDPA_WDOECM_Jan2024_Public_KEN_shp-polygons.shp,248964185,0,0,0
555622003,555622003,1,Lake Elementaita,Lake Elementaita,National Sanctuary,National Sanctuary,National,Not Reported,Not Applicable,0,0,0,25.339,25.56627654,Not Applicable,0,Designated,2010,Federal or national ministry or agency,State,Kenya Wildlife Service,Not Reported,State Verified,933,Not Reported,KEN,KEN,Not Applicable,Not Applicable,conservancy 2,/Users/meeraburghardt/Desktop/WDPA_WDOECM_Jan2024_Public_KEN_shp/WDPA_WDOECM_Jan2024_Public_KEN_shp_2/WDPA_WDOECM_Jan2024_Public_KEN_shp-polygons.shp,25566277,0,0,0
555622004,555622004,1,Lake Kanyaboli,Lake Kanyaboli,National Reserve,National Reserve,National,Not Reported,Not Applicable,0,0,0,41.42,41.21090972,Not Applicable,0,Designated,2010,Federal or national ministry or agency,State,Kenya Wildlife Service,Not Reported,State Verified,933,Not Reported,KEN,KEN,Not Applicable,Not Applicable,conservancy 2,/Users/meeraburghardt/Desktop/WDPA_WDOECM_Jan2024_Public_KEN_shp/WDPA_WDOECM_Jan2024_Public_KEN_shp_2/WDPA_WDOECM_Jan2024_Public_KEN_shp-polygons.shp,41210909,0,0,0
555622005,555622005,1,Lake Simbi,Lake Simbi,National Sanctuary,National Sanctuary,National,Not Reported,Not Applicable,0,0,0,0.417,0.442215073,Not Applicable,0,Designated,2000,Federal or national ministry or agency,State,Kenya Wildlife Service,Not Reported,State Verified,933,Not Reported,KEN,KEN,Not Applicable,Not Applicable,conservancy 2,/Users/meeraburghardt/Desktop/WDPA_WDOECM_Jan2024_Public_KEN_shp/WDPA_WDOECM_Jan2024_Public_KEN_shp_2/WDPA_WDOECM_Jan2024_Public_KEN_shp-polygons.shp,442215,0,0,0
555622007,555622007,1,Mt. Kenya,Mt. Kenya,National Reserve,National Reserve,National,II,Not Applicable,0,0,0,2124,2119.944098,Not Applicable,0,Designated,2000,Federal or national ministry or agency,State,Kenya Wildlife Service,Not Reported,State Verified,933,Not Reported,KEN,KEN,Not Applicable,Not Applicable,conservancy 2,/Users/meeraburghardt/Desktop/WDPA_WDOECM_Jan2024_Public_KEN_shp/WDPA_WDOECM_Jan2024_Public_KEN_shp_2/WDPA_WDOECM_Jan2024_Public_KEN_shp-polygons.shp,2119944096,0,0,0
555622008,555622008,1,Naivasha Wildlife Sanctuary,Naivasha Wildlife Sanctuary,National Sanctuary,National Sanctuary,National,Not Reported,Not Applicable,0,0,0,3.99,4.017235602,Not Applicable,0,Designated,2000,Federal or national ministry or agency,Not Reported,Kenya Wildlife Service,Not Reported,State Verified,933,Not Reported,KEN,KEN,Not Applicable,Not Applicable,conservancy 2,/Users/meeraburghardt/Desktop/WDPA_WDOECM_Jan2024_Public_KEN_shp/WDPA_WDOECM_Jan2024_Public_KEN_shp_2/WDPA_WDOECM_Jan2024_Public_KEN_shp-polygons.shp,6277400,0,0,0
555622010,555622010,1,Nyambene,Nyambene,National Reserve,National Reserve,National,Not Reported,Not Applicable,0,0,0,640.6,641.4587137,Not Applicable,0,Designated,2000,Federal or national ministry or agency,State,Kenya Wildlife Service,Not Reported,State Verified,933,Not Reported,KEN,KEN,Not Applicable,Not Applicable,conservancy 2,/Users/meeraburghardt/Desktop/WDPA_WDOECM_Jan2024_Public_KEN_shp/WDPA_WDOECM_Jan2024_Public_KEN_shp_2/WDPA_WDOECM_Jan2024_Public_KEN_shp-polygons.shp,641460490,2,0.003117885,0.3117885
555646867,555646867,1,Mwingi,Mwingi,National Reserve,National Reserve,National,VI,Not Applicable,0,0,0,745,635.767051,Not Applicable,0,Designated,1979,Federal or national ministry or agency,State,Kenya Wildlife Service,Not Reported,State Verified,933,Not Reported,KEN,KEN,Not Applicable,Not Applicable,conservancy 2,/Users/meeraburghardt/Desktop/WDPA_WDOECM_Jan2024_Public_KEN_shp/WDPA_WDOECM_Jan2024_Public_KEN_shp_2/WDPA_WDOECM_Jan2024_Public_KEN_shp-polygons.shp,635766568,0,0,0
555646868,555646868,1,Tsavo Road and Railways,Tsavo Road and Railways,National Reserve,National Reserve,National,Not Reported,Not Applicable,0,0,0,5.27,23.37002441,Not Applicable,0,Designated,1943,Federal or national ministry or agency,State,Kenya Wildlife Service,Not Reported,State Verified,933,Not Reported,KEN,KEN,Not Applicable,Not Applicable,conservancy 2,/Users/meeraburghardt/Desktop/WDPA_WDOECM_Jan2024_Public_KEN_shp/WDPA_WDOECM_Jan2024_Public_KEN_shp_2/WDPA_WDOECM_Jan2024_Public_KEN_shp-polygons.shp,23370039,0,0,0
555705847,555705847,1,Swara Conservancy,Swara Conservancy,Conservancy,Conservancy,National,Not Reported,Not Applicable,0,0,0,60.7,82.97789183,Not Applicable,0,Designated,2020,Not Reported,Not Reported,Not Reported,Not Reported,State Verified,933,Not Reported,KEN,KEN,Not Applicable,Not Applicable,conservancy 2,/Users/meeraburghardt/Desktop/WDPA_WDOECM_Jan2024_Public_KEN_shp/WDPA_WDOECM_Jan2024_Public_KEN_shp_2/WDPA_WDOECM_Jan2024_Public_KEN_shp-polygons.shp,82977609,0,0,0
555705848,555705848,1,ILRI Conservancy,ILRI Conservancy,Conservancy,Conservancy,National,Not Reported,Not Applicable,0,0,0,129.5,121.0165128,Not Applicable,0,Designated,2020,Not Reported,Not Reported,Not Reported,Not Reported,State Verified,933,Not Reported,KEN,KEN,Not Applicable,Not Applicable,conservancy 2,/Users/meeraburghardt/Desktop/WDPA_WDOECM_Jan2024_Public_KEN_shp/WDPA_WDOECM_Jan2024_Public_KEN_shp_2/WDPA_WDOECM_Jan2024_Public_KEN_shp-polygons.shp,121016537,0,0,0
752,752,1,Tsavo East,Tsavo East,National Park,National Park,National,II,Not Applicable,0,0,0,11747,13380.52676,Not Applicable,0,Designated,1948,Federal or national ministry or agency,State,Kenya Wildlife Service,Not Reported,State Verified,933,Not Reported,KEN,KEN,Not Applicable,Not Applicable,conservancy 3,/Users/meeraburghardt/Desktop/WDPA_WDOECM_Jan2024_Public_KEN_shp/WDPA_WDOECM_Jan2024_Public_KEN_shp_0/WDPA_WDOECM_Jan2024_Public_KEN_shp-polygons.shp,,0,0,0
753,753,1,Marsabit,Marsabit,National Reserve,National Reserve,National,Not Reported,Not Applicable,0,0,0,1122,1384.633142,Not Applicable,0,Proposed,1967,Federal or national ministry or agency,State,Kenya Wildlife Service,Not Reported,State Verified,933,Not Reported,KEN,KEN,Not Applicable,Not Applicable,conservancy 3,/Users/meeraburghardt/Desktop/WDPA_WDOECM_Jan2024_Public_KEN_shp/WDPA_WDOECM_Jan2024_Public_KEN_shp_0/WDPA_WDOECM_Jan2024_Public_KEN_shp-polygons.shp,1384643963,2,0.001444415,0.1444415
754,754,1,Sibiloi,Sibiloi,National Park,National Park,National,II,Not Applicable,0,0,0,1570,1542.561771,Not Applicable,0,Designated,1973,Federal or national ministry or agency,State,Kenya Wildlife Service,Not Reported,State Verified,933,Not Reported,KEN,KEN,Not Applicable,Not Applicable,conservancy 3,/Users/meeraburghardt/Desktop/WDPA_WDOECM_Jan2024_Public_KEN_shp/WDPA_WDOECM_Jan2024_Public_KEN_shp_0/WDPA_WDOECM_Jan2024_Public_KEN_shp-polygons.shp,1542561547,0,0,0
755,755,1,Meru,Meru,National Park,National Park,National,II,Not Applicable,0,0,0,870,871.3256583,Not Applicable,0,Designated,1966,Federal or national ministry or agency,State,Kenya Wildlife Service,Not Reported,State Verified,933,Not Reported,KEN,KEN,Not Applicable,Not Applicable,conservancy 3,/Users/meeraburghardt/Desktop/WDPA_WDOECM_Jan2024_Public_KEN_shp/WDPA_WDOECM_Jan2024_Public_KEN_shp_0/WDPA_WDOECM_Jan2024_Public_KEN_shp-polygons.shp,871325662,0,0,0
756,756,1,Aberdare,Aberdare,National Park,National Park,National,II,Not Applicable,0,0,0,765.7,772.3150594,Not Applicable,0,Designated,1950,Federal or national ministry or agency,State,Kenya Wildlife Service,Not Reported,State Verified,933,Not Reported,KEN,KEN,Not Applicable,Not Applicable,conservancy 3,/Users/meeraburghardt/Desktop/WDPA_WDOECM_Jan2024_Public_KEN_shp/WDPA_WDOECM_Jan2024_Public_KEN_shp_0/WDPA_WDOECM_Jan2024_Public_KEN_shp-polygons.shp,772315299,0,0,0
757,757,1,Mt. Kenya,Mt. Kenya,National Park,National Park,National,Not Reported,Not Applicable,0,0,0,715,593.4935884,Not Applicable,0,Designated,1968,Federal or national ministry or agency,State,Kenya Wildlife Service,Not Reported,State Verified,933,Not Reported,KEN,KEN,Not Applicable,Not Applicable,conservancy 3,/Users/meeraburghardt/Desktop/WDPA_WDOECM_Jan2024_Public_KEN_shp/WDPA_WDOECM_Jan2024_Public_KEN_shp_0/WDPA_WDOECM_Jan2024_Public_KEN_shp-polygons.shp,593493588,0,0,0
758,758,1,Amboseli,Amboseli,National Park,National Park,National,II,Not Applicable,0,0,0,392,387.4426262,Not Applicable,0,Designated,1974,Federal or national ministry or agency,State,Kenya Wildlife Service,Not Reported,State Verified,933,Not Reported,KEN,KEN,Not Applicable,Not Applicable,conservancy 3,/Users/meeraburghardt/Desktop/WDPA_WDOECM_Jan2024_Public_KEN_shp/WDPA_WDOECM_Jan2024_Public_KEN_shp_0/WDPA_WDOECM_Jan2024_Public_KEN_shp-polygons.shp,387442740,0,0,0
759,759,1,Shimba Hills,Shimba Hills,National Reserve,National Reserve,National,II,Not Applicable,0,0,0,192.51,193.4899243,Not Applicable,0,Designated,1968,Federal or national ministry or agency,State,Kenya Wildlife Service,Not Reported,State Verified,933,Not Reported,KEN,KEN,Not Applicable,Not Applicable,conservancy 3,/Users/meeraburghardt/Desktop/WDPA_WDOECM_Jan2024_Public_KEN_shp/WDPA_WDOECM_Jan2024_Public_KEN_shp_0/WDPA_WDOECM_Jan2024_Public_KEN_shp-polygons.shp,193490732,0,0,0
760,760,1,Mt. Elgon,Mt. Elgon,National Park,National Park,National,II,Not Applicable,0,0,0,169,157.9973518,Not Applicable,0,Designated,1968,Federal or national ministry or agency,State,Kenya Wildlife Service,Not Reported,State Verified,933,Not Reported,KEN,KEN,Not Applicable,Not Applicable,conservancy 3,/Users/meeraburghardt/Desktop/WDPA_WDOECM_Jan2024_Public_KEN_shp/WDPA_WDOECM_Jan2024_Public_KEN_shp_0/WDPA_WDOECM_Jan2024_Public_KEN_shp-polygons.shp,157997355,0,0,0
761,761_B,1,Nairobi,Nairobi,National Park,National Park,National,Not Reported,Not Applicable,0,0,0,8.09,9.69074035,Not Applicable,0,Designated,2020,Not Reported,Not Reported,Not Reported,Not Reported,State Verified,933,Not Reported,KEN,KEN,Not Applicable,Not Applicable,conservancy 3,/Users/meeraburghardt/Desktop/WDPA_WDOECM_Jan2024_Public_KEN_shp/WDPA_WDOECM_Jan2024_Public_KEN_shp_0/WDPA_WDOECM_Jan2024_Public_KEN_shp-polygons.shp,9625938,0,0,0
761,761_A,1,Nairobi,Nairobi,National Park,National Park,National,II,Not Applicable,0,0,0,117,116.3129893,Not Applicable,0,Designated,1946,Federal or national ministry or agency,State,Kenya Wildlife Service,Not Reported,State Verified,933,Not Reported,KEN,KEN,Not Applicable,Not Applicable,conservancy 3,/Users/meeraburghardt/Desktop/WDPA_WDOECM_Jan2024_Public_KEN_shp/WDPA_WDOECM_Jan2024_Public_KEN_shp_0/WDPA_WDOECM_Jan2024_Public_KEN_shp-polygons.shp,116312947,0,0,0
762,762,1,Lake Nakuru,Lake Nakuru,National Park,National Park,National,II,Not Applicable,0,0,0,188,190.3575819,Not Applicable,0,Designated,1968,Federal or national ministry or agency,State,Kenya Wildlife Service,Not Reported,State Verified,933,Not Reported,KEN,KEN,Not Applicable,Not Applicable,conservancy 3,/Users/meeraburghardt/Desktop/WDPA_WDOECM_Jan2024_Public_KEN_shp/WDPA_WDOECM_Jan2024_Public_KEN_shp_0/WDPA_WDOECM_Jan2024_Public_KEN_shp-polygons.shp,190357582,0,0,0
763,763,1,Kisite,Kisite,Marine National Park,Marine National Park,National,II,Not Applicable,2,28,27.83807681,28,27.83807681,All,28,Designated,1978,Federal or national ministry or agency,State,Kenya Wildlife Service,Not Reported,State Verified,933,Not Reported,KEN,KEN,Not Applicable,Not Applicable,conservancy 3,/Users/meeraburghardt/Desktop/WDPA_WDOECM_Jan2024_Public_KEN_shp/WDPA_WDOECM_Jan2024_Public_KEN_shp_0/WDPA_WDOECM_Jan2024_Public_KEN_shp-polygons.shp,27837750,0,0,0
764,764,1,Ol Donyo Sabuk,Ol Donyo Sabuk,National Park,National Park,National,II,Not Applicable,0,0,0,18,20.58559985,Not Applicable,0,Designated,1967,Federal or national ministry or agency,State,Kenya Wildlife Service,Not Reported,State Verified,933,Not Reported,KEN,KEN,Not Applicable,Not Applicable,conservancy 3,/Users/meeraburghardt/Desktop/WDPA_WDOECM_Jan2024_Public_KEN_shp/WDPA_WDOECM_Jan2024_Public_KEN_shp_0/WDPA_WDOECM_Jan2024_Public_KEN_shp-polygons.shp,20585600,0,0,0
765,765,1,Malindi,Malindi,Marine National Park,Marine National Park,National,II,Not Applicable,2,6,6.463924933,6,6.841336473,Not Reported,0,Designated,1968,Federal or national ministry or agency,State,Kenya Wildlife Service,Not Reported,State Verified,933,Not Reported,KEN,KEN,Not Applicable,Not Applicable,conservancy 3,/Users/meeraburghardt/Desktop/WDPA_WDOECM_Jan2024_Public_KEN_shp/WDPA_WDOECM_Jan2024_Public_KEN_shp_0/WDPA_WDOECM_Jan2024_Public_KEN_shp-polygons.shp,6841345,0,0,0
1297,1297,1,Masai Mara,Masai Mara,National Reserve,National Reserve,National,II,Not Applicable,0,0,0,1510,1511.069884,Not Applicable,0,Designated,1974,Federal or national ministry or agency,State,Kenya Wildlife Service,Not Reported,State Verified,933,Not Reported,KEN,KEN,Not Applicable,Not Applicable,conservancy 3,/Users/meeraburghardt/Desktop/WDPA_WDOECM_Jan2024_Public_KEN_shp/WDPA_WDOECM_Jan2024_Public_KEN_shp_0/WDPA_WDOECM_Jan2024_Public_KEN_shp-polygons.shp,1511197962,0,0,0
2295,2295,1,Buffalo Springs,Buffalo Springs,National Reserve,National Reserve,National,II,Not Applicable,0,0,0,131,130.086412,Not Applicable,0,Designated,1985,Federal or national ministry or agency,State,Kenya Wildlife Service,Not Reported,State Verified,933,Not Reported,KEN,KEN,Not Applicable,Not Applicable,conservancy 3,/Users/meeraburghardt/Desktop/WDPA_WDOECM_Jan2024_Public_KEN_shp/WDPA_WDOECM_Jan2024_Public_KEN_shp_0/WDPA_WDOECM_Jan2024_Public_KEN_shp-polygons.shp,130086412,5,0.03843599,3.843599
2296,2296,1,Ruma,Ruma,National Park,National Park,National,II,Not Applicable,0,0,0,120,120.6090156,Not Applicable,0,Designated,1983,Federal or national ministry or agency,State,Kenya Wildlife Service,Not Reported,State Verified,933,Not Reported,KEN,KEN,Not Applicable,Not Applicable,conservancy 3,/Users/meeraburghardt/Desktop/WDPA_WDOECM_Jan2024_Public_KEN_shp/WDPA_WDOECM_Jan2024_Public_KEN_shp_0/WDPA_WDOECM_Jan2024_Public_KEN_shp-polygons.shp,120608992,0,0,0
2298,2298,1,Samburu,Samburu,National Reserve,National Reserve,National,II,Not Applicable,0,0,0,165,165.112325,Not Applicable,0,Designated,1985,Federal or national ministry or agency,State,Kenya Wildlife Service,Not Reported,State Verified,933,Not Reported,KEN,KEN,Not Applicable,Not Applicable,conservancy 3,/Users/meeraburghardt/Desktop/WDPA_WDOECM_Jan2024_Public_KEN_shp/WDPA_WDOECM_Jan2024_Public_KEN_shp_0/WDPA_WDOECM_Jan2024_Public_KEN_shp-polygons.shp,165112330,0,0,0
2299,2299,1,Tana River Primate,Tana River Primate,National Reserve,National Reserve,National,II,Not Applicable,0,0,0,169,170.1435309,Not Applicable,0,Designated,1976,Federal or national ministry or agency,State,Kenya Wildlife Service,Not Reported,State Verified,933,Not Reported,KEN,KEN,Not Applicable,Not Applicable,conservancy 3,/Users/meeraburghardt/Desktop/WDPA_WDOECM_Jan2024_Public_KEN_shp/WDPA_WDOECM_Jan2024_Public_KEN_shp_0/WDPA_WDOECM_Jan2024_Public_KEN_shp-polygons.shp,170143582,0,0,0
2300,2300,1,Lake Bogoria,Lake Bogoria,National Reserve,National Reserve,National,II,Not Applicable,0,0,0,107,107.1634706,Not Applicable,0,Designated,1970,Federal or national ministry or agency,State,Kenya Wildlife Service,Not Reported,State Verified,933,Not Reported,KEN,KEN,Not Applicable,Not Applicable,conservancy 3,/Users/meeraburghardt/Desktop/WDPA_WDOECM_Jan2024_Public_KEN_shp/WDPA_WDOECM_Jan2024_Public_KEN_shp_0/WDPA_WDOECM_Jan2024_Public_KEN_shp-polygons.shp,107163471,0,0,0
2415,2415,1,Losai,Losai,National Reserve,National Reserve,National,VI,Not Applicable,0,0,0,1806,1805.660813,Not Applicable,0,Designated,1976,Federal or national ministry or agency,State,Kenya Wildlife Service,Not Reported,State Verified,933,Not Reported,KEN,KEN,Not Applicable,Not Applicable,conservancy 3,/Users/meeraburghardt/Desktop/WDPA_WDOECM_Jan2024_Public_KEN_shp/WDPA_WDOECM_Jan2024_Public_KEN_shp_0/WDPA_WDOECM_Jan2024_Public_KEN_shp-polygons.shp,1805660787,0,0,0
2416,2416,1,Kora,Kora,National Park,National Park,National,II,Not Applicable,0,0,0,1787,1790.228915,Not Applicable,0,Designated,1989,Federal or national ministry or agency,State,Kenya Wildlife Service,Not Reported,State Verified,933,Not Reported,KEN,KEN,Not Applicable,Not Applicable,conservancy 3,/Users/meeraburghardt/Desktop/WDPA_WDOECM_Jan2024_Public_KEN_shp/WDPA_WDOECM_Jan2024_Public_KEN_shp_0/WDPA_WDOECM_Jan2024_Public_KEN_shp-polygons.shp,1790229401,0,0,0
2417,2417,1,Boni,Boni,National Reserve,National Reserve,National,Not Reported,Not Applicable,0,0,0,1339,1339.613786,Not Applicable,0,Designated,1976,Federal or national ministry or agency,State,Kenya Wildlife Service,Not Reported,State Verified,933,Not Reported,KEN,KEN,Not Applicable,Not Applicable,conservancy 3,/Users/meeraburghardt/Desktop/WDPA_WDOECM_Jan2024_Public_KEN_shp/WDPA_WDOECM_Jan2024_Public_KEN_shp_0/WDPA_WDOECM_Jan2024_Public_KEN_shp-polygons.shp,1339587112,2,0.001492997,0.1492997
2418,2418,1,Rahole,Rahole,National Reserve,National Reserve,National,VI,Not Applicable,0,0,0,1270,1270.389668,Not Applicable,0,Designated,1976,Federal or national ministry or agency,State,Kenya Wildlife Service,Not Reported,State Verified,933,Not Reported,KEN,KEN,Not Applicable,Not Applicable,conservancy 3,/Users/meeraburghardt/Desktop/WDPA_WDOECM_Jan2024_Public_KEN_shp/WDPA_WDOECM_Jan2024_Public_KEN_shp_0/WDPA_WDOECM_Jan2024_Public_KEN_shp-polygons.shp,1270389668,0,0,0
2419,2419,1,South Turkana,South Turkana,National Reserve,National Reserve,National,II,Not Applicable,0,0,0,1091,1085.552427,Not Applicable,0,Designated,1979,Federal or national ministry or agency,State,Kenya Wildlife Service,Not Reported,State Verified,933,Not Reported,KEN,KEN,Not Applicable,Not Applicable,conservancy 3,/Users/meeraburghardt/Desktop/WDPA_WDOECM_Jan2024_Public_KEN_shp/WDPA_WDOECM_Jan2024_Public_KEN_shp_0/WDPA_WDOECM_Jan2024_Public_KEN_shp-polygons.shp,1085555294,0,0,0
2422,2422,1,Bisandi,Bisandi,National Reserve,National Reserve,National,VI,Not Applicable,0,0,0,606,606.8156754,Not Applicable,0,Designated,1979,Federal or national ministry or agency,State,Kenya Wildlife Service,Not Reported,State Verified,933,Not Reported,KEN,KEN,Not Applicable,Not Applicable,conservancy 3,/Users/meeraburghardt/Desktop/WDPA_WDOECM_Jan2024_Public_KEN_shp/WDPA_WDOECM_Jan2024_Public_KEN_shp_0/WDPA_WDOECM_Jan2024_Public_KEN_shp-polygons.shp,606815675,0,0,0
2423,2423,1,Arawale,Arawale,National Reserve,National Reserve,National,VI,Not Applicable,0,0,0,533,627.2106158,Not Applicable,0,Designated,1974,Federal or national ministry or agency,State,Kenya Wildlife Service,Not Reported,State Verified,933,Not Reported,KEN,KEN,Not Applicable,Not Applicable,conservancy 3,/Users/meeraburghardt/Desktop/WDPA_WDOECM_Jan2024_Public_KEN_shp/WDPA_WDOECM_Jan2024_Public_KEN_shp_0/WDPA_WDOECM_Jan2024_Public_KEN_shp-polygons.shp,627210650,0,0,0
2427,2427,1,Shaba,Shaba,National Reserve,National Reserve,National,II,Not Applicable,0,0,0,239,239.7232556,Not Applicable,0,Designated,1974,Federal or national ministry or agency,State,Kenya Wildlife Service,Not Reported,State Verified,933,Not Reported,KEN,KEN,Not Applicable,Not Applicable,conservancy 3,/Users/meeraburghardt/Desktop/WDPA_WDOECM_Jan2024_Public_KEN_shp/WDPA_WDOECM_Jan2024_Public_KEN_shp_0/WDPA_WDOECM_Jan2024_Public_KEN_shp-polygons.shp,239723254,0,0,0
2433,2433,1,Mwea,Mwea,National Reserve,National Reserve,National,VI,Not Applicable,0,0,0,68,68.17215646,Not Applicable,0,Designated,1976,Federal or national ministry or agency,State,Kenya Wildlife Service,Not Reported,State Verified,933,Not Reported,KEN,KEN,Not Applicable,Not Applicable,conservancy 3,/Users/meeraburghardt/Desktop/WDPA_WDOECM_Jan2024_Public_KEN_shp/WDPA_WDOECM_Jan2024_Public_KEN_shp_0/WDPA_WDOECM_Jan2024_Public_KEN_shp-polygons.shp,68172156,0,0,0
2590,2590,1,South Kitui,South Kitui,National Reserve,National Reserve,National,VI,Not Applicable,0,0,0,1833,1828.271234,Not Applicable,0,Designated,1979,Federal or national ministry or agency,State,Kenya Wildlife Service,Not Reported,State Verified,933,Not Reported,KEN,KEN,Not Applicable,Not Applicable,conservancy 3,/Users/meeraburghardt/Desktop/WDPA_WDOECM_Jan2024_Public_KEN_shp/WDPA_WDOECM_Jan2024_Public_KEN_shp_0/WDPA_WDOECM_Jan2024_Public_KEN_shp-polygons.shp,1828272942,0,0,0
2591,2591,1,Dodori,Dodori,National Reserve,National Reserve,National,Not Reported,Not Applicable,0,0,7.311498305,877,874.6729261,Not Applicable,0,Designated,1976,Federal or national ministry or agency,State,Kenya Wildlife Service,Not Reported,State Verified,933,Not Reported,KEN,KEN,Not Applicable,Not Applicable,conservancy 3,/Users/meeraburghardt/Desktop/WDPA_WDOECM_Jan2024_Public_KEN_shp/WDPA_WDOECM_Jan2024_Public_KEN_shp_0/WDPA_WDOECM_Jan2024_Public_KEN_shp-polygons.shp,874672976,0,0,0
2595,2595,1,Ngai Ndethia,Ngai Ndethia,National Reserve,National Reserve,National,VI,Not Applicable,0,0,0,212,215.9002566,Not Applicable,0,Designated,1976,Federal or national ministry or agency,State,Kenya Wildlife Service,Not Reported,State Verified,933,Not Reported,KEN,KEN,Not Applicable,Not Applicable,conservancy 3,/Users/meeraburghardt/Desktop/WDPA_WDOECM_Jan2024_Public_KEN_shp/WDPA_WDOECM_Jan2024_Public_KEN_shp_0/WDPA_WDOECM_Jan2024_Public_KEN_shp-polygons.shp,215900255,0,0,0
2596,2596,1,Nasolot,Nasolot,National Reserve,National Reserve,National,II,Not Applicable,0,0,0,92,91.82398597,Not Applicable,0,Designated,1979,Federal or national ministry or agency,State,Kenya Wildlife Service,Not Reported,State Verified,933,Not Reported,KEN,KEN,Not Applicable,Not Applicable,conservancy 3,/Users/meeraburghardt/Desktop/WDPA_WDOECM_Jan2024_Public_KEN_shp/WDPA_WDOECM_Jan2024_Public_KEN_shp_0/WDPA_WDOECM_Jan2024_Public_KEN_shp-polygons.shp,91823989,2,0.021780801,2.1780801
2597,2597,1,Saiwa Swamp,Saiwa Swamp,National Park,National Park,National,II,Not Applicable,0,0,0,2,2.694213254,Not Applicable,0,Designated,1974,Federal or national ministry or agency,State,Kenya Wildlife Service,Not Reported,State Verified,933,Not Reported,KEN,KEN,Not Applicable,Not Applicable,conservancy 3,/Users/meeraburghardt/Desktop/WDPA_WDOECM_Jan2024_Public_KEN_shp/WDPA_WDOECM_Jan2024_Public_KEN_shp_0/WDPA_WDOECM_Jan2024_Public_KEN_shp-polygons.shp,2694213,0,0,0
3038,3038,1,Kiunga Marine Conservancy,Kiunga Marine Conservancy,Community Nature Reserve,Community Nature Reserve,National,Not Reported,Not Applicable,1,0,168.7489039,287,289.3314064,Not Reported,0,Not Reported,2010,Indigenous peoples,Not Reported,Community,Not Reported,Not Reported,1775,Not Reported,KEN,KEN,Not Applicable,Not Applicable,conservancy 3,/Users/meeraburghardt/Desktop/WDPA_WDOECM_Jan2024_Public_KEN_shp/WDPA_WDOECM_Jan2024_Public_KEN_shp_0/WDPA_WDOECM_Jan2024_Public_KEN_shp-polygons.shp,287736662,0,0,0
7408,7408,1,Taita Hills,Taita Hills,Wildlife Sanctuary,Wildlife Sanctuary,National,Not Reported,Not Applicable,0,0,0,113.4,109.35809,Not Applicable,0,Designated,1973,Non-profit organisations,Not Reported,Not Reported,Not Reported,Not Reported,1714,KE-300,KEN,KEN,Not Applicable,Not Applicable,conservancy 3,/Users/meeraburghardt/Desktop/WDPA_WDOECM_Jan2024_Public_KEN_shp/WDPA_WDOECM_Jan2024_Public_KEN_shp_0/WDPA_WDOECM_Jan2024_Public_KEN_shp-polygons.shp,108631661,0,0,0
7420,7420,1,Kakamega,Kakamega,National Reserve,National Reserve,National,Not Reported,Not Applicable,0,0,0,44.7,44.08200752,Not Applicable,0,Designated,1985,Federal or national ministry or agency,State,Kenya Wildlife Service,Not Reported,State Verified,933,Not Reported,KEN,KEN,Not Applicable,Not Applicable,conservancy 3,/Users/meeraburghardt/Desktop/WDPA_WDOECM_Jan2024_Public_KEN_shp/WDPA_WDOECM_Jan2024_Public_KEN_shp_0/WDPA_WDOECM_Jan2024_Public_KEN_shp-polygons.shp,44082008,0,0,0
7422,7422,1,Arabuko Sokoke,Arabuko Sokoke,Forest Reserve,Forest Reserve,National,Not Reported,Not Applicable,0,0,0,416.76,370.8393952,Not Applicable,0,Designated,1943,Not Reported,Not Reported,Not Reported,Not Reported,State Verified,178,KE-300,KEN,KEN,Not Applicable,Not Applicable,conservancy 3,/Users/meeraburghardt/Desktop/WDPA_WDOECM_Jan2024_Public_KEN_shp/WDPA_WDOECM_Jan2024_Public_KEN_shp_0/WDPA_WDOECM_Jan2024_Public_KEN_shp-polygons.shp,368373417,0,0,0
7423,7423,1,Diani Chale Marine,Diani Chale Marine,Marine National Reserve,Marine National Reserve,National,VI,Not Applicable,2,75,73.32618379,75,77.53726422,Not Reported,0,Designated,1995,Federal or national ministry or agency,State,Kenya Wildlife Service,Not Reported,State Verified,933,Not Reported,KEN,KEN,Not Applicable,Not Applicable,conservancy 3,/Users/meeraburghardt/Desktop/WDPA_WDOECM_Jan2024_Public_KEN_shp/WDPA_WDOECM_Jan2024_Public_KEN_shp_0/WDPA_WDOECM_Jan2024_Public_KEN_shp-polygons.shp,77538825,0,0,0
7506,7506,1,Hell's Gate,Hell's Gate,National Park,National Park,National,II,Not Applicable,0,0,0,68.26,68.16698214,Not Applicable,0,Designated,1984,Federal or national ministry or agency,State,Kenya Wildlife Service,Not Reported,State Verified,933,Not Reported,KEN,KEN,Not Applicable,Not Applicable,conservancy 3,/Users/meeraburghardt/Desktop/WDPA_WDOECM_Jan2024_Public_KEN_shp/WDPA_WDOECM_Jan2024_Public_KEN_shp_0/WDPA_WDOECM_Jan2024_Public_KEN_shp-polygons.shp,68166945,0,0,0
7542,7542,1,Bahati,Bahati,Forest Reserve,Forest Reserve,National,Not Reported,Not Applicable,0,0,0,101.01,112.7037106,Not Applicable,0,Designated,1932,Not Reported,Not Reported,Not Reported,Not Reported,State Verified,178,KE-200,KEN,KEN,Not Applicable,Not Applicable,conservancy 3,/Users/meeraburghardt/Desktop/WDPA_WDOECM_Jan2024_Public_KEN_shp/WDPA_WDOECM_Jan2024_Public_KEN_shp_0/WDPA_WDOECM_Jan2024_Public_KEN_shp-polygons.shp,111948812,0,0,0
7543,7543,1,Buda,Buda,Forest Reserve,Forest Reserve,National,Not Reported,Not Applicable,0,0,0,6.7,6.304734108,Not Applicable,0,Designated,1932,Not Reported,Not Reported,Not Reported,Not Reported,State Verified,178,KE-300,KEN,KEN,Not Applicable,Not Applicable,conservancy 3,/Users/meeraburghardt/Desktop/WDPA_WDOECM_Jan2024_Public_KEN_shp/WDPA_WDOECM_Jan2024_Public_KEN_shp_0/WDPA_WDOECM_Jan2024_Public_KEN_shp-polygons.shp,6263070,0,0,0
7544,7544,1,Bunyala,Bunyala,Forest Reserve,Forest Reserve,National,Not Reported,Not Applicable,0,0,0,8.08,10.29749858,Not Applicable,0,Designated,1956,Not Reported,Not Reported,Not Reported,Not Reported,State Verified,178,KE-800,KEN,KEN,Not Applicable,Not Applicable,conservancy 3,/Users/meeraburghardt/Desktop/WDPA_WDOECM_Jan2024_Public_KEN_shp/WDPA_WDOECM_Jan2024_Public_KEN_shp_0/WDPA_WDOECM_Jan2024_Public_KEN_shp-polygons.shp,10228569,0,0,0
7546,7546,1,Cheboit,Cheboit,Forest Reserve,Forest Reserve,National,Not Reported,Not Applicable,0,0,0,25.27,25.07516401,Not Applicable,0,Proposed,0,Not Reported,Not Reported,Not Reported,Not Reported,State Verified,178,KE-700,KEN,KEN,Not Applicable,Not Applicable,conservancy 3,/Users/meeraburghardt/Desktop/WDPA_WDOECM_Jan2024_Public_KEN_shp/WDPA_WDOECM_Jan2024_Public_KEN_shp_0/WDPA_WDOECM_Jan2024_Public_KEN_shp-polygons.shp,24907393,0,0,0
7547,7547,1,Chemorogok,Chemorogok,Forest Reserve,Forest Reserve,National,Not Reported,Not Applicable,0,0,0,13.38,112.066842,Not Applicable,0,Designated,1949,Not Reported,Not Reported,Not Reported,Not Reported,State Verified,178,KE-700,KEN,KEN,Not Applicable,Not Applicable,conservancy 3,/Users/meeraburghardt/Desktop/WDPA_WDOECM_Jan2024_Public_KEN_shp/WDPA_WDOECM_Jan2024_Public_KEN_shp_0/WDPA_WDOECM_Jan2024_Public_KEN_shp-polygons.shp,111316609,0,0,0
7548,7548,1,Chemurokoi,Chemurokoi,Forest Reserve,Forest Reserve,National,Not Reported,Not Applicable,0,0,0,39.79,38.69368481,Not Applicable,0,Designated,1941,Not Reported,Not Reported,Not Reported,Not Reported,State Verified,178,KE-700,KEN,KEN,Not Applicable,Not Applicable,conservancy 3,/Users/meeraburghardt/Desktop/WDPA_WDOECM_Jan2024_Public_KEN_shp/WDPA_WDOECM_Jan2024_Public_KEN_shp_0/WDPA_WDOECM_Jan2024_Public_KEN_shp-polygons.shp,38434809,0,0,0
7549,7549,1,Chepalungu,Chepalungu,Forest Reserve,Forest Reserve,National,Not Reported,Not Applicable,0,0,0,49.77,50.34457006,Not Applicable,0,Designated,1956,Not Reported,Not Reported,Not Reported,Not Reported,State Verified,178,KE-700,KEN,KEN,Not Applicable,Not Applicable,conservancy 3,/Users/meeraburghardt/Desktop/WDPA_WDOECM_Jan2024_Public_KEN_shp/WDPA_WDOECM_Jan2024_Public_KEN_shp_0/WDPA_WDOECM_Jan2024_Public_KEN_shp-polygons.shp,50007514,0,0,0
7552,7552,1,Dagoretti,Dagoretti,Forest Reserve,Forest Reserve,National,Not Reported,Not Applicable,0,0,0,7.74,8.546637688,Not Applicable,0,Designated,1938,Not Reported,Not Reported,Not Reported,Not Reported,State Verified,178,KE-110,KEN,KEN,Not Applicable,Not Applicable,conservancy 3,/Users/meeraburghardt/Desktop/WDPA_WDOECM_Jan2024_Public_KEN_shp/WDPA_WDOECM_Jan2024_Public_KEN_shp_0/WDPA_WDOECM_Jan2024_Public_KEN_shp-polygons.shp,8489473,0,0,0
7555,7555,1,Eburu,Eburu,Forest Reserve,Forest Reserve,National,Not Reported,Not Applicable,0,0,0,87.36,82.06439315,Not Applicable,0,Designated,1932,Not Reported,Not Reported,Not Reported,Not Reported,State Verified,178,KE-700,KEN,KEN,Not Applicable,Not Applicable,conservancy 3,/Users/meeraburghardt/Desktop/WDPA_WDOECM_Jan2024_Public_KEN_shp/WDPA_WDOECM_Jan2024_Public_KEN_shp_0/WDPA_WDOECM_Jan2024_Public_KEN_shp-polygons.shp,81515098,0,0,0
7557,7557,1,Embakasi,Embakasi,Forest Reserve,Forest Reserve,National,Not Reported,Not Applicable,0,0,0,5.91,6.503485602,Not Applicable,0,Designated,1941,Not Reported,Not Reported,Not Reported,Not Reported,State Verified,178,KE-110,KEN,KEN,Not Applicable,Not Applicable,conservancy 3,/Users/meeraburghardt/Desktop/WDPA_WDOECM_Jan2024_Public_KEN_shp/WDPA_WDOECM_Jan2024_Public_KEN_shp_0/WDPA_WDOECM_Jan2024_Public_KEN_shp-polygons.shp,6459999,0,0,0
7558,7558,1,Embobut,Embobut,Forest Reserve,Forest Reserve,National,Not Reported,Not Applicable,0,0,0,216.89,201.056554,Not Applicable,0,Designated,1954,Not Reported,Not Reported,Not Reported,Not Reported,State Verified,178,KE-700,KEN,KEN,Not Applicable,Not Applicable,conservancy 3,/Users/meeraburghardt/Desktop/WDPA_WDOECM_Jan2024_Public_KEN_shp/WDPA_WDOECM_Jan2024_Public_KEN_shp_0/WDPA_WDOECM_Jan2024_Public_KEN_shp-polygons.shp,199711338,7,0.035050589,3.5050589
7560,7560,1,Gogoni,Gogoni,Forest Reserve,Forest Reserve,National,Not Reported,Not Applicable,0,0,0,8.24,7.885284405,Not Applicable,0,Designated,1932,Not Reported,Not Reported,Not Reported,Not Reported,State Verified,178,KE-300,KEN,KEN,Not Applicable,Not Applicable,conservancy 3,/Users/meeraburghardt/Desktop/WDPA_WDOECM_Jan2024_Public_KEN_shp/WDPA_WDOECM_Jan2024_Public_KEN_shp_0/WDPA_WDOECM_Jan2024_Public_KEN_shp-polygons.shp,7833114,0,0,0
7561,7561,1,Gonja,Gonja,Forest Reserve,Forest Reserve,National,Not Reported,Not Applicable,0,0,0,8.61,3.146791172,Not Applicable,0,Designated,1961,Not Reported,Not Reported,Not Reported,Not Reported,State Verified,178,KE-300,KEN,KEN,Not Applicable,Not Applicable,conservancy 3,/Users/meeraburghardt/Desktop/WDPA_WDOECM_Jan2024_Public_KEN_shp/WDPA_WDOECM_Jan2024_Public_KEN_shp_0/WDPA_WDOECM_Jan2024_Public_KEN_shp-polygons.shp,3125986,0,0,0
7564,7564,1,Jombo,Jombo,Forest Reserve,Forest Reserve,National,Not Reported,Not Applicable,0,0,0,8.87,3.705297744,Not Applicable,0,Designated,1941,Not Reported,Not Reported,Not Reported,Not Reported,State Verified,178,KE-300,KEN,KEN,Not Applicable,Not Applicable,conservancy 3,/Users/meeraburghardt/Desktop/WDPA_WDOECM_Jan2024_Public_KEN_shp/WDPA_WDOECM_Jan2024_Public_KEN_shp_0/WDPA_WDOECM_Jan2024_Public_KEN_shp-polygons.shp,3680788,0,0,0
7565,7565,1,Kabarak,Kabarak,Forest Reserve,Forest Reserve,National,Not Reported,Not Applicable,0,0,0,13.95,14.69819689,Not Applicable,0,Designated,1962,Not Reported,Not Reported,Not Reported,Not Reported,State Verified,178,KE-700,KEN,KEN,Not Applicable,Not Applicable,conservancy 3,/Users/meeraburghardt/Desktop/WDPA_WDOECM_Jan2024_Public_KEN_shp/WDPA_WDOECM_Jan2024_Public_KEN_shp_0/WDPA_WDOECM_Jan2024_Public_KEN_shp-polygons.shp,14599812,0,0,0
7567,7567,1,Kaisungor,Kaisungor,Forest Reserve,Forest Reserve,National,Not Reported,Not Applicable,0,0,0,10.89,10.99044342,Not Applicable,0,Designated,1941,Not Reported,Not Reported,Not Reported,Not Reported,State Verified,178,KE-700,KEN,KEN,Not Applicable,Not Applicable,conservancy 3,/Users/meeraburghardt/Desktop/WDPA_WDOECM_Jan2024_Public_KEN_shp/WDPA_WDOECM_Jan2024_Public_KEN_shp_0/WDPA_WDOECM_Jan2024_Public_KEN_shp-polygons.shp,10916915,0,0,0
7570,7570,1,Kamiti,Kamiti,Forest Reserve,Forest Reserve,National,Not Reported,Not Applicable,0,0,0,1.71,2.128292732,Not Applicable,0,Designated,1933,Not Reported,Not Reported,Not Reported,Not Reported,State Verified,178,KE-200,KEN,KEN,Not Applicable,Not Applicable,conservancy 3,/Users/meeraburghardt/Desktop/WDPA_WDOECM_Jan2024_Public_KEN_shp/WDPA_WDOECM_Jan2024_Public_KEN_shp_0/WDPA_WDOECM_Jan2024_Public_KEN_shp-polygons.shp,2114055,0,0,0
7572,7572,1,Kapchemutwa,Kapchemutwa,Forest Reserve,Forest Reserve,National,Not Reported,Not Applicable,0,0,0,88.74,92.7029312,Not Applicable,0,Designated,1941,Not Reported,Not Reported,Not Reported,Not Reported,State Verified,178,KE-700,KEN,KEN,Not Applicable,Not Applicable,conservancy 3,/Users/meeraburghardt/Desktop/WDPA_WDOECM_Jan2024_Public_KEN_shp/WDPA_WDOECM_Jan2024_Public_KEN_shp_0/WDPA_WDOECM_Jan2024_Public_KEN_shp-polygons.shp,92081983,0,0,0
7574,7574,1,Kapkanyar,Kapkanyar,Forest Reserve,Forest Reserve,National,Not Reported,Not Applicable,0,0,0,57.64,70.35872705,Not Applicable,0,Designated,1967,Not Reported,Not Reported,Not Reported,Not Reported,State Verified,178,KE-700,KEN,KEN,Not Applicable,Not Applicable,conservancy 3,/Users/meeraburghardt/Desktop/WDPA_WDOECM_Jan2024_Public_KEN_shp/WDPA_WDOECM_Jan2024_Public_KEN_shp_0/WDPA_WDOECM_Jan2024_Public_KEN_shp-polygons.shp,69888043,0,0,0
7575,7575,1,Kapolet,Kapolet,Forest Reserve,Forest Reserve,National,Not Reported,Not Applicable,0,0,0,16.25,13.49147017,Not Applicable,0,Designated,1941,Not Reported,Not Reported,Not Reported,Not Reported,State Verified,178,KE-700,KEN,KEN,Not Applicable,Not Applicable,conservancy 3,/Users/meeraburghardt/Desktop/WDPA_WDOECM_Jan2024_Public_KEN_shp/WDPA_WDOECM_Jan2024_Public_KEN_shp_0/WDPA_WDOECM_Jan2024_Public_KEN_shp-polygons.shp,13404256,0,0,0
7576,7576,1,Kapsaret,Kapsaret,Forest Reserve,Forest Reserve,National,Not Reported,Not Applicable,0,0,0,10.08,12.93064387,Not Applicable,0,Designated,1932,Not Reported,Not Reported,Not Reported,Not Reported,State Verified,178,KE-700,KEN,KEN,Not Applicable,Not Applicable,conservancy 3,/Users/meeraburghardt/Desktop/WDPA_WDOECM_Jan2024_Public_KEN_shp/WDPA_WDOECM_Jan2024_Public_KEN_shp_0/WDPA_WDOECM_Jan2024_Public_KEN_shp-polygons.shp,12844097,0,0,0
7577,7577,1,Kaptagat,Kaptagat,Forest Reserve,Forest Reserve,National,Not Reported,Not Applicable,0,0,0,129.85,118.0722625,Not Applicable,0,Designated,1941,Not Reported,Not Reported,Not Reported,Not Reported,State Verified,178,KE-700,KEN,KEN,Not Applicable,Not Applicable,conservancy 3,/Users/meeraburghardt/Desktop/WDPA_WDOECM_Jan2024_Public_KEN_shp/WDPA_WDOECM_Jan2024_Public_KEN_shp_0/WDPA_WDOECM_Jan2024_Public_KEN_shp-polygons.shp,117282165,0,0,0
7581,7581,1,Karura,Karura,Forest Reserve,Forest Reserve,National,Not Reported,Not Applicable,0,0,0,10.45,9.650861173,Not Applicable,0,Designated,1932,Not Reported,Not Reported,Not Reported,Not Reported,State Verified,178,KE-110,KEN,KEN,Not Applicable,Not Applicable,conservancy 3,/Users/meeraburghardt/Desktop/WDPA_WDOECM_Jan2024_Public_KEN_shp/WDPA_WDOECM_Jan2024_Public_KEN_shp_0/WDPA_WDOECM_Jan2024_Public_KEN_shp-polygons.shp,9586309,0,0,0
7582,7582,1,Kasigau,Kasigau,Forest Reserve,Forest Reserve,National,Not Reported,Not Applicable,0,0,0,2.02,8.802765885,Not Applicable,0,Designated,1941,Not Reported,Not Reported,Not Reported,Not Reported,State Verified,178,KE-300,KEN,KEN,Not Applicable,Not Applicable,conservancy 3,/Users/meeraburghardt/Desktop/WDPA_WDOECM_Jan2024_Public_KEN_shp/WDPA_WDOECM_Jan2024_Public_KEN_shp_0/WDPA_WDOECM_Jan2024_Public_KEN_shp-polygons.shp,8744336,0,0,0
7583,7583,1,Katende,Katende,Forest Reserve,Forest Reserve,National,Not Reported,Not Applicable,0,0,0,9.33,17.70614286,Not Applicable,0,Designated,1960,Not Reported,Not Reported,Not Reported,Not Reported,State Verified,178,KE-400,KEN,KEN,Not Applicable,Not Applicable,conservancy 3,/Users/meeraburghardt/Desktop/WDPA_WDOECM_Jan2024_Public_KEN_shp/WDPA_WDOECM_Jan2024_Public_KEN_shp_0/WDPA_WDOECM_Jan2024_Public_KEN_shp-polygons.shp,17587820,0,0,0
7584,7584,1,Katimok,Katimok,Forest Reserve,Forest Reserve,National,Not Reported,Not Applicable,0,0,0,20.19,19.47808527,Not Applicable,0,Designated,1949,Not Reported,Not Reported,Not Reported,Not Reported,State Verified,178,KE-700,KEN,KEN,Not Applicable,Not Applicable,conservancy 3,/Users/meeraburghardt/Desktop/WDPA_WDOECM_Jan2024_Public_KEN_shp/WDPA_WDOECM_Jan2024_Public_KEN_shp_0/WDPA_WDOECM_Jan2024_Public_KEN_shp-polygons.shp,19347716,0,0,0
7586,7586,1,Kenze,Kenze,Forest Reserve,Forest Reserve,National,Not Reported,Not Applicable,0,0,0,1.89,3.862246385,Not Applicable,0,Designated,1960,Not Reported,Not Reported,Not Reported,Not Reported,State Verified,178,KE-400,KEN,KEN,Not Applicable,Not Applicable,conservancy 3,/Users/meeraburghardt/Desktop/WDPA_WDOECM_Jan2024_Public_KEN_shp/WDPA_WDOECM_Jan2024_Public_KEN_shp_0/WDPA_WDOECM_Jan2024_Public_KEN_shp-polygons.shp,3836442,0,0,0
7587,7587,1,Kerrer,Kerrer,Forest Reserve,Forest Reserve,National,Not Reported,Not Applicable,0,0,0,22.41,32.63728787,Not Applicable,0,Designated,1954,Not Reported,Not Reported,Not Reported,Not Reported,State Verified,178,KE-700,KEN,KEN,Not Applicable,Not Applicable,conservancy 3,/Users/meeraburghardt/Desktop/WDPA_WDOECM_Jan2024_Public_KEN_shp/WDPA_WDOECM_Jan2024_Public_KEN_shp_0/WDPA_WDOECM_Jan2024_Public_KEN_shp-polygons.shp,32418972,0,0,0
7588,7588,1,Kessop,Kessop,Forest Reserve,Forest Reserve,National,Not Reported,Not Applicable,0,0,0,19.71,24.89790184,Not Applicable,0,Designated,1941,Not Reported,Not Reported,Not Reported,Not Reported,State Verified,178,KE-700,KEN,KEN,Not Applicable,Not Applicable,conservancy 3,/Users/meeraburghardt/Desktop/WDPA_WDOECM_Jan2024_Public_KEN_shp/WDPA_WDOECM_Jan2024_Public_KEN_shp_0/WDPA_WDOECM_Jan2024_Public_KEN_shp-polygons.shp,24733695,0,0,0
7590,7590,1,Kiagu,Kiagu,Forest Reserve,Forest Reserve,National,Not Reported,Not Applicable,0,0,0,13.61,7.503894474,Not Applicable,0,Designated,1959,Not Reported,Not Reported,Not Reported,Not Reported,State Verified,178,KE-400,KEN,KEN,Not Applicable,Not Applicable,conservancy 3,/Users/meeraburghardt/Desktop/WDPA_WDOECM_Jan2024_Public_KEN_shp/WDPA_WDOECM_Jan2024_Public_KEN_shp_0/WDPA_WDOECM_Jan2024_Public_KEN_shp-polygons.shp,7453661,0,0,0
7592,7592,1,Kiambu,Kiambu,Forest Reserve,Forest Reserve,National,Not Reported,Not Applicable,0,0,0,1.49,1.649299922,Not Applicable,0,Designated,1932,Not Reported,Not Reported,Not Reported,Not Reported,State Verified,178,KE-200,KEN,KEN,Not Applicable,Not Applicable,conservancy 3,/Users/meeraburghardt/Desktop/WDPA_WDOECM_Jan2024_Public_KEN_shp/WDPA_WDOECM_Jan2024_Public_KEN_shp_0/WDPA_WDOECM_Jan2024_Public_KEN_shp-polygons.shp,1638267,0,0,0
7595,7595,1,Kibwezi,Kibwezi,Forest Reserve,Forest Reserve,National,Not Reported,Not Applicable,0,0,0,58.5,23.17314676,Not Applicable,0,Designated,1936,Not Reported,Not Reported,Not Reported,Not Reported,State Verified,178,KE-400,KEN,KEN,Not Applicable,Not Applicable,conservancy 3,/Users/meeraburghardt/Desktop/WDPA_WDOECM_Jan2024_Public_KEN_shp/WDPA_WDOECM_Jan2024_Public_KEN_shp_0/WDPA_WDOECM_Jan2024_Public_KEN_shp-polygons.shp,23018238,0,0,0
7596,7596,1,Kieiga,Kieiga,Forest Reserve,Forest Reserve,National,Not Reported,Not Applicable,0,0,0,5.73,6.00317996,Not Applicable,0,Designated,1959,Not Reported,Not Reported,Not Reported,Not Reported,State Verified,178,KE-400,KEN,KEN,Not Applicable,Not Applicable,conservancy 3,/Users/meeraburghardt/Desktop/WDPA_WDOECM_Jan2024_Public_KEN_shp/WDPA_WDOECM_Jan2024_Public_KEN_shp_0/WDPA_WDOECM_Jan2024_Public_KEN_shp-polygons.shp,5962992,1,0.167701047,16.7701047
7597,7597,1,Kierera,Kierera,Forest Reserve,Forest Reserve,National,Not Reported,Not Applicable,0,0,0,7.77,4.512782184,Not Applicable,0,Designated,1959,Not Reported,Not Reported,Not Reported,Not Reported,State Verified,178,KE-400,KEN,KEN,Not Applicable,Not Applicable,conservancy 3,/Users/meeraburghardt/Desktop/WDPA_WDOECM_Jan2024_Public_KEN_shp/WDPA_WDOECM_Jan2024_Public_KEN_shp_0/WDPA_WDOECM_Jan2024_Public_KEN_shp-polygons.shp,4482573,0,0,0
7600,7600,1,Kijege,Kijege,Forest Reserve,Forest Reserve,National,Not Reported,Not Applicable,0,0,0,33.03,20.43081348,Not Applicable,0,Designated,1959,Not Reported,Not Reported,Not Reported,Not Reported,State Verified,178,KE-400,KEN,KEN,Not Applicable,Not Applicable,conservancy 3,/Users/meeraburghardt/Desktop/WDPA_WDOECM_Jan2024_Public_KEN_shp/WDPA_WDOECM_Jan2024_Public_KEN_shp_0/WDPA_WDOECM_Jan2024_Public_KEN_shp-polygons.shp,20294047,0,0,0
7601,7601,1,Kikingo,Kikingo,Forest Reserve,Forest Reserve,National,Not Reported,Not Applicable,0,0,0,12.03,9.405540009,Not Applicable,0,Designated,1959,Not Reported,Not Reported,Not Reported,Not Reported,State Verified,178,KE-400,KEN,KEN,Not Applicable,Not Applicable,conservancy 3,/Users/meeraburghardt/Desktop/WDPA_WDOECM_Jan2024_Public_KEN_shp/WDPA_WDOECM_Jan2024_Public_KEN_shp_0/WDPA_WDOECM_Jan2024_Public_KEN_shp-polygons.shp,9342567,0,0,0
7602,7602,1,Kikuyu Escarpment,Kikuyu Escarpment,Forest Reserve,Forest Reserve,National,Not Reported,Not Applicable,0,0,0,376.19,415.7804868,Not Applicable,0,Designated,1943,Not Reported,Not Reported,Not Reported,Not Reported,State Verified,178,KE-200,KEN,KEN,Not Applicable,Not Applicable,conservancy 3,/Users/meeraburghardt/Desktop/WDPA_WDOECM_Jan2024_Public_KEN_shp/WDPA_WDOECM_Jan2024_Public_KEN_shp_0/WDPA_WDOECM_Jan2024_Public_KEN_shp-polygons.shp,413000298,1,0.002421306,0.2421306
7604,7604,1,Kilombe Hill,Kilombe Hill,Forest Reserve,Forest Reserve,National,Not Reported,Not Applicable,0,0,0,15.34,32.51424103,Not Applicable,0,Designated,1936,Not Reported,Not Reported,Not Reported,Not Reported,State Verified,178,KE-700,KEN,KEN,Not Applicable,Not Applicable,conservancy 3,/Users/meeraburghardt/Desktop/WDPA_WDOECM_Jan2024_Public_KEN_shp/WDPA_WDOECM_Jan2024_Public_KEN_shp_0/WDPA_WDOECM_Jan2024_Public_KEN_shp-polygons.shp,32295733,0,0,0
7606,7606,1,Kimojoch,Kimojoch,Forest Reserve,Forest Reserve,National,Not Reported,Not Applicable,0,0,0,7.62,7.76788339,Not Applicable,0,Designated,1949,Not Reported,Not Reported,Not Reported,Not Reported,State Verified,178,KE-700,KEN,KEN,Not Applicable,Not Applicable,conservancy 3,/Users/meeraburghardt/Desktop/WDPA_WDOECM_Jan2024_Public_KEN_shp/WDPA_WDOECM_Jan2024_Public_KEN_shp_0/WDPA_WDOECM_Jan2024_Public_KEN_shp-polygons.shp,7715886,0,0,0
7610,7610,1,Kipkabus (Uasin/Gishu),Kipkabus (Uasin/Gishu),Forest Reserve,Forest Reserve,National,Not Reported,Not Applicable,0,0,0,58.27,69.55940024,Not Applicable,0,Designated,1941,Not Reported,Not Reported,Not Reported,Not Reported,State Verified,178,KE-700,KEN,KEN,Not Applicable,Not Applicable,conservancy 3,/Users/meeraburghardt/Desktop/WDPA_WDOECM_Jan2024_Public_KEN_shp/WDPA_WDOECM_Jan2024_Public_KEN_shp_0/WDPA_WDOECM_Jan2024_Public_KEN_shp-polygons.shp,69093870,0,0,0
7611,7611,1,Kipkabus (Elg-Marak),Kipkabus (Elg-Marak),Forest Reserve,Forest Reserve,National,Not Reported,Not Applicable,0,0,0,67.6,5.474091829,Not Applicable,0,Designated,1961,Not Reported,Not Reported,Not Reported,Not Reported,State Verified,178,KE-700,KEN,KEN,Not Applicable,Not Applicable,conservancy 3,/Users/meeraburghardt/Desktop/WDPA_WDOECM_Jan2024_Public_KEN_shp/WDPA_WDOECM_Jan2024_Public_KEN_shp_0/WDPA_WDOECM_Jan2024_Public_KEN_shp-polygons.shp,5437379,0,0,0
7612,7612,1,Kipkunurr,Kipkunurr,Forest Reserve,Forest Reserve,National,Not Reported,Not Applicable,0,0,0,158.92,153.960592,Not Applicable,0,Designated,1941,Not Reported,Not Reported,Not Reported,Not Reported,State Verified,178,KE-700,KEN,KEN,Not Applicable,Not Applicable,conservancy 3,/Users/meeraburghardt/Desktop/WDPA_WDOECM_Jan2024_Public_KEN_shp/WDPA_WDOECM_Jan2024_Public_KEN_shp_0/WDPA_WDOECM_Jan2024_Public_KEN_shp-polygons.shp,152930585,3,0.019616743,1.9616743
7613,7613,1,Kipipiri,Kipipiri,Forest Reserve,Forest Reserve,National,Not Reported,Not Applicable,0,0,0,50.77,43.3262875,Not Applicable,0,Designated,1956,Not Reported,Not Reported,Not Reported,Not Reported,State Verified,178,KE-200,KEN,KEN,Not Applicable,Not Applicable,conservancy 3,/Users/meeraburghardt/Desktop/WDPA_WDOECM_Jan2024_Public_KEN_shp/WDPA_WDOECM_Jan2024_Public_KEN_shp_0/WDPA_WDOECM_Jan2024_Public_KEN_shp-polygons.shp,43037609,0,0,0
7614,7614,1,Kiptaberr,Kiptaberr,Forest Reserve,Forest Reserve,National,Not Reported,Not Applicable,0,0,0,128.01,107.2432084,Not Applicable,0,Designated,1967,Not Reported,Not Reported,Not Reported,Not Reported,State Verified,178,KE-700,KEN,KEN,Not Applicable,Not Applicable,conservancy 3,/Users/meeraburghardt/Desktop/WDPA_WDOECM_Jan2024_Public_KEN_shp/WDPA_WDOECM_Jan2024_Public_KEN_shp_0/WDPA_WDOECM_Jan2024_Public_KEN_shp-polygons.shp,106524056,1,0.009387551,0.9387551
7619,7619,1,Kitondu,Kitondu,Forest Reserve,Forest Reserve,National,Not Reported,Not Applicable,0,0,0,10.93,12.72798902,Not Applicable,0,Designated,1960,Not Reported,Not Reported,Not Reported,Not Reported,State Verified,178,KE-400,KEN,KEN,Not Applicable,Not Applicable,conservancy 3,/Users/meeraburghardt/Desktop/WDPA_WDOECM_Jan2024_Public_KEN_shp/WDPA_WDOECM_Jan2024_Public_KEN_shp_0/WDPA_WDOECM_Jan2024_Public_KEN_shp-polygons.shp,12643175,0,0,0
7624,7624,1,Kyemundu,Kyemundu,Forest Reserve,Forest Reserve,National,Not Reported,Not Applicable,0,0,0,1.47,2.063707318,Not Applicable,0,Designated,1960,Not Reported,Not Reported,Not Reported,Not Reported,State Verified,178,KE-400,KEN,KEN,Not Applicable,Not Applicable,conservancy 3,/Users/meeraburghardt/Desktop/WDPA_WDOECM_Jan2024_Public_KEN_shp/WDPA_WDOECM_Jan2024_Public_KEN_shp_0/WDPA_WDOECM_Jan2024_Public_KEN_shp-polygons.shp,2049922,0,0,0
7625,7625,1,Kitalale,Kitalale,Forest Reserve,Forest Reserve,National,Not Reported,Not Applicable,0,0,0,20.7,19.60243764,Not Applicable,0,Designated,1977,Not Reported,Not Reported,Not Reported,Not Reported,State Verified,178,KE-700,KEN,KEN,Not Applicable,Not Applicable,conservancy 3,/Users/meeraburghardt/Desktop/WDPA_WDOECM_Jan2024_Public_KEN_shp/WDPA_WDOECM_Jan2024_Public_KEN_shp_0/WDPA_WDOECM_Jan2024_Public_KEN_shp-polygons.shp,19471272,0,0,0
7626,7626,1,Lariak,Lariak,Forest Reserve,Forest Reserve,National,Not Reported,Not Applicable,0,0,0,49.88,52.02065679,Not Applicable,0,Designated,1932,Not Reported,Not Reported,Not Reported,Not Reported,State Verified,178,KE-700,KEN,KEN,Not Applicable,Not Applicable,conservancy 3,/Users/meeraburghardt/Desktop/WDPA_WDOECM_Jan2024_Public_KEN_shp/WDPA_WDOECM_Jan2024_Public_KEN_shp_0/WDPA_WDOECM_Jan2024_Public_KEN_shp-polygons.shp,51672436,0,0,0
7627,7627,1,Lelan,Lelan,Forest Reserve,Forest Reserve,National,Not Reported,Not Applicable,0,0,0,145.16,110.9367067,Not Applicable,0,Designated,1958,Not Reported,Not Reported,Not Reported,Not Reported,State Verified,178,KE-700,KEN,KEN,Not Applicable,Not Applicable,conservancy 3,/Users/meeraburghardt/Desktop/WDPA_WDOECM_Jan2024_Public_KEN_shp/WDPA_WDOECM_Jan2024_Public_KEN_shp_0/WDPA_WDOECM_Jan2024_Public_KEN_shp-polygons.shp,110190435,2,0.018150396,1.8150396
,,,,,Kenya,Kenya,,,,,,,,,,,,,,,,,,,,,,,,,,,,,2.5622