WDPAID,WDPA_PID,PA_DEF,NAME,ORIG_NAME,DESIG,DESIG_ENG,DESIG_TYPE,IUCN_CAT,INT_CRIT,MARINE,REP_M_AREA,GIS_M_AREA,REP_AREA,GIS_AREA,NO_TAKE,NO_TK_AREA,STATUS,STATUS_YR,GOV_TYPE,OWN_TYPE,MANG_AUTH,MANG_PLAN,VERIF,METADATAID,SUB_LOC,PARENT_ISO,ISO3,SUPP_INFO,CONS_OBJ,layer,path,NUMPOINTS
752.000000000000000,"752","1",Tsavo East,Tsavo East,National Park,National Park,National,II,Not Applicable,"0",0.000000000000000,0.000000000000000,11747.000000000000000,13380.526763812502395,Not Applicable,0.000000000000000,Designated,"1948",Federal or national ministry or agency,State,Kenya Wildlife Service,Not Reported,State Verified,"933",Not Reported,KEN,KEN,Not Applicable,Not Applicable,WDPA_WDOECM_Jan2024_Public_KEN_shp-polygons,/Users/meeraburghardt/Desktop/WDPA_WDOECM_Jan2024_Public_KEN_shp/WDPA_WDOECM_Jan2024_Public_KEN_shp_0/WDPA_WDOECM_Jan2024_Public_KEN_shp-polygons.shp,1
753.000000000000000,"753","1",Marsabit,Marsabit,National Reserve,National Reserve,National,Not Reported,Not Applicable,"0",0.000000000000000,0.000000000000000,1122.000000000000000,1384.633142459400005,Not Applicable,0.000000000000000,Proposed,"1967",Federal or national ministry or agency,State,Kenya Wildlife Service,Not Reported,State Verified,"933",Not Reported,KEN,KEN,Not Applicable,Not Applicable,WDPA_WDOECM_Jan2024_Public_KEN_shp-polygons,/Users/meeraburghardt/Desktop/WDPA_WDOECM_Jan2024_Public_KEN_shp/WDPA_WDOECM_Jan2024_Public_KEN_shp_0/WDPA_WDOECM_Jan2024_Public_KEN_shp-polygons.shp,8
754.000000000000000,"754","1",Sibiloi,Sibiloi,National Park,National Park,National,II,Not Applicable,"0",0.000000000000000,0.000000000000000,1570.000000000000000,1542.561771147589980,Not Applicable,0.000000000000000,Designated,"1973",Federal or national ministry or agency,State,Kenya Wildlife Service,Not Reported,State Verified,"933",Not Reported,KEN,KEN,Not Applicable,Not Applicable,WDPA_WDOECM_Jan2024_Public_KEN_shp-polygons,/Users/meeraburghardt/Desktop/WDPA_WDOECM_Jan2024_Public_KEN_shp/WDPA_WDOECM_Jan2024_Public_KEN_shp_0/WDPA_WDOECM_Jan2024_Public_KEN_shp-polygons.shp,1
755.000000000000000,"755","1",Meru,Meru,National Park,National Park,National,II,Not Applicable,"0",0.000000000000000,0.000000000000000,870.000000000000000,871.325658314456973,Not Applicable,0.000000000000000,Designated,"1966",Federal or national ministry or agency,State,Kenya Wildlife Service,Not Reported,State Verified,"933",Not Reported,KEN,KEN,Not Applicable,Not Applicable,WDPA_WDOECM_Jan2024_Public_KEN_shp-polygons,/Users/meeraburghardt/Desktop/WDPA_WDOECM_Jan2024_Public_KEN_shp/WDPA_WDOECM_Jan2024_Public_KEN_shp_0/WDPA_WDOECM_Jan2024_Public_KEN_shp-polygons.shp,0
756.000000000000000,"756","1",Aberdare,Aberdare,National Park,National Park,National,II,Not Applicable,"0",0.000000000000000,0.000000000000000,765.700000000000045,772.315059351226978,Not Applicable,0.000000000000000,Designated,"1950",Federal or national ministry or agency,State,Kenya Wildlife Service,Not Reported,State Verified,"933",Not Reported,KEN,KEN,Not Applicable,Not Applicable,WDPA_WDOECM_Jan2024_Public_KEN_shp-polygons,/Users/meeraburghardt/Desktop/WDPA_WDOECM_Jan2024_Public_KEN_shp/WDPA_WDOECM_Jan2024_Public_KEN_shp_0/WDPA_WDOECM_Jan2024_Public_KEN_shp-polygons.shp,0
757.000000000000000,"757","1",Mt. Kenya,Mt. Kenya,National Park,National Park,National,Not Reported,Not Applicable,"0",0.000000000000000,0.000000000000000,715.000000000000000,593.493588417258024,Not Applicable,0.000000000000000,Designated,"1968",Federal or national ministry or agency,State,Kenya Wildlife Service,Not Reported,State Verified,"933",Not Reported,KEN,KEN,Not Applicable,Not Applicable,WDPA_WDOECM_Jan2024_Public_KEN_shp-polygons,/Users/meeraburghardt/Desktop/WDPA_WDOECM_Jan2024_Public_KEN_shp/WDPA_WDOECM_Jan2024_Public_KEN_shp_0/WDPA_WDOECM_Jan2024_Public_KEN_shp-polygons.shp,0
758.000000000000000,"758","1",Amboseli,Amboseli,National Park,National Park,National,II,Not Applicable,"0",0.000000000000000,0.000000000000000,392.000000000000000,387.442626184646997,Not Applicable,0.000000000000000,Designated,"1974",Federal or national ministry or agency,State,Kenya Wildlife Service,Not Reported,State Verified,"933",Not Reported,KEN,KEN,Not Applicable,Not Applicable,WDPA_WDOECM_Jan2024_Public_KEN_shp-polygons,/Users/meeraburghardt/Desktop/WDPA_WDOECM_Jan2024_Public_KEN_shp/WDPA_WDOECM_Jan2024_Public_KEN_shp_0/WDPA_WDOECM_Jan2024_Public_KEN_shp-polygons.shp,0
759.000000000000000,"759","1",Shimba Hills,Shimba Hills,National Reserve,National Reserve,National,II,Not Applicable,"0",0.000000000000000,0.000000000000000,192.509999999999991,193.489924345915000,Not Applicable,0.000000000000000,Designated,"1968",Federal or national ministry or agency,State,Kenya Wildlife Service,Not Reported,State Verified,"933",Not Reported,KEN,KEN,Not Applicable,Not Applicable,WDPA_WDOECM_Jan2024_Public_KEN_shp-polygons,/Users/meeraburghardt/Desktop/WDPA_WDOECM_Jan2024_Public_KEN_shp/WDPA_WDOECM_Jan2024_Public_KEN_shp_0/WDPA_WDOECM_Jan2024_Public_KEN_shp-polygons.shp,2
760.000000000000000,"760","1",Mt. Elgon,Mt. Elgon,National Park,National Park,National,II,Not Applicable,"0",0.000000000000000,0.000000000000000,169.000000000000000,157.997351785749004,Not Applicable,0.000000000000000,Designated,"1968",Federal or national ministry or agency,State,Kenya Wildlife Service,Not Reported,State Verified,"933",Not Reported,KEN,KEN,Not Applicable,Not Applicable,WDPA_WDOECM_Jan2024_Public_KEN_shp-polygons,/Users/meeraburghardt/Desktop/WDPA_WDOECM_Jan2024_Public_KEN_shp/WDPA_WDOECM_Jan2024_Public_KEN_shp_0/WDPA_WDOECM_Jan2024_Public_KEN_shp-polygons.shp,0
761.000000000000000,761_B,"1",Nairobi,Nairobi,National Park,National Park,National,Not Reported,Not Applicable,"0",0.000000000000000,0.000000000000000,8.090000000000000,9.690740350000000,Not Applicable,0.000000000000000,Designated,"2020",Not Reported,Not Reported,Not Reported,Not Reported,State Verified,"933",Not Reported,KEN,KEN,Not Applicable,Not Applicable,WDPA_WDOECM_Jan2024_Public_KEN_shp-polygons,/Users/meeraburghardt/Desktop/WDPA_WDOECM_Jan2024_Public_KEN_shp/WDPA_WDOECM_Jan2024_Public_KEN_shp_0/WDPA_WDOECM_Jan2024_Public_KEN_shp-polygons.shp,0
761.000000000000000,761_A,"1",Nairobi,Nairobi,National Park,National Park,National,II,Not Applicable,"0",0.000000000000000,0.000000000000000,117.000000000000000,116.312989314494999,Not Applicable,0.000000000000000,Designated,"1946",Federal or national ministry or agency,State,Kenya Wildlife Service,Not Reported,State Verified,"933",Not Reported,KEN,KEN,Not Applicable,Not Applicable,WDPA_WDOECM_Jan2024_Public_KEN_shp-polygons,/Users/meeraburghardt/Desktop/WDPA_WDOECM_Jan2024_Public_KEN_shp/WDPA_WDOECM_Jan2024_Public_KEN_shp_0/WDPA_WDOECM_Jan2024_Public_KEN_shp-polygons.shp,0
762.000000000000000,"762","1",Lake Nakuru,Lake Nakuru,National Park,National Park,National,II,Not Applicable,"0",0.000000000000000,0.000000000000000,188.000000000000000,190.357581861659014,Not Applicable,0.000000000000000,Designated,"1968",Federal or national ministry or agency,State,Kenya Wildlife Service,Not Reported,State Verified,"933",Not Reported,KEN,KEN,Not Applicable,Not Applicable,WDPA_WDOECM_Jan2024_Public_KEN_shp-polygons,/Users/meeraburghardt/Desktop/WDPA_WDOECM_Jan2024_Public_KEN_shp/WDPA_WDOECM_Jan2024_Public_KEN_shp_0/WDPA_WDOECM_Jan2024_Public_KEN_shp-polygons.shp,0
763.000000000000000,"763","1",Kisite,Kisite,Marine National Park,Marine National Park,National,II,Not Applicable,"2",28.000000000000000,27.838076811725301,28.000000000000000,27.838076811725301,All,28.000000000000000,Designated,"1978",Federal or national ministry or agency,State,Kenya Wildlife Service,Not Reported,State Verified,"933",Not Reported,KEN,KEN,Not Applicable,Not Applicable,WDPA_WDOECM_Jan2024_Public_KEN_shp-polygons,/Users/meeraburghardt/Desktop/WDPA_WDOECM_Jan2024_Public_KEN_shp/WDPA_WDOECM_Jan2024_Public_KEN_shp_0/WDPA_WDOECM_Jan2024_Public_KEN_shp-polygons.shp,0
764.000000000000000,"764","1",Ol Donyo Sabuk,Ol Donyo Sabuk,National Park,National Park,National,II,Not Applicable,"0",0.000000000000000,0.000000000000000,18.000000000000000,20.585599851960399,Not Applicable,0.000000000000000,Designated,"1967",Federal or national ministry or agency,State,Kenya Wildlife Service,Not Reported,State Verified,"933",Not Reported,KEN,KEN,Not Applicable,Not Applicable,WDPA_WDOECM_Jan2024_Public_KEN_shp-polygons,/Users/meeraburghardt/Desktop/WDPA_WDOECM_Jan2024_Public_KEN_shp/WDPA_WDOECM_Jan2024_Public_KEN_shp_0/WDPA_WDOECM_Jan2024_Public_KEN_shp-polygons.shp,0
765.000000000000000,"765","1",Malindi,Malindi,Marine National Park,Marine National Park,National,II,Not Applicable,"2",6.000000000000000,6.463924932733560,6.000000000000000,6.841336472656690,Not Reported,0.000000000000000,Designated,"1968",Federal or national ministry or agency,State,Kenya Wildlife Service,Not Reported,State Verified,"933",Not Reported,KEN,KEN,Not Applicable,Not Applicable,WDPA_WDOECM_Jan2024_Public_KEN_shp-polygons,/Users/meeraburghardt/Desktop/WDPA_WDOECM_Jan2024_Public_KEN_shp/WDPA_WDOECM_Jan2024_Public_KEN_shp_0/WDPA_WDOECM_Jan2024_Public_KEN_shp-polygons.shp,0
1297.000000000000000,"1297","1",Masai Mara,Masai Mara,National Reserve,National Reserve,National,II,Not Applicable,"0",0.000000000000000,0.000000000000000,1510.000000000000000,1511.069883821040094,Not Applicable,0.000000000000000,Designated,"1974",Federal or national ministry or agency,State,Kenya Wildlife Service,Not Reported,State Verified,"933",Not Reported,KEN,KEN,Not Applicable,Not Applicable,WDPA_WDOECM_Jan2024_Public_KEN_shp-polygons,/Users/meeraburghardt/Desktop/WDPA_WDOECM_Jan2024_Public_KEN_shp/WDPA_WDOECM_Jan2024_Public_KEN_shp_0/WDPA_WDOECM_Jan2024_Public_KEN_shp-polygons.shp,0
2295.000000000000000,"2295","1",Buffalo Springs,Buffalo Springs,National Reserve,National Reserve,National,II,Not Applicable,"0",0.000000000000000,0.000000000000000,131.000000000000000,130.086411992192012,Not Applicable,0.000000000000000,Designated,"1985",Federal or national ministry or agency,State,Kenya Wildlife Service,Not Reported,State Verified,"933",Not Reported,KEN,KEN,Not Applicable,Not Applicable,WDPA_WDOECM_Jan2024_Public_KEN_shp-polygons,/Users/meeraburghardt/Desktop/WDPA_WDOECM_Jan2024_Public_KEN_shp/WDPA_WDOECM_Jan2024_Public_KEN_shp_0/WDPA_WDOECM_Jan2024_Public_KEN_shp-polygons.shp,2
2296.000000000000000,"2296","1",Ruma,Ruma,National Park,National Park,National,II,Not Applicable,"0",0.000000000000000,0.000000000000000,120.000000000000000,120.609015616158004,Not Applicable,0.000000000000000,Designated,"1983",Federal or national ministry or agency,State,Kenya Wildlife Service,Not Reported,State Verified,"933",Not Reported,KEN,KEN,Not Applicable,Not Applicable,WDPA_WDOECM_Jan2024_Public_KEN_shp-polygons,/Users/meeraburghardt/Desktop/WDPA_WDOECM_Jan2024_Public_KEN_shp/WDPA_WDOECM_Jan2024_Public_KEN_shp_0/WDPA_WDOECM_Jan2024_Public_KEN_shp-polygons.shp,0
2298.000000000000000,"2298","1",Samburu,Samburu,National Reserve,National Reserve,National,II,Not Applicable,"0",0.000000000000000,0.000000000000000,165.000000000000000,165.112325005264012,Not Applicable,0.000000000000000,Designated,"1985",Federal or national ministry or agency,State,Kenya Wildlife Service,Not Reported,State Verified,"933",Not Reported,KEN,KEN,Not Applicable,Not Applicable,WDPA_WDOECM_Jan2024_Public_KEN_shp-polygons,/Users/meeraburghardt/Desktop/WDPA_WDOECM_Jan2024_Public_KEN_shp/WDPA_WDOECM_Jan2024_Public_KEN_shp_0/WDPA_WDOECM_Jan2024_Public_KEN_shp-polygons.shp,2
2299.000000000000000,"2299","1",Tana River Primate,Tana River Primate,National Reserve,National Reserve,National,II,Not Applicable,"0",0.000000000000000,0.000000000000000,169.000000000000000,170.143530941822007,Not Applicable,0.000000000000000,Designated,"1976",Federal or national ministry or agency,State,Kenya Wildlife Service,Not Reported,State Verified,"933",Not Reported,KEN,KEN,Not Applicable,Not Applicable,WDPA_WDOECM_Jan2024_Public_KEN_shp-polygons,/Users/meeraburghardt/Desktop/WDPA_WDOECM_Jan2024_Public_KEN_shp/WDPA_WDOECM_Jan2024_Public_KEN_shp_0/WDPA_WDOECM_Jan2024_Public_KEN_shp-polygons.shp,0
2300.000000000000000,"2300","1",Lake Bogoria,Lake Bogoria,National Reserve,National Reserve,National,II,Not Applicable,"0",0.000000000000000,0.000000000000000,107.000000000000000,107.163470578716996,Not Applicable,0.000000000000000,Designated,"1970",Federal or national ministry or agency,State,Kenya Wildlife Service,Not Reported,State Verified,"933",Not Reported,KEN,KEN,Not Applicable,Not Applicable,WDPA_WDOECM_Jan2024_Public_KEN_shp-polygons,/Users/meeraburghardt/Desktop/WDPA_WDOECM_Jan2024_Public_KEN_shp/WDPA_WDOECM_Jan2024_Public_KEN_shp_0/WDPA_WDOECM_Jan2024_Public_KEN_shp-polygons.shp,0
2415.000000000000000,"2415","1",Losai,Losai,National Reserve,National Reserve,National,VI,Not Applicable,"0",0.000000000000000,0.000000000000000,1806.000000000000000,1805.660812772119698,Not Applicable,0.000000000000000,Designated,"1976",Federal or national ministry or agency,State,Kenya Wildlife Service,Not Reported,State Verified,"933",Not Reported,KEN,KEN,Not Applicable,Not Applicable,WDPA_WDOECM_Jan2024_Public_KEN_shp-polygons,/Users/meeraburghardt/Desktop/WDPA_WDOECM_Jan2024_Public_KEN_shp/WDPA_WDOECM_Jan2024_Public_KEN_shp_0/WDPA_WDOECM_Jan2024_Public_KEN_shp-polygons.shp,0
2416.000000000000000,"2416","1",Kora,Kora,National Park,National Park,National,II,Not Applicable,"0",0.000000000000000,0.000000000000000,1787.000000000000000,1790.228915156390030,Not Applicable,0.000000000000000,Designated,"1989",Federal or national ministry or agency,State,Kenya Wildlife Service,Not Reported,State Verified,"933",Not Reported,KEN,KEN,Not Applicable,Not Applicable,WDPA_WDOECM_Jan2024_Public_KEN_shp-polygons,/Users/meeraburghardt/Desktop/WDPA_WDOECM_Jan2024_Public_KEN_shp/WDPA_WDOECM_Jan2024_Public_KEN_shp_0/WDPA_WDOECM_Jan2024_Public_KEN_shp-polygons.shp,0
2417.000000000000000,"2417","1",Boni,Boni,National Reserve,National Reserve,National,Not Reported,Not Applicable,"0",0.000000000000000,0.000000000000000,1339.000000000000000,1339.613785768560092,Not Applicable,0.000000000000000,Designated,"1976",Federal or national ministry or agency,State,Kenya Wildlife Service,Not Reported,State Verified,"933",Not Reported,KEN,KEN,Not Applicable,Not Applicable,WDPA_WDOECM_Jan2024_Public_KEN_shp-polygons,/Users/meeraburghardt/Desktop/WDPA_WDOECM_Jan2024_Public_KEN_shp/WDPA_WDOECM_Jan2024_Public_KEN_shp_0/WDPA_WDOECM_Jan2024_Public_KEN_shp-polygons.shp,1
2418.000000000000000,"2418","1",Rahole,Rahole,National Reserve,National Reserve,National,VI,Not Applicable,"0",0.000000000000000,0.000000000000000,1270.000000000000000,1270.389667689989892,Not Applicable,0.000000000000000,Designated,"1976",Federal or national ministry or agency,State,Kenya Wildlife Service,Not Reported,State Verified,"933",Not Reported,KEN,KEN,Not Applicable,Not Applicable,WDPA_WDOECM_Jan2024_Public_KEN_shp-polygons,/Users/meeraburghardt/Desktop/WDPA_WDOECM_Jan2024_Public_KEN_shp/WDPA_WDOECM_Jan2024_Public_KEN_shp_0/WDPA_WDOECM_Jan2024_Public_KEN_shp-polygons.shp,0
2419.000000000000000,"2419","1",South Turkana,South Turkana,National Reserve,National Reserve,National,II,Not Applicable,"0",0.000000000000000,0.000000000000000,1091.000000000000000,1085.552427170219971,Not Applicable,0.000000000000000,Designated,"1979",Federal or national ministry or agency,State,Kenya Wildlife Service,Not Reported,State Verified,"933",Not Reported,KEN,KEN,Not Applicable,Not Applicable,WDPA_WDOECM_Jan2024_Public_KEN_shp-polygons,/Users/meeraburghardt/Desktop/WDPA_WDOECM_Jan2024_Public_KEN_shp/WDPA_WDOECM_Jan2024_Public_KEN_shp_0/WDPA_WDOECM_Jan2024_Public_KEN_shp-polygons.shp,2
2422.000000000000000,"2422","1",Bisandi,Bisandi,National Reserve,National Reserve,National,VI,Not Applicable,"0",0.000000000000000,0.000000000000000,606.000000000000000,606.815675352994958,Not Applicable,0.000000000000000,Designated,"1979",Federal or national ministry or agency,State,Kenya Wildlife Service,Not Reported,State Verified,"933",Not Reported,KEN,KEN,Not Applicable,Not Applicable,WDPA_WDOECM_Jan2024_Public_KEN_shp-polygons,/Users/meeraburghardt/Desktop/WDPA_WDOECM_Jan2024_Public_KEN_shp/WDPA_WDOECM_Jan2024_Public_KEN_shp_0/WDPA_WDOECM_Jan2024_Public_KEN_shp-polygons.shp,0
2423.000000000000000,"2423","1",Arawale,Arawale,National Reserve,National Reserve,National,VI,Not Applicable,"0",0.000000000000000,0.000000000000000,533.000000000000000,627.210615820106000,Not Applicable,0.000000000000000,Designated,"1974",Federal or national ministry or agency,State,Kenya Wildlife Service,Not Reported,State Verified,"933",Not Reported,KEN,KEN,Not Applicable,Not Applicable,WDPA_WDOECM_Jan2024_Public_KEN_shp-polygons,/Users/meeraburghardt/Desktop/WDPA_WDOECM_Jan2024_Public_KEN_shp/WDPA_WDOECM_Jan2024_Public_KEN_shp_0/WDPA_WDOECM_Jan2024_Public_KEN_shp-polygons.shp,0
2427.000000000000000,"2427","1",Shaba,Shaba,National Reserve,National Reserve,National,II,Not Applicable,"0",0.000000000000000,0.000000000000000,239.000000000000000,239.723255617934029,Not Applicable,0.000000000000000,Designated,"1974",Federal or national ministry or agency,State,Kenya Wildlife Service,Not Reported,State Verified,"933",Not Reported,KEN,KEN,Not Applicable,Not Applicable,WDPA_WDOECM_Jan2024_Public_KEN_shp-polygons,/Users/meeraburghardt/Desktop/WDPA_WDOECM_Jan2024_Public_KEN_shp/WDPA_WDOECM_Jan2024_Public_KEN_shp_0/WDPA_WDOECM_Jan2024_Public_KEN_shp-polygons.shp,0
2433.000000000000000,"2433","1",Mwea,Mwea,National Reserve,National Reserve,National,VI,Not Applicable,"0",0.000000000000000,0.000000000000000,68.000000000000000,68.172156463284907,Not Applicable,0.000000000000000,Designated,"1976",Federal or national ministry or agency,State,Kenya Wildlife Service,Not Reported,State Verified,"933",Not Reported,KEN,KEN,Not Applicable,Not Applicable,WDPA_WDOECM_Jan2024_Public_KEN_shp-polygons,/Users/meeraburghardt/Desktop/WDPA_WDOECM_Jan2024_Public_KEN_shp/WDPA_WDOECM_Jan2024_Public_KEN_shp_0/WDPA_WDOECM_Jan2024_Public_KEN_shp-polygons.shp,0
2590.000000000000000,"2590","1",South Kitui,South Kitui,National Reserve,National Reserve,National,VI,Not Applicable,"0",0.000000000000000,0.000000000000000,1833.000000000000000,1828.271234362510086,Not Applicable,0.000000000000000,Designated,"1979",Federal or national ministry or agency,State,Kenya Wildlife Service,Not Reported,State Verified,"933",Not Reported,KEN,KEN,Not Applicable,Not Applicable,WDPA_WDOECM_Jan2024_Public_KEN_shp-polygons,/Users/meeraburghardt/Desktop/WDPA_WDOECM_Jan2024_Public_KEN_shp/WDPA_WDOECM_Jan2024_Public_KEN_shp_0/WDPA_WDOECM_Jan2024_Public_KEN_shp-polygons.shp,0
2591.000000000000000,"2591","1",Dodori,Dodori,National Reserve,National Reserve,National,Not Reported,Not Applicable,"0",0.000000000000000,7.311498304802500,877.000000000000000,874.672926120491979,Not Applicable,0.000000000000000,Designated,"1976",Federal or national ministry or agency,State,Kenya Wildlife Service,Not Reported,State Verified,"933",Not Reported,KEN,KEN,Not Applicable,Not Applicable,WDPA_WDOECM_Jan2024_Public_KEN_shp-polygons,/Users/meeraburghardt/Desktop/WDPA_WDOECM_Jan2024_Public_KEN_shp/WDPA_WDOECM_Jan2024_Public_KEN_shp_0/WDPA_WDOECM_Jan2024_Public_KEN_shp-polygons.shp,5
2595.000000000000000,"2595","1",Ngai Ndethia,Ngai Ndethia,National Reserve,National Reserve,National,VI,Not Applicable,"0",0.000000000000000,0.000000000000000,212.000000000000000,215.900256554745994,Not Applicable,0.000000000000000,Designated,"1976",Federal or national ministry or agency,State,Kenya Wildlife Service,Not Reported,State Verified,"933",Not Reported,KEN,KEN,Not Applicable,Not Applicable,WDPA_WDOECM_Jan2024_Public_KEN_shp-polygons,/Users/meeraburghardt/Desktop/WDPA_WDOECM_Jan2024_Public_KEN_shp/WDPA_WDOECM_Jan2024_Public_KEN_shp_0/WDPA_WDOECM_Jan2024_Public_KEN_shp-polygons.shp,0
2596.000000000000000,"2596","1",Nasolot,Nasolot,National Reserve,National Reserve,National,II,Not Applicable,"0",0.000000000000000,0.000000000000000,92.000000000000000,91.823985968030499,Not Applicable,0.000000000000000,Designated,"1979",Federal or national ministry or agency,State,Kenya Wildlife Service,Not Reported,State Verified,"933",Not Reported,KEN,KEN,Not Applicable,Not Applicable,WDPA_WDOECM_Jan2024_Public_KEN_shp-polygons,/Users/meeraburghardt/Desktop/WDPA_WDOECM_Jan2024_Public_KEN_shp/WDPA_WDOECM_Jan2024_Public_KEN_shp_0/WDPA_WDOECM_Jan2024_Public_KEN_shp-polygons.shp,1
2597.000000000000000,"2597","1",Saiwa Swamp,Saiwa Swamp,National Park,National Park,National,II,Not Applicable,"0",0.000000000000000,0.000000000000000,2.000000000000000,2.694213254490280,Not Applicable,0.000000000000000,Designated,"1974",Federal or national ministry or agency,State,Kenya Wildlife Service,Not Reported,State Verified,"933",Not Reported,KEN,KEN,Not Applicable,Not Applicable,WDPA_WDOECM_Jan2024_Public_KEN_shp-polygons,/Users/meeraburghardt/Desktop/WDPA_WDOECM_Jan2024_Public_KEN_shp/WDPA_WDOECM_Jan2024_Public_KEN_shp_0/WDPA_WDOECM_Jan2024_Public_KEN_shp-polygons.shp,0
3038.000000000000000,"3038","1",Kiunga Marine Conservancy,Kiunga Marine Conservancy,Community Nature Reserve,Community Nature Reserve,National,Not Reported,Not Applicable,"1",0.000000000000000,168.748903901342999,287.000000000000000,289.331406448340999,Not Reported,0.000000000000000,Not Reported,"2010",Indigenous peoples,Not Reported,Community,Not Reported,Not Reported,"1775",Not Reported,KEN,KEN,Not Applicable,Not Applicable,WDPA_WDOECM_Jan2024_Public_KEN_shp-polygons,/Users/meeraburghardt/Desktop/WDPA_WDOECM_Jan2024_Public_KEN_shp/WDPA_WDOECM_Jan2024_Public_KEN_shp_0/WDPA_WDOECM_Jan2024_Public_KEN_shp-polygons.shp,9
7408.000000000000000,"7408","1",Taita Hills,Taita Hills,Wildlife Sanctuary,Wildlife Sanctuary,National,Not Reported,Not Applicable,"0",0.000000000000000,0.000000000000000,113.400000000000006,109.358090045965994,Not Applicable,0.000000000000000,Designated,"1973",Non-profit organisations,Not Reported,Not Reported,Not Reported,Not Reported,"1714",KE-300,KEN,KEN,Not Applicable,Not Applicable,WDPA_WDOECM_Jan2024_Public_KEN_shp-polygons,/Users/meeraburghardt/Desktop/WDPA_WDOECM_Jan2024_Public_KEN_shp/WDPA_WDOECM_Jan2024_Public_KEN_shp_0/WDPA_WDOECM_Jan2024_Public_KEN_shp-polygons.shp,0
7420.000000000000000,"7420","1",Kakamega,Kakamega,National Reserve,National Reserve,National,Not Reported,Not Applicable,"0",0.000000000000000,0.000000000000000,44.700000000000003,44.082007518983502,Not Applicable,0.000000000000000,Designated,"1985",Federal or national ministry or agency,State,Kenya Wildlife Service,Not Reported,State Verified,"933",Not Reported,KEN,KEN,Not Applicable,Not Applicable,WDPA_WDOECM_Jan2024_Public_KEN_shp-polygons,/Users/meeraburghardt/Desktop/WDPA_WDOECM_Jan2024_Public_KEN_shp/WDPA_WDOECM_Jan2024_Public_KEN_shp_0/WDPA_WDOECM_Jan2024_Public_KEN_shp-polygons.shp,0
7422.000000000000000,"7422","1",Arabuko Sokoke,Arabuko Sokoke,Forest Reserve,Forest Reserve,National,Not Reported,Not Applicable,"0",0.000000000000000,0.000000000000000,416.759999999999991,370.839395232559980,Not Applicable,0.000000000000000,Designated,"1943",Not Reported,Not Reported,Not Reported,Not Reported,State Verified,"178",KE-300,KEN,KEN,Not Applicable,Not Applicable,WDPA_WDOECM_Jan2024_Public_KEN_shp-polygons,/Users/meeraburghardt/Desktop/WDPA_WDOECM_Jan2024_Public_KEN_shp/WDPA_WDOECM_Jan2024_Public_KEN_shp_0/WDPA_WDOECM_Jan2024_Public_KEN_shp-polygons.shp,0
7423.000000000000000,"7423","1",Diani Chale Marine,Diani Chale Marine,Marine National Reserve,Marine National Reserve,National,VI,Not Applicable,"2",75.000000000000000,73.326183787976305,75.000000000000000,77.537264223286101,Not Reported,0.000000000000000,Designated,"1995",Federal or national ministry or agency,State,Kenya Wildlife Service,Not Reported,State Verified,"933",Not Reported,KEN,KEN,Not Applicable,Not Applicable,WDPA_WDOECM_Jan2024_Public_KEN_shp-polygons,/Users/meeraburghardt/Desktop/WDPA_WDOECM_Jan2024_Public_KEN_shp/WDPA_WDOECM_Jan2024_Public_KEN_shp_0/WDPA_WDOECM_Jan2024_Public_KEN_shp-polygons.shp,0
7506.000000000000000,"7506","1",Hell's Gate,Hell's Gate,National Park,National Park,National,II,Not Applicable,"0",0.000000000000000,0.000000000000000,68.260000000000005,68.166982143946200,Not Applicable,0.000000000000000,Designated,"1984",Federal or national ministry or agency,State,Kenya Wildlife Service,Not Reported,State Verified,"933",Not Reported,KEN,KEN,Not Applicable,Not Applicable,WDPA_WDOECM_Jan2024_Public_KEN_shp-polygons,/Users/meeraburghardt/Desktop/WDPA_WDOECM_Jan2024_Public_KEN_shp/WDPA_WDOECM_Jan2024_Public_KEN_shp_0/WDPA_WDOECM_Jan2024_Public_KEN_shp-polygons.shp,0
7542.000000000000000,"7542","1",Bahati,Bahati,Forest Reserve,Forest Reserve,National,Not Reported,Not Applicable,"0",0.000000000000000,0.000000000000000,101.010000000000005,112.703710582957996,Not Applicable,0.000000000000000,Designated,"1932",Not Reported,Not Reported,Not Reported,Not Reported,State Verified,"178",KE-200,KEN,KEN,Not Applicable,Not Applicable,WDPA_WDOECM_Jan2024_Public_KEN_shp-polygons,/Users/meeraburghardt/Desktop/WDPA_WDOECM_Jan2024_Public_KEN_shp/WDPA_WDOECM_Jan2024_Public_KEN_shp_0/WDPA_WDOECM_Jan2024_Public_KEN_shp-polygons.shp,0
7543.000000000000000,"7543","1",Buda,Buda,Forest Reserve,Forest Reserve,National,Not Reported,Not Applicable,"0",0.000000000000000,0.000000000000000,6.700000000000000,6.304734108344850,Not Applicable,0.000000000000000,Designated,"1932",Not Reported,Not Reported,Not Reported,Not Reported,State Verified,"178",KE-300,KEN,KEN,Not Applicable,Not Applicable,WDPA_WDOECM_Jan2024_Public_KEN_shp-polygons,/Users/meeraburghardt/Desktop/WDPA_WDOECM_Jan2024_Public_KEN_shp/WDPA_WDOECM_Jan2024_Public_KEN_shp_0/WDPA_WDOECM_Jan2024_Public_KEN_shp-polygons.shp,0
7544.000000000000000,"7544","1",Bunyala,Bunyala,Forest Reserve,Forest Reserve,National,Not Reported,Not Applicable,"0",0.000000000000000,0.000000000000000,8.080000000000000,10.297498584776401,Not Applicable,0.000000000000000,Designated,"1956",Not Reported,Not Reported,Not Reported,Not Reported,State Verified,"178",KE-800,KEN,KEN,Not Applicable,Not Applicable,WDPA_WDOECM_Jan2024_Public_KEN_shp-polygons,/Users/meeraburghardt/Desktop/WDPA_WDOECM_Jan2024_Public_KEN_shp/WDPA_WDOECM_Jan2024_Public_KEN_shp_0/WDPA_WDOECM_Jan2024_Public_KEN_shp-polygons.shp,0
7546.000000000000000,"7546","1",Cheboit,Cheboit,Forest Reserve,Forest Reserve,National,Not Reported,Not Applicable,"0",0.000000000000000,0.000000000000000,25.270000000000000,25.075164012841999,Not Applicable,0.000000000000000,Proposed,"0",Not Reported,Not Reported,Not Reported,Not Reported,State Verified,"178",KE-700,KEN,KEN,Not Applicable,Not Applicable,WDPA_WDOECM_Jan2024_Public_KEN_shp-polygons,/Users/meeraburghardt/Desktop/WDPA_WDOECM_Jan2024_Public_KEN_shp/WDPA_WDOECM_Jan2024_Public_KEN_shp_0/WDPA_WDOECM_Jan2024_Public_KEN_shp-polygons.shp,1
7547.000000000000000,"7547","1",Chemorogok,Chemorogok,Forest Reserve,Forest Reserve,National,Not Reported,Not Applicable,"0",0.000000000000000,0.000000000000000,13.380000000000001,112.066842039335995,Not Applicable,0.000000000000000,Designated,"1949",Not Reported,Not Reported,Not Reported,Not Reported,State Verified,"178",KE-700,KEN,KEN,Not Applicable,Not Applicable,WDPA_WDOECM_Jan2024_Public_KEN_shp-polygons,/Users/meeraburghardt/Desktop/WDPA_WDOECM_Jan2024_Public_KEN_shp/WDPA_WDOECM_Jan2024_Public_KEN_shp_0/WDPA_WDOECM_Jan2024_Public_KEN_shp-polygons.shp,0
7548.000000000000000,"7548","1",Chemurokoi,Chemurokoi,Forest Reserve,Forest Reserve,National,Not Reported,Not Applicable,"0",0.000000000000000,0.000000000000000,39.789999999999999,38.693684811915602,Not Applicable,0.000000000000000,Designated,"1941",Not Reported,Not Reported,Not Reported,Not Reported,State Verified,"178",KE-700,KEN,KEN,Not Applicable,Not Applicable,WDPA_WDOECM_Jan2024_Public_KEN_shp-polygons,/Users/meeraburghardt/Desktop/WDPA_WDOECM_Jan2024_Public_KEN_shp/WDPA_WDOECM_Jan2024_Public_KEN_shp_0/WDPA_WDOECM_Jan2024_Public_KEN_shp-polygons.shp,0
7549.000000000000000,"7549","1",Chepalungu,Chepalungu,Forest Reserve,Forest Reserve,National,Not Reported,Not Applicable,"0",0.000000000000000,0.000000000000000,49.770000000000003,50.344570062386801,Not Applicable,0.000000000000000,Designated,"1956",Not Reported,Not Reported,Not Reported,Not Reported,State Verified,"178",KE-700,KEN,KEN,Not Applicable,Not Applicable,WDPA_WDOECM_Jan2024_Public_KEN_shp-polygons,/Users/meeraburghardt/Desktop/WDPA_WDOECM_Jan2024_Public_KEN_shp/WDPA_WDOECM_Jan2024_Public_KEN_shp_0/WDPA_WDOECM_Jan2024_Public_KEN_shp-polygons.shp,0
7552.000000000000000,"7552","1",Dagoretti,Dagoretti,Forest Reserve,Forest Reserve,National,Not Reported,Not Applicable,"0",0.000000000000000,0.000000000000000,7.740000000000000,8.546637688153030,Not Applicable,0.000000000000000,Designated,"1938",Not Reported,Not Reported,Not Reported,Not Reported,State Verified,"178",KE-110,KEN,KEN,Not Applicable,Not Applicable,WDPA_WDOECM_Jan2024_Public_KEN_shp-polygons,/Users/meeraburghardt/Desktop/WDPA_WDOECM_Jan2024_Public_KEN_shp/WDPA_WDOECM_Jan2024_Public_KEN_shp_0/WDPA_WDOECM_Jan2024_Public_KEN_shp-polygons.shp,0
7555.000000000000000,"7555","1",Eburu,Eburu,Forest Reserve,Forest Reserve,National,Not Reported,Not Applicable,"0",0.000000000000000,0.000000000000000,87.359999999999999,82.064393150129803,Not Applicable,0.000000000000000,Designated,"1932",Not Reported,Not Reported,Not Reported,Not Reported,State Verified,"178",KE-700,KEN,KEN,Not Applicable,Not Applicable,WDPA_WDOECM_Jan2024_Public_KEN_shp-polygons,/Users/meeraburghardt/Desktop/WDPA_WDOECM_Jan2024_Public_KEN_shp/WDPA_WDOECM_Jan2024_Public_KEN_shp_0/WDPA_WDOECM_Jan2024_Public_KEN_shp-polygons.shp,0
7557.000000000000000,"7557","1",Embakasi,Embakasi,Forest Reserve,Forest Reserve,National,Not Reported,Not Applicable,"0",0.000000000000000,0.000000000000000,5.910000000000000,6.503485602041710,Not Applicable,0.000000000000000,Designated,"1941",Not Reported,Not Reported,Not Reported,Not Reported,State Verified,"178",KE-110,KEN,KEN,Not Applicable,Not Applicable,WDPA_WDOECM_Jan2024_Public_KEN_shp-polygons,/Users/meeraburghardt/Desktop/WDPA_WDOECM_Jan2024_Public_KEN_shp/WDPA_WDOECM_Jan2024_Public_KEN_shp_0/WDPA_WDOECM_Jan2024_Public_KEN_shp-polygons.shp,0
7558.000000000000000,"7558","1",Embobut,Embobut,Forest Reserve,Forest Reserve,National,Not Reported,Not Applicable,"0",0.000000000000000,0.000000000000000,216.889999999999986,201.056553964390986,Not Applicable,0.000000000000000,Designated,"1954",Not Reported,Not Reported,Not Reported,Not Reported,State Verified,"178",KE-700,KEN,KEN,Not Applicable,Not Applicable,WDPA_WDOECM_Jan2024_Public_KEN_shp-polygons,/Users/meeraburghardt/Desktop/WDPA_WDOECM_Jan2024_Public_KEN_shp/WDPA_WDOECM_Jan2024_Public_KEN_shp_0/WDPA_WDOECM_Jan2024_Public_KEN_shp-polygons.shp,12
7560.000000000000000,"7560","1",Gogoni,Gogoni,Forest Reserve,Forest Reserve,National,Not Reported,Not Applicable,"0",0.000000000000000,0.000000000000000,8.240000000000000,7.885284405342400,Not Applicable,0.000000000000000,Designated,"1932",Not Reported,Not Reported,Not Reported,Not Reported,State Verified,"178",KE-300,KEN,KEN,Not Applicable,Not Applicable,WDPA_WDOECM_Jan2024_Public_KEN_shp-polygons,/Users/meeraburghardt/Desktop/WDPA_WDOECM_Jan2024_Public_KEN_shp/WDPA_WDOECM_Jan2024_Public_KEN_shp_0/WDPA_WDOECM_Jan2024_Public_KEN_shp-polygons.shp,1
7561.000000000000000,"7561","1",Gonja,Gonja,Forest Reserve,Forest Reserve,National,Not Reported,Not Applicable,"0",0.000000000000000,0.000000000000000,8.609999999999999,3.146791172148270,Not Applicable,0.000000000000000,Designated,"1961",Not Reported,Not Reported,Not Reported,Not Reported,State Verified,"178",KE-300,KEN,KEN,Not Applicable,Not Applicable,WDPA_WDOECM_Jan2024_Public_KEN_shp-polygons,/Users/meeraburghardt/Desktop/WDPA_WDOECM_Jan2024_Public_KEN_shp/WDPA_WDOECM_Jan2024_Public_KEN_shp_0/WDPA_WDOECM_Jan2024_Public_KEN_shp-polygons.shp,0
7564.000000000000000,"7564","1",Jombo,Jombo,Forest Reserve,Forest Reserve,National,Not Reported,Not Applicable,"0",0.000000000000000,0.000000000000000,8.869999999999999,3.705297743525580,Not Applicable,0.000000000000000,Designated,"1941",Not Reported,Not Reported,Not Reported,Not Reported,State Verified,"178",KE-300,KEN,KEN,Not Applicable,Not Applicable,WDPA_WDOECM_Jan2024_Public_KEN_shp-polygons,/Users/meeraburghardt/Desktop/WDPA_WDOECM_Jan2024_Public_KEN_shp/WDPA_WDOECM_Jan2024_Public_KEN_shp_0/WDPA_WDOECM_Jan2024_Public_KEN_shp-polygons.shp,0
7565.000000000000000,"7565","1",Kabarak,Kabarak,Forest Reserve,Forest Reserve,National,Not Reported,Not Applicable,"0",0.000000000000000,0.000000000000000,13.949999999999999,14.698196886430001,Not Applicable,0.000000000000000,Designated,"1962",Not Reported,Not Reported,Not Reported,Not Reported,State Verified,"178",KE-700,KEN,KEN,Not Applicable,Not Applicable,WDPA_WDOECM_Jan2024_Public_KEN_shp-polygons,/Users/meeraburghardt/Desktop/WDPA_WDOECM_Jan2024_Public_KEN_shp/WDPA_WDOECM_Jan2024_Public_KEN_shp_0/WDPA_WDOECM_Jan2024_Public_KEN_shp-polygons.shp,0
7567.000000000000000,"7567","1",Kaisungor,Kaisungor,Forest Reserve,Forest Reserve,National,Not Reported,Not Applicable,"0",0.000000000000000,0.000000000000000,10.890000000000001,10.990443421694000,Not Applicable,0.000000000000000,Designated,"1941",Not Reported,Not Reported,Not Reported,Not Reported,State Verified,"178",KE-700,KEN,KEN,Not Applicable,Not Applicable,WDPA_WDOECM_Jan2024_Public_KEN_shp-polygons,/Users/meeraburghardt/Desktop/WDPA_WDOECM_Jan2024_Public_KEN_shp/WDPA_WDOECM_Jan2024_Public_KEN_shp_0/WDPA_WDOECM_Jan2024_Public_KEN_shp-polygons.shp,0
7570.000000000000000,"7570","1",Kamiti,Kamiti,Forest Reserve,Forest Reserve,National,Not Reported,Not Applicable,"0",0.000000000000000,0.000000000000000,1.710000000000000,2.128292731983900,Not Applicable,0.000000000000000,Designated,"1933",Not Reported,Not Reported,Not Reported,Not Reported,State Verified,"178",KE-200,KEN,KEN,Not Applicable,Not Applicable,WDPA_WDOECM_Jan2024_Public_KEN_shp-polygons,/Users/meeraburghardt/Desktop/WDPA_WDOECM_Jan2024_Public_KEN_shp/WDPA_WDOECM_Jan2024_Public_KEN_shp_0/WDPA_WDOECM_Jan2024_Public_KEN_shp-polygons.shp,0
7572.000000000000000,"7572","1",Kapchemutwa,Kapchemutwa,Forest Reserve,Forest Reserve,National,Not Reported,Not Applicable,"0",0.000000000000000,0.000000000000000,88.739999999999995,92.702931203330095,Not Applicable,0.000000000000000,Designated,"1941",Not Reported,Not Reported,Not Reported,Not Reported,State Verified,"178",KE-700,KEN,KEN,Not Applicable,Not Applicable,WDPA_WDOECM_Jan2024_Public_KEN_shp-polygons,/Users/meeraburghardt/Desktop/WDPA_WDOECM_Jan2024_Public_KEN_shp/WDPA_WDOECM_Jan2024_Public_KEN_shp_0/WDPA_WDOECM_Jan2024_Public_KEN_shp-polygons.shp,1
7574.000000000000000,"7574","1",Kapkanyar,Kapkanyar,Forest Reserve,Forest Reserve,National,Not Reported,Not Applicable,"0",0.000000000000000,0.000000000000000,57.640000000000001,70.358727053889098,Not Applicable,0.000000000000000,Designated,"1967",Not Reported,Not Reported,Not Reported,Not Reported,State Verified,"178",KE-700,KEN,KEN,Not Applicable,Not Applicable,WDPA_WDOECM_Jan2024_Public_KEN_shp-polygons,/Users/meeraburghardt/Desktop/WDPA_WDOECM_Jan2024_Public_KEN_shp/WDPA_WDOECM_Jan2024_Public_KEN_shp_0/WDPA_WDOECM_Jan2024_Public_KEN_shp-polygons.shp,0
7575.000000000000000,"7575","1",Kapolet,Kapolet,Forest Reserve,Forest Reserve,National,Not Reported,Not Applicable,"0",0.000000000000000,0.000000000000000,16.250000000000000,13.491470172405601,Not Applicable,0.000000000000000,Designated,"1941",Not Reported,Not Reported,Not Reported,Not Reported,State Verified,"178",KE-700,KEN,KEN,Not Applicable,Not Applicable,WDPA_WDOECM_Jan2024_Public_KEN_shp-polygons,/Users/meeraburghardt/Desktop/WDPA_WDOECM_Jan2024_Public_KEN_shp/WDPA_WDOECM_Jan2024_Public_KEN_shp_0/WDPA_WDOECM_Jan2024_Public_KEN_shp-polygons.shp,0
7576.000000000000000,"7576","1",Kapsaret,Kapsaret,Forest Reserve,Forest Reserve,National,Not Reported,Not Applicable,"0",0.000000000000000,0.000000000000000,10.080000000000000,12.930643871049799,Not Applicable,0.000000000000000,Designated,"1932",Not Reported,Not Reported,Not Reported,Not Reported,State Verified,"178",KE-700,KEN,KEN,Not Applicable,Not Applicable,WDPA_WDOECM_Jan2024_Public_KEN_shp-polygons,/Users/meeraburghardt/Desktop/WDPA_WDOECM_Jan2024_Public_KEN_shp/WDPA_WDOECM_Jan2024_Public_KEN_shp_0/WDPA_WDOECM_Jan2024_Public_KEN_shp-polygons.shp,0
7577.000000000000000,"7577","1",Kaptagat,Kaptagat,Forest Reserve,Forest Reserve,National,Not Reported,Not Applicable,"0",0.000000000000000,0.000000000000000,129.849999999999994,118.072262461592999,Not Applicable,0.000000000000000,Designated,"1941",Not Reported,Not Reported,Not Reported,Not Reported,State Verified,"178",KE-700,KEN,KEN,Not Applicable,Not Applicable,WDPA_WDOECM_Jan2024_Public_KEN_shp-polygons,/Users/meeraburghardt/Desktop/WDPA_WDOECM_Jan2024_Public_KEN_shp/WDPA_WDOECM_Jan2024_Public_KEN_shp_0/WDPA_WDOECM_Jan2024_Public_KEN_shp-polygons.shp,0
7581.000000000000000,"7581","1",Karura,Karura,Forest Reserve,Forest Reserve,National,Not Reported,Not Applicable,"0",0.000000000000000,0.000000000000000,10.449999999999999,9.650861172724531,Not Applicable,0.000000000000000,Designated,"1932",Not Reported,Not Reported,Not Reported,Not Reported,State Verified,"178",KE-110,KEN,KEN,Not Applicable,Not Applicable,WDPA_WDOECM_Jan2024_Public_KEN_shp-polygons,/Users/meeraburghardt/Desktop/WDPA_WDOECM_Jan2024_Public_KEN_shp/WDPA_WDOECM_Jan2024_Public_KEN_shp_0/WDPA_WDOECM_Jan2024_Public_KEN_shp-polygons.shp,0
7582.000000000000000,"7582","1",Kasigau,Kasigau,Forest Reserve,Forest Reserve,National,Not Reported,Not Applicable,"0",0.000000000000000,0.000000000000000,2.020000000000000,8.802765885044890,Not Applicable,0.000000000000000,Designated,"1941",Not Reported,Not Reported,Not Reported,Not Reported,State Verified,"178",KE-300,KEN,KEN,Not Applicable,Not Applicable,WDPA_WDOECM_Jan2024_Public_KEN_shp-polygons,/Users/meeraburghardt/Desktop/WDPA_WDOECM_Jan2024_Public_KEN_shp/WDPA_WDOECM_Jan2024_Public_KEN_shp_0/WDPA_WDOECM_Jan2024_Public_KEN_shp-polygons.shp,0
7583.000000000000000,"7583","1",Katende,Katende,Forest Reserve,Forest Reserve,National,Not Reported,Not Applicable,"0",0.000000000000000,0.000000000000000,9.330000000000000,17.706142856024599,Not Applicable,0.000000000000000,Designated,"1960",Not Reported,Not Reported,Not Reported,Not Reported,State Verified,"178",KE-400,KEN,KEN,Not Applicable,Not Applicable,WDPA_WDOECM_Jan2024_Public_KEN_shp-polygons,/Users/meeraburghardt/Desktop/WDPA_WDOECM_Jan2024_Public_KEN_shp/WDPA_WDOECM_Jan2024_Public_KEN_shp_0/WDPA_WDOECM_Jan2024_Public_KEN_shp-polygons.shp,0
7584.000000000000000,"7584","1",Katimok,Katimok,Forest Reserve,Forest Reserve,National,Not Reported,Not Applicable,"0",0.000000000000000,0.000000000000000,20.190000000000001,19.478085265096698,Not Applicable,0.000000000000000,Designated,"1949",Not Reported,Not Reported,Not Reported,Not Reported,State Verified,"178",KE-700,KEN,KEN,Not Applicable,Not Applicable,WDPA_WDOECM_Jan2024_Public_KEN_shp-polygons,/Users/meeraburghardt/Desktop/WDPA_WDOECM_Jan2024_Public_KEN_shp/WDPA_WDOECM_Jan2024_Public_KEN_shp_0/WDPA_WDOECM_Jan2024_Public_KEN_shp-polygons.shp,0
7586.000000000000000,"7586","1",Kenze,Kenze,Forest Reserve,Forest Reserve,National,Not Reported,Not Applicable,"0",0.000000000000000,0.000000000000000,1.890000000000000,3.862246385013570,Not Applicable,0.000000000000000,Designated,"1960",Not Reported,Not Reported,Not Reported,Not Reported,State Verified,"178",KE-400,KEN,KEN,Not Applicable,Not Applicable,WDPA_WDOECM_Jan2024_Public_KEN_shp-polygons,/Users/meeraburghardt/Desktop/WDPA_WDOECM_Jan2024_Public_KEN_shp/WDPA_WDOECM_Jan2024_Public_KEN_shp_0/WDPA_WDOECM_Jan2024_Public_KEN_shp-polygons.shp,0
7587.000000000000000,"7587","1",Kerrer,Kerrer,Forest Reserve,Forest Reserve,National,Not Reported,Not Applicable,"0",0.000000000000000,0.000000000000000,22.410000000000000,32.637287874912403,Not Applicable,0.000000000000000,Designated,"1954",Not Reported,Not Reported,Not Reported,Not Reported,State Verified,"178",KE-700,KEN,KEN,Not Applicable,Not Applicable,WDPA_WDOECM_Jan2024_Public_KEN_shp-polygons,/Users/meeraburghardt/Desktop/WDPA_WDOECM_Jan2024_Public_KEN_shp/WDPA_WDOECM_Jan2024_Public_KEN_shp_0/WDPA_WDOECM_Jan2024_Public_KEN_shp-polygons.shp,0
7588.000000000000000,"7588","1",Kessop,Kessop,Forest Reserve,Forest Reserve,National,Not Reported,Not Applicable,"0",0.000000000000000,0.000000000000000,19.710000000000001,24.897901842387000,Not Applicable,0.000000000000000,Designated,"1941",Not Reported,Not Reported,Not Reported,Not Reported,State Verified,"178",KE-700,KEN,KEN,Not Applicable,Not Applicable,WDPA_WDOECM_Jan2024_Public_KEN_shp-polygons,/Users/meeraburghardt/Desktop/WDPA_WDOECM_Jan2024_Public_KEN_shp/WDPA_WDOECM_Jan2024_Public_KEN_shp_0/WDPA_WDOECM_Jan2024_Public_KEN_shp-polygons.shp,0
7590.000000000000000,"7590","1",Kiagu,Kiagu,Forest Reserve,Forest Reserve,National,Not Reported,Not Applicable,"0",0.000000000000000,0.000000000000000,13.609999999999999,7.503894474340770,Not Applicable,0.000000000000000,Designated,"1959",Not Reported,Not Reported,Not Reported,Not Reported,State Verified,"178",KE-400,KEN,KEN,Not Applicable,Not Applicable,WDPA_WDOECM_Jan2024_Public_KEN_shp-polygons,/Users/meeraburghardt/Desktop/WDPA_WDOECM_Jan2024_Public_KEN_shp/WDPA_WDOECM_Jan2024_Public_KEN_shp_0/WDPA_WDOECM_Jan2024_Public_KEN_shp-polygons.shp,0
7592.000000000000000,"7592","1",Kiambu,Kiambu,Forest Reserve,Forest Reserve,National,Not Reported,Not Applicable,"0",0.000000000000000,0.000000000000000,1.490000000000000,1.649299922219020,Not Applicable,0.000000000000000,Designated,"1932",Not Reported,Not Reported,Not Reported,Not Reported,State Verified,"178",KE-200,KEN,KEN,Not Applicable,Not Applicable,WDPA_WDOECM_Jan2024_Public_KEN_shp-polygons,/Users/meeraburghardt/Desktop/WDPA_WDOECM_Jan2024_Public_KEN_shp/WDPA_WDOECM_Jan2024_Public_KEN_shp_0/WDPA_WDOECM_Jan2024_Public_KEN_shp-polygons.shp,0
7595.000000000000000,"7595","1",Kibwezi,Kibwezi,Forest Reserve,Forest Reserve,National,Not Reported,Not Applicable,"0",0.000000000000000,0.000000000000000,58.500000000000000,23.173146762784800,Not Applicable,0.000000000000000,Designated,"1936",Not Reported,Not Reported,Not Reported,Not Reported,State Verified,"178",KE-400,KEN,KEN,Not Applicable,Not Applicable,WDPA_WDOECM_Jan2024_Public_KEN_shp-polygons,/Users/meeraburghardt/Desktop/WDPA_WDOECM_Jan2024_Public_KEN_shp/WDPA_WDOECM_Jan2024_Public_KEN_shp_0/WDPA_WDOECM_Jan2024_Public_KEN_shp-polygons.shp,0
7596.000000000000000,"7596","1",Kieiga,Kieiga,Forest Reserve,Forest Reserve,National,Not Reported,Not Applicable,"0",0.000000000000000,0.000000000000000,5.730000000000000,6.003179959989450,Not Applicable,0.000000000000000,Designated,"1959",Not Reported,Not Reported,Not Reported,Not Reported,State Verified,"178",KE-400,KEN,KEN,Not Applicable,Not Applicable,WDPA_WDOECM_Jan2024_Public_KEN_shp-polygons,/Users/meeraburghardt/Desktop/WDPA_WDOECM_Jan2024_Public_KEN_shp/WDPA_WDOECM_Jan2024_Public_KEN_shp_0/WDPA_WDOECM_Jan2024_Public_KEN_shp-polygons.shp,0
7597.000000000000000,"7597","1",Kierera,Kierera,Forest Reserve,Forest Reserve,National,Not Reported,Not Applicable,"0",0.000000000000000,0.000000000000000,7.770000000000000,4.512782184292490,Not Applicable,0.000000000000000,Designated,"1959",Not Reported,Not Reported,Not Reported,Not Reported,State Verified,"178",KE-400,KEN,KEN,Not Applicable,Not Applicable,WDPA_WDOECM_Jan2024_Public_KEN_shp-polygons,/Users/meeraburghardt/Desktop/WDPA_WDOECM_Jan2024_Public_KEN_shp/WDPA_WDOECM_Jan2024_Public_KEN_shp_0/WDPA_WDOECM_Jan2024_Public_KEN_shp-polygons.shp,0
7600.000000000000000,"7600","1",Kijege,Kijege,Forest Reserve,Forest Reserve,National,Not Reported,Not Applicable,"0",0.000000000000000,0.000000000000000,33.030000000000001,20.430813475737899,Not Applicable,0.000000000000000,Designated,"1959",Not Reported,Not Reported,Not Reported,Not Reported,State Verified,"178",KE-400,KEN,KEN,Not Applicable,Not Applicable,WDPA_WDOECM_Jan2024_Public_KEN_shp-polygons,/Users/meeraburghardt/Desktop/WDPA_WDOECM_Jan2024_Public_KEN_shp/WDPA_WDOECM_Jan2024_Public_KEN_shp_0/WDPA_WDOECM_Jan2024_Public_KEN_shp-polygons.shp,0
7601.000000000000000,"7601","1",Kikingo,Kikingo,Forest Reserve,Forest Reserve,National,Not Reported,Not Applicable,"0",0.000000000000000,0.000000000000000,12.029999999999999,9.405540008920090,Not Applicable,0.000000000000000,Designated,"1959",Not Reported,Not Reported,Not Reported,Not Reported,State Verified,"178",KE-400,KEN,KEN,Not Applicable,Not Applicable,WDPA_WDOECM_Jan2024_Public_KEN_shp-polygons,/Users/meeraburghardt/Desktop/WDPA_WDOECM_Jan2024_Public_KEN_shp/WDPA_WDOECM_Jan2024_Public_KEN_shp_0/WDPA_WDOECM_Jan2024_Public_KEN_shp-polygons.shp,0
7602.000000000000000,"7602","1",Kikuyu Escarpment,Kikuyu Escarpment,Forest Reserve,Forest Reserve,National,Not Reported,Not Applicable,"0",0.000000000000000,0.000000000000000,376.189999999999998,415.780486787784014,Not Applicable,0.000000000000000,Designated,"1943",Not Reported,Not Reported,Not Reported,Not Reported,State Verified,"178",KE-200,KEN,KEN,Not Applicable,Not Applicable,WDPA_WDOECM_Jan2024_Public_KEN_shp-polygons,/Users/meeraburghardt/Desktop/WDPA_WDOECM_Jan2024_Public_KEN_shp/WDPA_WDOECM_Jan2024_Public_KEN_shp_0/WDPA_WDOECM_Jan2024_Public_KEN_shp-polygons.shp,0
7604.000000000000000,"7604","1",Kilombe Hill,Kilombe Hill,Forest Reserve,Forest Reserve,National,Not Reported,Not Applicable,"0",0.000000000000000,0.000000000000000,15.340000000000000,32.514241026355201,Not Applicable,0.000000000000000,Designated,"1936",Not Reported,Not Reported,Not Reported,Not Reported,State Verified,"178",KE-700,KEN,KEN,Not Applicable,Not Applicable,WDPA_WDOECM_Jan2024_Public_KEN_shp-polygons,/Users/meeraburghardt/Desktop/WDPA_WDOECM_Jan2024_Public_KEN_shp/WDPA_WDOECM_Jan2024_Public_KEN_shp_0/WDPA_WDOECM_Jan2024_Public_KEN_shp-polygons.shp,0
7606.000000000000000,"7606","1",Kimojoch,Kimojoch,Forest Reserve,Forest Reserve,National,Not Reported,Not Applicable,"0",0.000000000000000,0.000000000000000,7.620000000000000,7.767883390347430,Not Applicable,0.000000000000000,Designated,"1949",Not Reported,Not Reported,Not Reported,Not Reported,State Verified,"178",KE-700,KEN,KEN,Not Applicable,Not Applicable,WDPA_WDOECM_Jan2024_Public_KEN_shp-polygons,/Users/meeraburghardt/Desktop/WDPA_WDOECM_Jan2024_Public_KEN_shp/WDPA_WDOECM_Jan2024_Public_KEN_shp_0/WDPA_WDOECM_Jan2024_Public_KEN_shp-polygons.shp,0
7610.000000000000000,"7610","1",Kipkabus (Uasin/Gishu),Kipkabus (Uasin/Gishu),Forest Reserve,Forest Reserve,National,Not Reported,Not Applicable,"0",0.000000000000000,0.000000000000000,58.270000000000003,69.559400244775304,Not Applicable,0.000000000000000,Designated,"1941",Not Reported,Not Reported,Not Reported,Not Reported,State Verified,"178",KE-700,KEN,KEN,Not Applicable,Not Applicable,WDPA_WDOECM_Jan2024_Public_KEN_shp-polygons,/Users/meeraburghardt/Desktop/WDPA_WDOECM_Jan2024_Public_KEN_shp/WDPA_WDOECM_Jan2024_Public_KEN_shp_0/WDPA_WDOECM_Jan2024_Public_KEN_shp-polygons.shp,0
7611.000000000000000,"7611","1",Kipkabus (Elg-Marak),Kipkabus (Elg-Marak),Forest Reserve,Forest Reserve,National,Not Reported,Not Applicable,"0",0.000000000000000,0.000000000000000,67.599999999999994,5.474091828817890,Not Applicable,0.000000000000000,Designated,"1961",Not Reported,Not Reported,Not Reported,Not Reported,State Verified,"178",KE-700,KEN,KEN,Not Applicable,Not Applicable,WDPA_WDOECM_Jan2024_Public_KEN_shp-polygons,/Users/meeraburghardt/Desktop/WDPA_WDOECM_Jan2024_Public_KEN_shp/WDPA_WDOECM_Jan2024_Public_KEN_shp_0/WDPA_WDOECM_Jan2024_Public_KEN_shp-polygons.shp,0
7612.000000000000000,"7612","1",Kipkunurr,Kipkunurr,Forest Reserve,Forest Reserve,National,Not Reported,Not Applicable,"0",0.000000000000000,0.000000000000000,158.919999999999987,153.960591990756996,Not Applicable,0.000000000000000,Designated,"1941",Not Reported,Not Reported,Not Reported,Not Reported,State Verified,"178",KE-700,KEN,KEN,Not Applicable,Not Applicable,WDPA_WDOECM_Jan2024_Public_KEN_shp-polygons,/Users/meeraburghardt/Desktop/WDPA_WDOECM_Jan2024_Public_KEN_shp/WDPA_WDOECM_Jan2024_Public_KEN_shp_0/WDPA_WDOECM_Jan2024_Public_KEN_shp-polygons.shp,0
7613.000000000000000,"7613","1",Kipipiri,Kipipiri,Forest Reserve,Forest Reserve,National,Not Reported,Not Applicable,"0",0.000000000000000,0.000000000000000,50.770000000000003,43.326287495466197,Not Applicable,0.000000000000000,Designated,"1956",Not Reported,Not Reported,Not Reported,Not Reported,State Verified,"178",KE-200,KEN,KEN,Not Applicable,Not Applicable,WDPA_WDOECM_Jan2024_Public_KEN_shp-polygons,/Users/meeraburghardt/Desktop/WDPA_WDOECM_Jan2024_Public_KEN_shp/WDPA_WDOECM_Jan2024_Public_KEN_shp_0/WDPA_WDOECM_Jan2024_Public_KEN_shp-polygons.shp,0
7614.000000000000000,"7614","1",Kiptaberr,Kiptaberr,Forest Reserve,Forest Reserve,National,Not Reported,Not Applicable,"0",0.000000000000000,0.000000000000000,128.009999999999991,107.243208449269005,Not Applicable,0.000000000000000,Designated,"1967",Not Reported,Not Reported,Not Reported,Not Reported,State Verified,"178",KE-700,KEN,KEN,Not Applicable,Not Applicable,WDPA_WDOECM_Jan2024_Public_KEN_shp-polygons,/Users/meeraburghardt/Desktop/WDPA_WDOECM_Jan2024_Public_KEN_shp/WDPA_WDOECM_Jan2024_Public_KEN_shp_0/WDPA_WDOECM_Jan2024_Public_KEN_shp-polygons.shp,0
7619.000000000000000,"7619","1",Kitondu,Kitondu,Forest Reserve,Forest Reserve,National,Not Reported,Not Applicable,"0",0.000000000000000,0.000000000000000,10.930000000000000,12.727989018849700,Not Applicable,0.000000000000000,Designated,"1960",Not Reported,Not Reported,Not Reported,Not Reported,State Verified,"178",KE-400,KEN,KEN,Not Applicable,Not Applicable,WDPA_WDOECM_Jan2024_Public_KEN_shp-polygons,/Users/meeraburghardt/Desktop/WDPA_WDOECM_Jan2024_Public_KEN_shp/WDPA_WDOECM_Jan2024_Public_KEN_shp_0/WDPA_WDOECM_Jan2024_Public_KEN_shp-polygons.shp,0
7624.000000000000000,"7624","1",Kyemundu,Kyemundu,Forest Reserve,Forest Reserve,National,Not Reported,Not Applicable,"0",0.000000000000000,0.000000000000000,1.470000000000000,2.063707317786000,Not Applicable,0.000000000000000,Designated,"1960",Not Reported,Not Reported,Not Reported,Not Reported,State Verified,"178",KE-400,KEN,KEN,Not Applicable,Not Applicable,WDPA_WDOECM_Jan2024_Public_KEN_shp-polygons,/Users/meeraburghardt/Desktop/WDPA_WDOECM_Jan2024_Public_KEN_shp/WDPA_WDOECM_Jan2024_Public_KEN_shp_0/WDPA_WDOECM_Jan2024_Public_KEN_shp-polygons.shp,0
7625.000000000000000,"7625","1",Kitalale,Kitalale,Forest Reserve,Forest Reserve,National,Not Reported,Not Applicable,"0",0.000000000000000,0.000000000000000,20.699999999999999,19.602437636825002,Not Applicable,0.000000000000000,Designated,"1977",Not Reported,Not Reported,Not Reported,Not Reported,State Verified,"178",KE-700,KEN,KEN,Not Applicable,Not Applicable,WDPA_WDOECM_Jan2024_Public_KEN_shp-polygons,/Users/meeraburghardt/Desktop/WDPA_WDOECM_Jan2024_Public_KEN_shp/WDPA_WDOECM_Jan2024_Public_KEN_shp_0/WDPA_WDOECM_Jan2024_Public_KEN_shp-polygons.shp,0
7626.000000000000000,"7626","1",Lariak,Lariak,Forest Reserve,Forest Reserve,National,Not Reported,Not Applicable,"0",0.000000000000000,0.000000000000000,49.880000000000003,52.020656785518099,Not Applicable,0.000000000000000,Designated,"1932",Not Reported,Not Reported,Not Reported,Not Reported,State Verified,"178",KE-700,KEN,KEN,Not Applicable,Not Applicable,WDPA_WDOECM_Jan2024_Public_KEN_shp-polygons,/Users/meeraburghardt/Desktop/WDPA_WDOECM_Jan2024_Public_KEN_shp/WDPA_WDOECM_Jan2024_Public_KEN_shp_0/WDPA_WDOECM_Jan2024_Public_KEN_shp-polygons.shp,0
7627.000000000000000,"7627","1",Lelan,Lelan,Forest Reserve,Forest Reserve,National,Not Reported,Not Applicable,"0",0.000000000000000,0.000000000000000,145.159999999999997,110.936706680981004,Not Applicable,0.000000000000000,Designated,"1958",Not Reported,Not Reported,Not Reported,Not Reported,State Verified,"178",KE-700,KEN,KEN,Not Applicable,Not Applicable,WDPA_WDOECM_Jan2024_Public_KEN_shp-polygons,/Users/meeraburghardt/Desktop/WDPA_WDOECM_Jan2024_Public_KEN_shp/WDPA_WDOECM_Jan2024_Public_KEN_shp_0/WDPA_WDOECM_Jan2024_Public_KEN_shp-polygons.shp,1
7630.000000000000000,"7630","1",Leshau,Leshau,Forest Reserve,Forest Reserve,National,Not Reported,Not Applicable,"0",0.000000000000000,0.000000000000000,1.980000000000000,2.003163157735590,Not Applicable,0.000000000000000,Designated,"1960",Not Reported,Not Reported,Not Reported,Not Reported,State Verified,"178",KE-200,KEN,KEN,Not Applicable,Not Applicable,WDPA_WDOECM_Jan2024_Public_KEN_shp-polygons,/Users/meeraburghardt/Desktop/WDPA_WDOECM_Jan2024_Public_KEN_shp/WDPA_WDOECM_Jan2024_Public_KEN_shp_1/WDPA_WDOECM_Jan2024_Public_KEN_shp-polygons.shp,0
7631.000000000000000,"7631","1",Londiani,Londiani,Forest Reserve,Forest Reserve,National,Not Reported,Not Applicable,"0",0.000000000000000,0.000000000000000,1.060000000000000,215.158927949694004,Not Applicable,0.000000000000000,Designated,"1932",Not Reported,Not Reported,Not Reported,Not Reported,State Verified,"178",Not Reported,KEN,KEN,Not Applicable,Not Applicable,WDPA_WDOECM_Jan2024_Public_KEN_shp-polygons,/Users/meeraburghardt/Desktop/WDPA_WDOECM_Jan2024_Public_KEN_shp/WDPA_WDOECM_Jan2024_Public_KEN_shp_1/WDPA_WDOECM_Jan2024_Public_KEN_shp-polygons.shp,0
7632.000000000000000,"7632","1",Lugari,Lugari,Forest Reserve,Forest Reserve,National,Not Reported,Not Applicable,"0",0.000000000000000,0.000000000000000,21.930000000000000,17.082106706410300,Not Applicable,0.000000000000000,Designated,"1977",Not Reported,Not Reported,Not Reported,Not Reported,State Verified,"178",KE-800,KEN,KEN,Not Applicable,Not Applicable,WDPA_WDOECM_Jan2024_Public_KEN_shp-polygons,/Users/meeraburghardt/Desktop/WDPA_WDOECM_Jan2024_Public_KEN_shp/WDPA_WDOECM_Jan2024_Public_KEN_shp_1/WDPA_WDOECM_Jan2024_Public_KEN_shp-polygons.shp,0
7633.000000000000000,"7633","1",Loitokitok,Loitokitok,Forest Reserve,Forest Reserve,National,Not Reported,Not Applicable,"0",0.000000000000000,0.000000000000000,7.660000000000000,27.798464550007800,Not Applicable,0.000000000000000,Designated,"1977",Not Reported,Not Reported,Not Reported,Not Reported,State Verified,"178",KE-700,KEN,KEN,Not Applicable,Not Applicable,WDPA_WDOECM_Jan2024_Public_KEN_shp-polygons,/Users/meeraburghardt/Desktop/WDPA_WDOECM_Jan2024_Public_KEN_shp/WDPA_WDOECM_Jan2024_Public_KEN_shp_1/WDPA_WDOECM_Jan2024_Public_KEN_shp-polygons.shp,0
7636.000000000000000,"7636","1",Mailuganji,Mailuganji,Forest Reserve,Forest Reserve,National,Not Reported,Not Applicable,"0",0.000000000000000,0.000000000000000,16.850000000000001,18.225266133639899,Not Applicable,0.000000000000000,Designated,"1941",Not Reported,Not Reported,Not Reported,Not Reported,State Verified,"178",Not Reported,KEN,KEN,Not Applicable,Not Applicable,WDPA_WDOECM_Jan2024_Public_KEN_shp-polygons,/Users/meeraburghardt/Desktop/WDPA_WDOECM_Jan2024_Public_KEN_shp/WDPA_WDOECM_Jan2024_Public_KEN_shp_1/WDPA_WDOECM_Jan2024_Public_KEN_shp-polygons.shp,0
7637.000000000000000,"7637","1",Maji Mazuri,Maji Mazuri,Forest Reserve,Forest Reserve,National,Not Reported,Not Applicable,"0",0.000000000000000,0.000000000000000,78.090000000000003,81.165506605831197,Not Applicable,0.000000000000000,Designated,"1932",Not Reported,Not Reported,Not Reported,Not Reported,State Verified,"178",Not Reported,KEN,KEN,Not Applicable,Not Applicable,WDPA_WDOECM_Jan2024_Public_KEN_shp-polygons,/Users/meeraburghardt/Desktop/WDPA_WDOECM_Jan2024_Public_KEN_shp/WDPA_WDOECM_Jan2024_Public_KEN_shp_1/WDPA_WDOECM_Jan2024_Public_KEN_shp-polygons.shp,0
7638.000000000000000,"7638","1",Makongo-kitui,Makongo-kitui,Forest Reserve,Forest Reserve,National,Not Reported,Not Applicable,"0",0.000000000000000,0.000000000000000,24.469999999999999,32.429859762168903,Not Applicable,0.000000000000000,Designated,"1961",Not Reported,Not Reported,Not Reported,Not Reported,State Verified,"178",KE-400,KEN,KEN,Not Applicable,Not Applicable,WDPA_WDOECM_Jan2024_Public_KEN_shp-polygons,/Users/meeraburghardt/Desktop/WDPA_WDOECM_Jan2024_Public_KEN_shp/WDPA_WDOECM_Jan2024_Public_KEN_shp_1/WDPA_WDOECM_Jan2024_Public_KEN_shp-polygons.shp,0
7640.000000000000000,"7640","1",Makuli-nguuta,Makuli-nguuta,Forest Reserve,Forest Reserve,National,Not Reported,Not Applicable,"0",0.000000000000000,0.000000000000000,16.760000000000002,13.893485201772901,Not Applicable,0.000000000000000,Designated,"1960",Not Reported,Not Reported,Not Reported,Not Reported,State Verified,"178",KE-400,KEN,KEN,Not Applicable,Not Applicable,WDPA_WDOECM_Jan2024_Public_KEN_shp-polygons,/Users/meeraburghardt/Desktop/WDPA_WDOECM_Jan2024_Public_KEN_shp/WDPA_WDOECM_Jan2024_Public_KEN_shp_1/WDPA_WDOECM_Jan2024_Public_KEN_shp-polygons.shp,0
7641.000000000000000,"7641","1",Malaba,Malaba,Forest Reserve,Forest Reserve,National,Not Reported,Not Applicable,"0",0.000000000000000,0.000000000000000,7.210000000000000,6.635277025448920,Not Applicable,0.000000000000000,Designated,"1933",Not Reported,Not Reported,Not Reported,Not Reported,State Verified,"178",KE-800,KEN,KEN,Not Applicable,Not Applicable,WDPA_WDOECM_Jan2024_Public_KEN_shp-polygons,/Users/meeraburghardt/Desktop/WDPA_WDOECM_Jan2024_Public_KEN_shp/WDPA_WDOECM_Jan2024_Public_KEN_shp_1/WDPA_WDOECM_Jan2024_Public_KEN_shp-polygons.shp,0
7643.000000000000000,"7643","1",Maragoli,Maragoli,Forest Reserve,Forest Reserve,National,Not Reported,Not Applicable,"0",0.000000000000000,0.000000000000000,4.700000000000000,2.101369860066020,Not Applicable,0.000000000000000,Designated,"1957",Not Reported,Not Reported,Not Reported,Not Reported,State Verified,"178",KE-800,KEN,KEN,Not Applicable,Not Applicable,WDPA_WDOECM_Jan2024_Public_KEN_shp-polygons,/Users/meeraburghardt/Desktop/WDPA_WDOECM_Jan2024_Public_KEN_shp/WDPA_WDOECM_Jan2024_Public_KEN_shp_1/WDPA_WDOECM_Jan2024_Public_KEN_shp-polygons.shp,0
7644.000000000000000,"7644","1",Marenji,Marenji,Forest Reserve,Forest Reserve,National,Not Reported,Not Applicable,"0",0.000000000000000,0.000000000000000,15.190000000000000,11.050194649997399,Not Applicable,0.000000000000000,Designated,"1967",Not Reported,Not Reported,Not Reported,Not Reported,State Verified,"178",Not Reported,KEN,KEN,Not Applicable,Not Applicable,WDPA_WDOECM_Jan2024_Public_KEN_shp-polygons,/Users/meeraburghardt/Desktop/WDPA_WDOECM_Jan2024_Public_KEN_shp/WDPA_WDOECM_Jan2024_Public_KEN_shp_1/WDPA_WDOECM_Jan2024_Public_KEN_shp-polygons.shp,0
7645.000000000000000,"7645","1",Marmanet,Marmanet,Forest Reserve,Forest Reserve,National,Not Reported,Not Applicable,"0",0.000000000000000,0.000000000000000,226.439999999999998,209.370359099745002,Not Applicable,0.000000000000000,Designated,"1932",Not Reported,Not Reported,Not Reported,Not Reported,State Verified,"178",KE-700,KEN,KEN,Not Applicable,Not Applicable,WDPA_WDOECM_Jan2024_Public_KEN_shp-polygons,/Users/meeraburghardt/Desktop/WDPA_WDOECM_Jan2024_Public_KEN_shp/WDPA_WDOECM_Jan2024_Public_KEN_shp_1/WDPA_WDOECM_Jan2024_Public_KEN_shp-polygons.shp,0
7647.000000000000000,"7647","1",Marsabit,Marsabit,Forest Reserve,Forest Reserve,National,Not Reported,Not Applicable,"0",0.000000000000000,0.000000000000000,157.780000000000001,147.637032106400994,Not Applicable,0.000000000000000,Designated,"1932",Not Reported,Not Reported,Not Reported,Not Reported,State Verified,"178",KE-400,KEN,KEN,Not Applicable,Not Applicable,WDPA_WDOECM_Jan2024_Public_KEN_shp-polygons,/Users/meeraburghardt/Desktop/WDPA_WDOECM_Jan2024_Public_KEN_shp/WDPA_WDOECM_Jan2024_Public_KEN_shp_1/WDPA_WDOECM_Jan2024_Public_KEN_shp-polygons.shp,1
7648.000000000000000,"7648","1",Mataa,Mataa,Forest Reserve,Forest Reserve,National,Not Reported,Not Applicable,"0",0.000000000000000,0.000000000000000,0.480000000000000,9.433354556716271,Not Applicable,0.000000000000000,Designated,"1960",Not Reported,Not Reported,Not Reported,Not Reported,State Verified,"178",KE-400,KEN,KEN,Not Applicable,Not Applicable,WDPA_WDOECM_Jan2024_Public_KEN_shp-polygons,/Users/meeraburghardt/Desktop/WDPA_WDOECM_Jan2024_Public_KEN_shp/WDPA_WDOECM_Jan2024_Public_KEN_shp_1/WDPA_WDOECM_Jan2024_Public_KEN_shp-polygons.shp,0
7649.000000000000000,"7649","1",Mathews Range,Mathews Range,Forest Reserve,Forest Reserve,National,Not Reported,Not Applicable,"0",0.000000000000000,0.000000000000000,973.919999999999959,974.990566551153961,Not Applicable,0.000000000000000,Designated,"1956",Federal or national ministry or agency,Not Reported,Not Reported,Not Reported,Not Reported,"1714",KE-700,KEN,KEN,Not Applicable,Not Applicable,WDPA_WDOECM_Jan2024_Public_KEN_shp-polygons,/Users/meeraburghardt/Desktop/WDPA_WDOECM_Jan2024_Public_KEN_shp/WDPA_WDOECM_Jan2024_Public_KEN_shp_1/WDPA_WDOECM_Jan2024_Public_KEN_shp-polygons.shp,0
7650.000000000000000,"7650","1",Mau Narok,Mau Narok,Forest Reserve,Forest Reserve,National,Not Reported,Not Applicable,"0",0.000000000000000,0.000000000000000,8.510000000000000,6.435657088170200,Not Applicable,0.000000000000000,Designated,"1967",Not Reported,Not Reported,Not Reported,Not Reported,State Verified,"178",KE-700,KEN,KEN,Not Applicable,Not Applicable,WDPA_WDOECM_Jan2024_Public_KEN_shp-polygons,/Users/meeraburghardt/Desktop/WDPA_WDOECM_Jan2024_Public_KEN_shp/WDPA_WDOECM_Jan2024_Public_KEN_shp_1/WDPA_WDOECM_Jan2024_Public_KEN_shp-polygons.shp,0
7651.000000000000000,"7651","1",Menengai,Menengai,Forest Reserve,Forest Reserve,National,Not Reported,Not Applicable,"0",0.000000000000000,0.000000000000000,57.369999999999997,55.377255453286303,Not Applicable,0.000000000000000,Designated,"1977",Not Reported,Not Reported,Not Reported,Not Reported,State Verified,"178",KE-700,KEN,KEN,Not Applicable,Not Applicable,WDPA_WDOECM_Jan2024_Public_KEN_shp-polygons,/Users/meeraburghardt/Desktop/WDPA_WDOECM_Jan2024_Public_KEN_shp/WDPA_WDOECM_Jan2024_Public_KEN_shp_1/WDPA_WDOECM_Jan2024_Public_KEN_shp-polygons.shp,0
7653.000000000000000,"7653","1",Imenti or Upper Imenti,Imenti or Upper Imenti,Forest Reserve,Forest Reserve,National,Not Reported,Not Applicable,"0",0.000000000000000,0.000000000000000,121.989999999999995,122.804809024687003,Not Applicable,0.000000000000000,Designated,"1938",Not Reported,Not Reported,Not Reported,Not Reported,Not Reported,"495",KE-400,KEN,KEN,Not Applicable,Not Applicable,WDPA_WDOECM_Jan2024_Public_KEN_shp-polygons,/Users/meeraburghardt/Desktop/WDPA_WDOECM_Jan2024_Public_KEN_shp/WDPA_WDOECM_Jan2024_Public_KEN_shp_1/WDPA_WDOECM_Jan2024_Public_KEN_shp-polygons.shp,0
7654.000000000000000,"7654","1",Metkei,Metkei,Forest Reserve,Forest Reserve,National,Not Reported,Not Applicable,"0",0.000000000000000,0.000000000000000,19.579999999999998,17.588750449801200,Not Applicable,0.000000000000000,Designated,"1954",Not Reported,Not Reported,Not Reported,Not Reported,State Verified,"178",KE-700,KEN,KEN,Not Applicable,Not Applicable,WDPA_WDOECM_Jan2024_Public_KEN_shp-polygons,/Users/meeraburghardt/Desktop/WDPA_WDOECM_Jan2024_Public_KEN_shp/WDPA_WDOECM_Jan2024_Public_KEN_shp_1/WDPA_WDOECM_Jan2024_Public_KEN_shp-polygons.shp,0
7655.000000000000000,"7655","1",Mkongani North,Mkongani North,Forest Reserve,Forest Reserve,National,Not Reported,Not Applicable,"0",0.000000000000000,0.000000000000000,11.650000000000000,8.892709803001750,Not Applicable,0.000000000000000,Designated,"1956",Not Reported,Not Reported,Not Reported,Not Reported,State Verified,"178",KE-300,KEN,KEN,Not Applicable,Not Applicable,WDPA_WDOECM_Jan2024_Public_KEN_shp-polygons,/Users/meeraburghardt/Desktop/WDPA_WDOECM_Jan2024_Public_KEN_shp/WDPA_WDOECM_Jan2024_Public_KEN_shp_1/WDPA_WDOECM_Jan2024_Public_KEN_shp-polygons.shp,0
7656.000000000000000,"7656","1",Mkongani West,Mkongani West,Forest Reserve,Forest Reserve,National,Not Reported,Not Applicable,"0",0.000000000000000,0.000000000000000,14.080000000000000,15.053025755361100,Not Applicable,0.000000000000000,Designated,"1956",Not Reported,Not Reported,Not Reported,Not Reported,State Verified,"178",KE-300,KEN,KEN,Not Applicable,Not Applicable,WDPA_WDOECM_Jan2024_Public_KEN_shp-polygons,/Users/meeraburghardt/Desktop/WDPA_WDOECM_Jan2024_Public_KEN_shp/WDPA_WDOECM_Jan2024_Public_KEN_shp_1/WDPA_WDOECM_Jan2024_Public_KEN_shp-polygons.shp,0
7657.000000000000000,"7657","1",Molo,Molo,Forest Reserve,Forest Reserve,National,Not Reported,Not Applicable,"0",0.000000000000000,0.000000000000000,9.150000000000000,8.470421538600860,Not Applicable,0.000000000000000,Designated,"1932",Not Reported,Not Reported,Not Reported,Not Reported,State Verified,"178",KE-700,KEN,KEN,Not Applicable,Not Applicable,WDPA_WDOECM_Jan2024_Public_KEN_shp-polygons,/Users/meeraburghardt/Desktop/WDPA_WDOECM_Jan2024_Public_KEN_shp/WDPA_WDOECM_Jan2024_Public_KEN_shp_1/WDPA_WDOECM_Jan2024_Public_KEN_shp-polygons.shp,0
7660.000000000000000,"7660","1",Mount Elgon,Mount Elgon,Forest Reserve,Forest Reserve,National,Not Reported,Not Applicable,"0",0.000000000000000,0.000000000000000,730.889999999999986,608.929644538673870,Not Applicable,0.000000000000000,Designated,"1932",Not Reported,Not Reported,Not Reported,Not Reported,State Verified,"178",KE-800,KEN,KEN,Not Applicable,Not Applicable,WDPA_WDOECM_Jan2024_Public_KEN_shp-polygons,/Users/meeraburghardt/Desktop/WDPA_WDOECM_Jan2024_Public_KEN_shp/WDPA_WDOECM_Jan2024_Public_KEN_shp_1/WDPA_WDOECM_Jan2024_Public_KEN_shp-polygons.shp,36
7661.000000000000000,"7661","1",Mount Kenya,Mount Kenya,Forest Reserve,Forest Reserve,National,Not Reported,Not Applicable,"0",0.000000000000000,0.000000000000000,2009.740000000000009,2136.415113901579844,Not Applicable,0.000000000000000,Designated,"1943",Federal or national ministry or agency,Not Reported,Not Reported,Not Reported,Not Reported,"1714",Not Reported,KEN,KEN,Not Applicable,Not Applicable,WDPA_WDOECM_Jan2024_Public_KEN_shp-polygons,/Users/meeraburghardt/Desktop/WDPA_WDOECM_Jan2024_Public_KEN_shp/WDPA_WDOECM_Jan2024_Public_KEN_shp_1/WDPA_WDOECM_Jan2024_Public_KEN_shp-polygons.shp,0
7662.000000000000000,"7662","1",Mount Londiani,Mount Londiani,Forest Reserve,Forest Reserve,National,Not Reported,Not Applicable,"0",0.000000000000000,0.000000000000000,301.519999999999982,222.611424788049987,Not Applicable,0.000000000000000,Designated,"1932",Not Reported,Not Reported,Not Reported,Not Reported,State Verified,"178",KE-700,KEN,KEN,Not Applicable,Not Applicable,WDPA_WDOECM_Jan2024_Public_KEN_shp-polygons,/Users/meeraburghardt/Desktop/WDPA_WDOECM_Jan2024_Public_KEN_shp/WDPA_WDOECM_Jan2024_Public_KEN_shp_1/WDPA_WDOECM_Jan2024_Public_KEN_shp-polygons.shp,0
7663.000000000000000,"7663","1",Mount Nyiru,Mount Nyiru,Forest Reserve,Forest Reserve,National,Not Reported,Not Applicable,"0",0.000000000000000,0.000000000000000,454.959999999999980,459.946595772556009,Not Applicable,0.000000000000000,Designated,"1956",Not Reported,Not Reported,Not Reported,Not Reported,State Verified,"178",KE-700,KEN,KEN,Not Applicable,Not Applicable,WDPA_WDOECM_Jan2024_Public_KEN_shp-polygons,/Users/meeraburghardt/Desktop/WDPA_WDOECM_Jan2024_Public_KEN_shp/WDPA_WDOECM_Jan2024_Public_KEN_shp_1/WDPA_WDOECM_Jan2024_Public_KEN_shp-polygons.shp,0
7664.000000000000000,"7664","1",Mrima,Mrima,Forest Reserve,Forest Reserve,National,Not Reported,Not Applicable,"0",0.000000000000000,0.000000000000000,3.900000000000000,3.342255915905030,Not Applicable,0.000000000000000,Designated,"1961",Not Reported,Not Reported,Not Reported,Not Reported,State Verified,"178",KE-300,KEN,KEN,Not Applicable,Not Applicable,WDPA_WDOECM_Jan2024_Public_KEN_shp-polygons,/Users/meeraburghardt/Desktop/WDPA_WDOECM_Jan2024_Public_KEN_shp/WDPA_WDOECM_Jan2024_Public_KEN_shp_1/WDPA_WDOECM_Jan2024_Public_KEN_shp-polygons.shp,0
7666.000000000000000,"7666","1",Muguga,Muguga,Forest Reserve,Forest Reserve,National,Not Reported,Not Applicable,"0",0.000000000000000,0.000000000000000,2.250000000000000,1.433250772832410,Not Applicable,0.000000000000000,Designated,"1938",Not Reported,Not Reported,Not Reported,Not Reported,State Verified,"178",KE-200,KEN,KEN,Not Applicable,Not Applicable,WDPA_WDOECM_Jan2024_Public_KEN_shp-polygons,/Users/meeraburghardt/Desktop/WDPA_WDOECM_Jan2024_Public_KEN_shp/WDPA_WDOECM_Jan2024_Public_KEN_shp_1/WDPA_WDOECM_Jan2024_Public_KEN_shp-polygons.shp,0
7667.000000000000000,"7667","1",Mukobe,Mukobe,Forest Reserve,Forest Reserve,National,Not Reported,Not Applicable,"0",0.000000000000000,0.000000000000000,7.470000000000000,7.613175668313480,Not Applicable,0.000000000000000,Designated,"1962",Not Reported,Not Reported,Not Reported,Not Reported,State Verified,"178",KE-700,KEN,KEN,Not Applicable,Not Applicable,WDPA_WDOECM_Jan2024_Public_KEN_shp-polygons,/Users/meeraburghardt/Desktop/WDPA_WDOECM_Jan2024_Public_KEN_shp/WDPA_WDOECM_Jan2024_Public_KEN_shp_1/WDPA_WDOECM_Jan2024_Public_KEN_shp-polygons.shp,0
7668.000000000000000,"7668","1",Mukogodo,Mukogodo,Forest Reserve,Forest Reserve,National,Not Reported,Not Applicable,"0",0.000000000000000,0.000000000000000,299.310000000000002,311.239051702644019,Not Applicable,0.000000000000000,Designated,"1937",Federal or national ministry or agency,Not Reported,Not Reported,Not Reported,Not Reported,"1714",KE-700,KEN,KEN,Not Applicable,Not Applicable,WDPA_WDOECM_Jan2024_Public_KEN_shp-polygons,/Users/meeraburghardt/Desktop/WDPA_WDOECM_Jan2024_Public_KEN_shp/WDPA_WDOECM_Jan2024_Public_KEN_shp_1/WDPA_WDOECM_Jan2024_Public_KEN_shp-polygons.shp,0
7670.000000000000000,"7670","1",Munguni,Munguni,Forest Reserve,Forest Reserve,National,Not Reported,Not Applicable,"0",0.000000000000000,0.000000000000000,1.890000000000000,4.672585895133340,Not Applicable,0.000000000000000,Designated,"1959",Not Reported,Not Reported,Not Reported,Not Reported,State Verified,"178",KE-400,KEN,KEN,Not Applicable,Not Applicable,WDPA_WDOECM_Jan2024_Public_KEN_shp-polygons,/Users/meeraburghardt/Desktop/WDPA_WDOECM_Jan2024_Public_KEN_shp/WDPA_WDOECM_Jan2024_Public_KEN_shp_1/WDPA_WDOECM_Jan2024_Public_KEN_shp-polygons.shp,0
7672.000000000000000,"7672","1",Mutejwa,Mutejwa,Forest Reserve,Forest Reserve,National,Not Reported,Not Applicable,"0",0.000000000000000,0.000000000000000,13.180000000000000,8.652127496744550,Not Applicable,0.000000000000000,Designated,"1959",Not Reported,Not Reported,Not Reported,Not Reported,State Verified,"178",KE-400,KEN,KEN,Not Applicable,Not Applicable,WDPA_WDOECM_Jan2024_Public_KEN_shp-polygons,/Users/meeraburghardt/Desktop/WDPA_WDOECM_Jan2024_Public_KEN_shp/WDPA_WDOECM_Jan2024_Public_KEN_shp_1/WDPA_WDOECM_Jan2024_Public_KEN_shp-polygons.shp,0
7673.000000000000000,"7673","1",Mutharanga,Mutharanga,Forest Reserve,Forest Reserve,National,Not Reported,Not Applicable,"0",0.000000000000000,0.000000000000000,2.930000000000000,6.183793064417780,Not Applicable,0.000000000000000,Designated,"1959",Not Reported,Not Reported,Not Reported,Not Reported,State Verified,"178",KE-400,KEN,KEN,Not Applicable,Not Applicable,WDPA_WDOECM_Jan2024_Public_KEN_shp-polygons,/Users/meeraburghardt/Desktop/WDPA_WDOECM_Jan2024_Public_KEN_shp/WDPA_WDOECM_Jan2024_Public_KEN_shp_1/WDPA_WDOECM_Jan2024_Public_KEN_shp-polygons.shp,0
7674.000000000000000,"7674","1",Mutito,Mutito,Forest Reserve,Forest Reserve,National,Not Reported,Not Applicable,"0",0.000000000000000,0.000000000000000,19.750000000000000,30.831343975690800,Not Applicable,0.000000000000000,Designated,"1962",Not Reported,Not Reported,Not Reported,Not Reported,State Verified,"178",KE-400,KEN,KEN,Not Applicable,Not Applicable,WDPA_WDOECM_Jan2024_Public_KEN_shp-polygons,/Users/meeraburghardt/Desktop/WDPA_WDOECM_Jan2024_Public_KEN_shp/WDPA_WDOECM_Jan2024_Public_KEN_shp_1/WDPA_WDOECM_Jan2024_Public_KEN_shp-polygons.shp,0
7676.000000000000000,"7676","1",Mwachi,Mwachi,Forest Reserve,Forest Reserve,National,Not Reported,Not Applicable,"0",0.000000000000000,0.000000000000000,3.810000000000000,8.285439088064750,Not Applicable,0.000000000000000,Designated,"1938",Not Reported,Not Reported,Not Reported,Not Reported,State Verified,"178",KE-400,KEN,KEN,Not Applicable,Not Applicable,WDPA_WDOECM_Jan2024_Public_KEN_shp-polygons,/Users/meeraburghardt/Desktop/WDPA_WDOECM_Jan2024_Public_KEN_shp/WDPA_WDOECM_Jan2024_Public_KEN_shp_1/WDPA_WDOECM_Jan2024_Public_KEN_shp-polygons.shp,0
7679.000000000000000,"7679","1",Namanga Hill,Namanga Hill,Forest Reserve,Forest Reserve,National,Not Reported,Not Applicable,"0",0.000000000000000,0.000000000000000,119.040000000000006,106.443716711191996,Not Applicable,0.000000000000000,Designated,"1979",Federal or national ministry or agency,Not Reported,Not Reported,Not Reported,Not Reported,"1714",KE-700,KEN,KEN,Not Applicable,Not Applicable,WDPA_WDOECM_Jan2024_Public_KEN_shp-polygons,/Users/meeraburghardt/Desktop/WDPA_WDOECM_Jan2024_Public_KEN_shp/WDPA_WDOECM_Jan2024_Public_KEN_shp_1/WDPA_WDOECM_Jan2024_Public_KEN_shp-polygons.shp,0
7682.000000000000000,"7682","1",Nakuru,Nakuru,Forest Reserve,Forest Reserve,National,Not Reported,Not Applicable,"0",0.000000000000000,0.000000000000000,6.310000000000000,4.545772974452400,Not Applicable,0.000000000000000,Designated,"1977",Not Reported,Not Reported,Not Reported,Not Reported,State Verified,"178",KE-700,KEN,KEN,Not Applicable,Not Applicable,WDPA_WDOECM_Jan2024_Public_KEN_shp-polygons,/Users/meeraburghardt/Desktop/WDPA_WDOECM_Jan2024_Public_KEN_shp/WDPA_WDOECM_Jan2024_Public_KEN_shp_1/WDPA_WDOECM_Jan2024_Public_KEN_shp-polygons.shp,0
7683.000000000000000,"7683","1",Ngare Ndare,Ngare Ndare,Forest Reserve,Forest Reserve,National,Not Reported,Not Applicable,"0",0.000000000000000,0.000000000000000,55.770000000000003,56.139451827833902,Not Applicable,0.000000000000000,Designated,"1932",Not Reported,Not Reported,Not Reported,Not Reported,Not Reported,"495",KE-400,KEN,KEN,Not Applicable,Not Applicable,WDPA_WDOECM_Jan2024_Public_KEN_shp-polygons,/Users/meeraburghardt/Desktop/WDPA_WDOECM_Jan2024_Public_KEN_shp/WDPA_WDOECM_Jan2024_Public_KEN_shp_1/WDPA_WDOECM_Jan2024_Public_KEN_shp-polygons.shp,0
7685.000000000000000,"7685","1",Ndotos Range,Ndotos Range,Forest Reserve,Forest Reserve,National,Not Reported,Not Applicable,"0",0.000000000000000,0.000000000000000,932.049999999999955,958.344865325380056,Not Applicable,0.000000000000000,Designated,"1956",Not Reported,Not Reported,Not Reported,Not Reported,State Verified,"178",KE-700,KEN,KEN,Not Applicable,Not Applicable,WDPA_WDOECM_Jan2024_Public_KEN_shp-polygons,/Users/meeraburghardt/Desktop/WDPA_WDOECM_Jan2024_Public_KEN_shp/WDPA_WDOECM_Jan2024_Public_KEN_shp_1/WDPA_WDOECM_Jan2024_Public_KEN_shp-polygons.shp,0
7687.000000000000000,"7687","1",Ngaia,Ngaia,Forest Reserve,Forest Reserve,National,Not Reported,Not Applicable,"0",0.000000000000000,0.000000000000000,43.140000000000001,83.219409761483405,Not Applicable,0.000000000000000,Designated,"1959",Not Reported,Not Reported,Not Reported,Not Reported,State Verified,"178",KE-400,KEN,KEN,Not Applicable,Not Applicable,WDPA_WDOECM_Jan2024_Public_KEN_shp-polygons,/Users/meeraburghardt/Desktop/WDPA_WDOECM_Jan2024_Public_KEN_shp/WDPA_WDOECM_Jan2024_Public_KEN_shp_1/WDPA_WDOECM_Jan2024_Public_KEN_shp-polygons.shp,0
7688.000000000000000,"7688","1",Ngamba,Ngamba,Forest Reserve,Forest Reserve,National,Not Reported,Not Applicable,"0",0.000000000000000,0.000000000000000,11.410000000000000,9.348101212718669,Not Applicable,0.000000000000000,Designated,"1961",Not Reported,Not Reported,Not Reported,Not Reported,State Verified,"178",KE-400,KEN,KEN,Not Applicable,Not Applicable,WDPA_WDOECM_Jan2024_Public_KEN_shp-polygons,/Users/meeraburghardt/Desktop/WDPA_WDOECM_Jan2024_Public_KEN_shp/WDPA_WDOECM_Jan2024_Public_KEN_shp_1/WDPA_WDOECM_Jan2024_Public_KEN_shp-polygons.shp,0
7689.000000000000000,"7689","1",Ngong Road,Ngong Road,Forest Reserve,Forest Reserve,National,Not Reported,Not Applicable,"0",0.000000000000000,0.000000000000000,10.390000000000001,10.612718299091700,Not Applicable,0.000000000000000,Designated,"1932",Not Reported,Not Reported,Not Reported,Not Reported,State Verified,"178",KE-110,KEN,KEN,Not Applicable,Not Applicable,WDPA_WDOECM_Jan2024_Public_KEN_shp-polygons,/Users/meeraburghardt/Desktop/WDPA_WDOECM_Jan2024_Public_KEN_shp/WDPA_WDOECM_Jan2024_Public_KEN_shp_1/WDPA_WDOECM_Jan2024_Public_KEN_shp-polygons.shp,0
7690.000000000000000,"7690","1",Njuguni,Njuguni,Forest Reserve,Forest Reserve,National,Not Reported,Not Applicable,"0",0.000000000000000,0.000000000000000,19.870000000000001,17.985445165485501,Not Applicable,0.000000000000000,Designated,"1959",Not Reported,Not Reported,Not Reported,Not Reported,State Verified,"178",KE-400,KEN,KEN,Not Applicable,Not Applicable,WDPA_WDOECM_Jan2024_Public_KEN_shp-polygons,/Users/meeraburghardt/Desktop/WDPA_WDOECM_Jan2024_Public_KEN_shp/WDPA_WDOECM_Jan2024_Public_KEN_shp_1/WDPA_WDOECM_Jan2024_Public_KEN_shp-polygons.shp,0
7692.000000000000000,"7692","1",North Nandi,North Nandi,Forest Reserve,Forest Reserve,National,Not Reported,Not Applicable,"0",0.000000000000000,0.000000000000000,113.450000000000003,112.316668617785993,Not Applicable,0.000000000000000,Designated,"1936",Not Reported,Not Reported,Not Reported,Not Reported,State Verified,"178",KE-700,KEN,KEN,Not Applicable,Not Applicable,WDPA_WDOECM_Jan2024_Public_KEN_shp-polygons,/Users/meeraburghardt/Desktop/WDPA_WDOECM_Jan2024_Public_KEN_shp/WDPA_WDOECM_Jan2024_Public_KEN_shp_1/WDPA_WDOECM_Jan2024_Public_KEN_shp-polygons.shp,0
7693.000000000000000,"7693","1",Northern Tinderet,Northern Tinderet,Forest Reserve,Forest Reserve,National,Not Reported,Not Applicable,"0",0.000000000000000,0.000000000000000,262.850000000000023,295.201866106510010,Not Applicable,0.000000000000000,Designated,"1932",Not Reported,Not Reported,Not Reported,Not Reported,State Verified,"178",KE-700,KEN,KEN,Not Applicable,Not Applicable,WDPA_WDOECM_Jan2024_Public_KEN_shp-polygons,/Users/meeraburghardt/Desktop/WDPA_WDOECM_Jan2024_Public_KEN_shp/WDPA_WDOECM_Jan2024_Public_KEN_shp_1/WDPA_WDOECM_Jan2024_Public_KEN_shp-polygons.shp,0
7694.000000000000000,"7694","1",Nthangu,Nthangu,Forest Reserve,Forest Reserve,National,Not Reported,Not Applicable,"0",0.000000000000000,0.000000000000000,8.449999999999999,10.697012906717600,Not Applicable,0.000000000000000,Designated,"1960",Not Reported,Not Reported,Not Reported,Not Reported,State Verified,"178",KE-200,KEN,KEN,Not Applicable,Not Applicable,WDPA_WDOECM_Jan2024_Public_KEN_shp-polygons,/Users/meeraburghardt/Desktop/WDPA_WDOECM_Jan2024_Public_KEN_shp/WDPA_WDOECM_Jan2024_Public_KEN_shp_1/WDPA_WDOECM_Jan2024_Public_KEN_shp-polygons.shp,0
7696.000000000000000,"7696","1",Nuu,Nuu,Forest Reserve,Forest Reserve,National,Not Reported,Not Applicable,"0",0.000000000000000,0.000000000000000,25.320000000000000,45.580264441921102,Not Applicable,0.000000000000000,Designated,"1961",Not Reported,Not Reported,Not Reported,Not Reported,State Verified,"178",Not Reported,KEN,KEN,Not Applicable,Not Applicable,WDPA_WDOECM_Jan2024_Public_KEN_shp-polygons,/Users/meeraburghardt/Desktop/WDPA_WDOECM_Jan2024_Public_KEN_shp/WDPA_WDOECM_Jan2024_Public_KEN_shp_1/WDPA_WDOECM_Jan2024_Public_KEN_shp-polygons.shp,0
7697.000000000000000,"7697","1",Nyambeni,Nyambeni,Forest Reserve,Forest Reserve,National,Not Reported,Not Applicable,"0",0.000000000000000,0.000000000000000,54.539999999999999,52.546643214585600,Not Applicable,0.000000000000000,Designated,"1959",Not Reported,Not Reported,Not Reported,Not Reported,State Verified,"178",KE-400,KEN,KEN,Not Applicable,Not Applicable,WDPA_WDOECM_Jan2024_Public_KEN_shp-polygons,/Users/meeraburghardt/Desktop/WDPA_WDOECM_Jan2024_Public_KEN_shp/WDPA_WDOECM_Jan2024_Public_KEN_shp_1/WDPA_WDOECM_Jan2024_Public_KEN_shp-polygons.shp,0
7699.000000000000000,"7699","1",Nyeri,Nyeri,Forest Reserve,Forest Reserve,National,Not Reported,Not Applicable,"0",0.000000000000000,0.000000000000000,12.140000000000001,12.042556197910599,Not Applicable,0.000000000000000,Designated,"1932",Federal or national ministry or agency,Not Reported,Not Reported,Not Reported,Not Reported,"1714",Not Reported,KEN,KEN,Not Applicable,Not Applicable,WDPA_WDOECM_Jan2024_Public_KEN_shp-polygons,/Users/meeraburghardt/Desktop/WDPA_WDOECM_Jan2024_Public_KEN_shp/WDPA_WDOECM_Jan2024_Public_KEN_shp_1/WDPA_WDOECM_Jan2024_Public_KEN_shp-polygons.shp,0
7701.000000000000000,"7701","1",Nzaui,Nzaui,Forest Reserve,Forest Reserve,National,Not Reported,Not Applicable,"0",0.000000000000000,0.000000000000000,10.010000000000000,14.372373221477901,Not Applicable,0.000000000000000,Designated,"1960",Not Reported,Not Reported,Not Reported,Not Reported,State Verified,"178",KE-400,KEN,KEN,Not Applicable,Not Applicable,WDPA_WDOECM_Jan2024_Public_KEN_shp-polygons,/Users/meeraburghardt/Desktop/WDPA_WDOECM_Jan2024_Public_KEN_shp/WDPA_WDOECM_Jan2024_Public_KEN_shp_1/WDPA_WDOECM_Jan2024_Public_KEN_shp-polygons.shp,0
7702.000000000000000,"7702","1",Ol-arabel,Ol-arabel,Forest Reserve,Forest Reserve,National,Not Reported,Not Applicable,"0",0.000000000000000,0.000000000000000,97.379999999999995,99.598365373427015,Not Applicable,0.000000000000000,Designated,"1941",Not Reported,Not Reported,Not Reported,Not Reported,State Verified,"178",KE-700,KEN,KEN,Not Applicable,Not Applicable,WDPA_WDOECM_Jan2024_Public_KEN_shp-polygons,/Users/meeraburghardt/Desktop/WDPA_WDOECM_Jan2024_Public_KEN_shp/WDPA_WDOECM_Jan2024_Public_KEN_shp_1/WDPA_WDOECM_Jan2024_Public_KEN_shp-polygons.shp,0
7703.000000000000000,"7703","1",Ol-bolossat,Ol-bolossat,Forest Reserve,Forest Reserve,National,Not Reported,Not Applicable,"0",0.000000000000000,0.000000000000000,32.689999999999998,36.289720838293199,Not Applicable,0.000000000000000,Designated,"1938",Not Reported,Not Reported,Not Reported,Not Reported,State Verified,"178",Not Reported,KEN,KEN,Not Applicable,Not Applicable,WDPA_WDOECM_Jan2024_Public_KEN_shp-polygons,/Users/meeraburghardt/Desktop/WDPA_WDOECM_Jan2024_Public_KEN_shp/WDPA_WDOECM_Jan2024_Public_KEN_shp_1/WDPA_WDOECM_Jan2024_Public_KEN_shp-polygons.shp,0
7704.000000000000000,"7704","1",Ololua,Ololua,Forest Reserve,Forest Reserve,National,Not Reported,Not Applicable,"0",0.000000000000000,0.000000000000000,6.390000000000000,6.006115232616350,Not Applicable,0.000000000000000,Designated,"1941",Not Reported,Not Reported,Not Reported,Not Reported,State Verified,"178",KE-110,KEN,KEN,Not Applicable,Not Applicable,WDPA_WDOECM_Jan2024_Public_KEN_shp-polygons,/Users/meeraburghardt/Desktop/WDPA_WDOECM_Jan2024_Public_KEN_shp/WDPA_WDOECM_Jan2024_Public_KEN_shp_1/WDPA_WDOECM_Jan2024_Public_KEN_shp-polygons.shp,0
7705.000000000000000,"7705","1",Ol-pusimoru,Ol-pusimoru,Forest Reserve,Forest Reserve,National,Not Reported,Not Applicable,"0",0.000000000000000,0.000000000000000,172.580000000000013,358.722888543221018,Not Applicable,0.000000000000000,Designated,"1957",Not Reported,Not Reported,Not Reported,Not Reported,State Verified,"178",KE-700,KEN,KEN,Not Applicable,Not Applicable,WDPA_WDOECM_Jan2024_Public_KEN_shp-polygons,/Users/meeraburghardt/Desktop/WDPA_WDOECM_Jan2024_Public_KEN_shp/WDPA_WDOECM_Jan2024_Public_KEN_shp_1/WDPA_WDOECM_Jan2024_Public_KEN_shp-polygons.shp,1
7707.000000000000000,"7707","1",Perkerra Catchment,Perkerra Catchment,Forest Reserve,Forest Reserve,National,Not Reported,Not Applicable,"0",0.000000000000000,0.000000000000000,44.140000000000001,52.629365707994893,Not Applicable,0.000000000000000,Designated,"1962",Not Reported,Not Reported,Not Reported,Not Reported,State Verified,"178",KE-700,KEN,KEN,Not Applicable,Not Applicable,WDPA_WDOECM_Jan2024_Public_KEN_shp-polygons,/Users/meeraburghardt/Desktop/WDPA_WDOECM_Jan2024_Public_KEN_shp/WDPA_WDOECM_Jan2024_Public_KEN_shp_1/WDPA_WDOECM_Jan2024_Public_KEN_shp-polygons.shp,0
7708.000000000000000,"7708","1",Rumuruti,Rumuruti,Forest Reserve,Forest Reserve,National,Not Reported,Not Applicable,"0",0.000000000000000,0.000000000000000,65.510000000000005,62.310333185150903,Not Applicable,0.000000000000000,Designated,"1932",Not Reported,Not Reported,Not Reported,Not Reported,State Verified,"178",KE-700,KEN,KEN,Not Applicable,Not Applicable,WDPA_WDOECM_Jan2024_Public_KEN_shp-polygons,/Users/meeraburghardt/Desktop/WDPA_WDOECM_Jan2024_Public_KEN_shp/WDPA_WDOECM_Jan2024_Public_KEN_shp_1/WDPA_WDOECM_Jan2024_Public_KEN_shp-polygons.shp,0
7709.000000000000000,"7709","1",Saimo,Saimo,Forest Reserve,Forest Reserve,National,Not Reported,Not Applicable,"0",0.000000000000000,0.000000000000000,7.270000000000000,10.005330868889100,Not Applicable,0.000000000000000,Designated,"1949",Not Reported,Not Reported,Not Reported,Not Reported,State Verified,"178",KE-700,KEN,KEN,Not Applicable,Not Applicable,WDPA_WDOECM_Jan2024_Public_KEN_shp-polygons,/Users/meeraburghardt/Desktop/WDPA_WDOECM_Jan2024_Public_KEN_shp/WDPA_WDOECM_Jan2024_Public_KEN_shp_1/WDPA_WDOECM_Jan2024_Public_KEN_shp-polygons.shp,0
7713.000000000000000,"7713","1",Sogotio,Sogotio,Forest Reserve,Forest Reserve,National,Not Reported,Not Applicable,"0",0.000000000000000,0.000000000000000,35.549999999999997,33.200789863329497,Not Applicable,0.000000000000000,Designated,"1941",Not Reported,Not Reported,Not Reported,Not Reported,State Verified,"178",KE-700,KEN,KEN,Not Applicable,Not Applicable,WDPA_WDOECM_Jan2024_Public_KEN_shp-polygons,/Users/meeraburghardt/Desktop/WDPA_WDOECM_Jan2024_Public_KEN_shp/WDPA_WDOECM_Jan2024_Public_KEN_shp_1/WDPA_WDOECM_Jan2024_Public_KEN_shp-polygons.shp,0
7719.000000000000000,"7719","1",South Nandi,South Nandi,Forest Reserve,Forest Reserve,National,Not Reported,Not Applicable,"0",0.000000000000000,0.000000000000000,195.680000000000007,199.717185209298009,Not Applicable,0.000000000000000,Designated,"1936",Not Reported,Not Reported,Not Reported,Not Reported,State Verified,"178",KE-700,KEN,KEN,Not Applicable,Not Applicable,WDPA_WDOECM_Jan2024_Public_KEN_shp-polygons,/Users/meeraburghardt/Desktop/WDPA_WDOECM_Jan2024_Public_KEN_shp/WDPA_WDOECM_Jan2024_Public_KEN_shp_1/WDPA_WDOECM_Jan2024_Public_KEN_shp-polygons.shp,0
7720.000000000000000,"7720","1",Sekhendu,Sekhendu,Forest Reserve,Forest Reserve,National,Not Reported,Not Applicable,"0",0.000000000000000,0.000000000000000,8.039999999999999,7.562468216659280,Not Applicable,0.000000000000000,Designated,"1977",Not Reported,Not Reported,Not Reported,Not Reported,State Verified,"178",KE-700,KEN,KEN,Not Applicable,Not Applicable,WDPA_WDOECM_Jan2024_Public_KEN_shp-polygons,/Users/meeraburghardt/Desktop/WDPA_WDOECM_Jan2024_Public_KEN_shp/WDPA_WDOECM_Jan2024_Public_KEN_shp_1/WDPA_WDOECM_Jan2024_Public_KEN_shp-polygons.shp,0
7722.000000000000000,"7722","1",Taressia,Taressia,Forest Reserve,Forest Reserve,National,Not Reported,Not Applicable,"0",0.000000000000000,0.000000000000000,3.750000000000000,3.615868946071650,Not Applicable,0.000000000000000,Designated,"1936",Not Reported,Not Reported,Not Reported,Not Reported,State Verified,"178",KE-700,KEN,KEN,Not Applicable,Not Applicable,WDPA_WDOECM_Jan2024_Public_KEN_shp-polygons,/Users/meeraburghardt/Desktop/WDPA_WDOECM_Jan2024_Public_KEN_shp/WDPA_WDOECM_Jan2024_Public_KEN_shp_1/WDPA_WDOECM_Jan2024_Public_KEN_shp-polygons.shp,0
7723.000000000000000,"7723","1",Thunguru Hill,Thunguru Hill,Forest Reserve,Forest Reserve,National,Not Reported,Not Applicable,"0",0.000000000000000,0.000000000000000,5.540000000000000,8.779602615322442,Not Applicable,0.000000000000000,Designated,"1959",Not Reported,Not Reported,Not Reported,Not Reported,State Verified,"178",KE-400,KEN,KEN,Not Applicable,Not Applicable,WDPA_WDOECM_Jan2024_Public_KEN_shp-polygons,/Users/meeraburghardt/Desktop/WDPA_WDOECM_Jan2024_Public_KEN_shp/WDPA_WDOECM_Jan2024_Public_KEN_shp_1/WDPA_WDOECM_Jan2024_Public_KEN_shp-polygons.shp,0
7724.000000000000000,"7724","1",Thuuri,Thuuri,Forest Reserve,Forest Reserve,National,Not Reported,Not Applicable,"0",0.000000000000000,0.000000000000000,7.320000000000000,6.577344081373720,Not Applicable,0.000000000000000,Designated,"1959",Not Reported,Not Reported,Not Reported,Not Reported,State Verified,"178",KE-400,KEN,KEN,Not Applicable,Not Applicable,WDPA_WDOECM_Jan2024_Public_KEN_shp-polygons,/Users/meeraburghardt/Desktop/WDPA_WDOECM_Jan2024_Public_KEN_shp/WDPA_WDOECM_Jan2024_Public_KEN_shp_1/WDPA_WDOECM_Jan2024_Public_KEN_shp-polygons.shp,0
7725.000000000000000,"7725","1",Timau,Timau,Forest Reserve,Forest Reserve,National,Not Reported,Not Applicable,"0",0.000000000000000,0.000000000000000,2.950000000000000,3.811688771898890,Not Applicable,0.000000000000000,Designated,"1950",Not Reported,Not Reported,Not Reported,Not Reported,State Verified,"178",KE-400,KEN,KEN,Not Applicable,Not Applicable,WDPA_WDOECM_Jan2024_Public_KEN_shp-polygons,/Users/meeraburghardt/Desktop/WDPA_WDOECM_Jan2024_Public_KEN_shp/WDPA_WDOECM_Jan2024_Public_KEN_shp_1/WDPA_WDOECM_Jan2024_Public_KEN_shp-polygons.shp,0
7726.000000000000000,"7726","1",Timboroa,Timboroa,Forest Reserve,Forest Reserve,National,Not Reported,Not Applicable,"0",0.000000000000000,0.000000000000000,58.130000000000003,53.224924924692893,Not Applicable,0.000000000000000,Designated,"1932",Not Reported,Not Reported,Not Reported,Not Reported,State Verified,"178",KE-700,KEN,KEN,Not Applicable,Not Applicable,WDPA_WDOECM_Jan2024_Public_KEN_shp-polygons,/Users/meeraburghardt/Desktop/WDPA_WDOECM_Jan2024_Public_KEN_shp/WDPA_WDOECM_Jan2024_Public_KEN_shp_1/WDPA_WDOECM_Jan2024_Public_KEN_shp-polygons.shp,0
7727.000000000000000,"7727","1",Tinderet,Tinderet,Forest Reserve,Forest Reserve,National,Not Reported,Not Applicable,"0",0.000000000000000,0.000000000000000,281.670000000000016,340.633155247854972,Not Applicable,0.000000000000000,Designated,"1932",Not Reported,Not Reported,Not Reported,Not Reported,State Verified,"178",KE-700,KEN,KEN,Not Applicable,Not Applicable,WDPA_WDOECM_Jan2024_Public_KEN_shp-polygons,/Users/meeraburghardt/Desktop/WDPA_WDOECM_Jan2024_Public_KEN_shp/WDPA_WDOECM_Jan2024_Public_KEN_shp_1/WDPA_WDOECM_Jan2024_Public_KEN_shp-polygons.shp,0
7730.000000000000000,"7730","1",Transmara,Transmara,Forest Reserve,Forest Reserve,National,Not Reported,Not Applicable,"0",0.000000000000000,0.000000000000000,344.569999999999993,378.208057039847972,Not Applicable,0.000000000000000,Designated,"1941",Not Reported,Not Reported,Not Reported,Not Reported,State Verified,"178",KE-700,KEN,KEN,Not Applicable,Not Applicable,WDPA_WDOECM_Jan2024_Public_KEN_shp-polygons,/Users/meeraburghardt/Desktop/WDPA_WDOECM_Jan2024_Public_KEN_shp/WDPA_WDOECM_Jan2024_Public_KEN_shp_1/WDPA_WDOECM_Jan2024_Public_KEN_shp-polygons.shp,0
7734.000000000000000,"7734","1",Turbo,Turbo,Forest Reserve,Forest Reserve,National,Not Reported,Not Applicable,"0",0.000000000000000,0.000000000000000,108.140000000000001,111.237212301575994,Not Applicable,0.000000000000000,Designated,"1968",Not Reported,Not Reported,Not Reported,Not Reported,State Verified,"178",KE-800,KEN,KEN,Not Applicable,Not Applicable,WDPA_WDOECM_Jan2024_Public_KEN_shp-polygons,/Users/meeraburghardt/Desktop/WDPA_WDOECM_Jan2024_Public_KEN_shp/WDPA_WDOECM_Jan2024_Public_KEN_shp_1/WDPA_WDOECM_Jan2024_Public_KEN_shp-polygons.shp,0
7736.000000000000000,"7736","1",Uaso Narok,Uaso Narok,Forest Reserve,Forest Reserve,National,Not Reported,Not Applicable,"0",0.000000000000000,0.000000000000000,19.660000000000000,12.324133666667400,Not Applicable,0.000000000000000,Designated,"1960",Not Reported,Not Reported,Not Reported,Not Reported,State Verified,"178",Not Reported,KEN,KEN,Not Applicable,Not Applicable,WDPA_WDOECM_Jan2024_Public_KEN_shp-polygons,/Users/meeraburghardt/Desktop/WDPA_WDOECM_Jan2024_Public_KEN_shp/WDPA_WDOECM_Jan2024_Public_KEN_shp_1/WDPA_WDOECM_Jan2024_Public_KEN_shp-polygons.shp,0
7744.000000000000000,"7744","1",Witu,Witu,Forest Reserve,Forest Reserve,National,Not Reported,Not Applicable,"0",0.000000000000000,0.000000000000000,40.020000000000003,23.192453347845500,Not Applicable,0.000000000000000,Designated,"1962",Not Reported,Not Reported,Not Reported,Not Reported,State Verified,"178",KE-300,KEN,KEN,Not Applicable,Not Applicable,WDPA_WDOECM_Jan2024_Public_KEN_shp-polygons,/Users/meeraburghardt/Desktop/WDPA_WDOECM_Jan2024_Public_KEN_shp/WDPA_WDOECM_Jan2024_Public_KEN_shp_1/WDPA_WDOECM_Jan2024_Public_KEN_shp-polygons.shp,0
7887.000000000000000,"7887","1",Central Island,Central Island,National Park,National Park,National,II,Not Applicable,"0",0.000000000000000,0.000000000000000,5.000000000000000,4.776199826158380,Not Applicable,0.000000000000000,Designated,"1983",Federal or national ministry or agency,State,Kenya Wildlife Service,Not Reported,State Verified,"933",Not Reported,KEN,KEN,Not Applicable,Not Applicable,WDPA_WDOECM_Jan2024_Public_KEN_shp-polygons,/Users/meeraburghardt/Desktop/WDPA_WDOECM_Jan2024_Public_KEN_shp/WDPA_WDOECM_Jan2024_Public_KEN_shp_1/WDPA_WDOECM_Jan2024_Public_KEN_shp-polygons.shp,0
7888.000000000000000,"7888","1",South Island,South Island,National Park,National Park,National,II,Not Applicable,"0",0.000000000000000,0.000000000000000,150.500000000000000,149.310089748588979,Not Applicable,0.000000000000000,Designated,"1983",Federal or national ministry or agency,State,Kenya Wildlife Service,Not Reported,State Verified,"933",Not Reported,KEN,KEN,Not Applicable,Not Applicable,WDPA_WDOECM_Jan2024_Public_KEN_shp-polygons,/Users/meeraburghardt/Desktop/WDPA_WDOECM_Jan2024_Public_KEN_shp/WDPA_WDOECM_Jan2024_Public_KEN_shp_1/WDPA_WDOECM_Jan2024_Public_KEN_shp-polygons.shp,0
10750.000000000000000,"10750","1",Kerio Valley,Kerio Valley,National Reserve,National Reserve,National,VI,Not Applicable,"0",0.000000000000000,0.000000000000000,66.000000000000000,65.716424445572798,Not Applicable,0.000000000000000,Designated,"1983",Federal or national ministry or agency,State,Kenya Wildlife Service,Not Reported,State Verified,"933",Not Reported,KEN,KEN,Not Applicable,Not Applicable,WDPA_WDOECM_Jan2024_Public_KEN_shp-polygons,/Users/meeraburghardt/Desktop/WDPA_WDOECM_Jan2024_Public_KEN_shp/WDPA_WDOECM_Jan2024_Public_KEN_shp_1/WDPA_WDOECM_Jan2024_Public_KEN_shp-polygons.shp,0
10751.000000000000000,"10751","1",Maralal,Maralal,National Sanctuary,National Sanctuary,National,IV,Not Applicable,"0",0.000000000000000,0.000000000000000,5.000000000000000,4.926256980687100,Not Applicable,0.000000000000000,Designated,"1988",Federal or national ministry or agency,State,Kenya Wildlife Service,Not Reported,State Verified,"933",Not Reported,KEN,KEN,Not Applicable,Not Applicable,WDPA_WDOECM_Jan2024_Public_KEN_shp-polygons,/Users/meeraburghardt/Desktop/WDPA_WDOECM_Jan2024_Public_KEN_shp/WDPA_WDOECM_Jan2024_Public_KEN_shp_1/WDPA_WDOECM_Jan2024_Public_KEN_shp-polygons.shp,0
12344.000000000000000,"12344","1",Ndere Island,Ndere Island,National Park,National Park,National,II,Not Applicable,"0",0.000000000000000,0.000000000000000,4.200000000000000,4.055938573017931,Not Applicable,0.000000000000000,Designated,"1986",Federal or national ministry or agency,State,Kenya Wildlife Service,Not Reported,State Verified,"933",Not Reported,KEN,KEN,Not Applicable,Not Applicable,WDPA_WDOECM_Jan2024_Public_KEN_shp-polygons,/Users/meeraburghardt/Desktop/WDPA_WDOECM_Jan2024_Public_KEN_shp/WDPA_WDOECM_Jan2024_Public_KEN_shp_1/WDPA_WDOECM_Jan2024_Public_KEN_shp-polygons.shp,0
12345.000000000000000,"12345","1",Mombasa,Mombasa,Marine National Reserve,Marine National Reserve,National,Not Reported,Not Applicable,"2",200.000000000000000,198.874185702490962,200.000000000000000,198.876444637907014,Not Reported,0.000000000000000,Designated,"1986",Federal or national ministry or agency,State,Kenya Wildlife Service,Not Reported,State Verified,"933",Not Reported,KEN,KEN,Not Applicable,Not Applicable,WDPA_WDOECM_Jan2024_Public_KEN_shp-polygons,/Users/meeraburghardt/Desktop/WDPA_WDOECM_Jan2024_Public_KEN_shp/WDPA_WDOECM_Jan2024_Public_KEN_shp_1/WDPA_WDOECM_Jan2024_Public_KEN_shp-polygons.shp,0
14013.000000000000000,"14013","1",Mombasa,Mombasa,Marine National Park,Marine National Park,National,Not Reported,Not Applicable,"2",10.000000000000000,10.039488997338401,10.000000000000000,10.039488997338500,Not Reported,0.000000000000000,Designated,"1986",Federal or national ministry or agency,State,Kenya Wildlife Service,Not Reported,State Verified,"933",Not Reported,KEN,KEN,Not Applicable,Not Applicable,WDPA_WDOECM_Jan2024_Public_KEN_shp-polygons,/Users/meeraburghardt/Desktop/WDPA_WDOECM_Jan2024_Public_KEN_shp/WDPA_WDOECM_Jan2024_Public_KEN_shp_1/WDPA_WDOECM_Jan2024_Public_KEN_shp-polygons.shp,0
17825.000000000000000,"17825","1",Solio Ranch and Rhino Sanctuary,Solio Ranch,Private Ranch,Private Ranch,National,Not Reported,Not Applicable,"0",0.000000000000000,0.000000000000000,200.000000000000000,238.117337174836990,Not Applicable,0.000000000000000,Designated,"1970",Non-profit organisations,Not Reported,Not Reported,Not Reported,Not Reported,"1714",KE-700,KEN,KEN,Not Applicable,Not Applicable,WDPA_WDOECM_Jan2024_Public_KEN_shp-polygons,/Users/meeraburghardt/Desktop/WDPA_WDOECM_Jan2024_Public_KEN_shp/WDPA_WDOECM_Jan2024_Public_KEN_shp_1/WDPA_WDOECM_Jan2024_Public_KEN_shp-polygons.shp,0
17826.000000000000000,"17826","1",Ol Jogi Ranch,Ol Jogi Ranch,Private Ranch,Private Ranch,National,Not Reported,Not Applicable,"0",0.000000000000000,0.000000000000000,267.000000000000000,116.977724949985003,Not Applicable,0.000000000000000,Not Reported,"1985",Non-profit organisations,Not Reported,Private,Not Reported,Not Reported,"1775",KE-700,KEN,KEN,Not Applicable,Not Applicable,WDPA_WDOECM_Jan2024_Public_KEN_shp-polygons,/Users/meeraburghardt/Desktop/WDPA_WDOECM_Jan2024_Public_KEN_shp/WDPA_WDOECM_Jan2024_Public_KEN_shp_1/WDPA_WDOECM_Jan2024_Public_KEN_shp-polygons.shp,0
19562.000000000000000,"19562","1",Mt. Longonot,Mt. Longonot,National Park,National Park,National,II,Not Applicable,"0",0.000000000000000,0.000000000000000,52.000000000000000,52.183299167932198,Not Applicable,0.000000000000000,Designated,"1983",Federal or national ministry or agency,State,Kenya Wildlife Service,Not Reported,State Verified,"933",Not Reported,KEN,KEN,Not Applicable,Not Applicable,WDPA_WDOECM_Jan2024_Public_KEN_shp-polygons,/Users/meeraburghardt/Desktop/WDPA_WDOECM_Jan2024_Public_KEN_shp/WDPA_WDOECM_Jan2024_Public_KEN_shp_1/WDPA_WDOECM_Jan2024_Public_KEN_shp-polygons.shp,0
19563.000000000000000,"19563","1",Chyulu Hills,Chyulu Hills,National Park,National Park,National,II,Not Applicable,"0",0.000000000000000,0.000000000000000,471.000000000000000,733.918081651337957,Not Applicable,0.000000000000000,Designated,"1983",Federal or national ministry or agency,State,Kenya Wildlife Service,Not Reported,State Verified,"933",Not Reported,KEN,KEN,Not Applicable,Not Applicable,WDPA_WDOECM_Jan2024_Public_KEN_shp-polygons,/Users/meeraburghardt/Desktop/WDPA_WDOECM_Jan2024_Public_KEN_shp/WDPA_WDOECM_Jan2024_Public_KEN_shp_1/WDPA_WDOECM_Jan2024_Public_KEN_shp-polygons.shp,0
19564.000000000000000,"19564","1",Tsavo West,Tsavo West,National Park,National Park,National,II,Not Applicable,"0",0.000000000000000,0.000000000000000,9065.000000000000000,7024.077565837969814,Not Applicable,0.000000000000000,Designated,"1948",Federal or national ministry or agency,State,Kenya Wildlife Service,Not Reported,State Verified,"933",Not Reported,KEN,KEN,Not Applicable,Not Applicable,WDPA_WDOECM_Jan2024_Public_KEN_shp-polygons,/Users/meeraburghardt/Desktop/WDPA_WDOECM_Jan2024_Public_KEN_shp/WDPA_WDOECM_Jan2024_Public_KEN_shp_1/WDPA_WDOECM_Jan2024_Public_KEN_shp-polygons.shp,0
19565.000000000000000,"19565","1",Marsabit,Marsabit,National Park,National Park,National,Not Reported,Not Applicable,"0",0.000000000000000,0.000000000000000,145.000000000000000,145.100020656610013,Not Applicable,0.000000000000000,Proposed,"0",Federal or national ministry or agency,State,Kenya Wildlife Service,Not Reported,State Verified,"933",Not Reported,KEN,KEN,Not Applicable,Not Applicable,WDPA_WDOECM_Jan2024_Public_KEN_shp-polygons,/Users/meeraburghardt/Desktop/WDPA_WDOECM_Jan2024_Public_KEN_shp/WDPA_WDOECM_Jan2024_Public_KEN_shp_1/WDPA_WDOECM_Jan2024_Public_KEN_shp-polygons.shp,0
19566.000000000000000,"19566","1",Watamu,Watamu,Marine National Park,Marine National Park,National,Not Reported,Not Applicable,"1",32.000000000000000,11.100955794650600,32.000000000000000,31.874889901713399,Not Reported,0.000000000000000,Designated,"1968",Federal or national ministry or agency,State,Kenya Wildlife Service,Not Reported,State Verified,"933",Not Reported,KEN,KEN,Not Applicable,Not Applicable,WDPA_WDOECM_Jan2024_Public_KEN_shp-polygons,/Users/meeraburghardt/Desktop/WDPA_WDOECM_Jan2024_Public_KEN_shp/WDPA_WDOECM_Jan2024_Public_KEN_shp_1/WDPA_WDOECM_Jan2024_Public_KEN_shp-polygons.shp,0
19568.000000000000000,"19568","1",Mpunguti,Mpunguti,Marine National Reserve,Marine National Reserve,National,VI,Not Applicable,"2",11.000000000000000,11.109134096173801,11.000000000000000,11.109134096173801,Not Reported,11.000000000000000,Designated,"1978",Federal or national ministry or agency,State,Kenya Wildlife Service,Not Reported,State Verified,"933",Not Reported,KEN,KEN,Not Applicable,Not Applicable,WDPA_WDOECM_Jan2024_Public_KEN_shp-polygons,/Users/meeraburghardt/Desktop/WDPA_WDOECM_Jan2024_Public_KEN_shp/WDPA_WDOECM_Jan2024_Public_KEN_shp_1/WDPA_WDOECM_Jan2024_Public_KEN_shp-polygons.shp,0
19726.000000000000000,"19726","1",Malka Mari,Malka Mari,National Park,National Park,National,II,Not Applicable,"0",0.000000000000000,0.000000000000000,876.000000000000000,876.419693642669017,Not Applicable,0.000000000000000,Designated,"1989",Federal or national ministry or agency,State,Kenya Wildlife Service,Not Reported,State Verified,"933",Not Reported,KEN,KEN,Not Applicable,Not Applicable,WDPA_WDOECM_Jan2024_Public_KEN_shp-polygons,/Users/meeraburghardt/Desktop/WDPA_WDOECM_Jan2024_Public_KEN_shp/WDPA_WDOECM_Jan2024_Public_KEN_shp_1/WDPA_WDOECM_Jan2024_Public_KEN_shp-polygons.shp,0
29801.000000000000000,"29801","1",Arabuko Sokoke,Arabuko Sokoke,National Park,National Park,National,Not Reported,Not Applicable,"0",0.000000000000000,0.000000000000000,6.000000000000000,5.733529422365150,Not Applicable,0.000000000000000,Designated,"1990",Federal or national ministry or agency,State,Kenya Wildlife Service,Not Reported,State Verified,"933",Not Reported,KEN,KEN,Not Applicable,Not Applicable,WDPA_WDOECM_Jan2024_Public_KEN_shp-polygons,/Users/meeraburghardt/Desktop/WDPA_WDOECM_Jan2024_Public_KEN_shp/WDPA_WDOECM_Jan2024_Public_KEN_shp_1/WDPA_WDOECM_Jan2024_Public_KEN_shp-polygons.shp,0
33435.000000000000000,"33435","1",Aberdare,Aberdare,Forest Reserve,Forest Reserve,National,Not Reported,Not Applicable,"0",0.000000000000000,0.000000000000000,1033.160000000000082,953.253994171897034,Not Applicable,0.000000000000000,Designated,"1943",Federal or national ministry or agency,Not Reported,Not Reported,Not Reported,Not Reported,"1714",Not Reported,KEN,KEN,Not Applicable,Not Applicable,WDPA_WDOECM_Jan2024_Public_KEN_shp-polygons,/Users/meeraburghardt/Desktop/WDPA_WDOECM_Jan2024_Public_KEN_shp/WDPA_WDOECM_Jan2024_Public_KEN_shp_1/WDPA_WDOECM_Jan2024_Public_KEN_shp-polygons.shp,0
33443.000000000000000,"33443","1",Eastern Mau,Eastern Mau,Forest Reserve,Forest Reserve,National,Not Reported,Not Applicable,"0",0.000000000000000,0.000000000000000,660.669999999999959,662.635348972578981,Not Applicable,0.000000000000000,Designated,"1941",Not Reported,Not Reported,Not Reported,Not Reported,State Verified,"178",KE-700,KEN,KEN,Not Applicable,Not Applicable,WDPA_WDOECM_Jan2024_Public_KEN_shp-polygons,/Users/meeraburghardt/Desktop/WDPA_WDOECM_Jan2024_Public_KEN_shp/WDPA_WDOECM_Jan2024_Public_KEN_shp_1/WDPA_WDOECM_Jan2024_Public_KEN_shp-polygons.shp,0
33450.000000000000000,"33450","1",Kakamega,Kakamega,Forest Reserve,Forest Reserve,National,Not Reported,Not Applicable,"0",0.000000000000000,0.000000000000000,178.379999999999995,181.382349477886009,Not Applicable,0.000000000000000,Designated,"1933",Not Reported,Not Reported,Not Reported,Not Reported,State Verified,"178",KE-800,KEN,KEN,Not Applicable,Not Applicable,WDPA_WDOECM_Jan2024_Public_KEN_shp-polygons,/Users/meeraburghardt/Desktop/WDPA_WDOECM_Jan2024_Public_KEN_shp/WDPA_WDOECM_Jan2024_Public_KEN_shp_1/WDPA_WDOECM_Jan2024_Public_KEN_shp-polygons.shp,0
33464.000000000000000,"33464","1",Lusoi,Lusoi,Forest Reserve,Forest Reserve,National,Not Reported,Not Applicable,"0",0.000000000000000,0.000000000000000,2.680000000000000,3.789710101024880,Not Applicable,0.000000000000000,Designated,"1984",Not Reported,Not Reported,Not Reported,Not Reported,State Verified,"178",KE-200,KEN,KEN,Not Applicable,Not Applicable,WDPA_WDOECM_Jan2024_Public_KEN_shp-polygons,/Users/meeraburghardt/Desktop/WDPA_WDOECM_Jan2024_Public_KEN_shp/WDPA_WDOECM_Jan2024_Public_KEN_shp_2/WDPA_WDOECM_Jan2024_Public_KEN_shp-polygons.shp,0
33476.000000000000000,"33476","1",Mumbaka,Mumbaka,Forest Reserve,Forest Reserve,National,Not Reported,Not Applicable,"0",0.000000000000000,0.000000000000000,4.440000000000001,3.207014483607040,Not Applicable,0.000000000000000,Designated,"1986",Not Reported,Not Reported,Not Reported,Not Reported,State Verified,"178",KE-800,KEN,KEN,Not Applicable,Not Applicable,WDPA_WDOECM_Jan2024_Public_KEN_shp-polygons,/Users/meeraburghardt/Desktop/WDPA_WDOECM_Jan2024_Public_KEN_shp/WDPA_WDOECM_Jan2024_Public_KEN_shp_2/WDPA_WDOECM_Jan2024_Public_KEN_shp-polygons.shp,0
33485.000000000000000,"33485","1",Ngong Hills,Ngong Hills,Forest Reserve,Forest Reserve,National,Not Reported,Not Applicable,"0",0.000000000000000,0.000000000000000,30.809999999999999,32.596962234759900,Not Applicable,0.000000000000000,Designated,"1985",Not Reported,Not Reported,Not Reported,Not Reported,State Verified,"178",KE-700,KEN,KEN,Not Applicable,Not Applicable,WDPA_WDOECM_Jan2024_Public_KEN_shp-polygons,/Users/meeraburghardt/Desktop/WDPA_WDOECM_Jan2024_Public_KEN_shp/WDPA_WDOECM_Jan2024_Public_KEN_shp_2/WDPA_WDOECM_Jan2024_Public_KEN_shp-polygons.shp,0
33496.000000000000000,"33496","1",South Laikipia,South Laikipia,Forest Reserve,Forest Reserve,National,Not Reported,Not Applicable,"0",0.000000000000000,0.000000000000000,35.000000000000000,20.866372696164799,Not Applicable,0.000000000000000,Designated,"1932",Not Reported,Not Reported,Not Reported,Not Reported,State Verified,"178",KE-200,KEN,KEN,Not Applicable,Not Applicable,WDPA_WDOECM_Jan2024_Public_KEN_shp-polygons,/Users/meeraburghardt/Desktop/WDPA_WDOECM_Jan2024_Public_KEN_shp/WDPA_WDOECM_Jan2024_Public_KEN_shp_2/WDPA_WDOECM_Jan2024_Public_KEN_shp-polygons.shp,0
33498.000000000000000,"33498","1",Southern Mau,Southern Mau,Forest Reserve,Forest Reserve,National,Not Reported,Not Applicable,"0",0.000000000000000,0.000000000000000,1.280000000000000,0.778485827193493,Not Applicable,0.000000000000000,Designated,"1941",Not Reported,Not Reported,Not Reported,Not Reported,State Verified,"178",KE-700,KEN,KEN,Not Applicable,Not Applicable,WDPA_WDOECM_Jan2024_Public_KEN_shp-polygons,/Users/meeraburghardt/Desktop/WDPA_WDOECM_Jan2024_Public_KEN_shp/WDPA_WDOECM_Jan2024_Public_KEN_shp_2/WDPA_WDOECM_Jan2024_Public_KEN_shp-polygons.shp,0
33499.000000000000000,"33499","1",South-western Mau,South-western Mau,Forest Reserve,Forest Reserve,National,Not Reported,Not Applicable,"0",0.000000000000000,0.000000000000000,841.289999999999964,835.494405498860033,Not Applicable,0.000000000000000,Designated,"1932",Not Reported,Not Reported,Not Reported,Not Reported,State Verified,"178",KE-700,KEN,KEN,Not Applicable,Not Applicable,WDPA_WDOECM_Jan2024_Public_KEN_shp-polygons,/Users/meeraburghardt/Desktop/WDPA_WDOECM_Jan2024_Public_KEN_shp/WDPA_WDOECM_Jan2024_Public_KEN_shp_2/WDPA_WDOECM_Jan2024_Public_KEN_shp-polygons.shp,0
62221.000000000000000,"62221","1",Laikipia,Laikipia,National Reserve,National Reserve,National,VI,Not Applicable,"0",0.000000000000000,0.000000000000000,165.000000000000000,167.024813785118994,Not Applicable,0.000000000000000,Designated,"1991",Federal or national ministry or agency,State,Kenya Wildlife Service,Not Reported,State Verified,"933",Not Reported,KEN,KEN,Not Applicable,Not Applicable,WDPA_WDOECM_Jan2024_Public_KEN_shp-polygons,/Users/meeraburghardt/Desktop/WDPA_WDOECM_Jan2024_Public_KEN_shp/WDPA_WDOECM_Jan2024_Public_KEN_shp_2/WDPA_WDOECM_Jan2024_Public_KEN_shp-polygons.shp,0
68092.000000000000000,"68092","1",Lake Nakuru,Lake Nakuru,"Ramsar Site, Wetland of International Importance","Ramsar Site, Wetland of International Importance",International,Not Reported,(ii)(iii)(iv)(v)(vi),"0",0.000000000000000,0.000000000000000,188.000000000000000,178.583580278319999,Not Applicable,0.000000000000000,Designated,"1990",Not Reported,Not Reported,Not Reported,Management plan is implented and available,State Verified,"1856",KE-700,KEN,KEN,Not Applicable,Not Applicable,WDPA_WDOECM_Jan2024_Public_KEN_shp-polygons,/Users/meeraburghardt/Desktop/WDPA_WDOECM_Jan2024_Public_KEN_shp/WDPA_WDOECM_Jan2024_Public_KEN_shp_2/WDPA_WDOECM_Jan2024_Public_KEN_shp-polygons.shp,0
72283.000000000000000,"72283","1",Imbirikani,Imbirikani,Community Conservancy,Community Conservancy,National,Not Reported,Not Applicable,"0",0.000000000000000,0.000000000000000,4.613820000000000,4.645245471649660,Not Applicable,0.000000000000000,Designated,"0",Local communities,Not Reported,Not Reported,Not Reported,Not Reported,"1714",KE-700,KEN,KEN,Not Applicable,Not Applicable,WDPA_WDOECM_Jan2024_Public_KEN_shp-polygons,/Users/meeraburghardt/Desktop/WDPA_WDOECM_Jan2024_Public_KEN_shp/WDPA_WDOECM_Jan2024_Public_KEN_shp_2/WDPA_WDOECM_Jan2024_Public_KEN_shp-polygons.shp,0
72309.000000000000000,"72309","1",Lumo,Lumo,Community Wildlife Sanctuary,Community Wildlife Sanctuary,National,Not Reported,Not Applicable,"0",0.000000000000000,0.000000000000000,430.959999999999980,224.029484713762002,Not Applicable,0.000000000000000,Designated,"2001",Local communities,Not Reported,Not Reported,Not Reported,Not Reported,"1714",KE-300,KEN,KEN,Not Applicable,Not Applicable,WDPA_WDOECM_Jan2024_Public_KEN_shp-polygons,/Users/meeraburghardt/Desktop/WDPA_WDOECM_Jan2024_Public_KEN_shp/WDPA_WDOECM_Jan2024_Public_KEN_shp_2/WDPA_WDOECM_Jan2024_Public_KEN_shp-polygons.shp,0
103549.000000000000000,"103549","1",Lake Naivasha,Lake Naivasha,"Ramsar Site, Wetland of International Importance","Ramsar Site, Wetland of International Importance",International,Not Reported,(i)(ii)(iii)(iv),"0",0.000000000000000,0.000000000000000,300.000000000000000,289.588265456656018,Not Applicable,0.000000000000000,Designated,"1995",Not Reported,Not Reported,Not Reported,Management plan is implented and available,State Verified,"1856",KE-700,KEN,KEN,Not Applicable,Not Applicable,WDPA_WDOECM_Jan2024_Public_KEN_shp-polygons,/Users/meeraburghardt/Desktop/WDPA_WDOECM_Jan2024_Public_KEN_shp/WDPA_WDOECM_Jan2024_Public_KEN_shp_2/WDPA_WDOECM_Jan2024_Public_KEN_shp-polygons.shp,0
145585.000000000000000,"145585","1",Mount Kenya National Park/Natural Forest,Parc national/Forêt naturelle du mont Kenya,World Heritage Site (natural or mixed),World Heritage Site (natural or mixed),International,Not Applicable,(vii)(ix),"0",0.000000000000000,0.000000000000000,2023.339999999999918,1989.240249128859887,Not Applicable,0.000000000000000,Inscribed,"1997",Not Reported,Not Reported,Not Reported,Not Reported,State Verified,"946",Not Reported,KEN,KEN,Not Applicable,Not Applicable,WDPA_WDOECM_Jan2024_Public_KEN_shp-polygons,/Users/meeraburghardt/Desktop/WDPA_WDOECM_Jan2024_Public_KEN_shp/WDPA_WDOECM_Jan2024_Public_KEN_shp_2/WDPA_WDOECM_Jan2024_Public_KEN_shp-polygons.shp,0
145586.000000000000000,"145586","1",Lake Turkana National Parks,Parcs nationaux du Lac Turkana,World Heritage Site (natural or mixed),World Heritage Site (natural or mixed),International,Not Applicable,(viii)(x),"0",0.000000000000000,0.000000000000000,1614.849999999999909,1545.489703062040007,Not Applicable,0.000000000000000,Inscribed,"1997",Not Reported,Not Reported,Not Reported,Not Reported,State Verified,"946",KE-400,KEN,KEN,Not Applicable,Not Applicable,WDPA_WDOECM_Jan2024_Public_KEN_shp-polygons,/Users/meeraburghardt/Desktop/WDPA_WDOECM_Jan2024_Public_KEN_shp/WDPA_WDOECM_Jan2024_Public_KEN_shp_2/WDPA_WDOECM_Jan2024_Public_KEN_shp-polygons.shp,1
478054.000000000000000,"478054","1",Kaya Chonyi,Kaya Chonyi,Not Reported,Not Reported,National,Not Reported,Not Applicable,"0",0.000000000000000,0.000000000000000,2.010000000000000,2.023056682293000,Not Applicable,0.000000000000000,Designated,"0",Not Reported,Not Reported,Not Reported,Not Reported,State Verified,"826",KE-300,KEN,KEN,Not Applicable,Not Applicable,WDPA_WDOECM_Jan2024_Public_KEN_shp-polygons,/Users/meeraburghardt/Desktop/WDPA_WDOECM_Jan2024_Public_KEN_shp/WDPA_WDOECM_Jan2024_Public_KEN_shp_2/WDPA_WDOECM_Jan2024_Public_KEN_shp-polygons.shp,0
478055.000000000058208,"478055","1",Kaya Jibana,Kaya Jibana,Not Reported,Not Reported,National,Not Reported,Not Applicable,"0",0.000000000000000,0.000000000000000,1.150000000000000,1.154597166809170,Not Applicable,0.000000000000000,Designated,"0",Not Reported,Not Reported,Not Reported,Not Reported,State Verified,"826",KE-300,KEN,KEN,Not Applicable,Not Applicable,WDPA_WDOECM_Jan2024_Public_KEN_shp-polygons,/Users/meeraburghardt/Desktop/WDPA_WDOECM_Jan2024_Public_KEN_shp/WDPA_WDOECM_Jan2024_Public_KEN_shp_2/WDPA_WDOECM_Jan2024_Public_KEN_shp-polygons.shp,0
478056.000000000000000,"478056","1",Kaya Kambe,Kaya Kambe,Not Reported,Not Reported,National,Not Reported,Not Applicable,"0",0.000000000000000,0.000000000000000,0.610000000000000,0.610057343852590,Not Applicable,0.000000000000000,Designated,"0",Not Reported,Not Reported,Not Reported,Not Reported,State Verified,"826",KE-300,KEN,KEN,Not Applicable,Not Applicable,WDPA_WDOECM_Jan2024_Public_KEN_shp-polygons,/Users/meeraburghardt/Desktop/WDPA_WDOECM_Jan2024_Public_KEN_shp/WDPA_WDOECM_Jan2024_Public_KEN_shp_2/WDPA_WDOECM_Jan2024_Public_KEN_shp-polygons.shp,0
478056.999999999941792,"478057","1",Kaya Ribe,Kaya Ribe,Not Reported,Not Reported,National,Not Reported,Not Applicable,"0",0.000000000000000,0.000000000000000,0.750000000000000,0.757802162662299,Not Applicable,0.000000000000000,Designated,"0",Not Reported,Not Reported,Not Reported,Not Reported,State Verified,"826",KE-300,KEN,KEN,Not Applicable,Not Applicable,WDPA_WDOECM_Jan2024_Public_KEN_shp-polygons,/Users/meeraburghardt/Desktop/WDPA_WDOECM_Jan2024_Public_KEN_shp/WDPA_WDOECM_Jan2024_Public_KEN_shp_2/WDPA_WDOECM_Jan2024_Public_KEN_shp-polygons.shp,0
478058.000000000000000,"478058","1",Kaya Dzombo,Kaya Dzombo,Not Reported,Not Reported,National,Not Reported,Not Applicable,"0",0.000000000000000,0.000000000000000,3.120000000000000,3.138180762944280,Not Applicable,0.000000000000000,Designated,"0",Not Reported,Not Reported,Not Reported,Not Reported,State Verified,"826",KE-300,KEN,KEN,Not Applicable,Not Applicable,WDPA_WDOECM_Jan2024_Public_KEN_shp-polygons,/Users/meeraburghardt/Desktop/WDPA_WDOECM_Jan2024_Public_KEN_shp/WDPA_WDOECM_Jan2024_Public_KEN_shp_2/WDPA_WDOECM_Jan2024_Public_KEN_shp-polygons.shp,0
900591.000000000000000,"900591","1",Lake Bogoria,Lake Bogoria,"Ramsar Site, Wetland of International Importance","Ramsar Site, Wetland of International Importance",International,Not Reported,(i)(ii)(iv)(v),"0",0.000000000000000,0.000000000000000,107.000000000000000,84.605381833566597,Not Applicable,0.000000000000000,Designated,"2001",Not Reported,Not Reported,Not Reported,Management plan is not implented and not available,State Verified,"1856",KE-700,KEN,KEN,Not Applicable,Not Applicable,WDPA_WDOECM_Jan2024_Public_KEN_shp-polygons,/Users/meeraburghardt/Desktop/WDPA_WDOECM_Jan2024_Public_KEN_shp/WDPA_WDOECM_Jan2024_Public_KEN_shp_2/WDPA_WDOECM_Jan2024_Public_KEN_shp-polygons.shp,0
555542339.000000000000000,"555542339","1",Kenya Lake System in the Great Rift Valley,Réseau des lacs du Kenya dans la vallée du Grand Rift,World Heritage Site (natural or mixed),World Heritage Site (natural or mixed),International,Not Applicable,(vii)(ix)(x),"0",0.000000000000000,0.000000000000000,320.339999999999975,333.368069973830984,Not Applicable,0.000000000000000,Inscribed,"2011",Not Reported,Not Reported,Not Reported,Not Reported,State Verified,"946",KE-700,KEN,KEN,Not Applicable,Not Applicable,WDPA_WDOECM_Jan2024_Public_KEN_shp-polygons,/Users/meeraburghardt/Desktop/WDPA_WDOECM_Jan2024_Public_KEN_shp/WDPA_WDOECM_Jan2024_Public_KEN_shp_2/WDPA_WDOECM_Jan2024_Public_KEN_shp-polygons.shp,0
555555481.000000000000000,"555555481","1",Kimana Wildlife Sanctuary,Kimana Wildlife Sanctuary,Community Conservancy,Community Conservancy,National,Not Reported,Not Applicable,"0",0.000000000000000,0.000000000000000,24.280000000000001,25.930573249635700,Not Applicable,0.000000000000000,Designated,"1999",Local communities,Not Reported,Not Reported,Not Reported,Not Reported,"1714",Not Reported,KEN,KEN,Not Applicable,Not Applicable,WDPA_WDOECM_Jan2024_Public_KEN_shp-polygons,/Users/meeraburghardt/Desktop/WDPA_WDOECM_Jan2024_Public_KEN_shp/WDPA_WDOECM_Jan2024_Public_KEN_shp_2/WDPA_WDOECM_Jan2024_Public_KEN_shp-polygons.shp,0
555555482.000000000000000,"555555482","1",Elerai,Elerai,Community Conservancy,Community Conservancy,National,Not Reported,Not Applicable,"0",0.000000000000000,0.000000000000000,20.230000000000000,43.318453720075901,Not Applicable,0.000000000000000,Designated,"2008",Local communities,Not Reported,Not Reported,Not Reported,Not Reported,"1714",Not Reported,KEN,KEN,Not Applicable,Not Applicable,WDPA_WDOECM_Jan2024_Public_KEN_shp-polygons,/Users/meeraburghardt/Desktop/WDPA_WDOECM_Jan2024_Public_KEN_shp/WDPA_WDOECM_Jan2024_Public_KEN_shp_2/WDPA_WDOECM_Jan2024_Public_KEN_shp-polygons.shp,0
555555483.000000000000000,"555555483","1",Shompole,Shompole,Community Conservancy,Community Conservancy,National,Not Reported,Not Applicable,"0",0.000000000000000,0.000000000000000,100.000000000000000,150.133912323489994,Not Applicable,0.000000000000000,Designated,"2000",Local communities,Not Reported,Not Reported,Not Reported,Not Reported,"1714",Not Reported,KEN,KEN,Not Applicable,Not Applicable,WDPA_WDOECM_Jan2024_Public_KEN_shp-polygons,/Users/meeraburghardt/Desktop/WDPA_WDOECM_Jan2024_Public_KEN_shp/WDPA_WDOECM_Jan2024_Public_KEN_shp_2/WDPA_WDOECM_Jan2024_Public_KEN_shp-polygons.shp,0
555555484.000000000000000,"555555484","1",Elangata Wuas,Elangata Wuas,Community Conservancy,Community Conservancy,National,Not Reported,Not Applicable,"0",0.000000000000000,0.000000000000000,595.000000000000000,605.621068691947016,Not Applicable,0.000000000000000,Designated,"1992",Local communities,Not Reported,Not Reported,Not Reported,Not Reported,"1714",Not Reported,KEN,KEN,Not Applicable,Not Applicable,WDPA_WDOECM_Jan2024_Public_KEN_shp-polygons,/Users/meeraburghardt/Desktop/WDPA_WDOECM_Jan2024_Public_KEN_shp/WDPA_WDOECM_Jan2024_Public_KEN_shp_2/WDPA_WDOECM_Jan2024_Public_KEN_shp-polygons.shp,0
555555485.000000000000000,"555555485","1",Esenlenkei,Esenlenkei,Community Conservancy,Community Conservancy,National,Not Reported,Not Applicable,"0",0.000000000000000,0.000000000000000,74.790000000000006,43.288989647913397,Not Applicable,0.000000000000000,Designated,"1983",Local communities,Not Reported,Not Reported,Not Reported,Not Reported,"1714",Not Reported,KEN,KEN,Not Applicable,Not Applicable,WDPA_WDOECM_Jan2024_Public_KEN_shp-polygons,/Users/meeraburghardt/Desktop/WDPA_WDOECM_Jan2024_Public_KEN_shp/WDPA_WDOECM_Jan2024_Public_KEN_shp_2/WDPA_WDOECM_Jan2024_Public_KEN_shp-polygons.shp,0
555555486.000000000000000,"555555486","1",Motikanju,Motikanju,Community Conservancy,Community Conservancy,National,Not Reported,Not Applicable,"0",0.000000000000000,0.000000000000000,28.000000000000000,27.902298927480299,Not Applicable,0.000000000000000,Designated,"2010",Local communities,Not Reported,Not Reported,Not Reported,Not Reported,"1715",Not Reported,KEN,KEN,Not Applicable,Not Applicable,WDPA_WDOECM_Jan2024_Public_KEN_shp-polygons,/Users/meeraburghardt/Desktop/WDPA_WDOECM_Jan2024_Public_KEN_shp/WDPA_WDOECM_Jan2024_Public_KEN_shp_2/WDPA_WDOECM_Jan2024_Public_KEN_shp-polygons.shp,0
555555487.000000000000000,"555555487","1",Osupuko,Osupuko,Community Conservancy,Community Conservancy,National,Not Reported,Not Applicable,"0",0.000000000000000,0.000000000000000,12.140000000000001,13.556414436817100,Not Applicable,0.000000000000000,Designated,"2009",Local communities,Not Reported,Not Reported,Not Reported,Not Reported,"1714",Not Reported,KEN,KEN,Not Applicable,Not Applicable,WDPA_WDOECM_Jan2024_Public_KEN_shp-polygons,/Users/meeraburghardt/Desktop/WDPA_WDOECM_Jan2024_Public_KEN_shp/WDPA_WDOECM_Jan2024_Public_KEN_shp_2/WDPA_WDOECM_Jan2024_Public_KEN_shp-polygons.shp,0
555555488.000000000000000,"555555488","1",Nailepu,Nailepu,Community Conservancy,Community Conservancy,National,Not Reported,Not Applicable,"0",0.000000000000000,0.000000000000000,15.779999999999999,24.494814969774801,Not Applicable,0.000000000000000,Designated,"2010",Local communities,Not Reported,Not Reported,Not Reported,Not Reported,"1714",Not Reported,KEN,KEN,Not Applicable,Not Applicable,WDPA_WDOECM_Jan2024_Public_KEN_shp-polygons,/Users/meeraburghardt/Desktop/WDPA_WDOECM_Jan2024_Public_KEN_shp/WDPA_WDOECM_Jan2024_Public_KEN_shp_2/WDPA_WDOECM_Jan2024_Public_KEN_shp-polygons.shp,0
555555489.000000000000000,"555555489","1",Tawi,Tawi,Community Conservancy,Community Conservancy,National,Not Reported,Not Applicable,"0",0.000000000000000,0.000000000000000,23.469999999999999,12.478575056466100,Not Applicable,0.000000000000000,Designated,"2010",Local communities,Not Reported,Not Reported,Not Reported,Not Reported,"1714",Not Reported,KEN,KEN,Not Applicable,Not Applicable,WDPA_WDOECM_Jan2024_Public_KEN_shp-polygons,/Users/meeraburghardt/Desktop/WDPA_WDOECM_Jan2024_Public_KEN_shp/WDPA_WDOECM_Jan2024_Public_KEN_shp_2/WDPA_WDOECM_Jan2024_Public_KEN_shp-polygons.shp,0
555555490.000000000000000,"555555490","1",Lewa Wildlife Conservancy,Lewa Wildlife Conservancy,Community Conservancy,Community Conservancy,National,Not Reported,Not Applicable,"0",0.000000000000000,0.000000000000000,222.599999999999994,163.776491899272997,Not Applicable,0.000000000000000,Designated,"1995",Non-profit organisations,Not Reported,Not Reported,Not Reported,Not Reported,"1714",Not Reported,KEN,KEN,Not Applicable,Not Applicable,WDPA_WDOECM_Jan2024_Public_KEN_shp-polygons,/Users/meeraburghardt/Desktop/WDPA_WDOECM_Jan2024_Public_KEN_shp/WDPA_WDOECM_Jan2024_Public_KEN_shp_2/WDPA_WDOECM_Jan2024_Public_KEN_shp-polygons.shp,0
555555491.000000000000000,"555555491","1",Mpala,Mpala,Community Conservancy,Community Conservancy,National,Not Reported,Not Applicable,"0",0.000000000000000,0.000000000000000,194.000000000000000,195.846504743075002,Not Applicable,0.000000000000000,Designated,"1969",Non-profit organisations,Not Reported,Not Reported,Not Reported,Not Reported,"1714",Not Reported,KEN,KEN,Not Applicable,Not Applicable,WDPA_WDOECM_Jan2024_Public_KEN_shp-polygons,/Users/meeraburghardt/Desktop/WDPA_WDOECM_Jan2024_Public_KEN_shp/WDPA_WDOECM_Jan2024_Public_KEN_shp_2/WDPA_WDOECM_Jan2024_Public_KEN_shp-polygons.shp,0
555555492.000000000000000,"555555492","1",Lekurruki Conservancy Trust,Lekurruki Conservancy Trust,Community Nature Reserve,Community Nature Reserve,National,Not Reported,Not Applicable,"0",0.000000000000000,0.000000000000000,87.836010999999999,88.424967525628205,Not Applicable,0.000000000000000,Not Reported,"1999",Indigenous peoples,Not Reported,Community,Not Reported,Not Reported,"1775",Not Reported,KEN,KEN,Not Applicable,Not Applicable,WDPA_WDOECM_Jan2024_Public_KEN_shp-polygons,/Users/meeraburghardt/Desktop/WDPA_WDOECM_Jan2024_Public_KEN_shp/WDPA_WDOECM_Jan2024_Public_KEN_shp_2/WDPA_WDOECM_Jan2024_Public_KEN_shp-polygons.shp,0
555555493.000000000000000,"555555493","1",Makurian (Oreteti),Makurian,Group Ranch,Group Ranch,National,Not Reported,Not Applicable,"0",0.000000000000000,0.000000000000000,64.640000000000001,66.864213588635707,Not Applicable,0.000000000000000,Designated,"2010",Local communities,Not Reported,Not Reported,Not Reported,Not Reported,"1714",Not Reported,KEN,KEN,Not Applicable,Not Applicable,WDPA_WDOECM_Jan2024_Public_KEN_shp-polygons,/Users/meeraburghardt/Desktop/WDPA_WDOECM_Jan2024_Public_KEN_shp/WDPA_WDOECM_Jan2024_Public_KEN_shp_2/WDPA_WDOECM_Jan2024_Public_KEN_shp-polygons.shp,0
555555494.000000000000000,"555555494","1",Borana,Borana,Private Ranch,Private Ranch,National,Not Reported,Not Applicable,"0",0.000000000000000,0.000000000000000,141.000000000000000,119.877200208702007,Not Applicable,0.000000000000000,Designated,"1990",Non-profit organisations,Not Reported,Not Reported,Not Reported,Not Reported,"1714",Not Reported,KEN,KEN,Not Applicable,Not Applicable,WDPA_WDOECM_Jan2024_Public_KEN_shp-polygons,/Users/meeraburghardt/Desktop/WDPA_WDOECM_Jan2024_Public_KEN_shp/WDPA_WDOECM_Jan2024_Public_KEN_shp_2/WDPA_WDOECM_Jan2024_Public_KEN_shp-polygons.shp,0
555555495.000000000000000,"555555495","1",Loisaba Wilderness,Loisaba Wilderness,Private Ranch,Private Ranch,National,Not Reported,Not Applicable,"0",0.000000000000000,0.000000000000000,150.000000000000000,174.371733754940010,Not Applicable,0.000000000000000,Designated,"2000",Non-profit organisations,Not Reported,Not Reported,Not Reported,Not Reported,"1714",Not Reported,KEN,KEN,Not Applicable,Not Applicable,WDPA_WDOECM_Jan2024_Public_KEN_shp-polygons,/Users/meeraburghardt/Desktop/WDPA_WDOECM_Jan2024_Public_KEN_shp/WDPA_WDOECM_Jan2024_Public_KEN_shp_2/WDPA_WDOECM_Jan2024_Public_KEN_shp-polygons.shp,0
555555496.000000000000000,"555555496","1",Kalama Community Wildlife Conservancy,Kalama Community Wildlife Conservancy,Community Nature Reserve,Community Nature Reserve,National,Not Reported,Not Applicable,"0",0.000000000000000,0.000000000000000,496.737447999999972,500.146553488994982,Not Applicable,0.000000000000000,Not Reported,"2002",Indigenous peoples,Not Reported,Community,Not Reported,Not Reported,"1775",Not Reported,KEN,KEN,Not Applicable,Not Applicable,WDPA_WDOECM_Jan2024_Public_KEN_shp-polygons,/Users/meeraburghardt/Desktop/WDPA_WDOECM_Jan2024_Public_KEN_shp/WDPA_WDOECM_Jan2024_Public_KEN_shp_2/WDPA_WDOECM_Jan2024_Public_KEN_shp-polygons.shp,0
555555497.000000000000000,"555555497","1",Namunyak Wildlife Conservation Trust,Namunyak Wildlife Conservation Trust,Community Nature Reserve,Community Nature Reserve,National,Not Reported,Not Applicable,"0",0.000000000000000,0.000000000000000,2868.973692999999912,2888.309190566199959,Not Applicable,0.000000000000000,Not Reported,"1995",Indigenous peoples,Not Reported,Community,Not Reported,Not Reported,"1775",Not Reported,KEN,KEN,Not Applicable,Not Applicable,WDPA_WDOECM_Jan2024_Public_KEN_shp-polygons,/Users/meeraburghardt/Desktop/WDPA_WDOECM_Jan2024_Public_KEN_shp/WDPA_WDOECM_Jan2024_Public_KEN_shp_2/WDPA_WDOECM_Jan2024_Public_KEN_shp-polygons.shp,1
555555498.000000000000000,"555555498","1",Sera Community Conservancy,Sera Community Conservancy,Community Nature Reserve,Community Nature Reserve,National,Not Reported,Not Applicable,"0",0.000000000000000,0.000000000000000,3393.355746000000181,3417.419956600820115,Not Applicable,0.000000000000000,Not Reported,"2001",Indigenous peoples,Not Reported,Community,Not Reported,Not Reported,"1775",Not Reported,KEN,KEN,Not Applicable,Not Applicable,WDPA_WDOECM_Jan2024_Public_KEN_shp-polygons,/Users/meeraburghardt/Desktop/WDPA_WDOECM_Jan2024_Public_KEN_shp/WDPA_WDOECM_Jan2024_Public_KEN_shp_2/WDPA_WDOECM_Jan2024_Public_KEN_shp-polygons.shp,11
555555499.000000000000000,"555555499","1",Ol Pejeta,Ol Pejeta,Community Conservancy,Community Conservancy,National,Not Reported,Not Applicable,"0",0.000000000000000,0.000000000000000,364.000000000000000,372.903080176553999,Not Applicable,0.000000000000000,Designated,"2004",Non-profit organisations,Not Reported,Not Reported,Not Reported,Not Reported,"1714",Not Reported,KEN,KEN,Not Applicable,Not Applicable,WDPA_WDOECM_Jan2024_Public_KEN_shp-polygons,/Users/meeraburghardt/Desktop/WDPA_WDOECM_Jan2024_Public_KEN_shp/WDPA_WDOECM_Jan2024_Public_KEN_shp_2/WDPA_WDOECM_Jan2024_Public_KEN_shp-polygons.shp,0
555555500.000000000000000,"555555500","1",Songa Community Conservancy,Songa Community Conservancy,Community Nature Reserve,Community Nature Reserve,National,Not Reported,Not Applicable,"0",0.000000000000000,0.000000000000000,1038.681053000000020,1046.122833844849993,Not Applicable,0.000000000000000,Not Reported,"2013",Indigenous peoples,Not Reported,Community,Not Reported,Not Reported,"1775",Not Reported,KEN,KEN,Not Applicable,Not Applicable,WDPA_WDOECM_Jan2024_Public_KEN_shp-polygons,/Users/meeraburghardt/Desktop/WDPA_WDOECM_Jan2024_Public_KEN_shp/WDPA_WDOECM_Jan2024_Public_KEN_shp_2/WDPA_WDOECM_Jan2024_Public_KEN_shp-polygons.shp,3
555555502.000000000000000,"555555502","1",Mugie,Mugie,Community Conservancy,Community Conservancy,National,Not Reported,Not Applicable,"0",0.000000000000000,0.000000000000000,198.000000000000000,186.822226951636992,Not Applicable,0.000000000000000,Designated,"1970",Non-profit organisations,Not Reported,Not Reported,Not Reported,Not Reported,"1714",Not Reported,KEN,KEN,Not Applicable,Not Applicable,WDPA_WDOECM_Jan2024_Public_KEN_shp-polygons,/Users/meeraburghardt/Desktop/WDPA_WDOECM_Jan2024_Public_KEN_shp/WDPA_WDOECM_Jan2024_Public_KEN_shp_2/WDPA_WDOECM_Jan2024_Public_KEN_shp-polygons.shp,0
555555503.000000000000000,"555555503","1",Melako Community Conservancy,Melako Community Conservancy,Community Nature Reserve,Community Nature Reserve,National,Not Reported,Not Applicable,"0",0.000000000000000,0.000000000000000,5491.247317000000294,5530.540677040569790,Not Applicable,0.000000000000000,Not Reported,"2004",Indigenous peoples,Not Reported,Community,Not Reported,Not Reported,"1775",Not Reported,KEN,KEN,Not Applicable,Not Applicable,WDPA_WDOECM_Jan2024_Public_KEN_shp-polygons,/Users/meeraburghardt/Desktop/WDPA_WDOECM_Jan2024_Public_KEN_shp/WDPA_WDOECM_Jan2024_Public_KEN_shp_2/WDPA_WDOECM_Jan2024_Public_KEN_shp-polygons.shp,0
555555504.000000000000000,"555555504","1",Il Ngwesi Community Trust,Il Ngwesi Community Trust,Community Nature Reserve,Community Nature Reserve,National,Not Reported,Not Applicable,"0",0.000000000000000,0.000000000000000,94.333226999999994,94.966594090125596,Not Applicable,0.000000000000000,Not Reported,"1995",Indigenous peoples,Not Reported,Community,Not Reported,Not Reported,"1775",Not Reported,KEN,KEN,Not Applicable,Not Applicable,WDPA_WDOECM_Jan2024_Public_KEN_shp-polygons,/Users/meeraburghardt/Desktop/WDPA_WDOECM_Jan2024_Public_KEN_shp/WDPA_WDOECM_Jan2024_Public_KEN_shp_2/WDPA_WDOECM_Jan2024_Public_KEN_shp-polygons.shp,0
555555505.000000000000000,"555555505","1",Ishaqbini Hirola Community Conservancy,Ishaqbini Hirola Community Conservancy,Community Nature Reserve,Community Nature Reserve,National,Not Reported,Not Applicable,"0",0.000000000000000,0.000000000000000,732.000000000000000,693.156854860297017,Not Applicable,0.000000000000000,Not Reported,"2007",Indigenous peoples,Not Reported,Community,Not Reported,Not Reported,"1775",Not Reported,KEN,KEN,Not Applicable,Not Applicable,WDPA_WDOECM_Jan2024_Public_KEN_shp-polygons,/Users/meeraburghardt/Desktop/WDPA_WDOECM_Jan2024_Public_KEN_shp/WDPA_WDOECM_Jan2024_Public_KEN_shp_2/WDPA_WDOECM_Jan2024_Public_KEN_shp-polygons.shp,1
555555506.000000000000000,"555555506","1",Jaldesa Community Conservancy,Jaldesa Community Conservancy,Community Nature Reserve,Community Nature Reserve,National,Not Reported,Not Applicable,"0",0.000000000000000,0.000000000000000,520.786516000000006,524.565268992353026,Not Applicable,0.000000000000000,Not Reported,"2013",Indigenous peoples,Not Reported,Community,Not Reported,Not Reported,"1775",Not Reported,KEN,KEN,Not Applicable,Not Applicable,WDPA_WDOECM_Jan2024_Public_KEN_shp-polygons,/Users/meeraburghardt/Desktop/WDPA_WDOECM_Jan2024_Public_KEN_shp/WDPA_WDOECM_Jan2024_Public_KEN_shp_2/WDPA_WDOECM_Jan2024_Public_KEN_shp-polygons.shp,0
555555507.000000000000000,"555555507","1",Lower Tana Delta Conservation Trust,Lower Tana Delta Conservation Trust,Community Nature Reserve,Community Nature Reserve,National,Not Reported,Not Applicable,"0",0.000000000000000,2.837847971910200,512.000000000000000,521.181783344807968,Not Applicable,0.000000000000000,Not Reported,"2010",Indigenous peoples,Not Reported,Community,Not Reported,Not Reported,"1775",Not Reported,KEN,KEN,Not Applicable,Not Applicable,WDPA_WDOECM_Jan2024_Public_KEN_shp-polygons,/Users/meeraburghardt/Desktop/WDPA_WDOECM_Jan2024_Public_KEN_shp/WDPA_WDOECM_Jan2024_Public_KEN_shp_2/WDPA_WDOECM_Jan2024_Public_KEN_shp-polygons.shp,5
555555508.000000000000000,"555555508","1",Mpus Kutuk Community Conservancy,Mpus Kutuk Community Conservancy,Community Nature Reserve,Community Nature Reserve,National,Not Reported,Not Applicable,"0",0.000000000000000,0.000000000000000,544.548953999999981,548.136528255705002,Not Applicable,0.000000000000000,Not Reported,"2007",Indigenous peoples,Not Reported,Community,Not Reported,Not Reported,"1775",Not Reported,KEN,KEN,Not Applicable,Not Applicable,WDPA_WDOECM_Jan2024_Public_KEN_shp-polygons,/Users/meeraburghardt/Desktop/WDPA_WDOECM_Jan2024_Public_KEN_shp/WDPA_WDOECM_Jan2024_Public_KEN_shp_2/WDPA_WDOECM_Jan2024_Public_KEN_shp-polygons.shp,0
555555509.000000000000000,"555555509","1",Naibunga Conservancy Trust,Naibunga Conservancy Trust,Community Nature Reserve,Community Nature Reserve,National,Not Reported,Not Applicable,"0",0.000000000000000,0.000000000000000,471.051066999999989,474.042038040547027,Not Applicable,0.000000000000000,Not Reported,"2001",Indigenous peoples,Not Reported,Community,Not Reported,Not Reported,"1775",Not Reported,KEN,KEN,Not Applicable,Not Applicable,WDPA_WDOECM_Jan2024_Public_KEN_shp-polygons,/Users/meeraburghardt/Desktop/WDPA_WDOECM_Jan2024_Public_KEN_shp/WDPA_WDOECM_Jan2024_Public_KEN_shp_2/WDPA_WDOECM_Jan2024_Public_KEN_shp-polygons.shp,0
555555510.000000000000000,"555555510","1",Ruko Community Widlife Conservancy,Ruko Community Widlife Conservancy,Community Nature Reserve,Community Nature Reserve,National,Not Reported,Not Applicable,"0",0.000000000000000,0.000000000000000,178.968687999999986,179.868941523398007,Not Applicable,0.000000000000000,Not Reported,"2006",Indigenous peoples,Not Reported,Community,Not Reported,Not Reported,"1775",Not Reported,KEN,KEN,Not Applicable,Not Applicable,WDPA_WDOECM_Jan2024_Public_KEN_shp-polygons,/Users/meeraburghardt/Desktop/WDPA_WDOECM_Jan2024_Public_KEN_shp/WDPA_WDOECM_Jan2024_Public_KEN_shp_2/WDPA_WDOECM_Jan2024_Public_KEN_shp-polygons.shp,0
555555511.000000000000000,"555555511","1",West Gate Community Conservancy,West Gate Community Conservancy,Community Nature Reserve,Community Nature Reserve,National,Not Reported,Not Applicable,"0",0.000000000000000,0.000000000000000,362.525086999999985,364.952858939606983,Not Applicable,0.000000000000000,Not Reported,"2004",Indigenous peoples,Not Reported,Community,Not Reported,Not Reported,"1775",Not Reported,KEN,KEN,Not Applicable,Not Applicable,WDPA_WDOECM_Jan2024_Public_KEN_shp-polygons,/Users/meeraburghardt/Desktop/WDPA_WDOECM_Jan2024_Public_KEN_shp/WDPA_WDOECM_Jan2024_Public_KEN_shp_2/WDPA_WDOECM_Jan2024_Public_KEN_shp-polygons.shp,0
555555512.000000000000000,"555555512","1",Lemek,Lemek,Community Conservancy,Community Conservancy,National,Not Reported,Not Applicable,"0",0.000000000000000,0.000000000000000,68.599999999999994,62.531949467389197,Not Applicable,0.000000000000000,Designated,"1995",Local communities,Not Reported,Not Reported,Not Reported,Not Reported,"1714",Not Reported,KEN,KEN,Not Applicable,Not Applicable,WDPA_WDOECM_Jan2024_Public_KEN_shp-polygons,/Users/meeraburghardt/Desktop/WDPA_WDOECM_Jan2024_Public_KEN_shp/WDPA_WDOECM_Jan2024_Public_KEN_shp_2/WDPA_WDOECM_Jan2024_Public_KEN_shp-polygons.shp,0
555555513.000000000000000,"555555513","1",Mara North,Mara North,Community Conservancy,Community Conservancy,National,VI,Not Applicable,"0",0.000000000000000,0.000000000000000,309.550000000000011,336.426028362368982,Not Applicable,0.000000000000000,Designated,"2009",Joint governance,Not Reported,Not Reported,Not Reported,Not Reported,"1934",Not Reported,KEN,KEN,Not Applicable,Not Applicable,WDPA_WDOECM_Jan2024_Public_KEN_shp-polygons,/Users/meeraburghardt/Desktop/WDPA_WDOECM_Jan2024_Public_KEN_shp/WDPA_WDOECM_Jan2024_Public_KEN_shp_2/WDPA_WDOECM_Jan2024_Public_KEN_shp-polygons.shp,0
555555514.000000000000000,"555555514","1",Olare Orok,Olare Orok,Community Conservancy,Community Conservancy,National,Not Reported,Not Applicable,"0",0.000000000000000,0.000000000000000,97.200000000000003,111.955569659858995,Not Applicable,0.000000000000000,Designated,"2006",Non-profit organisations,Not Reported,Not Reported,Not Reported,Not Reported,"1714",Not Reported,KEN,KEN,Not Applicable,Not Applicable,WDPA_WDOECM_Jan2024_Public_KEN_shp-polygons,/Users/meeraburghardt/Desktop/WDPA_WDOECM_Jan2024_Public_KEN_shp/WDPA_WDOECM_Jan2024_Public_KEN_shp_2/WDPA_WDOECM_Jan2024_Public_KEN_shp-polygons.shp,0
555555515.000000000000000,"555555515","1",Motorogi,Motorogi,Community Conservancy,Community Conservancy,National,Not Reported,Not Applicable,"0",0.000000000000000,0.000000000000000,54.659999999999997,63.881446140874402,Not Applicable,0.000000000000000,Designated,"2006",Local communities,Not Reported,Not Reported,Not Reported,Not Reported,"1714",Not Reported,KEN,KEN,Not Applicable,Not Applicable,WDPA_WDOECM_Jan2024_Public_KEN_shp-polygons,/Users/meeraburghardt/Desktop/WDPA_WDOECM_Jan2024_Public_KEN_shp/WDPA_WDOECM_Jan2024_Public_KEN_shp_2/WDPA_WDOECM_Jan2024_Public_KEN_shp-polygons.shp,0
555555516.000000000000000,"555555516","1",Ol Chorro Oiroua,Ol Chorro Oiroua,Community Conservancy,Community Conservancy,National,Not Reported,Not Applicable,"0",0.000000000000000,0.000000000000000,68.790000000000006,53.852444564770799,Not Applicable,0.000000000000000,Designated,"2010",Local communities,Not Reported,Not Reported,Not Reported,Not Reported,"1714",Not Reported,KEN,KEN,Not Applicable,Not Applicable,WDPA_WDOECM_Jan2024_Public_KEN_shp-polygons,/Users/meeraburghardt/Desktop/WDPA_WDOECM_Jan2024_Public_KEN_shp/WDPA_WDOECM_Jan2024_Public_KEN_shp_2/WDPA_WDOECM_Jan2024_Public_KEN_shp-polygons.shp,0
555555517.000000000000000,"555555517","1",Ol Kinyei,Ol Kinyei,Community Conservancy,Community Conservancy,National,Not Reported,Not Applicable,"0",0.000000000000000,0.000000000000000,34.399999999999999,30.552515095767600,Not Applicable,0.000000000000000,Designated,"2005",Non-profit organisations,Not Reported,Not Reported,Not Reported,Not Reported,"1714",Not Reported,KEN,KEN,Not Applicable,Not Applicable,WDPA_WDOECM_Jan2024_Public_KEN_shp-polygons,/Users/meeraburghardt/Desktop/WDPA_WDOECM_Jan2024_Public_KEN_shp/WDPA_WDOECM_Jan2024_Public_KEN_shp_2/WDPA_WDOECM_Jan2024_Public_KEN_shp-polygons.shp,0
555555518.000000000000000,"555555518","1",Naboisho,Naboisho,Community Conservancy,Community Conservancy,National,Not Reported,Not Applicable,"0",0.000000000000000,0.000000000000000,206.280000000000001,211.047638599578988,Not Applicable,0.000000000000000,Designated,"2010",Non-profit organisations,Not Reported,Not Reported,Not Reported,Not Reported,"1714",Not Reported,KEN,KEN,Not Applicable,Not Applicable,WDPA_WDOECM_Jan2024_Public_KEN_shp-polygons,/Users/meeraburghardt/Desktop/WDPA_WDOECM_Jan2024_Public_KEN_shp/WDPA_WDOECM_Jan2024_Public_KEN_shp_2/WDPA_WDOECM_Jan2024_Public_KEN_shp-polygons.shp,0
555555519.000000000000000,"555555519","1",Nakuprat-Gotu Community Conservancy,Nakuprat-Gotu Community Conservancy,Community Nature Reserve,Community Nature Reserve,National,Not Reported,Not Applicable,"0",0.000000000000000,0.000000000000000,719.923063999999954,725.103341784641998,Not Applicable,0.000000000000000,Not Reported,"2010",Indigenous peoples,Not Reported,Community,Not Reported,Not Reported,"1775",Not Reported,KEN,KEN,Not Applicable,Not Applicable,WDPA_WDOECM_Jan2024_Public_KEN_shp-polygons,/Users/meeraburghardt/Desktop/WDPA_WDOECM_Jan2024_Public_KEN_shp/WDPA_WDOECM_Jan2024_Public_KEN_shp_2/WDPA_WDOECM_Jan2024_Public_KEN_shp-polygons.shp,3
555555520.000000000000000,"555555520","1",Biliqo-Bulesa Community Conservancy,Biliqo-Bulesa Community Conservancy,Community Nature Reserve,Community Nature Reserve,National,Not Reported,Not Applicable,"0",0.000000000000000,0.000000000000000,3784.823327000000063,3812.709415855309999,Not Applicable,0.000000000000000,Not Reported,"2007",Indigenous peoples,Not Reported,Community,Not Reported,Not Reported,"1775",Not Reported,KEN,KEN,Not Applicable,Not Applicable,WDPA_WDOECM_Jan2024_Public_KEN_shp-polygons,/Users/meeraburghardt/Desktop/WDPA_WDOECM_Jan2024_Public_KEN_shp/WDPA_WDOECM_Jan2024_Public_KEN_shp_2/WDPA_WDOECM_Jan2024_Public_KEN_shp-polygons.shp,4
555555521.000000000000000,"555555521","1",Hanshak-Nyongoro Community Conservancy,Hanshak-Nyongoro Community Conservancy,Community Nature Reserve,Community Nature Reserve,National,Not Reported,Not Applicable,"0",0.000000000000000,0.000000000000000,792.000000000000000,789.361969120736035,Not Applicable,0.000000000000000,Not Reported,"2010",Indigenous peoples,Not Reported,Community,Not Reported,Not Reported,"1775",Not Reported,KEN,KEN,Not Applicable,Not Applicable,WDPA_WDOECM_Jan2024_Public_KEN_shp-polygons,/Users/meeraburghardt/Desktop/WDPA_WDOECM_Jan2024_Public_KEN_shp/WDPA_WDOECM_Jan2024_Public_KEN_shp_2/WDPA_WDOECM_Jan2024_Public_KEN_shp-polygons.shp,11
555555522.000000000000000,"555555522","1",Nasuulu Community Wildlife Conservancy,Nasuulu Community Wildlife Conservancy,Community Nature Reserve,Community Nature Reserve,National,Not Reported,Not Applicable,"0",0.000000000000000,0.000000000000000,346.009703999999999,348.374963340647014,Not Applicable,0.000000000000000,Not Reported,"2011",Indigenous peoples,Not Reported,Community,Not Reported,Not Reported,"1775",Not Reported,KEN,KEN,Not Applicable,Not Applicable,WDPA_WDOECM_Jan2024_Public_KEN_shp-polygons,/Users/meeraburghardt/Desktop/WDPA_WDOECM_Jan2024_Public_KEN_shp/WDPA_WDOECM_Jan2024_Public_KEN_shp_2/WDPA_WDOECM_Jan2024_Public_KEN_shp-polygons.shp,0
555555523.000000000000000,"555555523","1",Ndera Community Conservancy,Ndera Community Conservancy,Community Nature Reserve,Community Nature Reserve,National,Not Reported,Not Applicable,"0",0.000000000000000,0.000000000000000,1155.000000000000000,1172.244142736409913,Not Applicable,0.000000000000000,Not Reported,"2010",Indigenous peoples,Not Reported,Community,Not Reported,Not Reported,"1775",Not Reported,KEN,KEN,Not Applicable,Not Applicable,WDPA_WDOECM_Jan2024_Public_KEN_shp-polygons,/Users/meeraburghardt/Desktop/WDPA_WDOECM_Jan2024_Public_KEN_shp/WDPA_WDOECM_Jan2024_Public_KEN_shp_2/WDPA_WDOECM_Jan2024_Public_KEN_shp-polygons.shp,0
555566888.000000000000000,"555566888","1",Awer Community Conservancy,Awer Community Conservancy,Community Nature Reserve,Community Nature Reserve,National,Not Reported,Not Applicable,"0",0.000000000000000,0.000000000000000,209.000000000000000,211.084135789886005,Not Applicable,0.000000000000000,Not Reported,"2010",Indigenous peoples,Not Reported,Community,Not Reported,Not Reported,"1775",Not Reported,KEN,KEN,Not Applicable,Not Applicable,WDPA_WDOECM_Jan2024_Public_KEN_shp-polygons,/Users/meeraburghardt/Desktop/WDPA_WDOECM_Jan2024_Public_KEN_shp/WDPA_WDOECM_Jan2024_Public_KEN_shp_2/WDPA_WDOECM_Jan2024_Public_KEN_shp-polygons.shp,7
555566897.000000000000000,"555566897","1",Ngorare,Ngorare,Private Protected Area,Private Protected Area,National,Not Reported,Not Applicable,"0",0.000000000000000,0.000000000000000,0.000000000000000,157.939093630920979,Not Applicable,0.000000000000000,Not Reported,"2013",For-profit organisations,Not Reported,Not Reported,Not Reported,Not Reported,"1775",Not Reported,KEN,KEN,Not Applicable,Not Applicable,WDPA_WDOECM_Jan2024_Public_KEN_shp-polygons,/Users/meeraburghardt/Desktop/WDPA_WDOECM_Jan2024_Public_KEN_shp/WDPA_WDOECM_Jan2024_Public_KEN_shp_2/WDPA_WDOECM_Jan2024_Public_KEN_shp-polygons.shp,0
555566898.000000000000000,"555566898","1",Ol Lentille Conservancy,Ol Lentille Conservancy,Community Nature Reserve,Community Nature Reserve,National,Not Reported,Not Applicable,"0",0.000000000000000,0.000000000000000,0.000000000000000,107.930458601027993,Not Applicable,0.000000000000000,Not Reported,"2006",Non-profit organisations,Not Reported,Private,Not Reported,Not Reported,"1775",Not Reported,KEN,KEN,Not Applicable,Not Applicable,WDPA_WDOECM_Jan2024_Public_KEN_shp-polygons,/Users/meeraburghardt/Desktop/WDPA_WDOECM_Jan2024_Public_KEN_shp/WDPA_WDOECM_Jan2024_Public_KEN_shp_2/WDPA_WDOECM_Jan2024_Public_KEN_shp-polygons.shp,0
555566899.000000000000000,"555566899","1",Shura Community Conservancy,Shura Community Conservancy,Community Nature Reserve,Community Nature Reserve,National,Not Reported,Not Applicable,"0",0.000000000000000,0.000000000000000,4170.982358999999633,4202.093370835130372,Not Applicable,0.000000000000000,Not Reported,"2004",Indigenous peoples,Not Reported,Community,Not Reported,Not Reported,"1775",Not Reported,KEN,KEN,Not Applicable,Not Applicable,WDPA_WDOECM_Jan2024_Public_KEN_shp-polygons,/Users/meeraburghardt/Desktop/WDPA_WDOECM_Jan2024_Public_KEN_shp/WDPA_WDOECM_Jan2024_Public_KEN_shp_2/WDPA_WDOECM_Jan2024_Public_KEN_shp-polygons.shp,0
555566900.000000000000000,"555566900","1",Ol Pejeta Conservancy,Ol Pejeta Conservancy,Private Protected Area,Private Protected Area,National,Not Reported,Not Applicable,"0",0.000000000000000,0.000000000000000,365.000000000000000,367.081502766382982,Not Applicable,0.000000000000000,Not Reported,"1989",Non-profit organisations,Not Reported,Private,Not Reported,Not Reported,"1775",Not Reported,KEN,KEN,Not Applicable,Not Applicable,WDPA_WDOECM_Jan2024_Public_KEN_shp-polygons,/Users/meeraburghardt/Desktop/WDPA_WDOECM_Jan2024_Public_KEN_shp/WDPA_WDOECM_Jan2024_Public_KEN_shp_2/WDPA_WDOECM_Jan2024_Public_KEN_shp-polygons.shp,0
555566901.000000000000000,"555566901","1",Segera,Segera,Private Nature Reserve,Private Nature Reserve,National,Not Reported,Not Applicable,"0",0.000000000000000,0.000000000000000,200.000000000000000,198.073450219080996,Not Applicable,0.000000000000000,Not Reported,"2007",Non-profit organisations,Not Reported,Private,Not Reported,Not Reported,"1775",KE-700,KEN,KEN,Not Applicable,Not Applicable,WDPA_WDOECM_Jan2024_Public_KEN_shp-polygons,/Users/meeraburghardt/Desktop/WDPA_WDOECM_Jan2024_Public_KEN_shp/WDPA_WDOECM_Jan2024_Public_KEN_shp_2/WDPA_WDOECM_Jan2024_Public_KEN_shp-polygons.shp,0
555566902.000000000000000,"555566902","1",Ngare Ndare Community Conservancy,Ngare Ndare Community Conservancy,Community Nature Reserve,Community Nature Reserve,National,Not Reported,Not Applicable,"0",0.000000000000000,0.000000000000000,55.107407000000002,55.477884394348202,Not Applicable,0.000000000000000,Not Reported,"2000",Indigenous peoples,Not Reported,Community,Not Reported,Not Reported,"1775",Not Reported,KEN,KEN,Not Applicable,Not Applicable,WDPA_WDOECM_Jan2024_Public_KEN_shp-polygons,/Users/meeraburghardt/Desktop/WDPA_WDOECM_Jan2024_Public_KEN_shp/WDPA_WDOECM_Jan2024_Public_KEN_shp_2/WDPA_WDOECM_Jan2024_Public_KEN_shp-polygons.shp,0
555566903.000000000000000,"555566903","1",Leparua Community Conservancy,Leparua Community Conservancy,Community Nature Reserve,Community Nature Reserve,National,Not Reported,Not Applicable,"0",0.000000000000000,0.000000000000000,328.352032000000008,330.584691038111998,Not Applicable,0.000000000000000,Not Reported,"2011",Indigenous peoples,Not Reported,Community,Not Reported,Not Reported,"1775",Not Reported,KEN,KEN,Not Applicable,Not Applicable,WDPA_WDOECM_Jan2024_Public_KEN_shp-polygons,/Users/meeraburghardt/Desktop/WDPA_WDOECM_Jan2024_Public_KEN_shp/WDPA_WDOECM_Jan2024_Public_KEN_shp_2/WDPA_WDOECM_Jan2024_Public_KEN_shp-polygons.shp,2
555566904.000000000000000,"555566904","1",Pate Marine Community Conservancy,Pate Marine Community Conservancy,Community Nature Reserve,Community Nature Reserve,National,Not Reported,Not Applicable,"0",0.000000000000000,14.947719831766300,192.000000000000000,193.645285857351013,Not Applicable,0.000000000000000,Not Reported,"2010",Indigenous peoples,Not Reported,Community,Not Reported,Not Reported,"1775",Not Reported,KEN,KEN,Not Applicable,Not Applicable,WDPA_WDOECM_Jan2024_Public_KEN_shp-polygons,/Users/meeraburghardt/Desktop/WDPA_WDOECM_Jan2024_Public_KEN_shp/WDPA_WDOECM_Jan2024_Public_KEN_shp_2/WDPA_WDOECM_Jan2024_Public_KEN_shp-polygons.shp,0
555566905.000000000000000,"555566905","1",Ltungai Community Conservancy Trust,Ltungai Community Conservancy Trust,Community Nature Reserve,Community Nature Reserve,National,Not Reported,Not Applicable,"0",0.000000000000000,0.000000000000000,193.080841999999990,194.159056735576002,Not Applicable,0.000000000000000,Not Reported,"2002",Indigenous peoples,Not Reported,Community,Not Reported,Not Reported,"1775",Not Reported,KEN,KEN,Not Applicable,Not Applicable,WDPA_WDOECM_Jan2024_Public_KEN_shp-polygons,/Users/meeraburghardt/Desktop/WDPA_WDOECM_Jan2024_Public_KEN_shp/WDPA_WDOECM_Jan2024_Public_KEN_shp_2/WDPA_WDOECM_Jan2024_Public_KEN_shp-polygons.shp,0
555566906.000000000000000,"555566906","1",Meibae Community Conservancy,Meibae Community Conservancy,Community Nature Reserve,Community Nature Reserve,National,Not Reported,Not Applicable,"0",0.000000000000000,0.000000000000000,1016.484795999999960,1023.061096604630052,Not Applicable,0.000000000000000,Not Reported,"2006",Indigenous peoples,Not Reported,Community,Not Reported,Not Reported,"1775",Not Reported,KEN,KEN,Not Applicable,Not Applicable,WDPA_WDOECM_Jan2024_Public_KEN_shp-polygons,/Users/meeraburghardt/Desktop/WDPA_WDOECM_Jan2024_Public_KEN_shp/WDPA_WDOECM_Jan2024_Public_KEN_shp_2/WDPA_WDOECM_Jan2024_Public_KEN_shp-polygons.shp,0
555621995.000000000000000,"555621995","1",Watamu,Watamu,Marine National Reserve,Marine National Reserve,National,Not Reported,Not Applicable,"2",10.000000000000000,9.426623236230361,10.000000000000000,10.395602373367799,Not Reported,0.000000000000000,Designated,"1968",Federal or national ministry or agency,State,Kenya Wildlife Service,Not Reported,State Verified,"933",Not Reported,KEN,KEN,Not Applicable,Not Applicable,WDPA_WDOECM_Jan2024_Public_KEN_shp-polygons,/Users/meeraburghardt/Desktop/WDPA_WDOECM_Jan2024_Public_KEN_shp/WDPA_WDOECM_Jan2024_Public_KEN_shp_2/WDPA_WDOECM_Jan2024_Public_KEN_shp-polygons.shp,0
555621996.000000000000000,"555621996","1",Malindi,Malindi,Marine National Reserve,Marine National Reserve,National,Not Reported,Not Applicable,"2",213.000000000000000,147.181169247095994,213.000000000000000,151.908433746424009,Not Reported,0.000000000000000,Designated,"1968",Federal or national ministry or agency,State,Kenya Wildlife Service,Not Reported,State Verified,"933",Not Reported,KEN,KEN,Not Applicable,Not Applicable,WDPA_WDOECM_Jan2024_Public_KEN_shp-polygons,/Users/meeraburghardt/Desktop/WDPA_WDOECM_Jan2024_Public_KEN_shp/WDPA_WDOECM_Jan2024_Public_KEN_shp_2/WDPA_WDOECM_Jan2024_Public_KEN_shp-polygons.shp,0
555621998.000000000000000,"555621998","1",Chepkitale,Chepkitale,National Reserve,National Reserve,National,Not Reported,Not Applicable,"0",0.000000000000000,0.000000000000000,178.199999999999989,183.413559106083994,Not Applicable,0.000000000000000,Designated,"2000",Federal or national ministry or agency,State,Kenya Wildlife Service,Not Reported,State Verified,"933",Not Reported,KEN,KEN,Not Applicable,Not Applicable,WDPA_WDOECM_Jan2024_Public_KEN_shp-polygons,/Users/meeraburghardt/Desktop/WDPA_WDOECM_Jan2024_Public_KEN_shp/WDPA_WDOECM_Jan2024_Public_KEN_shp_2/WDPA_WDOECM_Jan2024_Public_KEN_shp-polygons.shp,0
555622000.000000000000000,"555622000","1",Kamnarok,Kamnarok,National Reserve,National Reserve,National,Not Reported,Not Applicable,"0",0.000000000000000,0.000000000000000,87.700000000000003,86.803331986390702,Not Applicable,0.000000000000000,Designated,"1983",Federal or national ministry or agency,State,Kenya Wildlife Service,Not Reported,State Verified,"933",Not Reported,KEN,KEN,Not Applicable,Not Applicable,WDPA_WDOECM_Jan2024_Public_KEN_shp-polygons,/Users/meeraburghardt/Desktop/WDPA_WDOECM_Jan2024_Public_KEN_shp/WDPA_WDOECM_Jan2024_Public_KEN_shp_2/WDPA_WDOECM_Jan2024_Public_KEN_shp-polygons.shp,0
555622001.000000000000000,"555622001","1",Kisumu Impala,Kisumu Impala,National Sanctuary,National Sanctuary,National,IV,Not Applicable,"0",0.000000000000000,0.000000000000000,0.340000000000000,0.280748645585115,Not Applicable,0.000000000000000,Designated,"1992",Federal or national ministry or agency,State,Kenya Wildlife Service,Not Reported,State Verified,"933",Not Reported,KEN,KEN,Not Applicable,Not Applicable,WDPA_WDOECM_Jan2024_Public_KEN_shp-polygons,/Users/meeraburghardt/Desktop/WDPA_WDOECM_Jan2024_Public_KEN_shp/WDPA_WDOECM_Jan2024_Public_KEN_shp_2/WDPA_WDOECM_Jan2024_Public_KEN_shp-polygons.shp,0
555622002.000000000000000,"555622002","1",Kiunga,Kiunga,Marine National Reserve,Marine National Reserve,National,VI,Not Applicable,"1",250.000000000000000,201.978080464595990,250.000000000000000,248.964162886939022,Not Reported,0.000000000000000,Designated,"1979",Federal or national ministry or agency,State,Kenya Wildlife Service,Not Reported,State Verified,"933",Not Reported,KEN,KEN,Not Applicable,Not Applicable,WDPA_WDOECM_Jan2024_Public_KEN_shp-polygons,/Users/meeraburghardt/Desktop/WDPA_WDOECM_Jan2024_Public_KEN_shp/WDPA_WDOECM_Jan2024_Public_KEN_shp_2/WDPA_WDOECM_Jan2024_Public_KEN_shp-polygons.shp,1
555622003.000000000000000,"555622003","1",Lake Elementaita,Lake Elementaita,National Sanctuary,National Sanctuary,National,Not Reported,Not Applicable,"0",0.000000000000000,0.000000000000000,25.338999999999999,25.566276536866098,Not Applicable,0.000000000000000,Designated,"2010",Federal or national ministry or agency,State,Kenya Wildlife Service,Not Reported,State Verified,"933",Not Reported,KEN,KEN,Not Applicable,Not Applicable,WDPA_WDOECM_Jan2024_Public_KEN_shp-polygons,/Users/meeraburghardt/Desktop/WDPA_WDOECM_Jan2024_Public_KEN_shp/WDPA_WDOECM_Jan2024_Public_KEN_shp_2/WDPA_WDOECM_Jan2024_Public_KEN_shp-polygons.shp,0
555622004.000000000000000,"555622004","1",Lake Kanyaboli,Lake Kanyaboli,National Reserve,National Reserve,National,Not Reported,Not Applicable,"0",0.000000000000000,0.000000000000000,41.420000000000002,41.210909717689397,Not Applicable,0.000000000000000,Designated,"2010",Federal or national ministry or agency,State,Kenya Wildlife Service,Not Reported,State Verified,"933",Not Reported,KEN,KEN,Not Applicable,Not Applicable,WDPA_WDOECM_Jan2024_Public_KEN_shp-polygons,/Users/meeraburghardt/Desktop/WDPA_WDOECM_Jan2024_Public_KEN_shp/WDPA_WDOECM_Jan2024_Public_KEN_shp_2/WDPA_WDOECM_Jan2024_Public_KEN_shp-polygons.shp,0
555622005.000000000000000,"555622005","1",Lake Simbi,Lake Simbi,National Sanctuary,National Sanctuary,National,Not Reported,Not Applicable,"0",0.000000000000000,0.000000000000000,0.417000000000000,0.442215073205991,Not Applicable,0.000000000000000,Designated,"2000",Federal or national ministry or agency,State,Kenya Wildlife Service,Not Reported,State Verified,"933",Not Reported,KEN,KEN,Not Applicable,Not Applicable,WDPA_WDOECM_Jan2024_Public_KEN_shp-polygons,/Users/meeraburghardt/Desktop/WDPA_WDOECM_Jan2024_Public_KEN_shp/WDPA_WDOECM_Jan2024_Public_KEN_shp_2/WDPA_WDOECM_Jan2024_Public_KEN_shp-polygons.shp,0
555622007.000000000000000,"555622007","1",Mt. Kenya,Mt. Kenya,National Reserve,National Reserve,National,II,Not Applicable,"0",0.000000000000000,0.000000000000000,2124.000000000000000,2119.944097910250093,Not Applicable,0.000000000000000,Designated,"2000",Federal or national ministry or agency,State,Kenya Wildlife Service,Not Reported,State Verified,"933",Not Reported,KEN,KEN,Not Applicable,Not Applicable,WDPA_WDOECM_Jan2024_Public_KEN_shp-polygons,/Users/meeraburghardt/Desktop/WDPA_WDOECM_Jan2024_Public_KEN_shp/WDPA_WDOECM_Jan2024_Public_KEN_shp_2/WDPA_WDOECM_Jan2024_Public_KEN_shp-polygons.shp,0
555622008.000000000000000,"555622008","1",Naivasha Wildlife Sanctuary,Naivasha Wildlife Sanctuary,National Sanctuary,National Sanctuary,National,Not Reported,Not Applicable,"0",0.000000000000000,0.000000000000000,3.990000000000000,4.017235602230001,Not Applicable,0.000000000000000,Designated,"2000",Federal or national ministry or agency,Not Reported,Kenya Wildlife Service,Not Reported,State Verified,"933",Not Reported,KEN,KEN,Not Applicable,Not Applicable,WDPA_WDOECM_Jan2024_Public_KEN_shp-polygons,/Users/meeraburghardt/Desktop/WDPA_WDOECM_Jan2024_Public_KEN_shp/WDPA_WDOECM_Jan2024_Public_KEN_shp_2/WDPA_WDOECM_Jan2024_Public_KEN_shp-polygons.shp,0
555622010.000000000000000,"555622010","1",Nyambene,Nyambene,National Reserve,National Reserve,National,Not Reported,Not Applicable,"0",0.000000000000000,0.000000000000000,640.600000000000023,641.458713666748054,Not Applicable,0.000000000000000,Designated,"2000",Federal or national ministry or agency,State,Kenya Wildlife Service,Not Reported,State Verified,"933",Not Reported,KEN,KEN,Not Applicable,Not Applicable,WDPA_WDOECM_Jan2024_Public_KEN_shp-polygons,/Users/meeraburghardt/Desktop/WDPA_WDOECM_Jan2024_Public_KEN_shp/WDPA_WDOECM_Jan2024_Public_KEN_shp_2/WDPA_WDOECM_Jan2024_Public_KEN_shp-polygons.shp,2
555646867.000000000000000,"555646867","1",Mwingi,Mwingi,National Reserve,National Reserve,National,VI,Not Applicable,"0",0.000000000000000,0.000000000000000,745.000000000000000,635.767050970168953,Not Applicable,0.000000000000000,Designated,"1979",Federal or national ministry or agency,State,Kenya Wildlife Service,Not Reported,State Verified,"933",Not Reported,KEN,KEN,Not Applicable,Not Applicable,WDPA_WDOECM_Jan2024_Public_KEN_shp-polygons,/Users/meeraburghardt/Desktop/WDPA_WDOECM_Jan2024_Public_KEN_shp/WDPA_WDOECM_Jan2024_Public_KEN_shp_2/WDPA_WDOECM_Jan2024_Public_KEN_shp-polygons.shp,0
555646868.000000000000000,"555646868","1",Tsavo Road and Railways,Tsavo Road and Railways,National Reserve,National Reserve,National,Not Reported,Not Applicable,"0",0.000000000000000,0.000000000000000,5.270000000000000,23.370024409189700,Not Applicable,0.000000000000000,Designated,"1943",Federal or national ministry or agency,State,Kenya Wildlife Service,Not Reported,State Verified,"933",Not Reported,KEN,KEN,Not Applicable,Not Applicable,WDPA_WDOECM_Jan2024_Public_KEN_shp-polygons,/Users/meeraburghardt/Desktop/WDPA_WDOECM_Jan2024_Public_KEN_shp/WDPA_WDOECM_Jan2024_Public_KEN_shp_2/WDPA_WDOECM_Jan2024_Public_KEN_shp-polygons.shp,0
555705847.000000000000000,"555705847","1",Swara Conservancy,Swara Conservancy,Conservancy,Conservancy,National,Not Reported,Not Applicable,"0",0.000000000000000,0.000000000000000,60.700000000000003,82.977891833426995,Not Applicable,0.000000000000000,Designated,"2020",Not Reported,Not Reported,Not Reported,Not Reported,State Verified,"933",Not Reported,KEN,KEN,Not Applicable,Not Applicable,WDPA_WDOECM_Jan2024_Public_KEN_shp-polygons,/Users/meeraburghardt/Desktop/WDPA_WDOECM_Jan2024_Public_KEN_shp/WDPA_WDOECM_Jan2024_Public_KEN_shp_2/WDPA_WDOECM_Jan2024_Public_KEN_shp-polygons.shp,0
555705848.000000000000000,"555705848","1",ILRI Conservancy,ILRI Conservancy,Conservancy,Conservancy,National,Not Reported,Not Applicable,"0",0.000000000000000,0.000000000000000,129.500000000000000,121.016512823536004,Not Applicable,0.000000000000000,Designated,"2020",Not Reported,Not Reported,Not Reported,Not Reported,State Verified,"933",Not Reported,KEN,KEN,Not Applicable,Not Applicable,WDPA_WDOECM_Jan2024_Public_KEN_shp-polygons,/Users/meeraburghardt/Desktop/WDPA_WDOECM_Jan2024_Public_KEN_shp/WDPA_WDOECM_Jan2024_Public_KEN_shp_2/WDPA_WDOECM_Jan2024_Public_KEN_shp-polygons.shp,0
