"STATION","NAME","LATITUDE","LONGITUDE","ELEVATION","DATE","EMXP","PRCP"
"KE000063740","JOMO KENYATTA INTERNATIONAL, KE","-1.317","36.917","1624.0","1970-01","1.54","4.96"
"KE000063740","JOMO KENYATTA INTERNATIONAL, KE","-1.317","36.917","1624.0","1970-02","0.13","0.13"
"KE000063740","JOMO KENYATTA INTERNATIONAL, KE","-1.317","36.917","1624.0","1970-03","0.93","4.39"
"KE000063740","JOMO KENYATTA INTERNATIONAL, KE","-1.317","36.917","1624.0","1970-04","4.01","7.48"
"KE000063740","JOMO KENYATTA INTERNATIONAL, KE","-1.317","36.917","1624.0","1970-05","1.05","3.68"
"KE000063740","JOMO KENYATTA INTERNATIONAL, KE","-1.317","36.917","1624.0","1970-06","0.28","0.38"
"KE000063740","JOMO KENYATTA INTERNATIONAL, KE","-1.317","36.917","1624.0","1970-07","0.35","0.41"
"KE000063740","JOMO KENYATTA INTERNATIONAL, KE","-1.317","36.917","1624.0","1970-08","0.03","0.06"
"KE000063740","JOMO KENYATTA INTERNATIONAL, KE","-1.317","36.917","1624.0","1970-09","0.02","0.02"
"KE000063740","JOMO KENYATTA INTERNATIONAL, KE","-1.317","36.917","1624.0","1970-10","0.87","1.26"
"KE000063740","JOMO KENYATTA INTERNATIONAL, KE","-1.317","36.917","1624.0","1970-11","0.31","1.34"
"KE000063740","JOMO KENYATTA INTERNATIONAL, KE","-1.317","36.917","1624.0","1970-12","0.43","0.91"
"KE000063740","JOMO KENYATTA INTERNATIONAL, KE","-1.317","36.917","1624.0","1971-01","0.78","1.33"
"KE000063740","JOMO KENYATTA INTERNATIONAL, KE","-1.317","36.917","1624.0","1971-02","0.06","0.06"
"KE000063740","JOMO KENYATTA INTERNATIONAL, KE","-1.317","36.917","1624.0","1971-03","0.10","0.20"
"KE000063740","JOMO KENYATTA INTERNATIONAL, KE","-1.317","36.917","1624.0","1971-04","2.54","10.65"
"KE000063740","JOMO KENYATTA INTERNATIONAL, KE","-1.317","36.917","1624.0","1971-05","2.82","6.50"
"KE000063740","JOMO KENYATTA INTERNATIONAL, KE","-1.317","36.917","1624.0","1971-06","0.35","0.47"
"KE000063740","JOMO KENYATTA INTERNATIONAL, KE","-1.317","36.917","1624.0","1971-07","0.19","0.32"
"KE000063740","JOMO KENYATTA INTERNATIONAL, KE","-1.317","36.917","1624.0","1971-08","1.15","1.50"
"KE000063740","JOMO KENYATTA INTERNATIONAL, KE","-1.317","36.917","1624.0","1971-09","0.39","0.46"
"KE000063740","JOMO KENYATTA INTERNATIONAL, KE","-1.317","36.917","1624.0","1971-10","0.06","0.10"
"KE000063740","JOMO KENYATTA INTERNATIONAL, KE","-1.317","36.917","1624.0","1971-11","0.29","1.04"
"KE000063740","JOMO KENYATTA INTERNATIONAL, KE","-1.317","36.917","1624.0","1971-12","1.13","6.43"
"KE000063740","JOMO KENYATTA INTERNATIONAL, KE","-1.317","36.917","1624.0","1972-01","0.28","0.47"
"KE000063740","JOMO KENYATTA INTERNATIONAL, KE","-1.317","36.917","1624.0","1972-02","1.43","2.09"
"KE000063740","JOMO KENYATTA INTERNATIONAL, KE","-1.317","36.917","1624.0","1972-03","0.62","1.10"
"KE000063740","JOMO KENYATTA INTERNATIONAL, KE","-1.317","36.917","1624.0","1972-04","0.01","0.03"
"KE000063740","JOMO KENYATTA INTERNATIONAL, KE","-1.317","36.917","1624.0","1972-05","0.70","3.15"
"KE000063740","JOMO KENYATTA INTERNATIONAL, KE","-1.317","36.917","1624.0","1972-06","1.79","4.75"
"KE000063740","JOMO KENYATTA INTERNATIONAL, KE","-1.317","36.917","1624.0","1972-07","0.09","0.34"
"KE000063740","JOMO KENYATTA INTERNATIONAL, KE","-1.317","36.917","1624.0","1972-08","0.05","0.09"
"KE000063740","JOMO KENYATTA INTERNATIONAL, KE","-1.317","36.917","1624.0","1972-09","1.45","2.15"
"KE000063740","JOMO KENYATTA INTERNATIONAL, KE","-1.317","36.917","1624.0","1972-10","2.66","6.36"
"KE000063740","JOMO KENYATTA INTERNATIONAL, KE","-1.317","36.917","1624.0","1972-11","1.30","3.83"
"KE000063740","JOMO KENYATTA INTERNATIONAL, KE","-1.317","36.917","1624.0","1972-12","0.34","0.98"
"KE000063740","JOMO KENYATTA INTERNATIONAL, KE","-1.317","36.917","1624.0","1973-01","1.57","4.18"
"KE000063740","JOMO KENYATTA INTERNATIONAL, KE","-1.317","36.917","1624.0","1973-02","0.55","1.33"
"KE000063740","JOMO KENYATTA INTERNATIONAL, KE","-1.317","36.917","1624.0","1973-03","0.03","0.06"
"KE000063740","JOMO KENYATTA INTERNATIONAL, KE","-1.317","36.917","1624.0","1973-04","0.40","2.15"
"KE000063740","JOMO KENYATTA INTERNATIONAL, KE","-1.317","36.917","1624.0","1973-05","0.95","2.42"
"KE000063740","JOMO KENYATTA INTERNATIONAL, KE","-1.317","36.917","1624.0","1973-06","0.31","0.86"
"KE000063740","JOMO KENYATTA INTERNATIONAL, KE","-1.317","36.917","1624.0","1973-07","0.04","0.04"
"KE000063740","JOMO KENYATTA INTERNATIONAL, KE","-1.317","36.917","1624.0","1973-08","0.12","0.12"
"KE000063740","JOMO KENYATTA INTERNATIONAL, KE","-1.317","36.917","1624.0","1973-09","1.22","2.47"
"KE000063740","JOMO KENYATTA INTERNATIONAL, KE","-1.317","36.917","1624.0","1973-10","0.48","0.57"
"KE000063740","JOMO KENYATTA INTERNATIONAL, KE","-1.317","36.917","1624.0","1973-11","1.16","3.16"
"KE000063740","JOMO KENYATTA INTERNATIONAL, KE","-1.317","36.917","1624.0","1973-12","0.45","0.74"
"KE000063740","JOMO KENYATTA INTERNATIONAL, KE","-1.317","36.917","1624.0","1974-01","0.74","1.00"
"KE000063740","JOMO KENYATTA INTERNATIONAL, KE","-1.317","36.917","1624.0","1974-02","1.98","2.39"
"KE000063740","JOMO KENYATTA INTERNATIONAL, KE","-1.317","36.917","1624.0","1974-03","2.69","5.38"
"KE000063740","JOMO KENYATTA INTERNATIONAL, KE","-1.317","36.917","1624.0","1974-04","2.20","7.93"
"KE000063740","JOMO KENYATTA INTERNATIONAL, KE","-1.317","36.917","1624.0","1974-05","1.32","3.41"
"KE000063740","JOMO KENYATTA INTERNATIONAL, KE","-1.317","36.917","1624.0","1974-06","0.38","1.89"
"KE000063740","JOMO KENYATTA INTERNATIONAL, KE","-1.317","36.917","1624.0","1974-07","0.69","1.72"
"KE000063740","JOMO KENYATTA INTERNATIONAL, KE","-1.317","36.917","1624.0","1974-08","0.44","0.73"
"KE000063740","JOMO KENYATTA INTERNATIONAL, KE","-1.317","36.917","1624.0","1974-09","0.53","1.30"
"KE000063740","JOMO KENYATTA INTERNATIONAL, KE","-1.317","36.917","1624.0","1974-10","0.31","0.43"
"KE000063740","JOMO KENYATTA INTERNATIONAL, KE","-1.317","36.917","1624.0","1974-11","0.56","2.79"
"KE000063740","JOMO KENYATTA INTERNATIONAL, KE","-1.317","36.917","1624.0","1974-12","2.49","2.80"
"KE000063740","JOMO KENYATTA INTERNATIONAL, KE","-1.317","36.917","1624.0","1975-01","0.25","0.37"
"KE000063740","JOMO KENYATTA INTERNATIONAL, KE","-1.317","36.917","1624.0","1975-02","0.00","0.00"
"KE000063740","JOMO KENYATTA INTERNATIONAL, KE","-1.317","36.917","1624.0","1975-03","0.80","1.24"
"KE000063740","JOMO KENYATTA INTERNATIONAL, KE","-1.317","36.917","1624.0","1975-04","1.83","4.87"
"KE000063740","JOMO KENYATTA INTERNATIONAL, KE","-1.317","36.917","1624.0","1975-05","0.81","3.57"
"KE000063740","JOMO KENYATTA INTERNATIONAL, KE","-1.317","36.917","1624.0","1975-06","0.31","0.45"
"KE000063740","JOMO KENYATTA INTERNATIONAL, KE","-1.317","36.917","1624.0","1975-07","0.35","0.98"
"KE000063740","JOMO KENYATTA INTERNATIONAL, KE","-1.317","36.917","1624.0","1975-08","0.01","0.01"
"KE000063740","JOMO KENYATTA INTERNATIONAL, KE","-1.317","36.917","1624.0","1975-09","1.08","3.07"
"KE000063740","JOMO KENYATTA INTERNATIONAL, KE","-1.317","36.917","1624.0","1975-10","0.54","1.22"
"KE000063740","JOMO KENYATTA INTERNATIONAL, KE","-1.317","36.917","1624.0","1975-11","0.98","3.64"
"KE000063740","JOMO KENYATTA INTERNATIONAL, KE","-1.317","36.917","1624.0","1975-12","0.72","1.46"
"KE000063740","JOMO KENYATTA INTERNATIONAL, KE","-1.317","36.917","1624.0","1976-01","0.06","0.11"
"KE000063740","JOMO KENYATTA INTERNATIONAL, KE","-1.317","36.917","1624.0","1976-02","0.55","0.96"
"KE000063740","JOMO KENYATTA INTERNATIONAL, KE","-1.317","36.917","1624.0","1976-03","1.86","1.99"
"KE000063740","JOMO KENYATTA INTERNATIONAL, KE","-1.317","36.917","1624.0","1976-04","3.23","5.22"
"KE000063740","JOMO KENYATTA INTERNATIONAL, KE","-1.317","36.917","1624.0","1976-05","1.11","1.30"
"KE000063740","JOMO KENYATTA INTERNATIONAL, KE","-1.317","36.917","1624.0","1976-06","0.60","0.83"
"KE000063740","JOMO KENYATTA INTERNATIONAL, KE","-1.317","36.917","1624.0","1976-07","0.67","1.12"
"KE000063740","JOMO KENYATTA INTERNATIONAL, KE","-1.317","36.917","1624.0","1976-08","0.14","0.16"
"KE000063740","JOMO KENYATTA INTERNATIONAL, KE","-1.317","36.917","1624.0","1976-09","0.93","1.59"
"KE000063740","JOMO KENYATTA INTERNATIONAL, KE","-1.317","36.917","1624.0","1976-10","0.18","0.18"
"KE000063740","JOMO KENYATTA INTERNATIONAL, KE","-1.317","36.917","1624.0","1976-11","1.00","4.37"
"KE000063740","JOMO KENYATTA INTERNATIONAL, KE","-1.317","36.917","1624.0","1976-12","1.24","3.81"
"KE000063740","JOMO KENYATTA INTERNATIONAL, KE","-1.317","36.917","1624.0","1977-01","0.22","0.51"
"KE000063740","JOMO KENYATTA INTERNATIONAL, KE","-1.317","36.917","1624.0","1977-02","1.12","1.98"
"KE000063740","JOMO KENYATTA INTERNATIONAL, KE","-1.317","36.917","1624.0","1977-03","0.30","1.21"
"KE000063740","JOMO KENYATTA INTERNATIONAL, KE","-1.317","36.917","1624.0","1977-04","2.22","13.72"
"KE000063740","JOMO KENYATTA INTERNATIONAL, KE","-1.317","36.917","1624.0","1977-05","1.63","5.68"
"KE000063740","JOMO KENYATTA INTERNATIONAL, KE","-1.317","36.917","1624.0","1977-06","0.28","0.70"
"KE000063740","JOMO KENYATTA INTERNATIONAL, KE","-1.317","36.917","1624.0","1977-07","0.25","0.76"
"KE000063740","JOMO KENYATTA INTERNATIONAL, KE","-1.317","36.917","1624.0","1977-08","1.50","2.04"
"KE000063740","JOMO KENYATTA INTERNATIONAL, KE","-1.317","36.917","1624.0","1977-09","0.20","0.50"
"KE000063740","JOMO KENYATTA INTERNATIONAL, KE","-1.317","36.917","1624.0","1977-10","0.34","0.67"
"KE000063740","JOMO KENYATTA INTERNATIONAL, KE","-1.317","36.917","1624.0","1977-11","2.14","9.10"
"KE000063740","JOMO KENYATTA INTERNATIONAL, KE","-1.317","36.917","1624.0","1977-12","1.07","2.96"
"KE000063740","JOMO KENYATTA INTERNATIONAL, KE","-1.317","36.917","1624.0","1978-01","0.96","3.02"
"KE000063740","JOMO KENYATTA INTERNATIONAL, KE","-1.317","36.917","1624.0","1978-02","0.54","2.27"
"KE000063740","JOMO KENYATTA INTERNATIONAL, KE","-1.317","36.917","1624.0","1978-03","1.63","7.99"
"KE000063740","JOMO KENYATTA INTERNATIONAL, KE","-1.317","36.917","1624.0","1978-04","1.29","5.04"
"KE000063740","JOMO KENYATTA INTERNATIONAL, KE","-1.317","36.917","1624.0","1978-05","0.75","1.42"
"KE000063740","JOMO KENYATTA INTERNATIONAL, KE","-1.317","36.917","1624.0","1978-06","0.12","0.12"
"KE000063740","JOMO KENYATTA INTERNATIONAL, KE","-1.317","36.917","1624.0","1978-07","0.59","0.82"
"KE000063740","JOMO KENYATTA INTERNATIONAL, KE","-1.317","36.917","1624.0","1978-08","0.06","0.15"
"KE000063740","JOMO KENYATTA INTERNATIONAL, KE","-1.317","36.917","1624.0","1978-09","0.25","0.27"
"KE000063740","JOMO KENYATTA INTERNATIONAL, KE","-1.317","36.917","1624.0","1978-10","0.40","0.96"
"KE000063740","JOMO KENYATTA INTERNATIONAL, KE","-1.317","36.917","1624.0","1978-11","0.87","4.98"
"KE000063740","JOMO KENYATTA INTERNATIONAL, KE","-1.317","36.917","1624.0","1978-12","1.32","4.68"
"KE000063740","JOMO KENYATTA INTERNATIONAL, KE","-1.317","36.917","1624.0","1979-01","1.44","3.09"
"KE000063740","JOMO KENYATTA INTERNATIONAL, KE","-1.317","36.917","1624.0","1979-02","3.00","11.36"
"KE000063740","JOMO KENYATTA INTERNATIONAL, KE","-1.317","36.917","1624.0","1979-03","1.12","2.67"
"KE000063740","JOMO KENYATTA INTERNATIONAL, KE","-1.317","36.917","1624.0","1979-04","0.70","3.93"
"KE000063740","JOMO KENYATTA INTERNATIONAL, KE","-1.317","36.917","1624.0","1979-05","1.32","3.70"
"KE000063740","JOMO KENYATTA INTERNATIONAL, KE","-1.317","36.917","1624.0","1979-06","0.36","0.69"
"KE000063740","JOMO KENYATTA INTERNATIONAL, KE","-1.317","36.917","1624.0","1979-07","0.26","0.57"
"KE000063740","JOMO KENYATTA INTERNATIONAL, KE","-1.317","36.917","1624.0","1979-08","0.07","0.20"
"KE000063740","JOMO KENYATTA INTERNATIONAL, KE","-1.317","36.917","1624.0","1979-09","0.02","0.03"
"KE000063740","JOMO KENYATTA INTERNATIONAL, KE","-1.317","36.917","1624.0","1979-10","0.21","0.25"
"KE000063740","JOMO KENYATTA INTERNATIONAL, KE","-1.317","36.917","1624.0","1979-11","0.83","3.17"
"KE000063740","JOMO KENYATTA INTERNATIONAL, KE","-1.317","36.917","1624.0","1979-12","0.56","1.36"
"KE000063740","JOMO KENYATTA INTERNATIONAL, KE","-1.317","36.917","1624.0","1980-01","0.74","2.23"
"KE000063740","JOMO KENYATTA INTERNATIONAL, KE","-1.317","36.917","1624.0","1980-02","0.39","0.42"
"KE000063740","JOMO KENYATTA INTERNATIONAL, KE","-1.317","36.917","1624.0","1980-03","2.09","3.07"
"KE000063740","JOMO KENYATTA INTERNATIONAL, KE","-1.317","36.917","1624.0","1980-04","1.67","3.70"
"KE000063740","JOMO KENYATTA INTERNATIONAL, KE","-1.317","36.917","1624.0","1980-05","1.98","12.09"
"KE000063740","JOMO KENYATTA INTERNATIONAL, KE","-1.317","36.917","1624.0","1980-06","0.60","0.65"
"KE000063740","JOMO KENYATTA INTERNATIONAL, KE","-1.317","36.917","1624.0","1980-07","0.00","0.00"
"KE000063740","JOMO KENYATTA INTERNATIONAL, KE","-1.317","36.917","1624.0","1980-08","0.43","0.57"
"KE000063740","JOMO KENYATTA INTERNATIONAL, KE","-1.317","36.917","1624.0","1980-09","0.01","0.01"
"KE000063740","JOMO KENYATTA INTERNATIONAL, KE","-1.317","36.917","1624.0","1980-10","0.36","0.98"
"KE000063740","JOMO KENYATTA INTERNATIONAL, KE","-1.317","36.917","1624.0","1980-11","0.91","4.45"
"KE000063740","JOMO KENYATTA INTERNATIONAL, KE","-1.317","36.917","1624.0","1980-12","0.21","0.25"
"KE000063740","JOMO KENYATTA INTERNATIONAL, KE","-1.317","36.917","1624.0","1981-01","0.08","0.08"
"KE000063740","JOMO KENYATTA INTERNATIONAL, KE","-1.317","36.917","1624.0","1981-02","0.03","0.03"
"KE000063740","JOMO KENYATTA INTERNATIONAL, KE","-1.317","36.917","1624.0","1981-03","0.84","3.17"
"KE000063740","JOMO KENYATTA INTERNATIONAL, KE","-1.317","36.917","1624.0","1981-04","1.31","8.17"
"KE000063740","JOMO KENYATTA INTERNATIONAL, KE","-1.317","36.917","1624.0","1981-05","2.38","7.29"
"KE000063740","JOMO KENYATTA INTERNATIONAL, KE","-1.317","36.917","1624.0","1981-06","0.00","0.00"
"KE000063740","JOMO KENYATTA INTERNATIONAL, KE","-1.317","36.917","1624.0","1981-07","0.13","0.14"
"KE000063740","JOMO KENYATTA INTERNATIONAL, KE","-1.317","36.917","1624.0","1981-08","0.11","0.13"
"KE000063740","JOMO KENYATTA INTERNATIONAL, KE","-1.317","36.917","1624.0","1981-09","0.40","0.83"
"KE000063740","JOMO KENYATTA INTERNATIONAL, KE","-1.317","36.917","1624.0","1981-10","0.39","1.21"
"KE000063740","JOMO KENYATTA INTERNATIONAL, KE","-1.317","36.917","1624.0","1981-11","0.38","1.29"
"KE000063740","JOMO KENYATTA INTERNATIONAL, KE","-1.317","36.917","1624.0","1981-12","0.93","2.03"
"KE000063740","JOMO KENYATTA INTERNATIONAL, KE","-1.317","36.917","1624.0","1982-01","0.07","0.07"
"KE000063740","JOMO KENYATTA INTERNATIONAL, KE","-1.317","36.917","1624.0","1982-02","0.18","0.18"
"KE000063740","JOMO KENYATTA INTERNATIONAL, KE","-1.317","36.917","1624.0","1982-03","0.29","0.46"
"KE000063740","JOMO KENYATTA INTERNATIONAL, KE","-1.317","36.917","1624.0","1982-04","1.11","4.74"
"KE000063740","JOMO KENYATTA INTERNATIONAL, KE","-1.317","36.917","1624.0","1982-05","0.60","3.60"
"KE000063740","JOMO KENYATTA INTERNATIONAL, KE","-1.317","36.917","1624.0","1982-06","0.17","0.32"
"KE000063740","JOMO KENYATTA INTERNATIONAL, KE","-1.317","36.917","1624.0","1982-07","0.26","0.32"
"KE000063740","JOMO KENYATTA INTERNATIONAL, KE","-1.317","36.917","1624.0","1982-08","0.52","0.52"
"KE000063740","JOMO KENYATTA INTERNATIONAL, KE","-1.317","36.917","1624.0","1982-09","0.32","0.70"
"KE000063740","JOMO KENYATTA INTERNATIONAL, KE","-1.317","36.917","1624.0","1982-10","1.24","5.82"
"KE000063740","JOMO KENYATTA INTERNATIONAL, KE","-1.317","36.917","1624.0","1982-11","1.00","5.88"
"KE000063740","JOMO KENYATTA INTERNATIONAL, KE","-1.317","36.917","1624.0","1982-12","2.43","4.45"
"KE000063740","JOMO KENYATTA INTERNATIONAL, KE","-1.317","36.917","1624.0","1983-01","0.04","0.04"
"KE000063740","JOMO KENYATTA INTERNATIONAL, KE","-1.317","36.917","1624.0","1983-02","1.74","6.31"
"KE000063740","JOMO KENYATTA INTERNATIONAL, KE","-1.317","36.917","1624.0","1983-03","1.01","1.52"
"KE000063740","JOMO KENYATTA INTERNATIONAL, KE","-1.317","36.917","1624.0","1983-04","1.67","8.20"
"KE000063740","JOMO KENYATTA INTERNATIONAL, KE","-1.317","36.917","1624.0","1983-05","0.33","1.15"
"KE000063740","JOMO KENYATTA INTERNATIONAL, KE","-1.317","36.917","1624.0","1983-06","1.09","2.71"
"KE000063740","JOMO KENYATTA INTERNATIONAL, KE","-1.317","36.917","1624.0","1983-07","0.24","0.24"
"KE000063740","JOMO KENYATTA INTERNATIONAL, KE","-1.317","36.917","1624.0","1983-08","0.34","0.69"
"KE000063740","JOMO KENYATTA INTERNATIONAL, KE","-1.317","36.917","1624.0","1983-09","0.04","0.04"
"KE000063740","JOMO KENYATTA INTERNATIONAL, KE","-1.317","36.917","1624.0","1983-10","0.36","1.15"
"KE000063740","JOMO KENYATTA INTERNATIONAL, KE","-1.317","36.917","1624.0","1983-11","0.31","1.25"
"KE000063740","JOMO KENYATTA INTERNATIONAL, KE","-1.317","36.917","1624.0","1983-12","2.26","7.71"
"KE000063740","JOMO KENYATTA INTERNATIONAL, KE","-1.317","36.917","1624.0","1984-01","0.31","0.31"
"KE000063740","JOMO KENYATTA INTERNATIONAL, KE","-1.317","36.917","1624.0","1984-02","0.00","0.00"
"KE000063740","JOMO KENYATTA INTERNATIONAL, KE","-1.317","36.917","1624.0","1984-03","0.32","0.69"
"KE000063740","JOMO KENYATTA INTERNATIONAL, KE","-1.317","36.917","1624.0","1984-04","1.67","2.55"
"KE000063740","JOMO KENYATTA INTERNATIONAL, KE","-1.317","36.917","1624.0","1984-05","0.08","0.13"
"KE000063740","JOMO KENYATTA INTERNATIONAL, KE","-1.317","36.917","1624.0","1984-06","0.02","0.03"
"KE000063740","JOMO KENYATTA INTERNATIONAL, KE","-1.317","36.917","1624.0","1984-08","0.20","0.25"
"KE000063740","JOMO KENYATTA INTERNATIONAL, KE","-1.317","36.917","1624.0","1984-09","0.11","0.22"
"KE000063740","JOMO KENYATTA INTERNATIONAL, KE","-1.317","36.917","1624.0","1984-10","1.29","4.63"
"KE000063740","JOMO KENYATTA INTERNATIONAL, KE","-1.317","36.917","1624.0","1984-11","1.26","5.28"
"KE000063740","JOMO KENYATTA INTERNATIONAL, KE","-1.317","36.917","1624.0","1984-12","2.00","4.11"
"KE000063740","JOMO KENYATTA INTERNATIONAL, KE","-1.317","36.917","1624.0","1985-01","0.35","0.48"
"KE000063740","JOMO KENYATTA INTERNATIONAL, KE","-1.317","36.917","1624.0","1985-02","1.20","5.56"
"KE000063740","JOMO KENYATTA INTERNATIONAL, KE","-1.317","36.917","1624.0","1985-03","1.08","2.33"
"KE000063740","JOMO KENYATTA INTERNATIONAL, KE","-1.317","36.917","1624.0","1985-04","2.09","7.46"
"KE000063740","JOMO KENYATTA INTERNATIONAL, KE","-1.317","36.917","1624.0","1985-05","0.64","2.14"
"KE000063740","JOMO KENYATTA INTERNATIONAL, KE","-1.317","36.917","1624.0","1985-06","0.49","0.66"
"KE000063740","JOMO KENYATTA INTERNATIONAL, KE","-1.317","36.917","1624.0","1985-07","0.21","0.32"
"KE000063740","JOMO KENYATTA INTERNATIONAL, KE","-1.317","36.917","1624.0","1985-08","0.04","0.05"
"KE000063740","JOMO KENYATTA INTERNATIONAL, KE","-1.317","36.917","1624.0","1985-09","0.46","0.67"
"KE000063740","JOMO KENYATTA INTERNATIONAL, KE","-1.317","36.917","1624.0","1985-10","0.52","1.38"
"KE000063740","JOMO KENYATTA INTERNATIONAL, KE","-1.317","36.917","1624.0","1985-11","0.31","1.81"
"KE000063740","JOMO KENYATTA INTERNATIONAL, KE","-1.317","36.917","1624.0","1985-12","3.73","4.68"
"KE000063740","JOMO KENYATTA INTERNATIONAL, KE","-1.317","36.917","1624.0","1986-01","0.79","1.37"
"KE000063740","JOMO KENYATTA INTERNATIONAL, KE","-1.317","36.917","1624.0","1986-02","0.00","0.00"
"KE000063740","JOMO KENYATTA INTERNATIONAL, KE","-1.317","36.917","1624.0","1986-03","1.22","4.41"
"KE000063740","JOMO KENYATTA INTERNATIONAL, KE","-1.317","36.917","1624.0","1986-04","1.90","9.65"
"KE000063740","JOMO KENYATTA INTERNATIONAL, KE","-1.317","36.917","1624.0","1986-05","2.50","6.61"
"KE000063740","JOMO KENYATTA INTERNATIONAL, KE","-1.317","36.917","1624.0","1986-06","0.31","0.44"
"KE000063740","JOMO KENYATTA INTERNATIONAL, KE","-1.317","36.917","1624.0","1986-07","0.00","0.00"
"KE000063740","JOMO KENYATTA INTERNATIONAL, KE","-1.317","36.917","1624.0","1986-08","0.03","0.09"
"KE000063740","JOMO KENYATTA INTERNATIONAL, KE","-1.317","36.917","1624.0","1986-09","0.03","0.06"
"KE000063740","JOMO KENYATTA INTERNATIONAL, KE","-1.317","36.917","1624.0","1986-10","0.09","0.12"
"KE000063740","JOMO KENYATTA INTERNATIONAL, KE","-1.317","36.917","1624.0","1986-11","0.94","5.53"
"KE000063740","JOMO KENYATTA INTERNATIONAL, KE","-1.317","36.917","1624.0","1986-12","2.22","3.55"
"KE000063740","JOMO KENYATTA INTERNATIONAL, KE","-1.317","36.917","1624.0","1987-01","0.55","0.85"
"KE000063740","JOMO KENYATTA INTERNATIONAL, KE","-1.317","36.917","1624.0","1987-02","0.23","0.33"
"KE000063740","JOMO KENYATTA INTERNATIONAL, KE","-1.317","36.917","1624.0","1987-03","0.20","0.28"
"KE000063740","JOMO KENYATTA INTERNATIONAL, KE","-1.317","36.917","1624.0","1987-04","1.27","4.72"
"KE000063740","JOMO KENYATTA INTERNATIONAL, KE","-1.317","36.917","1624.0","1987-05","0.75","3.65"
"KE000063740","JOMO KENYATTA INTERNATIONAL, KE","-1.317","36.917","1624.0","1987-06","1.10","3.09"
"KE000063740","JOMO KENYATTA INTERNATIONAL, KE","-1.317","36.917","1624.0","1987-07","0.01","0.02"
"KE000063740","JOMO KENYATTA INTERNATIONAL, KE","-1.317","36.917","1624.0","1987-08","0.31","0.65"
"KE000063740","JOMO KENYATTA INTERNATIONAL, KE","-1.317","36.917","1624.0","1987-09","0.33","0.35"
"KE000063740","JOMO KENYATTA INTERNATIONAL, KE","-1.317","36.917","1624.0","1987-10","0.00","0.00"
"KE000063740","JOMO KENYATTA INTERNATIONAL, KE","-1.317","36.917","1624.0","1987-11","0.52","2.50"
"KE000063740","JOMO KENYATTA INTERNATIONAL, KE","-1.317","36.917","1624.0","1987-12","0.54","0.85"
"KE000063740","JOMO KENYATTA INTERNATIONAL, KE","-1.317","36.917","1624.0","1988-01","0.94","1.83"
"KE000063740","JOMO KENYATTA INTERNATIONAL, KE","-1.317","36.917","1624.0","1988-02","0.04","0.06"
"KE000063740","JOMO KENYATTA INTERNATIONAL, KE","-1.317","36.917","1624.0","1988-03","1.50","5.78"
"KE000063740","JOMO KENYATTA INTERNATIONAL, KE","-1.317","36.917","1624.0","1988-04","1.98","8.80"
"KE000063740","JOMO KENYATTA INTERNATIONAL, KE","-1.317","36.917","1624.0","1988-05","0.96","2.07"
"KE000063740","JOMO KENYATTA INTERNATIONAL, KE","-1.317","36.917","1624.0","1988-06","0.33","0.91"
"KE000063740","JOMO KENYATTA INTERNATIONAL, KE","-1.317","36.917","1624.0","1988-07","0.15","0.20"
"KE000063740","JOMO KENYATTA INTERNATIONAL, KE","-1.317","36.917","1624.0","1988-08","0.06","0.17"
"KE000063740","JOMO KENYATTA INTERNATIONAL, KE","-1.317","36.917","1624.0","1988-09","0.57","0.81"
"KE000063740","JOMO KENYATTA INTERNATIONAL, KE","-1.317","36.917","1624.0","1988-10","0.93","1.82"
"KE000063740","JOMO KENYATTA INTERNATIONAL, KE","-1.317","36.917","1624.0","1988-11","0.58","2.26"
"KE000063740","JOMO KENYATTA INTERNATIONAL, KE","-1.317","36.917","1624.0","1988-12","1.09","3.44"
"KE000063740","JOMO KENYATTA INTERNATIONAL, KE","-1.317","36.917","1624.0","1989-01","1.32","4.26"
"KE000063740","JOMO KENYATTA INTERNATIONAL, KE","-1.317","36.917","1624.0","1989-02","1.19","1.19"
"KE000063740","JOMO KENYATTA INTERNATIONAL, KE","-1.317","36.917","1624.0","1989-03","1.05","2.79"
"KE000063740","JOMO KENYATTA INTERNATIONAL, KE","-1.317","36.917","1624.0","1989-04","1.66","8.57"
"KE000063740","JOMO KENYATTA INTERNATIONAL, KE","-1.317","36.917","1624.0","1989-05","1.60","7.57"
"KE000063740","JOMO KENYATTA INTERNATIONAL, KE","-1.317","36.917","1624.0","1989-06","0.02","0.03"
"KE000063740","JOMO KENYATTA INTERNATIONAL, KE","-1.317","36.917","1624.0","1989-07","0.31","1.35"
"KE000063740","JOMO KENYATTA INTERNATIONAL, KE","-1.317","36.917","1624.0","1989-09","0.45","0.64"
"KE000063740","JOMO KENYATTA INTERNATIONAL, KE","-1.317","36.917","1624.0","1989-10","0.61","2.33"
"KE000063740","JOMO KENYATTA INTERNATIONAL, KE","-1.317","36.917","1624.0","1989-11","0.82","4.15"
"KE000063740","JOMO KENYATTA INTERNATIONAL, KE","-1.317","36.917","1624.0","1989-12","2.48","6.50"
"KE000063740","JOMO KENYATTA INTERNATIONAL, KE","-1.317","36.917","1624.0","1990-01","0.80","1.07"
"KE000063740","JOMO KENYATTA INTERNATIONAL, KE","-1.317","36.917","1624.0","1990-02","1.16","1.61"
"KE000063740","JOMO KENYATTA INTERNATIONAL, KE","-1.317","36.917","1624.0","1990-03","1.73","7.05"
"KE000063740","JOMO KENYATTA INTERNATIONAL, KE","-1.317","36.917","1624.0","1990-04","2.44","6.57"
"KE000063740","JOMO KENYATTA INTERNATIONAL, KE","-1.317","36.917","1624.0","1990-05","10.55","21.89"
"KE000063740","JOMO KENYATTA INTERNATIONAL, KE","-1.317","36.917","1624.0","1990-06","0.09","0.13"
"KE000063740","JOMO KENYATTA INTERNATIONAL, KE","-1.317","36.917","1624.0","1990-07","0.10","0.21"
"KE000063740","JOMO KENYATTA INTERNATIONAL, KE","-1.317","36.917","1624.0","1990-08","1.40","2.20"
"KE000063740","JOMO KENYATTA INTERNATIONAL, KE","-1.317","36.917","1624.0","1990-09","0.68","0.69"
"KE000063740","JOMO KENYATTA INTERNATIONAL, KE","-1.317","36.917","1624.0","1990-10",,
"KE000063740","JOMO KENYATTA INTERNATIONAL, KE","-1.317","36.917","1624.0","1990-11","2.47","6.80"
"KE000063740","JOMO KENYATTA INTERNATIONAL, KE","-1.317","36.917","1624.0","1990-12","1.02","3.74"
"KE000063740","JOMO KENYATTA INTERNATIONAL, KE","-1.317","36.917","1624.0","1991-01","0.23","0.38"
"KE000063740","JOMO KENYATTA INTERNATIONAL, KE","-1.317","36.917","1624.0","1991-02",,
"KE000063740","JOMO KENYATTA INTERNATIONAL, KE","-1.317","36.917","1624.0","1991-03","2.25","3.88"
"KE000063740","JOMO KENYATTA INTERNATIONAL, KE","-1.317","36.917","1624.0","1991-04",,
"KE000063740","JOMO KENYATTA INTERNATIONAL, KE","-1.317","36.917","1624.0","1991-05","3.11","8.24"
"KE000063740","JOMO KENYATTA INTERNATIONAL, KE","-1.317","36.917","1624.0","1991-06","0.27","0.61"
"KE000063740","JOMO KENYATTA INTERNATIONAL, KE","-1.317","36.917","1624.0","1991-07","0.06","0.07"
"KE000063740","JOMO KENYATTA INTERNATIONAL, KE","-1.317","36.917","1624.0","1991-08","0.16","0.27"
"KE000063740","JOMO KENYATTA INTERNATIONAL, KE","-1.317","36.917","1624.0","1991-09","0.08","0.09"
"KE000063740","JOMO KENYATTA INTERNATIONAL, KE","-1.317","36.917","1624.0","1991-10","0.72","1.39"
"KE000063740","JOMO KENYATTA INTERNATIONAL, KE","-1.317","36.917","1624.0","1991-11","6.14","33.11"
"KE000063740","JOMO KENYATTA INTERNATIONAL, KE","-1.317","36.917","1624.0","1991-12","1.08","3.78"
"KE000063740","JOMO KENYATTA INTERNATIONAL, KE","-1.317","36.917","1624.0","1992-03",,
"KE000063740","JOMO KENYATTA INTERNATIONAL, KE","-1.317","36.917","1624.0","1992-04","2.20","8.99"
"KE000063740","JOMO KENYATTA INTERNATIONAL, KE","-1.317","36.917","1624.0","1992-05","2.87","6.10"
"KE000063740","JOMO KENYATTA INTERNATIONAL, KE","-1.317","36.917","1624.0","1992-06","0.31","0.50"
"KE000063740","JOMO KENYATTA INTERNATIONAL, KE","-1.317","36.917","1624.0","1992-07","1.31","1.41"
"KE000063740","JOMO KENYATTA INTERNATIONAL, KE","-1.317","36.917","1624.0","1992-08","0.37","0.38"
"KE000063740","JOMO KENYATTA INTERNATIONAL, KE","-1.317","36.917","1624.0","1992-09","0.01","0.02"
"KE000063740","JOMO KENYATTA INTERNATIONAL, KE","-1.317","36.917","1624.0","1992-10","0.39","1.48"
"KE000063740","JOMO KENYATTA INTERNATIONAL, KE","-1.317","36.917","1624.0","1992-11","0.79","3.40"
"KE000063740","JOMO KENYATTA INTERNATIONAL, KE","-1.317","36.917","1624.0","1992-12","1.47","5.22"
"KE000063740","JOMO KENYATTA INTERNATIONAL, KE","-1.317","36.917","1624.0","1993-01","1.57","8.30"
"KE000063740","JOMO KENYATTA INTERNATIONAL, KE","-1.317","36.917","1624.0","1993-02","0.87","2.04"
"KE000063740","JOMO KENYATTA INTERNATIONAL, KE","-1.317","36.917","1624.0","1993-03","0.41","0.67"
"KE000063740","JOMO KENYATTA INTERNATIONAL, KE","-1.317","36.917","1624.0","1993-04","0.22","0.33"
"KE000063740","JOMO KENYATTA INTERNATIONAL, KE","-1.317","36.917","1624.0","1993-05","0.66","2.02"
"KE000063740","JOMO KENYATTA INTERNATIONAL, KE","-1.317","36.917","1624.0","1993-06","1.31","1.70"
"KE000063740","JOMO KENYATTA INTERNATIONAL, KE","-1.317","36.917","1624.0","1993-07","0.00","0.00"
"KE000063740","JOMO KENYATTA INTERNATIONAL, KE","-1.317","36.917","1624.0","1993-08","0.16","0.16"
"KE000063740","JOMO KENYATTA INTERNATIONAL, KE","-1.317","36.917","1624.0","1993-09","0.00","0.00"
"KE000063740","JOMO KENYATTA INTERNATIONAL, KE","-1.317","36.917","1624.0","1993-10","1.98","2.74"
"KE000063740","JOMO KENYATTA INTERNATIONAL, KE","-1.317","36.917","1624.0","1993-11","0.65","2.70"
"KE000063740","JOMO KENYATTA INTERNATIONAL, KE","-1.317","36.917","1624.0","1993-12","1.55","3.28"
"KE000063740","JOMO KENYATTA INTERNATIONAL, KE","-1.317","36.917","1624.0","1994-01","0.02","0.02"
"KE000063740","JOMO KENYATTA INTERNATIONAL, KE","-1.317","36.917","1624.0","1994-02","2.31","3.83"
"KE000063740","JOMO KENYATTA INTERNATIONAL, KE","-1.317","36.917","1624.0","1994-03","0.66","1.79"
"KE000063740","JOMO KENYATTA INTERNATIONAL, KE","-1.317","36.917","1624.0","1994-04","1.71","6.42"
"KE000063740","JOMO KENYATTA INTERNATIONAL, KE","-1.317","36.917","1624.0","1994-05","0.60","2.28"
"KE000063740","JOMO KENYATTA INTERNATIONAL, KE","-1.317","36.917","1624.0","1994-06","0.92","1.41"
"KE000063740","JOMO KENYATTA INTERNATIONAL, KE","-1.317","36.917","1624.0","1994-07","0.24","0.37"
"KE000063740","JOMO KENYATTA INTERNATIONAL, KE","-1.317","36.917","1624.0","1994-08","0.59","1.36"
"KE000063740","JOMO KENYATTA INTERNATIONAL, KE","-1.317","36.917","1624.0","1994-09","0.00","0.00"
"KE000063740","JOMO KENYATTA INTERNATIONAL, KE","-1.317","36.917","1624.0","1994-10","0.87","3.66"
"KE000063740","JOMO KENYATTA INTERNATIONAL, KE","-1.317","36.917","1624.0","1994-11","1.06","8.26"
"KE000063740","JOMO KENYATTA INTERNATIONAL, KE","-1.317","36.917","1624.0","1994-12","0.85","1.36"
"KE000063740","JOMO KENYATTA INTERNATIONAL, KE","-1.317","36.917","1624.0","1995-01","2.24","2.36"
"KE000063740","JOMO KENYATTA INTERNATIONAL, KE","-1.317","36.917","1624.0","1995-02","1.08","2.59"
"KE000063740","JOMO KENYATTA INTERNATIONAL, KE","-1.317","36.917","1624.0","1995-03","2.23","5.68"
"KE000063740","JOMO KENYATTA INTERNATIONAL, KE","-1.317","36.917","1624.0","1995-04","1.35","2.78"
"KE000063740","JOMO KENYATTA INTERNATIONAL, KE","-1.317","36.917","1624.0","1995-05","0.65","2.76"
"KE000063740","JOMO KENYATTA INTERNATIONAL, KE","-1.317","36.917","1624.0","1995-06","1.34","1.85"
"KE000063740","JOMO KENYATTA INTERNATIONAL, KE","-1.317","36.917","1624.0","1995-07","0.69","0.69"
"KE000063740","JOMO KENYATTA INTERNATIONAL, KE","-1.317","36.917","1624.0","1995-08","0.34","0.69"
"KE000063740","JOMO KENYATTA INTERNATIONAL, KE","-1.317","36.917","1624.0","1995-09","1.26","1.69"
"KE000063740","JOMO KENYATTA INTERNATIONAL, KE","-1.317","36.917","1624.0","1995-10","0.44","1.80"
"KE000063740","JOMO KENYATTA INTERNATIONAL, KE","-1.317","36.917","1624.0","1995-11","0.56","1.02"
"KE000063740","JOMO KENYATTA INTERNATIONAL, KE","-1.317","36.917","1624.0","1995-12","0.59","1.28"
"KE000063740","JOMO KENYATTA INTERNATIONAL, KE","-1.317","36.917","1624.0","1996-01","0.78","1.45"
"KE000063740","JOMO KENYATTA INTERNATIONAL, KE","-1.317","36.917","1624.0","1996-02","1.67","2.73"
"KE000063740","JOMO KENYATTA INTERNATIONAL, KE","-1.317","36.917","1624.0","1996-03","0.78","1.47"
"KE000063740","JOMO KENYATTA INTERNATIONAL, KE","-1.317","36.917","1624.0","1996-04","1.10","2.39"
"KE000063740","JOMO KENYATTA INTERNATIONAL, KE","-1.317","36.917","1624.0","1996-05","0.63","2.20"
"KE000063740","JOMO KENYATTA INTERNATIONAL, KE","-1.317","36.917","1624.0","1996-06","0.73","2.30"
"KE000063740","JOMO KENYATTA INTERNATIONAL, KE","-1.317","36.917","1624.0","1996-07","0.26","0.64"
"KE000063740","JOMO KENYATTA INTERNATIONAL, KE","-1.317","36.917","1624.0","1996-08","0.28","0.54"
"KE000063740","JOMO KENYATTA INTERNATIONAL, KE","-1.317","36.917","1624.0","1996-09","0.08","0.08"
"KE000063740","JOMO KENYATTA INTERNATIONAL, KE","-1.317","36.917","1624.0","1996-10","0.00","0.00"
"KE000063740","JOMO KENYATTA INTERNATIONAL, KE","-1.317","36.917","1624.0","1996-11","1.03","4.88"
"KE000063740","JOMO KENYATTA INTERNATIONAL, KE","-1.317","36.917","1624.0","1996-12","0.26","0.42"
"KE000063740","JOMO KENYATTA INTERNATIONAL, KE","-1.317","36.917","1624.0","1997-01","0.00","0.00"
"KE000063740","JOMO KENYATTA INTERNATIONAL, KE","-1.317","36.917","1624.0","1997-02","0.00","0.00"
"KE000063740","JOMO KENYATTA INTERNATIONAL, KE","-1.317","36.917","1624.0","1997-03","1.18","1.39"
"KE000063740","JOMO KENYATTA INTERNATIONAL, KE","-1.317","36.917","1624.0","1997-04","1.30","9.28"
"KE000063740","JOMO KENYATTA INTERNATIONAL, KE","-1.317","36.917","1624.0","1997-05","2.26","6.46"
"KE000063740","JOMO KENYATTA INTERNATIONAL, KE","-1.317","36.917","1624.0","1997-06","0.08","0.15"
"KE000063740","JOMO KENYATTA INTERNATIONAL, KE","-1.317","36.917","1624.0","1997-07","0.39","0.58"
"KE000063740","JOMO KENYATTA INTERNATIONAL, KE","-1.317","36.917","1624.0","1997-08","0.46","0.87"
"KE000063740","JOMO KENYATTA INTERNATIONAL, KE","-1.317","36.917","1624.0","1997-09","0.00","0.00"
"KE000063740","JOMO KENYATTA INTERNATIONAL, KE","-1.317","36.917","1624.0","1997-10","1.25","3.17"
"KE000063740","JOMO KENYATTA INTERNATIONAL, KE","-1.317","36.917","1624.0","1997-11","2.75","12.01"
"KE000063740","JOMO KENYATTA INTERNATIONAL, KE","-1.317","36.917","1624.0","1997-12","1.06","4.92"
"KE000063740","JOMO KENYATTA INTERNATIONAL, KE","-1.317","36.917","1624.0","1998-01","3.28","12.27"
"KE000063740","JOMO KENYATTA INTERNATIONAL, KE","-1.317","36.917","1624.0","1998-02","2.70","4.94"
"KE000063740","JOMO KENYATTA INTERNATIONAL, KE","-1.317","36.917","1624.0","1998-03","0.64","1.78"
"KE000063740","JOMO KENYATTA INTERNATIONAL, KE","-1.317","36.917","1624.0","1998-04","2.09","3.44"
"KE000063740","JOMO KENYATTA INTERNATIONAL, KE","-1.317","36.917","1624.0","1998-05",,
"KE000063740","JOMO KENYATTA INTERNATIONAL, KE","-1.317","36.917","1624.0","1998-07",,
"KE000063740","JOMO KENYATTA INTERNATIONAL, KE","-1.317","36.917","1624.0","1998-09","0.71","0.71"
"KE000063740","JOMO KENYATTA INTERNATIONAL, KE","-1.317","36.917","1624.0","1998-10",,
"KE000063740","JOMO KENYATTA INTERNATIONAL, KE","-1.317","36.917","1624.0","1998-12",,
"KE000063740","JOMO KENYATTA INTERNATIONAL, KE","-1.317","36.917","1624.0","1999-03",,
"KE000063740","JOMO KENYATTA INTERNATIONAL, KE","-1.317","36.917","1624.0","1999-08",,
"KE000063740","JOMO KENYATTA INTERNATIONAL, KE","-1.317","36.917","1624.0","1999-09",,
"KE000063740","JOMO KENYATTA INTERNATIONAL, KE","-1.317","36.917","1624.0","1999-11","2.13","6.77"
"KE000063740","JOMO KENYATTA INTERNATIONAL, KE","-1.317","36.917","1624.0","2000-01",,
"KE000063740","JOMO KENYATTA INTERNATIONAL, KE","-1.317","36.917","1624.0","2000-02",,
"KE000063740","JOMO KENYATTA INTERNATIONAL, KE","-1.317","36.917","1624.0","2000-05",,
"KE000063740","JOMO KENYATTA INTERNATIONAL, KE","-1.317","36.917","1624.0","2001-02",,
"KE000063740","JOMO KENYATTA INTERNATIONAL, KE","-1.317","36.917","1624.0","2001-03",,
"KE000063740","JOMO KENYATTA INTERNATIONAL, KE","-1.317","36.917","1624.0","2001-04",,
"KE000063740","JOMO KENYATTA INTERNATIONAL, KE","-1.317","36.917","1624.0","2001-05",,
"KE000063740","JOMO KENYATTA INTERNATIONAL, KE","-1.317","36.917","1624.0","2001-09",,
"KE000063740","JOMO KENYATTA INTERNATIONAL, KE","-1.317","36.917","1624.0","2002-02",,
"KE000063740","JOMO KENYATTA INTERNATIONAL, KE","-1.317","36.917","1624.0","2002-04",,
"KE000063740","JOMO KENYATTA INTERNATIONAL, KE","-1.317","36.917","1624.0","2002-05",,
"KE000063740","JOMO KENYATTA INTERNATIONAL, KE","-1.317","36.917","1624.0","2002-07",,
"KE000063740","JOMO KENYATTA INTERNATIONAL, KE","-1.317","36.917","1624.0","2002-08",,
"KE000063740","JOMO KENYATTA INTERNATIONAL, KE","-1.317","36.917","1624.0","2002-09",,
"KE000063740","JOMO KENYATTA INTERNATIONAL, KE","-1.317","36.917","1624.0","2002-11","1.34","4.28"
"KE000063740","JOMO KENYATTA INTERNATIONAL, KE","-1.317","36.917","1624.0","2002-12",,
"KE000063740","JOMO KENYATTA INTERNATIONAL, KE","-1.317","36.917","1624.0","2003-02",,
"KE000063740","JOMO KENYATTA INTERNATIONAL, KE","-1.317","36.917","1624.0","2003-05","1.46","8.57"
"KE000063740","JOMO KENYATTA INTERNATIONAL, KE","-1.317","36.917","1624.0","2003-07",,
"KE000063740","JOMO KENYATTA INTERNATIONAL, KE","-1.317","36.917","1624.0","2003-10","0.51","1.40"
"KE000063740","JOMO KENYATTA INTERNATIONAL, KE","-1.317","36.917","1624.0","2004-02",,
"KE000063740","JOMO KENYATTA INTERNATIONAL, KE","-1.317","36.917","1624.0","2004-05","6.78","9.70"
"KE000063740","JOMO KENYATTA INTERNATIONAL, KE","-1.317","36.917","1624.0","2004-06",,
"KE000063740","JOMO KENYATTA INTERNATIONAL, KE","-1.317","36.917","1624.0","2004-07",,
"KE000063740","JOMO KENYATTA INTERNATIONAL, KE","-1.317","36.917","1624.0","2005-03","3.90","5.35"
"KE000063740","JOMO KENYATTA INTERNATIONAL, KE","-1.317","36.917","1624.0","2005-04",,
"KE000063740","JOMO KENYATTA INTERNATIONAL, KE","-1.317","36.917","1624.0","2005-11",,
"KE000063740","JOMO KENYATTA INTERNATIONAL, KE","-1.317","36.917","1624.0","2005-12",,
"KE000063740","JOMO KENYATTA INTERNATIONAL, KE","-1.317","36.917","1624.0","2006-02",,
"KE000063740","JOMO KENYATTA INTERNATIONAL, KE","-1.317","36.917","1624.0","2006-03",,
"KE000063740","JOMO KENYATTA INTERNATIONAL, KE","-1.317","36.917","1624.0","2006-04",,
"KE000063740","JOMO KENYATTA INTERNATIONAL, KE","-1.317","36.917","1624.0","2006-05",,
"KE000063740","JOMO KENYATTA INTERNATIONAL, KE","-1.317","36.917","1624.0","2006-07",,
"KE000063740","JOMO KENYATTA INTERNATIONAL, KE","-1.317","36.917","1624.0","2006-10",,
"KE000063740","JOMO KENYATTA INTERNATIONAL, KE","-1.317","36.917","1624.0","2006-11","1.57","9.73"
"KE000063740","JOMO KENYATTA INTERNATIONAL, KE","-1.317","36.917","1624.0","2006-12",,
"KE000063740","JOMO KENYATTA INTERNATIONAL, KE","-1.317","36.917","1624.0","2007-01",,
"KE000063740","JOMO KENYATTA INTERNATIONAL, KE","-1.317","36.917","1624.0","2007-04",,
"KE000063740","JOMO KENYATTA INTERNATIONAL, KE","-1.317","36.917","1624.0","2007-05",,
"KE000063740","JOMO KENYATTA INTERNATIONAL, KE","-1.317","36.917","1624.0","2007-12",,
"KE000063740","JOMO KENYATTA INTERNATIONAL, KE","-1.317","36.917","1624.0","2008-01",,
"KE000063740","JOMO KENYATTA INTERNATIONAL, KE","-1.317","36.917","1624.0","2008-03",,
"KE000063740","JOMO KENYATTA INTERNATIONAL, KE","-1.317","36.917","1624.0","2008-04",,
"KE000063740","JOMO KENYATTA INTERNATIONAL, KE","-1.317","36.917","1624.0","2009-02",,
"KE000063740","JOMO KENYATTA INTERNATIONAL, KE","-1.317","36.917","1624.0","2009-03",,
"KE000063740","JOMO KENYATTA INTERNATIONAL, KE","-1.317","36.917","1624.0","2009-07",,
"KE000063740","JOMO KENYATTA INTERNATIONAL, KE","-1.317","36.917","1624.0","2009-08",,
"KE000063740","JOMO KENYATTA INTERNATIONAL, KE","-1.317","36.917","1624.0","2009-09",,
"KE000063740","JOMO KENYATTA INTERNATIONAL, KE","-1.317","36.917","1624.0","2009-12",,
"KE000063740","JOMO KENYATTA INTERNATIONAL, KE","-1.317","36.917","1624.0","2010-01",,
"KE000063740","JOMO KENYATTA INTERNATIONAL, KE","-1.317","36.917","1624.0","2010-02",,
"KE000063740","JOMO KENYATTA INTERNATIONAL, KE","-1.317","36.917","1624.0","2010-03",,
"KE000063740","JOMO KENYATTA INTERNATIONAL, KE","-1.317","36.917","1624.0","2010-06",,
"KE000063740","JOMO KENYATTA INTERNATIONAL, KE","-1.317","36.917","1624.0","2011-02",,
"KE000063740","JOMO KENYATTA INTERNATIONAL, KE","-1.317","36.917","1624.0","2011-04",,
"KE000063740","JOMO KENYATTA INTERNATIONAL, KE","-1.317","36.917","1624.0","2011-09",,
"KE000063740","JOMO KENYATTA INTERNATIONAL, KE","-1.317","36.917","1624.0","2012-04","2.91","10.75"
"KE000063740","JOMO KENYATTA INTERNATIONAL, KE","-1.317","36.917","1624.0","2012-08",,
"KE000063740","JOMO KENYATTA INTERNATIONAL, KE","-1.317","36.917","1624.0","2012-09",,
"KE000063740","JOMO KENYATTA INTERNATIONAL, KE","-1.317","36.917","1624.0","2012-10",,
"KE000063740","JOMO KENYATTA INTERNATIONAL, KE","-1.317","36.917","1624.0","2013-02",,
"KE000063740","JOMO KENYATTA INTERNATIONAL, KE","-1.317","36.917","1624.0","2014-04",,
"KE000063740","JOMO KENYATTA INTERNATIONAL, KE","-1.317","36.917","1624.0","2014-06",,
"KE000063740","JOMO KENYATTA INTERNATIONAL, KE","-1.317","36.917","1624.0","2014-08",,
"KE000063740","JOMO KENYATTA INTERNATIONAL, KE","-1.317","36.917","1624.0","2014-11",,
"KE000063740","JOMO KENYATTA INTERNATIONAL, KE","-1.317","36.917","1624.0","2015-02",,
"KE000063740","JOMO KENYATTA INTERNATIONAL, KE","-1.317","36.917","1624.0","2015-03",,
"KE000063740","JOMO KENYATTA INTERNATIONAL, KE","-1.317","36.917","1624.0","2015-10",,
"KE000063740","JOMO KENYATTA INTERNATIONAL, KE","-1.317","36.917","1624.0","2015-12",,
"KE000063740","JOMO KENYATTA INTERNATIONAL, KE","-1.317","36.917","1624.0","2016-09",,
"KE000063740","JOMO KENYATTA INTERNATIONAL, KE","-1.317","36.917","1624.0","2017-01",,
"KE000063740","JOMO KENYATTA INTERNATIONAL, KE","-1.317","36.917","1624.0","2017-04",,
"KE000063740","JOMO KENYATTA INTERNATIONAL, KE","-1.317","36.917","1624.0","2017-07",,
"KE000063740","JOMO KENYATTA INTERNATIONAL, KE","-1.317","36.917","1624.0","2018-01",,
"KE000063740","JOMO KENYATTA INTERNATIONAL, KE","-1.317","36.917","1624.0","2018-02",,
"KE000063740","JOMO KENYATTA INTERNATIONAL, KE","-1.317","36.917","1624.0","2018-04","2.13","9.01"
"KE000063740","JOMO KENYATTA INTERNATIONAL, KE","-1.317","36.917","1624.0","2018-07",,
"KE000063740","JOMO KENYATTA INTERNATIONAL, KE","-1.317","36.917","1624.0","2019-07",,
"KE000063820","MOMBASA, KE","-4.033","39.617","55.0","1970-01","0.05","0.06"
"KE000063820","MOMBASA, KE","-4.033","39.617","55.0","1970-02","0.00","0.00"
"KE000063820","MOMBASA, KE","-4.033","39.617","55.0","1970-03","0.18","0.50"
"KE000063820","MOMBASA, KE","-4.033","39.617","55.0","1970-04","1.18","6.99"
"KE000063820","MOMBASA, KE","-4.033","39.617","55.0","1970-05","2.15","7.52"
"KE000063820","MOMBASA, KE","-4.033","39.617","55.0","1970-06","0.40","1.72"
"KE000063820","MOMBASA, KE","-4.033","39.617","55.0","1970-07","0.82","3.54"
"KE000063820","MOMBASA, KE","-4.033","39.617","55.0","1970-08","1.91","3.51"
"KE000063820","MOMBASA, KE","-4.033","39.617","55.0","1970-09","0.83","3.05"
"KE000063820","MOMBASA, KE","-4.033","39.617","55.0","1970-10","0.47","1.57"
"KE000063820","MOMBASA, KE","-4.033","39.617","55.0","1970-11","0.35","0.51"
"KE000063820","MOMBASA, KE","-4.033","39.617","55.0","1970-12","0.37","1.63"
"KE000063820","MOMBASA, KE","-4.033","39.617","55.0","1971-01","0.00","0.00"
"KE000063820","MOMBASA, KE","-4.033","39.617","55.0","1971-02","0.00","0.00"
"KE000063820","MOMBASA, KE","-4.033","39.617","55.0","1971-03","1.56","3.68"
"KE000063820","MOMBASA, KE","-4.033","39.617","55.0","1971-04","0.48","1.37"
"KE000063820","MOMBASA, KE","-4.033","39.617","55.0","1971-05","2.18","9.47"
"KE000063820","MOMBASA, KE","-4.033","39.617","55.0","1971-06","1.31","7.41"
"KE000063820","MOMBASA, KE","-4.033","39.617","55.0","1971-07","0.30","1.58"
"KE000063820","MOMBASA, KE","-4.033","39.617","55.0","1971-08","0.32","1.05"
"KE000063820","MOMBASA, KE","-4.033","39.617","55.0","1971-09","0.30","1.36"
"KE000063820","MOMBASA, KE","-4.033","39.617","55.0","1971-10","0.14","0.43"
"KE000063820","MOMBASA, KE","-4.033","39.617","55.0","1971-11","0.58","0.70"
"KE000063820","MOMBASA, KE","-4.033","39.617","55.0","1971-12","0.46","1.19"
"KE000063820","MOMBASA, KE","-4.033","39.617","55.0","1972-01","0.43","1.39"
"KE000063820","MOMBASA, KE","-4.033","39.617","55.0","1972-02","0.71","0.84"
"KE000063820","MOMBASA, KE","-4.033","39.617","55.0","1972-03","0.58","0.59"
"KE000063820","MOMBASA, KE","-4.033","39.617","55.0","1972-04","1.36","2.73"
"KE000063820","MOMBASA, KE","-4.033","39.617","55.0","1972-05","6.56","27.08"
"KE000063820","MOMBASA, KE","-4.033","39.617","55.0","1972-06","0.31","0.58"
"KE000063820","MOMBASA, KE","-4.033","39.617","55.0","1972-07","0.76","4.09"
"KE000063820","MOMBASA, KE","-4.033","39.617","55.0","1972-08","2.44","4.71"
"KE000063820","MOMBASA, KE","-4.033","39.617","55.0","1972-09","1.56","6.20"
"KE000063820","MOMBASA, KE","-4.033","39.617","55.0","1972-10","4.63","12.38"
"KE000063820","MOMBASA, KE","-4.033","39.617","55.0","1972-11","0.60","2.96"
"KE000063820","MOMBASA, KE","-4.033","39.617","55.0","1972-12","0.21","0.28"
"KE000063820","MOMBASA, KE","-4.033","39.617","55.0","1973-01","0.28","0.43"
"KE000063820","MOMBASA, KE","-4.033","39.617","55.0","1973-02","0.08","0.08"
"KE000063820","MOMBASA, KE","-4.033","39.617","55.0","1973-03","0.21","0.28"
"KE000063820","MOMBASA, KE","-4.033","39.617","55.0","1973-04","3.05","13.32"
"KE000063820","MOMBASA, KE","-4.033","39.617","55.0","1973-05","1.77","14.23"
"KE000063820","MOMBASA, KE","-4.033","39.617","55.0","1973-06","1.66","9.27"
"KE000063820","MOMBASA, KE","-4.033","39.617","55.0","1973-07","0.15","0.75"
"KE000063820","MOMBASA, KE","-4.033","39.617","55.0","1973-08","0.45","3.04"
"KE000063820","MOMBASA, KE","-4.033","39.617","55.0","1973-09","0.16","0.72"
"KE000063820","MOMBASA, KE","-4.033","39.617","55.0","1973-10","1.10","2.26"
"KE000063820","MOMBASA, KE","-4.033","39.617","55.0","1973-11","0.56","2.35"
"KE000063820","MOMBASA, KE","-4.033","39.617","55.0","1973-12","0.31","0.57"
"KE000063820","MOMBASA, KE","-4.033","39.617","55.0","1974-01","0.51","0.94"
"KE000063820","MOMBASA, KE","-4.033","39.617","55.0","1974-02","0.08","0.14"
"KE000063820","MOMBASA, KE","-4.033","39.617","55.0","1974-03","1.14","1.46"
"KE000063820","MOMBASA, KE","-4.033","39.617","55.0","1974-04","1.52","3.01"
"KE000063820","MOMBASA, KE","-4.033","39.617","55.0","1974-05","4.17","7.98"
"KE000063820","MOMBASA, KE","-4.033","39.617","55.0","1974-06","2.67","7.06"
"KE000063820","MOMBASA, KE","-4.033","39.617","55.0","1974-07","0.94","4.79"
"KE000063820","MOMBASA, KE","-4.033","39.617","55.0","1974-08","0.36","0.99"
"KE000063820","MOMBASA, KE","-4.033","39.617","55.0","1974-09","0.33","1.04"
"KE000063820","MOMBASA, KE","-4.033","39.617","55.0","1974-10","0.58","0.99"
"KE000063820","MOMBASA, KE","-4.033","39.617","55.0","1974-11","1.72","2.46"
"KE000063820","MOMBASA, KE","-4.033","39.617","55.0","1974-12","0.15","0.30"
"KE000063820","MOMBASA, KE","-4.033","39.617","55.0","1975-01","0.33","0.38"
"KE000063820","MOMBASA, KE","-4.033","39.617","55.0","1975-02","0.00","0.00"
"KE000063820","MOMBASA, KE","-4.033","39.617","55.0","1975-03","0.33","0.50"
"KE000063820","MOMBASA, KE","-4.033","39.617","55.0","1975-04","3.43","9.70"
"KE000063820","MOMBASA, KE","-4.033","39.617","55.0","1975-05","2.00","11.22"
"KE000063820","MOMBASA, KE","-4.033","39.617","55.0","1975-06","1.07","6.03"
"KE000063820","MOMBASA, KE","-4.033","39.617","55.0","1975-07","1.30","3.62"
"KE000063820","MOMBASA, KE","-4.033","39.617","55.0","1975-08","0.19","0.62"
"KE000063820","MOMBASA, KE","-4.033","39.617","55.0","1975-09","0.56","2.11"
"KE000063820","MOMBASA, KE","-4.033","39.617","55.0","1975-10","1.04","1.74"
"KE000063820","MOMBASA, KE","-4.033","39.617","55.0","1975-11","0.71","1.07"
"KE000063820","MOMBASA, KE","-4.033","39.617","55.0","1975-12","0.65","1.14"
"KE000063820","MOMBASA, KE","-4.033","39.617","55.0","1976-01","0.37","0.69"
"KE000063820","MOMBASA, KE","-4.033","39.617","55.0","1976-02","0.13","0.16"
"KE000063820","MOMBASA, KE","-4.033","39.617","55.0","1976-03","0.20","0.51"
"KE000063820","MOMBASA, KE","-4.033","39.617","55.0","1976-04","2.15","5.30"
"KE000063820","MOMBASA, KE","-4.033","39.617","55.0","1976-05","2.53","6.30"
"KE000063820","MOMBASA, KE","-4.033","39.617","55.0","1976-06","2.54","6.26"
"KE000063820","MOMBASA, KE","-4.033","39.617","55.0","1976-07","2.28","5.26"
"KE000063820","MOMBASA, KE","-4.033","39.617","55.0","1976-08","0.32","0.99"
"KE000063820","MOMBASA, KE","-4.033","39.617","55.0","1976-09","1.57","2.98"
"KE000063820","MOMBASA, KE","-4.033","39.617","55.0","1976-10","1.31","2.99"
"KE000063820","MOMBASA, KE","-4.033","39.617","55.0","1976-11","1.39","1.81"
"KE000063820","MOMBASA, KE","-4.033","39.617","55.0","1976-12","1.20","1.40"
"KE000063820","MOMBASA, KE","-4.033","39.617","55.0","1977-01","0.11","0.29"
"KE000063820","MOMBASA, KE","-4.033","39.617","55.0","1977-02","0.10","0.10"
"KE000063820","MOMBASA, KE","-4.033","39.617","55.0","1977-03","0.91","1.96"
"KE000063820","MOMBASA, KE","-4.033","39.617","55.0","1977-04","1.78","4.85"
"KE000063820","MOMBASA, KE","-4.033","39.617","55.0","1977-05","1.05","4.06"
"KE000063820","MOMBASA, KE","-4.033","39.617","55.0","1977-06","0.93","3.59"
"KE000063820","MOMBASA, KE","-4.033","39.617","55.0","1977-07","0.37","1.72"
"KE000063820","MOMBASA, KE","-4.033","39.617","55.0","1977-08","1.24","3.11"
"KE000063820","MOMBASA, KE","-4.033","39.617","55.0","1977-09","2.92","5.59"
"KE000063820","MOMBASA, KE","-4.033","39.617","55.0","1977-10","6.00","15.96"
"KE000063820","MOMBASA, KE","-4.033","39.617","55.0","1977-11","1.46","7.88"
"KE000063820","MOMBASA, KE","-4.033","39.617","55.0","1977-12","0.72","3.24"
"KE000063820","MOMBASA, KE","-4.033","39.617","55.0","1978-01","0.73","2.02"
"KE000063820","MOMBASA, KE","-4.033","39.617","55.0","1978-02","0.16","0.16"
"KE000063820","MOMBASA, KE","-4.033","39.617","55.0","1978-03","1.02","2.96"
"KE000063820","MOMBASA, KE","-4.033","39.617","55.0","1978-04","2.78","10.70"
"KE000063820","MOMBASA, KE","-4.033","39.617","55.0","1978-05","1.71","8.98"
"KE000063820","MOMBASA, KE","-4.033","39.617","55.0","1978-06","1.57","6.03"
"KE000063820","MOMBASA, KE","-4.033","39.617","55.0","1978-07","0.79","2.06"
"KE000063820","MOMBASA, KE","-4.033","39.617","55.0","1978-08","0.82","2.29"
"KE000063820","MOMBASA, KE","-4.033","39.617","55.0","1978-09","0.69","1.90"
"KE000063820","MOMBASA, KE","-4.033","39.617","55.0","1978-10","1.30","3.46"
"KE000063820","MOMBASA, KE","-4.033","39.617","55.0","1978-11","2.11","6.80"
"KE000063820","MOMBASA, KE","-4.033","39.617","55.0","1978-12","1.83","5.91"
"KE000063820","MOMBASA, KE","-4.033","39.617","55.0","1979-01","2.10","5.37"
"KE000063820","MOMBASA, KE","-4.033","39.617","55.0","1979-02","0.99","1.73"
"KE000063820","MOMBASA, KE","-4.033","39.617","55.0","1979-03","1.27","3.68"
"KE000063820","MOMBASA, KE","-4.033","39.617","55.0","1979-04","1.83","8.26"
"KE000063820","MOMBASA, KE","-4.033","39.617","55.0","1979-06","1.18","4.05"
"KE000063820","MOMBASA, KE","-4.033","39.617","55.0","1979-07","0.71","2.58"
"KE000063820","MOMBASA, KE","-4.033","39.617","55.0","1979-08","0.38","1.34"
"KE000063820","MOMBASA, KE","-4.033","39.617","55.0","1979-10","0.89","1.65"
"KE000063820","MOMBASA, KE","-4.033","39.617","55.0","1979-11","1.09","3.37"
"KE000063820","MOMBASA, KE","-4.033","39.617","55.0","1979-12","1.20","1.98"
"KE000063820","MOMBASA, KE","-4.033","39.617","55.0","1980-01","0.10","0.15"
"KE000063820","MOMBASA, KE","-4.033","39.617","55.0","1980-02","0.15","0.22"
"KE000063820","MOMBASA, KE","-4.033","39.617","55.0","1980-04","2.38","5.67"
"KE000063820","MOMBASA, KE","-4.033","39.617","55.0","1980-05","1.01","3.93"
"KE000063820","MOMBASA, KE","-4.033","39.617","55.0","1980-06","0.68","1.76"
"KE000063820","MOMBASA, KE","-4.033","39.617","55.0","1980-07","1.02","2.35"
"KE000063820","MOMBASA, KE","-4.033","39.617","55.0","1980-08","2.44","9.28"
"KE000063820","MOMBASA, KE","-4.033","39.617","55.0","1980-09","0.46","1.52"
"KE000063820","MOMBASA, KE","-4.033","39.617","55.0","1980-10","0.20","0.47"
"KE000063820","MOMBASA, KE","-4.033","39.617","55.0","1980-11","1.85","3.33"
"KE000063820","MOMBASA, KE","-4.033","39.617","55.0","1980-12","0.17","0.28"
"KE000063820","MOMBASA, KE","-4.033","39.617","55.0","1981-01","0.20","0.46"
"KE000063820","MOMBASA, KE","-4.033","39.617","55.0","1981-02","0.00","0.00"
"KE000063820","MOMBASA, KE","-4.033","39.617","55.0","1981-03","2.15","9.50"
"KE000063820","MOMBASA, KE","-4.033","39.617","55.0","1981-04","1.69","5.06"
"KE000063820","MOMBASA, KE","-4.033","39.617","55.0","1981-05","3.64","5.66"
"KE000063820","MOMBASA, KE","-4.033","39.617","55.0","1981-06","0.64","2.47"
"KE000063820","MOMBASA, KE","-4.033","39.617","55.0","1981-07","0.31","1.56"
"KE000063820","MOMBASA, KE","-4.033","39.617","55.0","1981-08","2.54","5.61"
"KE000063820","MOMBASA, KE","-4.033","39.617","55.0","1981-09","0.33","1.52"
"KE000063820","MOMBASA, KE","-4.033","39.617","55.0","1981-10","1.68","6.23"
"KE000063820","MOMBASA, KE","-4.033","39.617","55.0","1981-11","0.48","1.79"
"KE000063820","MOMBASA, KE","-4.033","39.617","55.0","1981-12","0.58","4.04"
"KE000063820","MOMBASA, KE","-4.033","39.617","55.0","1982-01","0.04","0.07"
"KE000063820","MOMBASA, KE","-4.033","39.617","55.0","1982-02","0.00","0.00"
"KE000063820","MOMBASA, KE","-4.033","39.617","55.0","1982-03","1.71","2.07"
"KE000063820","MOMBASA, KE","-4.033","39.617","55.0","1982-04","1.98","9.07"
"KE000063820","MOMBASA, KE","-4.033","39.617","55.0","1982-05","4.40","25.54"
"KE000063820","MOMBASA, KE","-4.033","39.617","55.0","1982-06","0.94","3.53"
"KE000063820","MOMBASA, KE","-4.033","39.617","55.0","1982-07","1.09","5.19"
"KE000063820","MOMBASA, KE","-4.033","39.617","55.0","1982-08","1.17","1.56"
"KE000063820","MOMBASA, KE","-4.033","39.617","55.0","1982-09","0.38","2.61"
"KE000063820","MOMBASA, KE","-4.033","39.617","55.0","1982-10","2.78","8.65"
"KE000063820","MOMBASA, KE","-4.033","39.617","55.0","1982-11","1.57","3.85"
"KE000063820","MOMBASA, KE","-4.033","39.617","55.0","1982-12","0.89","2.11"
"KE000063820","MOMBASA, KE","-4.033","39.617","55.0","1983-01","0.02","0.02"
"KE000063820","MOMBASA, KE","-4.033","39.617","55.0","1983-02","1.15","1.21"
"KE000063820","MOMBASA, KE","-4.033","39.617","55.0","1983-03","0.20","0.30"
"KE000063820","MOMBASA, KE","-4.033","39.617","55.0","1983-04","1.42","4.24"
"KE000063820","MOMBASA, KE","-4.033","39.617","55.0","1983-05","5.12","27.16"
"KE000063820","MOMBASA, KE","-4.033","39.617","55.0","1983-06","1.38","6.76"
"KE000063820","MOMBASA, KE","-4.033","39.617","55.0","1983-07","1.19","4.39"
"KE000063820","MOMBASA, KE","-4.033","39.617","55.0","1983-08","0.45","1.45"
"KE000063820","MOMBASA, KE","-4.033","39.617","55.0","1983-09","0.86","2.16"
"KE000063820","MOMBASA, KE","-4.033","39.617","55.0","1983-10","0.47","0.94"
"KE000063820","MOMBASA, KE","-4.033","39.617","55.0","1983-11","0.42","1.26"
"KE000063820","MOMBASA, KE","-4.033","39.617","55.0","1983-12","0.71","1.31"
"KE000063820","MOMBASA, KE","-4.033","39.617","55.0","1984-01","0.00","0.00"
"KE000063820","MOMBASA, KE","-4.033","39.617","55.0","1984-02","0.00","0.00"
"KE000063820","MOMBASA, KE","-4.033","39.617","55.0","1984-03","0.17","0.44"
"KE000063820","MOMBASA, KE","-4.033","39.617","55.0","1984-04","2.68","14.28"
"KE000063820","MOMBASA, KE","-4.033","39.617","55.0","1984-05","1.83","8.65"
"KE000063820","MOMBASA, KE","-4.033","39.617","55.0","1984-06","2.19","7.21"
"KE000063820","MOMBASA, KE","-4.033","39.617","55.0","1984-07","0.59","2.61"
"KE000063820","MOMBASA, KE","-4.033","39.617","55.0","1984-08","0.26","0.79"
"KE000063820","MOMBASA, KE","-4.033","39.617","55.0","1984-09","0.45","1.15"
"KE000063820","MOMBASA, KE","-4.033","39.617","55.0","1984-10","2.10","10.36"
"KE000063820","MOMBASA, KE","-4.033","39.617","55.0","1984-11","1.50","5.28"
"KE000063820","MOMBASA, KE","-4.033","39.617","55.0","1984-12","1.97","2.80"
"KE000063820","MOMBASA, KE","-4.033","39.617","55.0","1985-01","0.05","0.07"
"KE000063820","MOMBASA, KE","-4.033","39.617","55.0","1985-02","2.98","5.27"
"KE000063820","MOMBASA, KE","-4.033","39.617","55.0","1985-03","0.37","0.73"
"KE000063820","MOMBASA, KE","-4.033","39.617","55.0","1985-04","5.88","12.85"
"KE000063820","MOMBASA, KE","-4.033","39.617","55.0","1985-05","1.55","9.49"
"KE000063820","MOMBASA, KE","-4.033","39.617","55.0","1985-06","0.38","1.43"
"KE000063820","MOMBASA, KE","-4.033","39.617","55.0","1985-07","1.43","4.33"
"KE000063820","MOMBASA, KE","-4.033","39.617","55.0","1985-08","0.29","1.37"
"KE000063820","MOMBASA, KE","-4.033","39.617","55.0","1985-09","0.26","0.95"
"KE000063820","MOMBASA, KE","-4.033","39.617","55.0","1985-10","0.34","1.15"
"KE000063820","MOMBASA, KE","-4.033","39.617","55.0","1985-11","4.41","5.97"
"KE000063820","MOMBASA, KE","-4.033","39.617","55.0","1985-12","2.34","2.64"
"KE000063820","MOMBASA, KE","-4.033","39.617","55.0","1986-01","0.26","0.26"
"KE000063820","MOMBASA, KE","-4.033","39.617","55.0","1986-02","0.02","0.02"
"KE000063820","MOMBASA, KE","-4.033","39.617","55.0","1986-03","0.22","0.87"
"KE000063820","MOMBASA, KE","-4.033","39.617","55.0","1986-04","2.40","12.78"
"KE000063820","MOMBASA, KE","-4.033","39.617","55.0","1986-05","2.94","14.65"
"KE000063820","MOMBASA, KE","-4.033","39.617","55.0","1986-06","0.37","1.43"
"KE000063820","MOMBASA, KE","-4.033","39.617","55.0","1986-07","0.34","0.80"
"KE000063820","MOMBASA, KE","-4.033","39.617","55.0","1986-08","0.90","2.63"
"KE000063820","MOMBASA, KE","-4.033","39.617","55.0","1986-09","0.33","0.98"
"KE000063820","MOMBASA, KE","-4.033","39.617","55.0","1986-10","0.94","1.58"
"KE000063820","MOMBASA, KE","-4.033","39.617","55.0","1986-11","0.61","1.94"
"KE000063820","MOMBASA, KE","-4.033","39.617","55.0","1986-12","1.28","4.89"
"KE000063820","MOMBASA, KE","-4.033","39.617","55.0","1987-01","0.53","0.66"
"KE000063820","MOMBASA, KE","-4.033","39.617","55.0","1987-02","0.00","0.00"
"KE000063820","MOMBASA, KE","-4.033","39.617","55.0","1987-03","0.00","0.00"
"KE000063820","MOMBASA, KE","-4.033","39.617","55.0","1987-04","1.70","4.51"
"KE000063820","MOMBASA, KE","-4.033","39.617","55.0","1987-05","3.00","13.90"
"KE000063820","MOMBASA, KE","-4.033","39.617","55.0","1987-06","0.34","1.07"
"KE000063820","MOMBASA, KE","-4.033","39.617","55.0","1987-07","2.02","3.48"
"KE000063820","MOMBASA, KE","-4.033","39.617","55.0","1987-08","1.80","6.54"
"KE000063820","MOMBASA, KE","-4.033","39.617","55.0","1987-09","0.43","1.59"
"KE000063820","MOMBASA, KE","-4.033","39.617","55.0","1987-10","0.38","1.02"
"KE000063820","MOMBASA, KE","-4.033","39.617","55.0","1987-11","0.72","1.05"
"KE000063820","MOMBASA, KE","-4.033","39.617","55.0","1987-12","0.12","0.50"
"KE000063820","MOMBASA, KE","-4.033","39.617","55.0","1988-01","0.29","0.39"
"KE000063820","MOMBASA, KE","-4.033","39.617","55.0","1988-02","0.09","0.11"
"KE000063820","MOMBASA, KE","-4.033","39.617","55.0","1988-03","1.72","2.63"
"KE000063820","MOMBASA, KE","-4.033","39.617","55.0","1988-04","2.33","12.35"
"KE000063820","MOMBASA, KE","-4.033","39.617","55.0","1988-05","0.80","2.16"
"KE000063820","MOMBASA, KE","-4.033","39.617","55.0","1988-06","1.66","7.01"
"KE000063820","MOMBASA, KE","-4.033","39.617","55.0","1988-07","1.01","2.06"
"KE000063820","MOMBASA, KE","-4.033","39.617","55.0","1988-08","0.44","1.78"
"KE000063820","MOMBASA, KE","-4.033","39.617","55.0","1988-09","0.37","1.87"
"KE000063820","MOMBASA, KE","-4.033","39.617","55.0","1988-10","0.40","1.02"
"KE000063820","MOMBASA, KE","-4.033","39.617","55.0","1988-11","1.54","4.50"
"KE000063820","MOMBASA, KE","-4.033","39.617","55.0","1988-12","1.48","3.46"
"KE000063820","MOMBASA, KE","-4.033","39.617","55.0","1989-01","1.48","3.13"
"KE000063820","MOMBASA, KE","-4.033","39.617","55.0","1989-02","0.00","0.00"
"KE000063820","MOMBASA, KE","-4.033","39.617","55.0","1989-03","1.57","2.95"
"KE000063820","MOMBASA, KE","-4.033","39.617","55.0","1989-04","3.21","8.81"
"KE000063820","MOMBASA, KE","-4.033","39.617","55.0","1989-05","2.11","11.68"
"KE000063820","MOMBASA, KE","-4.033","39.617","55.0","1989-06","0.89","3.38"
"KE000063820","MOMBASA, KE","-4.033","39.617","55.0","1989-07","1.27","3.33"
"KE000063820","MOMBASA, KE","-4.033","39.617","55.0","1989-08","0.69","3.11"
"KE000063820","MOMBASA, KE","-4.033","39.617","55.0","1989-09","0.09","0.36"
"KE000063820","MOMBASA, KE","-4.033","39.617","55.0","1989-10","1.14","4.87"
"KE000063820","MOMBASA, KE","-4.033","39.617","55.0","1989-11","1.05","2.95"
"KE000063820","MOMBASA, KE","-4.033","39.617","55.0","1989-12","0.63","0.85"
"KE000063820","MOMBASA, KE","-4.033","39.617","55.0","1990-01","2.87","3.39"
"KE000063820","MOMBASA, KE","-4.033","39.617","55.0","1990-02",,
"KE000063820","MOMBASA, KE","-4.033","39.617","55.0","1990-03","2.65","5.58"
"KE000063820","MOMBASA, KE","-4.033","39.617","55.0","1990-05","1.43","3.80"
"KE000063820","MOMBASA, KE","-4.033","39.617","55.0","1990-06","0.68","4.27"
"KE000063820","MOMBASA, KE","-4.033","39.617","55.0","1990-07","0.67","3.39"
"KE000063820","MOMBASA, KE","-4.033","39.617","55.0","1990-08","0.97","2.40"
"KE000063820","MOMBASA, KE","-4.033","39.617","55.0","1990-09","0.56","1.72"
"KE000063820","MOMBASA, KE","-4.033","39.617","55.0","1990-11","1.46","3.93"
"KE000063820","MOMBASA, KE","-4.033","39.617","55.0","1990-12","0.50","1.54"
"KE000063820","MOMBASA, KE","-4.033","39.617","55.0","1991-01","0.17","0.17"
"KE000063820","MOMBASA, KE","-4.033","39.617","55.0","1991-02","0.00","0.00"
"KE000063820","MOMBASA, KE","-4.033","39.617","55.0","1991-03","1.57","2.24"
"KE000063820","MOMBASA, KE","-4.033","39.617","55.0","1991-05","2.64","18.00"
"KE000063820","MOMBASA, KE","-4.033","39.617","55.0","1991-06","2.70","5.41"
"KE000063820","MOMBASA, KE","-4.033","39.617","55.0","1991-07","0.67","4.80"
"KE000063820","MOMBASA, KE","-4.033","39.617","55.0","1991-08","1.14","4.07"
"KE000063820","MOMBASA, KE","-4.033","39.617","55.0","1991-09","0.15","0.42"
"KE000063820","MOMBASA, KE","-4.033","39.617","55.0","1991-10","0.67","0.89"
"KE000063820","MOMBASA, KE","-4.033","39.617","55.0","1991-11","0.79","2.32"
"KE000063820","MOMBASA, KE","-4.033","39.617","55.0","1991-12","0.49","0.73"
"KE000063820","MOMBASA, KE","-4.033","39.617","55.0","1992-01","0.00","0.00"
"KE000063820","MOMBASA, KE","-4.033","39.617","55.0","1992-02","0.00","0.00"
"KE000063820","MOMBASA, KE","-4.033","39.617","55.0","1992-03","0.01","0.01"
"KE000063820","MOMBASA, KE","-4.033","39.617","55.0","1992-04","1.60","6.26"
"KE000063820","MOMBASA, KE","-4.033","39.617","55.0","1992-05","1.71","8.62"
"KE000063820","MOMBASA, KE","-4.033","39.617","55.0","1992-06","1.03","2.36"
"KE000063820","MOMBASA, KE","-4.033","39.617","55.0","1992-07",,
"KE000063820","MOMBASA, KE","-4.033","39.617","55.0","1992-08","0.28","1.21"
"KE000063820","MOMBASA, KE","-4.033","39.617","55.0","1992-09","0.55","2.00"
"KE000063820","MOMBASA, KE","-4.033","39.617","55.0","1992-10","0.89","2.07"
"KE000063820","MOMBASA, KE","-4.033","39.617","55.0","1992-11","1.09","3.97"
"KE000063820","MOMBASA, KE","-4.033","39.617","55.0","1992-12","0.52","1.29"
"KE000063820","MOMBASA, KE","-4.033","39.617","55.0","1993-01","0.43","1.52"
"KE000063820","MOMBASA, KE","-4.033","39.617","55.0","1993-02","0.01","0.01"
"KE000063820","MOMBASA, KE","-4.033","39.617","55.0","1993-03","0.19","0.19"
"KE000063820","MOMBASA, KE","-4.033","39.617","55.0","1993-04","0.26","0.51"
"KE000063820","MOMBASA, KE","-4.033","39.617","55.0","1993-05","2.44","10.78"
"KE000063820","MOMBASA, KE","-4.033","39.617","55.0","1993-06","0.91","4.03"
"KE000063820","MOMBASA, KE","-4.033","39.617","55.0","1993-07","0.28","1.08"
"KE000063820","MOMBASA, KE","-4.033","39.617","55.0","1993-08","0.67","2.44"
"KE000063820","MOMBASA, KE","-4.033","39.617","55.0","1993-09","0.31","1.33"
"KE000063820","MOMBASA, KE","-4.033","39.617","55.0","1993-10","2.50","3.57"
"KE000063820","MOMBASA, KE","-4.033","39.617","55.0","1993-11","1.06","2.68"
"KE000063820","MOMBASA, KE","-4.033","39.617","55.0","1993-12","0.70","1.66"
"KE000063820","MOMBASA, KE","-4.033","39.617","55.0","1994-01","0.03","0.04"
"KE000063820","MOMBASA, KE","-4.033","39.617","55.0","1994-02","0.00","0.00"
"KE000063820","MOMBASA, KE","-4.033","39.617","55.0","1994-03","0.56","0.98"
"KE000063820","MOMBASA, KE","-4.033","39.617","55.0","1994-04","3.52","11.75"
"KE000063820","MOMBASA, KE","-4.033","39.617","55.0","1994-05","2.41","14.29"
"KE000063820","MOMBASA, KE","-4.033","39.617","55.0","1994-06","2.00","4.13"
"KE000063820","MOMBASA, KE","-4.033","39.617","55.0","1994-07","2.64","5.96"
"KE000063820","MOMBASA, KE","-4.033","39.617","55.0","1994-08","0.87","1.81"
"KE000063820","MOMBASA, KE","-4.033","39.617","55.0","1994-09","0.89","4.84"
"KE000063820","MOMBASA, KE","-4.033","39.617","55.0","1994-10","1.21","2.69"
"KE000063820","MOMBASA, KE","-4.033","39.617","55.0","1994-11","0.98","6.59"
"KE000063820","MOMBASA, KE","-4.033","39.617","55.0","1994-12","1.08","5.77"
"KE000063820","MOMBASA, KE","-4.033","39.617","55.0","1995-01","0.09","0.20"
"KE000063820","MOMBASA, KE","-4.033","39.617","55.0","1995-02","0.00","0.00"
"KE000063820","MOMBASA, KE","-4.033","39.617","55.0","1995-03","1.83","2.64"
"KE000063820","MOMBASA, KE","-4.033","39.617","55.0","1995-04","1.83","6.25"
"KE000063820","MOMBASA, KE","-4.033","39.617","55.0","1995-05","2.65","12.60"
"KE000063820","MOMBASA, KE","-4.033","39.617","55.0","1995-06","0.06","0.15"
"KE000063820","MOMBASA, KE","-4.033","39.617","55.0","1995-07","0.55","2.73"
"KE000063820","MOMBASA, KE","-4.033","39.617","55.0","1995-08","3.76","7.23"
"KE000063820","MOMBASA, KE","-4.033","39.617","55.0","1995-09","0.53","1.80"
"KE000063820","MOMBASA, KE","-4.033","39.617","55.0","1995-10","3.32","10.41"
"KE000063820","MOMBASA, KE","-4.033","39.617","55.0","1995-11","1.18","3.86"
"KE000063820","MOMBASA, KE","-4.033","39.617","55.0","1995-12","0.31","0.65"
"KE000063820","MOMBASA, KE","-4.033","39.617","55.0","1996-01","0.36","0.38"
"KE000063820","MOMBASA, KE","-4.033","39.617","55.0","1996-02","0.43","0.63"
"KE000063820","MOMBASA, KE","-4.033","39.617","55.0","1996-03","1.52","3.80"
"KE000063820","MOMBASA, KE","-4.033","39.617","55.0","1996-04","1.45","5.45"
"KE000063820","MOMBASA, KE","-4.033","39.617","55.0","1996-05","3.75","16.93"
"KE000063820","MOMBASA, KE","-4.033","39.617","55.0","1996-06","0.06","0.17"
"KE000063820","MOMBASA, KE","-4.033","39.617","55.0","1996-07","0.59","2.25"
"KE000063820","MOMBASA, KE","-4.033","39.617","55.0","1996-08","0.22","0.98"
"KE000063820","MOMBASA, KE","-4.033","39.617","55.0","1996-09","0.24","0.46"
"KE000063820","MOMBASA, KE","-4.033","39.617","55.0","1996-10","0.23","0.61"
"KE000063820","MOMBASA, KE","-4.033","39.617","55.0","1996-11","1.07","4.19"
"KE000063820","MOMBASA, KE","-4.033","39.617","55.0","1996-12","0.02","0.02"
"KE000063820","MOMBASA, KE","-4.033","39.617","55.0","1997-01","0.00","0.00"
"KE000063820","MOMBASA, KE","-4.033","39.617","55.0","1997-02","0.04","0.06"
"KE000063820","MOMBASA, KE","-4.033","39.617","55.0","1997-03","0.09","0.12"
"KE000063820","MOMBASA, KE","-4.033","39.617","55.0","1997-04","3.75","12.58"
"KE000063820","MOMBASA, KE","-4.033","39.617","55.0","1997-05","2.80","10.99"
"KE000063820","MOMBASA, KE","-4.033","39.617","55.0","1997-06","0.76","3.23"
"KE000063820","MOMBASA, KE","-4.033","39.617","55.0","1997-07","1.14","3.38"
"KE000063820","MOMBASA, KE","-4.033","39.617","55.0","1997-08","0.88","2.13"
"KE000063820","MOMBASA, KE","-4.033","39.617","55.0","1997-09","0.19","0.69"
"KE000063820","MOMBASA, KE","-4.033","39.617","55.0","1997-10","9.17","32.50"
"KE000063820","MOMBASA, KE","-4.033","39.617","55.0","1997-11","3.91","12.46"
"KE000063820","MOMBASA, KE","-4.033","39.617","55.0","1997-12","1.28","10.85"
"KE000063820","MOMBASA, KE","-4.033","39.617","55.0","1998-01","2.61","8.42"
"KE000063820","MOMBASA, KE","-4.033","39.617","55.0","1998-02","0.78","2.50"
"KE000063820","MOMBASA, KE","-4.033","39.617","55.0","1998-03","0.64","0.90"
"KE000063820","MOMBASA, KE","-4.033","39.617","55.0","1999-08",,
"KE000063820","MOMBASA, KE","-4.033","39.617","55.0","1999-09",,
"KE000063820","MOMBASA, KE","-4.033","39.617","55.0","1999-10",,
"KE000063820","MOMBASA, KE","-4.033","39.617","55.0","1999-11","1.65","4.61"
"KE000063820","MOMBASA, KE","-4.033","39.617","55.0","2000-02",,
"KE000063820","MOMBASA, KE","-4.033","39.617","55.0","2000-03",,
"KE000063820","MOMBASA, KE","-4.033","39.617","55.0","2000-04","0.75","3.25"
"KE000063820","MOMBASA, KE","-4.033","39.617","55.0","2000-05",,
"KE000063820","MOMBASA, KE","-4.033","39.617","55.0","2000-06","3.58","7.63"
"KE000063820","MOMBASA, KE","-4.033","39.617","55.0","2000-08",,
"KE000063820","MOMBASA, KE","-4.033","39.617","55.0","2000-09","0.51","2.05"
"KE000063820","MOMBASA, KE","-4.033","39.617","55.0","2000-12",,
"KE000063820","MOMBASA, KE","-4.033","39.617","55.0","2001-03",,
"KE000063820","MOMBASA, KE","-4.033","39.617","55.0","2001-04","1.22","6.48"
"KE000063820","MOMBASA, KE","-4.033","39.617","55.0","2001-07",,
"KE000063820","MOMBASA, KE","-4.033","39.617","55.0","2001-08",,
"KE000063820","MOMBASA, KE","-4.033","39.617","55.0","2001-09",,
"KE000063820","MOMBASA, KE","-4.033","39.617","55.0","2001-10",,
"KE000063820","MOMBASA, KE","-4.033","39.617","55.0","2001-11",,
"KE000063820","MOMBASA, KE","-4.033","39.617","55.0","2001-12",,
"KE000063820","MOMBASA, KE","-4.033","39.617","55.0","2002-01",,
"KE000063820","MOMBASA, KE","-4.033","39.617","55.0","2002-02",,
"KE000063820","MOMBASA, KE","-4.033","39.617","55.0","2002-03",,
"KE000063820","MOMBASA, KE","-4.033","39.617","55.0","2002-05",,
"KE000063820","MOMBASA, KE","-4.033","39.617","55.0","2002-06",,
"KE000063820","MOMBASA, KE","-4.033","39.617","55.0","2002-08",,
"KE000063820","MOMBASA, KE","-4.033","39.617","55.0","2002-09","3.39","5.62"
"KE000063820","MOMBASA, KE","-4.033","39.617","55.0","2002-12",,
"KE000063820","MOMBASA, KE","-4.033","39.617","55.0","2003-01",,
"KE000063820","MOMBASA, KE","-4.033","39.617","55.0","2003-05","2.13","7.17"
"KE000063820","MOMBASA, KE","-4.033","39.617","55.0","2003-06","0.51","1.63"
"KE000063820","MOMBASA, KE","-4.033","39.617","55.0","2003-07","1.13","3.03"
"KE000063820","MOMBASA, KE","-4.033","39.617","55.0","2003-09","0.55","2.35"
"KE000063820","MOMBASA, KE","-4.033","39.617","55.0","2003-10",,
"KE000063820","MOMBASA, KE","-4.033","39.617","55.0","2003-12",,
"KE000063820","MOMBASA, KE","-4.033","39.617","55.0","2004-04",,
"KE000063820","MOMBASA, KE","-4.033","39.617","55.0","2004-05","0.47","1.05"
"KE000063820","MOMBASA, KE","-4.033","39.617","55.0","2004-07","1.46","2.60"
"KE000063820","MOMBASA, KE","-4.033","39.617","55.0","2004-08","1.50","2.04"
"KE000063820","MOMBASA, KE","-4.033","39.617","55.0","2004-09",,
"KE000063820","MOMBASA, KE","-4.033","39.617","55.0","2004-10","4.02","8.58"
"KE000063820","MOMBASA, KE","-4.033","39.617","55.0","2005-10",,
"KE000063820","MOMBASA, KE","-4.033","39.617","55.0","2005-12",,
"KE000063820","MOMBASA, KE","-4.033","39.617","55.0","2007-02",,
"KE000063820","MOMBASA, KE","-4.033","39.617","55.0","2007-03",,
"KE000063820","MOMBASA, KE","-4.033","39.617","55.0","2007-04",,
"KE000063820","MOMBASA, KE","-4.033","39.617","55.0","2007-05","2.87","18.09"
"KE000063820","MOMBASA, KE","-4.033","39.617","55.0","2007-06",,
"KE000063820","MOMBASA, KE","-4.033","39.617","55.0","2007-07",,
"KE000063820","MOMBASA, KE","-4.033","39.617","55.0","2007-09",,
"KE000063820","MOMBASA, KE","-4.033","39.617","55.0","2007-10",,
"KE000063820","MOMBASA, KE","-4.033","39.617","55.0","2007-11",,
"KE000063820","MOMBASA, KE","-4.033","39.617","55.0","2007-12",,
"KE000063820","MOMBASA, KE","-4.033","39.617","55.0","2008-01",,
"KE000063820","MOMBASA, KE","-4.033","39.617","55.0","2008-02",,
"KE000063820","MOMBASA, KE","-4.033","39.617","55.0","2008-04",,
"KE000063820","MOMBASA, KE","-4.033","39.617","55.0","2008-05","1.34","8.45"
"KE000063820","MOMBASA, KE","-4.033","39.617","55.0","2008-09",,
"KE000063820","MOMBASA, KE","-4.033","39.617","55.0","2008-10",,
"KE000063820","MOMBASA, KE","-4.033","39.617","55.0","2008-12",,
"KE000063820","MOMBASA, KE","-4.033","39.617","55.0","2009-01",,
"KE000063820","MOMBASA, KE","-4.033","39.617","55.0","2009-02",,
"KE000063820","MOMBASA, KE","-4.033","39.617","55.0","2009-03",,
"KE000063820","MOMBASA, KE","-4.033","39.617","55.0","2009-05",,
"KE000063820","MOMBASA, KE","-4.033","39.617","55.0","2009-08",,
"KE000063820","MOMBASA, KE","-4.033","39.617","55.0","2009-09",,
"KE000063820","MOMBASA, KE","-4.033","39.617","55.0","2010-02",,
"KE000063820","MOMBASA, KE","-4.033","39.617","55.0","2010-03",,
"KE000063820","MOMBASA, KE","-4.033","39.617","55.0","2010-11",,
"KE000063820","MOMBASA, KE","-4.033","39.617","55.0","2010-12",,
"KE000063820","MOMBASA, KE","-4.033","39.617","55.0","2011-04",,
"KE000063820","MOMBASA, KE","-4.033","39.617","55.0","2011-05",,
"KE000063820","MOMBASA, KE","-4.033","39.617","55.0","2011-08",,
"KE000063820","MOMBASA, KE","-4.033","39.617","55.0","2011-11",,
"KE000063820","MOMBASA, KE","-4.033","39.617","55.0","2011-12",,
"KE000063820","MOMBASA, KE","-4.033","39.617","55.0","2012-01",,
"KE000063820","MOMBASA, KE","-4.033","39.617","55.0","2012-02",,
"KE000063820","MOMBASA, KE","-4.033","39.617","55.0","2012-03",,
"KE000063820","MOMBASA, KE","-4.033","39.617","55.0","2012-05",,
"KE000063820","MOMBASA, KE","-4.033","39.617","55.0","2012-07",,
"KE000063820","MOMBASA, KE","-4.033","39.617","55.0","2012-09",,
"KE000063820","MOMBASA, KE","-4.033","39.617","55.0","2012-10",,
"KE000063820","MOMBASA, KE","-4.033","39.617","55.0","2012-11",,
"KE000063820","MOMBASA, KE","-4.033","39.617","55.0","2012-12",,
"KE000063820","MOMBASA, KE","-4.033","39.617","55.0","2013-01",,
"KE000063820","MOMBASA, KE","-4.033","39.617","55.0","2013-02",,
"KE000063820","MOMBASA, KE","-4.033","39.617","55.0","2013-05",,
"KE000063820","MOMBASA, KE","-4.033","39.617","55.0","2013-07",,
"KE000063820","MOMBASA, KE","-4.033","39.617","55.0","2013-08",,
"KE000063820","MOMBASA, KE","-4.033","39.617","55.0","2013-09",,
"KE000063820","MOMBASA, KE","-4.033","39.617","55.0","2013-12",,
"KE000063820","MOMBASA, KE","-4.033","39.617","55.0","2014-01",,
"KE000063820","MOMBASA, KE","-4.033","39.617","55.0","2014-02",,
"KE000063820","MOMBASA, KE","-4.033","39.617","55.0","2014-03",,
"KE000063820","MOMBASA, KE","-4.033","39.617","55.0","2014-04",,
"KE000063820","MOMBASA, KE","-4.033","39.617","55.0","2014-06",,
"KE000063820","MOMBASA, KE","-4.033","39.617","55.0","2014-08",,
"KE000063820","MOMBASA, KE","-4.033","39.617","55.0","2014-09",,
"KE000063820","MOMBASA, KE","-4.033","39.617","55.0","2014-10",,
"KE000063820","MOMBASA, KE","-4.033","39.617","55.0","2014-11",,
"KE000063820","MOMBASA, KE","-4.033","39.617","55.0","2015-04",,
"KE000063820","MOMBASA, KE","-4.033","39.617","55.0","2015-05",,
"KE000063820","MOMBASA, KE","-4.033","39.617","55.0","2015-07",,
"KE000063820","MOMBASA, KE","-4.033","39.617","55.0","2015-08",,
"KE000063820","MOMBASA, KE","-4.033","39.617","55.0","2015-09",,
"KE000063820","MOMBASA, KE","-4.033","39.617","55.0","2015-10",,
"KE000063820","MOMBASA, KE","-4.033","39.617","55.0","2015-11",,
"KE000063820","MOMBASA, KE","-4.033","39.617","55.0","2015-12",,
"KE000063820","MOMBASA, KE","-4.033","39.617","55.0","2016-01",,
"KE000063820","MOMBASA, KE","-4.033","39.617","55.0","2016-02",,
"KE000063820","MOMBASA, KE","-4.033","39.617","55.0","2016-03",,
"KE000063820","MOMBASA, KE","-4.033","39.617","55.0","2016-04",,
"KE000063820","MOMBASA, KE","-4.033","39.617","55.0","2016-05",,
"KE000063820","MOMBASA, KE","-4.033","39.617","55.0","2016-06",,
"KE000063820","MOMBASA, KE","-4.033","39.617","55.0","2016-07",,
"KE000063820","MOMBASA, KE","-4.033","39.617","55.0","2016-08",,
"KE000063820","MOMBASA, KE","-4.033","39.617","55.0","2016-09",,
"KE000063820","MOMBASA, KE","-4.033","39.617","55.0","2016-12",,
"KE000063820","MOMBASA, KE","-4.033","39.617","55.0","2017-01",,
"KE000063820","MOMBASA, KE","-4.033","39.617","55.0","2017-02",,
"KE000063820","MOMBASA, KE","-4.033","39.617","55.0","2017-06",,
"KE000063820","MOMBASA, KE","-4.033","39.617","55.0","2017-07",,
"KE000063820","MOMBASA, KE","-4.033","39.617","55.0","2017-08",,
"KE000063820","MOMBASA, KE","-4.033","39.617","55.0","2017-09",,
"KE000063820","MOMBASA, KE","-4.033","39.617","55.0","2017-10",,
"KE000063820","MOMBASA, KE","-4.033","39.617","55.0","2017-11",,
"KE000063820","MOMBASA, KE","-4.033","39.617","55.0","2017-12",,
"KE000063820","MOMBASA, KE","-4.033","39.617","55.0","2018-01",,
"KE000063820","MOMBASA, KE","-4.033","39.617","55.0","2018-02",,
"KE000063820","MOMBASA, KE","-4.033","39.617","55.0","2018-03",,
"KE000063820","MOMBASA, KE","-4.033","39.617","55.0","2018-04",,
"KE000063820","MOMBASA, KE","-4.033","39.617","55.0","2018-06",,
"KE000063820","MOMBASA, KE","-4.033","39.617","55.0","2018-07",,
"KE000063820","MOMBASA, KE","-4.033","39.617","55.0","2018-09",,
"KE000063820","MOMBASA, KE","-4.033","39.617","55.0","2018-11",,
"KE000063820","MOMBASA, KE","-4.033","39.617","55.0","2019-01",,
"KE000063820","MOMBASA, KE","-4.033","39.617","55.0","2019-04",,
"KE000063820","MOMBASA, KE","-4.033","39.617","55.0","2019-05",,
"KE000063820","MOMBASA, KE","-4.033","39.617","55.0","2019-06",,
"KE000063820","MOMBASA, KE","-4.033","39.617","55.0","2019-09",,
"KE000063820","MOMBASA, KE","-4.033","39.617","55.0","2019-10","4.69","21.32"
"KE000063820","MOMBASA, KE","-4.033","39.617","55.0","2020-01",,
"KE000063820","MOMBASA, KE","-4.033","39.617","55.0","2020-05","1.38","7.41"
"KE000063820","MOMBASA, KE","-4.033","39.617","55.0","2022-07","0.98","3.17"
"KEM00063799","MALINDI, KE","-3.229","40.102","25.0","1979-05","1.61","8.87"
"KEM00063799","MALINDI, KE","-3.229","40.102","25.0","1982-03","3.31","6.18"
"KEM00063799","MALINDI, KE","-3.229","40.102","25.0","1982-04","8.11","31.25"
"KEM00063799","MALINDI, KE","-3.229","40.102","25.0","1982-06","1.57","5.78"
"KEM00063799","MALINDI, KE","-3.229","40.102","25.0","1982-07","2.20","6.74"
"KEM00063799","MALINDI, KE","-3.229","40.102","25.0","1982-09","0.67","1.58"
"KEM00063799","MALINDI, KE","-3.229","40.102","25.0","1982-10","1.89","5.89"
"KEM00063799","MALINDI, KE","-3.229","40.102","25.0","1982-12",,
"KEM00063799","MALINDI, KE","-3.229","40.102","25.0","1983-07","1.54","4.25"
"KEM00063799","MALINDI, KE","-3.229","40.102","25.0","1984-02",,
"KEM00063799","MALINDI, KE","-3.229","40.102","25.0","1984-05","3.46","11.33"
"KEM00063799","MALINDI, KE","-3.229","40.102","25.0","1984-07","0.83","4.15"
"KEM00063799","MALINDI, KE","-3.229","40.102","25.0","1985-04","10.08","16.15"
"KEM00063799","MALINDI, KE","-3.229","40.102","25.0","1985-05",,
"KEM00063799","MALINDI, KE","-3.229","40.102","25.0","1985-06",,
"KEM00063799","MALINDI, KE","-3.229","40.102","25.0","1985-09","0.20","1.02"
"KEM00063799","MALINDI, KE","-3.229","40.102","25.0","1986-02",,
"KEM00063799","MALINDI, KE","-3.229","40.102","25.0","1986-05","2.17","17.19"
"KEM00063799","MALINDI, KE","-3.229","40.102","25.0","1986-09",,
"KEM00063799","MALINDI, KE","-3.229","40.102","25.0","1986-10",,
"KEM00063799","MALINDI, KE","-3.229","40.102","25.0","1987-06",,
"KEM00063799","MALINDI, KE","-3.229","40.102","25.0","1987-07","2.83","5.37"
"KEM00063799","MALINDI, KE","-3.229","40.102","25.0","1987-08","2.09","7.18"
"KEM00063799","MALINDI, KE","-3.229","40.102","25.0","1987-09",,
"KEM00063799","MALINDI, KE","-3.229","40.102","25.0","1987-12",,
"KEM00063799","MALINDI, KE","-3.229","40.102","25.0","1988-01",,
"KEM00063799","MALINDI, KE","-3.229","40.102","25.0","1988-03",,
"KEM00063799","MALINDI, KE","-3.229","40.102","25.0","1988-04","1.93","5.71"
"KEM00063799","MALINDI, KE","-3.229","40.102","25.0","1988-05","0.59","3.28"
"KEM00063799","MALINDI, KE","-3.229","40.102","25.0","1988-11","1.42","3.56"
"KEM00063799","MALINDI, KE","-3.229","40.102","25.0","1988-12",,
"KEM00063799","MALINDI, KE","-3.229","40.102","25.0","1989-02",,
"KEM00063799","MALINDI, KE","-3.229","40.102","25.0","1989-03",,
"KEM00063799","MALINDI, KE","-3.229","40.102","25.0","1989-04",,
"KEM00063799","MALINDI, KE","-3.229","40.102","25.0","1989-05","1.34","6.44"
"KEM00063799","MALINDI, KE","-3.229","40.102","25.0","1989-06","2.44","7.52"
"KEM00063799","MALINDI, KE","-3.229","40.102","25.0","1989-07","0.51","3.37"
"KEM00063799","MALINDI, KE","-3.229","40.102","25.0","1989-12",,
"KEM00063799","MALINDI, KE","-3.229","40.102","25.0","1990-09","0.59","1.05"
"KEM00063799","MALINDI, KE","-3.229","40.102","25.0","1991-01",,
"KEM00063799","MALINDI, KE","-3.229","40.102","25.0","1991-02",,
"KEM00063799","MALINDI, KE","-3.229","40.102","25.0","1991-04",,
"KEM00063799","MALINDI, KE","-3.229","40.102","25.0","1991-05","2.36","12.82"
"KEM00063799","MALINDI, KE","-3.229","40.102","25.0","1991-07","2.80","5.28"
"KEM00063799","MALINDI, KE","-3.229","40.102","25.0","1991-09",,
"KEM00063799","MALINDI, KE","-3.229","40.102","25.0","1994-04","1.85","5.71"
"KEM00063799","MALINDI, KE","-3.229","40.102","25.0","1995-02",,
"KEM00063799","MALINDI, KE","-3.229","40.102","25.0","1995-07","0.59","3.44"
"KEM00063799","MALINDI, KE","-3.229","40.102","25.0","1995-08","0.83","2.51"
"KEM00063799","MALINDI, KE","-3.229","40.102","25.0","1995-10",,
"KEM00063799","MALINDI, KE","-3.229","40.102","25.0","1996-05","3.46","13.67"
"KEM00063799","MALINDI, KE","-3.229","40.102","25.0","1996-07","0.63","3.14"
"KEM00063799","MALINDI, KE","-3.229","40.102","25.0","1996-09",,
"KEM00063799","MALINDI, KE","-3.229","40.102","25.0","1997-01",,
"KEM00063799","MALINDI, KE","-3.229","40.102","25.0","1997-02",,
"KEM00063799","MALINDI, KE","-3.229","40.102","25.0","1997-04","1.14","5.18"
"KEM00063799","MALINDI, KE","-3.229","40.102","25.0","1997-05",,
"KEM00063799","MALINDI, KE","-3.229","40.102","25.0","1997-06","1.30","7.68"
"KEM00063799","MALINDI, KE","-3.229","40.102","25.0","1997-11","1.85","10.98"
"KEM00063799","MALINDI, KE","-3.229","40.102","25.0","2002-09","2.56","6.12"
"KEM00063799","MALINDI, KE","-3.229","40.102","25.0","2003-05","2.44","8.11"
"KEM00063799","MALINDI, KE","-3.229","40.102","25.0","2003-06","1.11","3.61"
"KEM00063799","MALINDI, KE","-3.229","40.102","25.0","2003-07","0.91","3.38"
"KEM00063799","MALINDI, KE","-3.229","40.102","25.0","2009-04",,
"KEM00063799","MALINDI, KE","-3.229","40.102","25.0","2009-05",,
"KEM00063799","MALINDI, KE","-3.229","40.102","25.0","2010-09",,
"KEM00063799","MALINDI, KE","-3.229","40.102","25.0","2011-06",,
"KEM00063799","MALINDI, KE","-3.229","40.102","25.0","2019-08",,
"KEM00063799","MALINDI, KE","-3.229","40.102","25.0","2024-02",,
"KEM00063686","ELDORET INTERNATIONAL, KE","0.404","35.239","2115.6","1977-03","0.79","1.09"
"KEM00063686","ELDORET INTERNATIONAL, KE","0.404","35.239","2115.6","1977-04","1.69","8.62"
"KEM00063686","ELDORET INTERNATIONAL, KE","0.404","35.239","2115.6","1977-08","1.97","4.30"
"KEM00063686","ELDORET INTERNATIONAL, KE","0.404","35.239","2115.6","1977-10","1.89","6.20"
"KEM00063686","ELDORET INTERNATIONAL, KE","0.404","35.239","2115.6","1977-11","1.97","9.85"
"KEM00063686","ELDORET INTERNATIONAL, KE","0.404","35.239","2115.6","1977-12","0.12","0.26"
"KEM00063686","ELDORET INTERNATIONAL, KE","0.404","35.239","2115.6","1978-01","1.10","2.89"
"KEM00063686","ELDORET INTERNATIONAL, KE","0.404","35.239","2115.6","1978-04",,
"KEM00063686","ELDORET INTERNATIONAL, KE","0.404","35.239","2115.6","1978-08",,
"KEM00063686","ELDORET INTERNATIONAL, KE","0.404","35.239","2115.6","1978-09",,
"KEM00063686","ELDORET INTERNATIONAL, KE","0.404","35.239","2115.6","1978-10","0.43","1.15"
"KEM00063686","ELDORET INTERNATIONAL, KE","0.404","35.239","2115.6","1978-11","0.28","0.56"
"KEM00063686","ELDORET INTERNATIONAL, KE","0.404","35.239","2115.6","1978-12",,
"KEM00063686","ELDORET INTERNATIONAL, KE","0.404","35.239","2115.6","1979-02",,
"KEM00063686","ELDORET INTERNATIONAL, KE","0.404","35.239","2115.6","1979-03","0.31","0.64"
"KEM00063686","ELDORET INTERNATIONAL, KE","0.404","35.239","2115.6","1979-05","1.18","3.73"
"KEM00063686","ELDORET INTERNATIONAL, KE","0.404","35.239","2115.6","1979-06","1.22","3.81"
"KEM00063686","ELDORET INTERNATIONAL, KE","0.404","35.239","2115.6","1979-08","2.36","6.07"
"KEM00063686","ELDORET INTERNATIONAL, KE","0.404","35.239","2115.6","1979-09","1.18","1.74"
"KEM00063686","ELDORET INTERNATIONAL, KE","0.404","35.239","2115.6","1979-10",,
"KEM00063686","ELDORET INTERNATIONAL, KE","0.404","35.239","2115.6","1979-12","0.35","0.40"
"KEM00063686","ELDORET INTERNATIONAL, KE","0.404","35.239","2115.6","1980-01","0.47","1.49"
"KEM00063686","ELDORET INTERNATIONAL, KE","0.404","35.239","2115.6","1980-02","0.20","0.20"
"KEM00063686","ELDORET INTERNATIONAL, KE","0.404","35.239","2115.6","1987-05","2.01","9.65"
"KEM00063686","ELDORET INTERNATIONAL, KE","0.404","35.239","2115.6","1988-04","1.46","7.01"
"KEM00063686","ELDORET INTERNATIONAL, KE","0.404","35.239","2115.6","1988-08","0.71","3.13"
"KEM00063686","ELDORET INTERNATIONAL, KE","0.404","35.239","2115.6","1988-09","0.79","4.45"
"KEM00063686","ELDORET INTERNATIONAL, KE","0.404","35.239","2115.6","1988-10",,
"KEM00063686","ELDORET INTERNATIONAL, KE","0.404","35.239","2115.6","1988-11",,
"KEM00063686","ELDORET INTERNATIONAL, KE","0.404","35.239","2115.6","1989-01",,
"KEM00063686","ELDORET INTERNATIONAL, KE","0.404","35.239","2115.6","1989-02",,
"KEM00063686","ELDORET INTERNATIONAL, KE","0.404","35.239","2115.6","1989-03",,
"KEM00063686","ELDORET INTERNATIONAL, KE","0.404","35.239","2115.6","1990-02",,
"KEM00063686","ELDORET INTERNATIONAL, KE","0.404","35.239","2115.6","1990-09",,
"KEM00063686","ELDORET INTERNATIONAL, KE","0.404","35.239","2115.6","1990-10",,
"KEM00063686","ELDORET INTERNATIONAL, KE","0.404","35.239","2115.6","1990-12",,
"KEM00063686","ELDORET INTERNATIONAL, KE","0.404","35.239","2115.6","1991-03",,
"KEM00063686","ELDORET INTERNATIONAL, KE","0.404","35.239","2115.6","1991-04",,
"KEM00063686","ELDORET INTERNATIONAL, KE","0.404","35.239","2115.6","1991-06","6.38","11.09"
"KEM00063686","ELDORET INTERNATIONAL, KE","0.404","35.239","2115.6","1991-07","1.46","8.36"
"KEM00063686","ELDORET INTERNATIONAL, KE","0.404","35.239","2115.6","1991-08","1.54","6.59"
"KEM00063686","ELDORET INTERNATIONAL, KE","0.404","35.239","2115.6","1992-06",,
"KEM00063686","ELDORET INTERNATIONAL, KE","0.404","35.239","2115.6","1992-07","0.87","6.12"
"KEM00063686","ELDORET INTERNATIONAL, KE","0.404","35.239","2115.6","1992-08","3.19","9.12"
"KEM00063686","ELDORET INTERNATIONAL, KE","0.404","35.239","2115.6","1992-09",,
"KEM00063686","ELDORET INTERNATIONAL, KE","0.404","35.239","2115.6","1992-10","1.02","3.77"
"KEM00063686","ELDORET INTERNATIONAL, KE","0.404","35.239","2115.6","1993-06","0.51","2.52"
"KEM00063686","ELDORET INTERNATIONAL, KE","0.404","35.239","2115.6","1993-07",,
"KEM00063686","ELDORET INTERNATIONAL, KE","0.404","35.239","2115.6","1993-08",,
"KEM00063686","ELDORET INTERNATIONAL, KE","0.404","35.239","2115.6","1993-09",,
"KEM00063686","ELDORET INTERNATIONAL, KE","0.404","35.239","2115.6","1993-10",,
"KEM00063686","ELDORET INTERNATIONAL, KE","0.404","35.239","2115.6","1993-11",,
"KEM00063686","ELDORET INTERNATIONAL, KE","0.404","35.239","2115.6","1993-12",,
"KEM00063686","ELDORET INTERNATIONAL, KE","0.404","35.239","2115.6","1994-01",,
"KEM00063686","ELDORET INTERNATIONAL, KE","0.404","35.239","2115.6","1994-02",,
"KEM00063686","ELDORET INTERNATIONAL, KE","0.404","35.239","2115.6","1994-04",,
"KEM00063686","ELDORET INTERNATIONAL, KE","0.404","35.239","2115.6","1994-05","2.32","8.62"
"KEM00063686","ELDORET INTERNATIONAL, KE","0.404","35.239","2115.6","1994-06","0.83","4.41"
"KEM00063686","ELDORET INTERNATIONAL, KE","0.404","35.239","2115.6","1994-07","1.42","8.94"
"KEM00063686","ELDORET INTERNATIONAL, KE","0.404","35.239","2115.6","1994-08","1.22","5.08"
"KEM00063686","ELDORET INTERNATIONAL, KE","0.404","35.239","2115.6","1994-09",,
"KEM00063686","ELDORET INTERNATIONAL, KE","0.404","35.239","2115.6","1994-10",,
"KEM00063686","ELDORET INTERNATIONAL, KE","0.404","35.239","2115.6","1994-11",,
"KEM00063686","ELDORET INTERNATIONAL, KE","0.404","35.239","2115.6","1994-12",,
"KEM00063686","ELDORET INTERNATIONAL, KE","0.404","35.239","2115.6","1995-02",,
"KEM00063686","ELDORET INTERNATIONAL, KE","0.404","35.239","2115.6","1995-03",,
"KEM00063686","ELDORET INTERNATIONAL, KE","0.404","35.239","2115.6","1995-04","1.81","7.17"
"KEM00063686","ELDORET INTERNATIONAL, KE","0.404","35.239","2115.6","1995-05",,
"KEM00063686","ELDORET INTERNATIONAL, KE","0.404","35.239","2115.6","1995-06","0.47","2.58"
"KEM00063686","ELDORET INTERNATIONAL, KE","0.404","35.239","2115.6","1995-07",,
"KEM00063686","ELDORET INTERNATIONAL, KE","0.404","35.239","2115.6","1995-08",,
"KEM00063686","ELDORET INTERNATIONAL, KE","0.404","35.239","2115.6","1995-09",,
"KEM00063686","ELDORET INTERNATIONAL, KE","0.404","35.239","2115.6","1995-10","1.38","3.05"
"KEM00063686","ELDORET INTERNATIONAL, KE","0.404","35.239","2115.6","1995-11",,
"KEM00063686","ELDORET INTERNATIONAL, KE","0.404","35.239","2115.6","1995-12",,
"KEM00063686","ELDORET INTERNATIONAL, KE","0.404","35.239","2115.6","1996-02",,
"KEM00063686","ELDORET INTERNATIONAL, KE","0.404","35.239","2115.6","1996-03",,
"KEM00063686","ELDORET INTERNATIONAL, KE","0.404","35.239","2115.6","1996-04",,
"KEM00063686","ELDORET INTERNATIONAL, KE","0.404","35.239","2115.6","1996-06",,
"KEM00063686","ELDORET INTERNATIONAL, KE","0.404","35.239","2115.6","1996-08","1.57","6.69"
"KEM00063686","ELDORET INTERNATIONAL, KE","0.404","35.239","2115.6","1996-09","0.63","2.78"
"KEM00063686","ELDORET INTERNATIONAL, KE","0.404","35.239","2115.6","1996-10",,
"KEM00063686","ELDORET INTERNATIONAL, KE","0.404","35.239","2115.6","1997-02",,
"KEM00063686","ELDORET INTERNATIONAL, KE","0.404","35.239","2115.6","1997-04","1.69","10.30"
"KEM00063686","ELDORET INTERNATIONAL, KE","0.404","35.239","2115.6","1997-05",,
"KEM00063686","ELDORET INTERNATIONAL, KE","0.404","35.239","2115.6","1997-06",,
"KEM00063686","ELDORET INTERNATIONAL, KE","0.404","35.239","2115.6","1997-10","1.46","6.14"
"KEM00063686","ELDORET INTERNATIONAL, KE","0.404","35.239","2115.6","1997-11","1.73","6.89"
"KEM00063686","ELDORET INTERNATIONAL, KE","0.404","35.239","2115.6","1997-12",,
"KEM00063686","ELDORET INTERNATIONAL, KE","0.404","35.239","2115.6","1998-02","2.05","3.63"
"KEM00063686","ELDORET INTERNATIONAL, KE","0.404","35.239","2115.6","1998-04",,
"KEM00063686","ELDORET INTERNATIONAL, KE","0.404","35.239","2115.6","1998-05",,
"KEM00063686","ELDORET INTERNATIONAL, KE","0.404","35.239","2115.6","2011-07","7.17","14.55"
"KEM00063686","ELDORET INTERNATIONAL, KE","0.404","35.239","2115.6","2011-08","1.22","9.30"
"KEM00063686","ELDORET INTERNATIONAL, KE","0.404","35.239","2115.6","2012-08","1.42","7.04"
"KEM00063686","ELDORET INTERNATIONAL, KE","0.404","35.239","2115.6","2018-04","2.24","13.46"
"KEM00063686","ELDORET INTERNATIONAL, KE","0.404","35.239","2115.6","2018-05","2.68","9.36"
"KEM00063686","ELDORET INTERNATIONAL, KE","0.404","35.239","2115.6","2018-06","1.77","10.03"
"KEM00063686","ELDORET INTERNATIONAL, KE","0.404","35.239","2115.6","2020-07","2.05","6.43"
"KEM00063686","ELDORET INTERNATIONAL, KE","0.404","35.239","2115.6","2020-12",,
"KEM00063686","ELDORET INTERNATIONAL, KE","0.404","35.239","2115.6","2021-05",,
"KEM00063686","ELDORET INTERNATIONAL, KE","0.404","35.239","2115.6","2022-02",,
"KEM00063686","ELDORET INTERNATIONAL, KE","0.404","35.239","2115.6","2022-03",,
"KEM00063686","ELDORET INTERNATIONAL, KE","0.404","35.239","2115.6","2022-10",,
"KEM00063686","ELDORET INTERNATIONAL, KE","0.404","35.239","2115.6","2023-01",,
"KEM00063741","NAIROBI DAGORETTI, KE","-1.3","36.75","1798.0","1985-05",,
"KEM00063741","NAIROBI DAGORETTI, KE","-1.3","36.75","1798.0","1987-05",,
"KEM00063741","NAIROBI DAGORETTI, KE","-1.3","36.75","1798.0","1987-09",,
"KEM00063741","NAIROBI DAGORETTI, KE","-1.3","36.75","1798.0","1988-05",,
"KEM00063741","NAIROBI DAGORETTI, KE","-1.3","36.75","1798.0","1988-09",,
"KEM00063741","NAIROBI DAGORETTI, KE","-1.3","36.75","1798.0","1988-11","0.43","1.44"
"KEM00063741","NAIROBI DAGORETTI, KE","-1.3","36.75","1798.0","1988-12","1.57","5.75"
"KEM00063741","NAIROBI DAGORETTI, KE","-1.3","36.75","1798.0","1989-03",,
"KEM00063741","NAIROBI DAGORETTI, KE","-1.3","36.75","1798.0","1991-10",,
"KEM00063741","NAIROBI DAGORETTI, KE","-1.3","36.75","1798.0","1992-05",,
"KEM00063741","NAIROBI DAGORETTI, KE","-1.3","36.75","1798.0","1992-08",,
"KEM00063741","NAIROBI DAGORETTI, KE","-1.3","36.75","1798.0","1992-09",,
"KEM00063741","NAIROBI DAGORETTI, KE","-1.3","36.75","1798.0","1993-05","1.26","5.77"
"KEM00063741","NAIROBI DAGORETTI, KE","-1.3","36.75","1798.0","1993-06",,
"KEM00063741","NAIROBI DAGORETTI, KE","-1.3","36.75","1798.0","1993-07",,
"KEM00063741","NAIROBI DAGORETTI, KE","-1.3","36.75","1798.0","1993-08","0.43","0.45"
"KEM00063741","NAIROBI DAGORETTI, KE","-1.3","36.75","1798.0","1993-09",,
"KEM00063741","NAIROBI DAGORETTI, KE","-1.3","36.75","1798.0","1993-10",,
"KEM00063741","NAIROBI DAGORETTI, KE","-1.3","36.75","1798.0","1993-11","1.57","6.02"
"KEM00063741","NAIROBI DAGORETTI, KE","-1.3","36.75","1798.0","1993-12","1.93","4.23"
"KEM00063741","NAIROBI DAGORETTI, KE","-1.3","36.75","1798.0","1994-01",,
"KEM00063741","NAIROBI DAGORETTI, KE","-1.3","36.75","1798.0","1994-02","2.01","3.50"
"KEM00063741","NAIROBI DAGORETTI, KE","-1.3","36.75","1798.0","1994-03",,
"KEM00063741","NAIROBI DAGORETTI, KE","-1.3","36.75","1798.0","1994-05","1.14","4.94"
"KEM00063741","NAIROBI DAGORETTI, KE","-1.3","36.75","1798.0","1994-06","0.39","0.51"
"KEM00063741","NAIROBI DAGORETTI, KE","-1.3","36.75","1798.0","1994-07","0.51","1.09"
"KEM00063741","NAIROBI DAGORETTI, KE","-1.3","36.75","1798.0","1994-08","1.02","2.15"
"KEM00063741","NAIROBI DAGORETTI, KE","-1.3","36.75","1798.0","1994-09",,
"KEM00063741","NAIROBI DAGORETTI, KE","-1.3","36.75","1798.0","1994-10","1.65","3.52"
"KEM00063741","NAIROBI DAGORETTI, KE","-1.3","36.75","1798.0","1994-11","1.54","9.17"
"KEM00063741","NAIROBI DAGORETTI, KE","-1.3","36.75","1798.0","1994-12","1.06","3.22"
"KEM00063741","NAIROBI DAGORETTI, KE","-1.3","36.75","1798.0","1995-01",,
"KEM00063741","NAIROBI DAGORETTI, KE","-1.3","36.75","1798.0","1995-02","1.42","4.61"
"KEM00063741","NAIROBI DAGORETTI, KE","-1.3","36.75","1798.0","1995-03",,
"KEM00063741","NAIROBI DAGORETTI, KE","-1.3","36.75","1798.0","1995-04",,
"KEM00063741","NAIROBI DAGORETTI, KE","-1.3","36.75","1798.0","1995-06",,
"KEM00063741","NAIROBI DAGORETTI, KE","-1.3","36.75","1798.0","1995-07",,
"KEM00063741","NAIROBI DAGORETTI, KE","-1.3","36.75","1798.0","1995-08","0.24","0.65"
"KEM00063741","NAIROBI DAGORETTI, KE","-1.3","36.75","1798.0","1995-09","0.39","1.09"
"KEM00063741","NAIROBI DAGORETTI, KE","-1.3","36.75","1798.0","1995-10","3.54","5.95"
"KEM00063741","NAIROBI DAGORETTI, KE","-1.3","36.75","1798.0","1995-11","0.55","3.33"
"KEM00063741","NAIROBI DAGORETTI, KE","-1.3","36.75","1798.0","1995-12","0.59","1.25"
"KEM00063741","NAIROBI DAGORETTI, KE","-1.3","36.75","1798.0","1996-01","0.31","0.71"
"KEM00063741","NAIROBI DAGORETTI, KE","-1.3","36.75","1798.0","1996-02",,
"KEM00063741","NAIROBI DAGORETTI, KE","-1.3","36.75","1798.0","1996-03","1.81","4.71"
"KEM00063741","NAIROBI DAGORETTI, KE","-1.3","36.75","1798.0","1996-04","1.93","3.66"
"KEM00063741","NAIROBI DAGORETTI, KE","-1.3","36.75","1798.0","1996-05","1.22","3.81"
"KEM00063741","NAIROBI DAGORETTI, KE","-1.3","36.75","1798.0","1996-06","0.47","2.25"
"KEM00063741","NAIROBI DAGORETTI, KE","-1.3","36.75","1798.0","1996-07","0.91","1.68"
"KEM00063741","NAIROBI DAGORETTI, KE","-1.3","36.75","1798.0","1996-09",,
"KEM00063741","NAIROBI DAGORETTI, KE","-1.3","36.75","1798.0","1996-10","0.08","0.08"
"KEM00063741","NAIROBI DAGORETTI, KE","-1.3","36.75","1798.0","1996-11","1.18","7.11"
"KEM00063741","NAIROBI DAGORETTI, KE","-1.3","36.75","1798.0","1997-02",,
"KEM00063741","NAIROBI DAGORETTI, KE","-1.3","36.75","1798.0","1997-03",,
"KEM00063741","NAIROBI DAGORETTI, KE","-1.3","36.75","1798.0","1997-04","3.15","15.10"
"KEM00063741","NAIROBI DAGORETTI, KE","-1.3","36.75","1798.0","1997-05","2.48","6.67"
"KEM00063741","NAIROBI DAGORETTI, KE","-1.3","36.75","1798.0","1997-06","3.90","4.14"
"KEM00063741","NAIROBI DAGORETTI, KE","-1.3","36.75","1798.0","1997-07",,
"KEM00063741","NAIROBI DAGORETTI, KE","-1.3","36.75","1798.0","1997-09",,
"KEM00063741","NAIROBI DAGORETTI, KE","-1.3","36.75","1798.0","1997-10","2.36","5.23"
"KEM00063741","NAIROBI DAGORETTI, KE","-1.3","36.75","1798.0","1997-11","1.89","14.99"
"KEM00063741","NAIROBI DAGORETTI, KE","-1.3","36.75","1798.0","1997-12","1.10","7.47"
"KEM00063741","NAIROBI DAGORETTI, KE","-1.3","36.75","1798.0","1998-01","2.52","8.90"
"KEM00063741","NAIROBI DAGORETTI, KE","-1.3","36.75","1798.0","1998-02","2.05","5.57"
"KEM00063741","NAIROBI DAGORETTI, KE","-1.3","36.75","1798.0","1998-03",,
"KEM00063741","NAIROBI DAGORETTI, KE","-1.3","36.75","1798.0","1998-04","1.26","4.27"
"KEM00063741","NAIROBI DAGORETTI, KE","-1.3","36.75","1798.0","1998-05","3.54","16.61"
"KEM00063741","NAIROBI DAGORETTI, KE","-1.3","36.75","1798.0","1998-06",,
"KEM00063741","NAIROBI DAGORETTI, KE","-1.3","36.75","1798.0","2009-04",,
"KEM00063741","NAIROBI DAGORETTI, KE","-1.3","36.75","1798.0","2009-05",,
"KEM00063741","NAIROBI DAGORETTI, KE","-1.3","36.75","1798.0","2009-08",,
"KEM00063741","NAIROBI DAGORETTI, KE","-1.3","36.75","1798.0","2009-09",,
"KEM00063741","NAIROBI DAGORETTI, KE","-1.3","36.75","1798.0","2009-10",,
"KEM00063741","NAIROBI DAGORETTI, KE","-1.3","36.75","1798.0","2010-06",,
"KEM00063741","NAIROBI DAGORETTI, KE","-1.3","36.75","1798.0","2010-09",,
"KEM00063741","NAIROBI DAGORETTI, KE","-1.3","36.75","1798.0","2011-06",,
"KEM00063741","NAIROBI DAGORETTI, KE","-1.3","36.75","1798.0","2019-04",,
"KEM00063741","NAIROBI DAGORETTI, KE","-1.3","36.75","1798.0","2019-05",,
"KEM00063741","NAIROBI DAGORETTI, KE","-1.3","36.75","1798.0","2019-10","2.09","9.56"
"KEM00063741","NAIROBI DAGORETTI, KE","-1.3","36.75","1798.0","2023-06",,
"KEM00063741","NAIROBI DAGORETTI, KE","-1.3","36.75","1798.0","2023-07",,
"KEM00063741","NAIROBI DAGORETTI, KE","-1.3","36.75","1798.0","2023-08",,
"KEM00063741","NAIROBI DAGORETTI, KE","-1.3","36.75","1798.0","2023-09",,
"KEM00063741","NAIROBI DAGORETTI, KE","-1.3","36.75","1798.0","2023-10",,
"KEM00063741","NAIROBI DAGORETTI, KE","-1.3","36.75","1798.0","2023-11","1.93","12.85"
"KEM00063741","NAIROBI DAGORETTI, KE","-1.3","36.75","1798.0","2023-12",,
"KEM00063741","NAIROBI DAGORETTI, KE","-1.3","36.75","1798.0","2024-01",,
"KEM00063741","NAIROBI DAGORETTI, KE","-1.3","36.75","1798.0","2024-02",,
"KE000063661","KITALE, KE","1.016","35.0","1875.0","1976-01",,
"KE000063661","KITALE, KE","1.016","35.0","1875.0","1976-12","0.59","1.23"
"KE000063661","KITALE, KE","1.016","35.0","1875.0","1977-01","1.42","2.14"
"KE000063661","KITALE, KE","1.016","35.0","1875.0","1977-02","2.01","3.37"
"KE000063661","KITALE, KE","1.016","35.0","1875.0","1977-03",,
"KE000063661","KITALE, KE","1.016","35.0","1875.0","1977-09","0.71","1.32"
"KE000063661","KITALE, KE","1.016","35.0","1875.0","1977-10","1.54","5.50"
"KE000063661","KITALE, KE","1.016","35.0","1875.0","1977-12","1.30","1.98"
"KE000063661","KITALE, KE","1.016","35.0","1875.0","1978-01","0.24","0.60"
"KE000063661","KITALE, KE","1.016","35.0","1875.0","1978-02","2.01","7.67"
"KE000063661","KITALE, KE","1.016","35.0","1875.0","1978-04","1.30","3.76"
"KE000063661","KITALE, KE","1.016","35.0","1875.0","1978-05","0.83","3.52"
"KE000063661","KITALE, KE","1.016","35.0","1875.0","1978-06","0.63","2.24"
"KE000063661","KITALE, KE","1.016","35.0","1875.0","1978-08","2.09","8.58"
"KE000063661","KITALE, KE","1.016","35.0","1875.0","1978-09","0.47","2.59"
"KE000063661","KITALE, KE","1.016","35.0","1875.0","1978-10",,
"KE000063661","KITALE, KE","1.016","35.0","1875.0","1979-01","0.91","2.51"
"KE000063661","KITALE, KE","1.016","35.0","1875.0","1979-02","1.06","3.89"
"KE000063661","KITALE, KE","1.016","35.0","1875.0","1979-03","0.43","1.54"
"KE000063661","KITALE, KE","1.016","35.0","1875.0","1979-05","1.97","8.05"
"KE000063661","KITALE, KE","1.016","35.0","1875.0","1979-07","0.51","2.54"
"KE000063661","KITALE, KE","1.016","35.0","1875.0","1979-08","3.15","5.85"
"KE000063661","KITALE, KE","1.016","35.0","1875.0","1979-09","0.87","2.12"
"KE000063661","KITALE, KE","1.016","35.0","1875.0","1979-10",,
"KE000063661","KITALE, KE","1.016","35.0","1875.0","1979-12","0.87","1.13"
"KE000063661","KITALE, KE","1.016","35.0","1875.0","1980-01","0.24","0.33"
"KE000063661","KITALE, KE","1.016","35.0","1875.0","1980-03","0.24","1.03"
"KE000063661","KITALE, KE","1.016","35.0","1875.0","1980-06","0.71","3.72"
"KE000063661","KITALE, KE","1.016","35.0","1875.0","1980-07","1.38","3.47"
"KE000063661","KITALE, KE","1.016","35.0","1875.0","1980-08","1.69","5.29"
"KE000063661","KITALE, KE","1.016","35.0","1875.0","1980-09",,
"KE000063661","KITALE, KE","1.016","35.0","1875.0","1980-10","0.35","0.64"
"KE000063661","KITALE, KE","1.016","35.0","1875.0","1980-11","0.63","2.48"
"KE000063661","KITALE, KE","1.016","35.0","1875.0","1981-04",,
"KE000063661","KITALE, KE","1.016","35.0","1875.0","1981-06","0.79","2.37"
"KE000063661","KITALE, KE","1.016","35.0","1875.0","1981-09","4.17","8.97"
"KE000063661","KITALE, KE","1.016","35.0","1875.0","1981-10","0.83","3.99"
"KE000063661","KITALE, KE","1.016","35.0","1875.0","1981-11","0.67","1.29"
"KE000063661","KITALE, KE","1.016","35.0","1875.0","1982-03","0.20","0.48"
"KE000063661","KITALE, KE","1.016","35.0","1875.0","1982-04","2.36","7.89"
"KE000063661","KITALE, KE","1.016","35.0","1875.0","1982-06","1.14","2.72"
"KE000063661","KITALE, KE","1.016","35.0","1875.0","1982-12","0.43","1.62"
"KE000063661","KITALE, KE","1.016","35.0","1875.0","1983-01","0.55","0.99"
"KE000063661","KITALE, KE","1.016","35.0","1875.0","1983-02","1.54","2.11"
"KE000063661","KITALE, KE","1.016","35.0","1875.0","1983-04","0.43","2.88"
"KE000063661","KITALE, KE","1.016","35.0","1875.0","1983-05","2.24","8.51"
"KE000063661","KITALE, KE","1.016","35.0","1875.0","1983-07","1.06","4.58"
"KE000063661","KITALE, KE","1.016","35.0","1875.0","1983-08","0.94","5.50"
"KE000063661","KITALE, KE","1.016","35.0","1875.0","1983-10","1.77","6.46"
"KE000063661","KITALE, KE","1.016","35.0","1875.0","1983-11","1.18","5.23"
"KE000063661","KITALE, KE","1.016","35.0","1875.0","1983-12","0.39","1.47"
"KE000063661","KITALE, KE","1.016","35.0","1875.0","1984-02",,
"KE000063661","KITALE, KE","1.016","35.0","1875.0","1984-03",,
"KE000063661","KITALE, KE","1.016","35.0","1875.0","1984-05","0.94","3.70"
"KE000063661","KITALE, KE","1.016","35.0","1875.0","1984-06",,
"KE000063661","KITALE, KE","1.016","35.0","1875.0","1984-07","1.61","4.81"
"KE000063661","KITALE, KE","1.016","35.0","1875.0","1984-08","1.65","3.63"
"KE000063661","KITALE, KE","1.016","35.0","1875.0","1984-09","0.87","3.47"
"KE000063661","KITALE, KE","1.016","35.0","1875.0","1984-10",,
"KE000063661","KITALE, KE","1.016","35.0","1875.0","1984-11",,
"KE000063661","KITALE, KE","1.016","35.0","1875.0","1984-12",,
"KE000063661","KITALE, KE","1.016","35.0","1875.0","1985-01",,
"KE000063661","KITALE, KE","1.016","35.0","1875.0","1985-03",,
"KE000063661","KITALE, KE","1.016","35.0","1875.0","1985-04","2.17","8.83"
"KE000063661","KITALE, KE","1.016","35.0","1875.0","1985-05","2.05","11.26"
"KE000063661","KITALE, KE","1.016","35.0","1875.0","1985-06","0.75","2.39"
"KE000063661","KITALE, KE","1.016","35.0","1875.0","1985-07","0.75","3.11"
"KE000063661","KITALE, KE","1.016","35.0","1875.0","1985-09","0.59","2.75"
"KE000063661","KITALE, KE","1.016","35.0","1875.0","1985-10",,
"KE000063661","KITALE, KE","1.016","35.0","1875.0","1986-02",,
"KE000063661","KITALE, KE","1.016","35.0","1875.0","1986-03",,
"KE000063661","KITALE, KE","1.016","35.0","1875.0","1986-04","2.17","8.98"
"KE000063661","KITALE, KE","1.016","35.0","1875.0","1986-05","0.51","2.89"
"KE000063661","KITALE, KE","1.016","35.0","1875.0","1986-06","0.55","2.77"
"KE000063661","KITALE, KE","1.016","35.0","1875.0","1986-07",,
"KE000063661","KITALE, KE","1.016","35.0","1875.0","1986-08",,
"KE000063661","KITALE, KE","1.016","35.0","1875.0","1986-09","0.63","1.93"
"KE000063661","KITALE, KE","1.016","35.0","1875.0","1986-10",,
"KE000063661","KITALE, KE","1.016","35.0","1875.0","1986-11","0.24","1.13"
"KE000063661","KITALE, KE","1.016","35.0","1875.0","1986-12",,
"KE000063661","KITALE, KE","1.016","35.0","1875.0","1987-01",,
"KE000063661","KITALE, KE","1.016","35.0","1875.0","1987-05","1.77","9.97"
"KE000063661","KITALE, KE","1.016","35.0","1875.0","1987-06","0.63","2.70"
"KE000063661","KITALE, KE","1.016","35.0","1875.0","1987-07",,
"KE000063661","KITALE, KE","1.016","35.0","1875.0","1987-09",,
"KE000063661","KITALE, KE","1.016","35.0","1875.0","1987-10","1.06","2.59"
"KE000063661","KITALE, KE","1.016","35.0","1875.0","1987-12",,
"KE000063661","KITALE, KE","1.016","35.0","1875.0","1988-01",,
"KE000063661","KITALE, KE","1.016","35.0","1875.0","1988-02","0.63","1.66"
"KE000063661","KITALE, KE","1.016","35.0","1875.0","1988-03",,
"KE000063661","KITALE, KE","1.016","35.0","1875.0","1988-04","1.06","7.76"
"KE000063661","KITALE, KE","1.016","35.0","1875.0","1988-05","0.91","4.77"
"KE000063661","KITALE, KE","1.016","35.0","1875.0","1988-08","1.14","6.12"
"KE000063661","KITALE, KE","1.016","35.0","1875.0","1988-09","1.18","6.68"
"KE000063661","KITALE, KE","1.016","35.0","1875.0","1988-10",,
"KE000063661","KITALE, KE","1.016","35.0","1875.0","1988-11",,
"KE000063661","KITALE, KE","1.016","35.0","1875.0","1988-12",,
"KE000063661","KITALE, KE","1.016","35.0","1875.0","1989-01",,
"KE000063661","KITALE, KE","1.016","35.0","1875.0","1989-02",,
"KE000063661","KITALE, KE","1.016","35.0","1875.0","1989-03","0.91","5.72"
"KE000063661","KITALE, KE","1.016","35.0","1875.0","1989-04","2.52","7.30"
"KE000063661","KITALE, KE","1.016","35.0","1875.0","1989-05","2.09","8.02"
"KE000063661","KITALE, KE","1.016","35.0","1875.0","1989-06",,
"KE000063661","KITALE, KE","1.016","35.0","1875.0","1989-07","0.94","5.66"
"KE000063661","KITALE, KE","1.016","35.0","1875.0","1989-09","0.63","3.70"
"KE000063661","KITALE, KE","1.016","35.0","1875.0","1989-10",,
"KE000063661","KITALE, KE","1.016","35.0","1875.0","1989-11","1.02","3.49"
"KE000063661","KITALE, KE","1.016","35.0","1875.0","1989-12",,
"KE000063661","KITALE, KE","1.016","35.0","1875.0","1990-01",,
"KE000063661","KITALE, KE","1.016","35.0","1875.0","1990-02",,
"KE000063661","KITALE, KE","1.016","35.0","1875.0","1990-07","0.87","2.61"
"KE000063661","KITALE, KE","1.016","35.0","1875.0","1990-08",,
"KE000063661","KITALE, KE","1.016","35.0","1875.0","1990-09","0.87","3.48"
"KE000063661","KITALE, KE","1.016","35.0","1875.0","1990-10","0.55","1.73"
"KE000063661","KITALE, KE","1.016","35.0","1875.0","1990-11",,
"KE000063661","KITALE, KE","1.016","35.0","1875.0","1990-12",,
"KE000063661","KITALE, KE","1.016","35.0","1875.0","1991-01",,
"KE000063661","KITALE, KE","1.016","35.0","1875.0","1991-04","1.65","4.97"
"KE000063661","KITALE, KE","1.016","35.0","1875.0","1991-05","0.79","3.94"
"KE000063661","KITALE, KE","1.016","35.0","1875.0","1991-06","1.42","3.81"
"KE000063661","KITALE, KE","1.016","35.0","1875.0","1991-07","1.54","7.74"
"KE000063661","KITALE, KE","1.016","35.0","1875.0","1991-08","1.06","7.49"
"KE000063661","KITALE, KE","1.016","35.0","1875.0","1991-10",,
"KE000063661","KITALE, KE","1.016","35.0","1875.0","1991-11",,
"KE000063661","KITALE, KE","1.016","35.0","1875.0","1992-01",,
"KE000063661","KITALE, KE","1.016","35.0","1875.0","1992-02",,
"KE000063661","KITALE, KE","1.016","35.0","1875.0","1992-04",,
"KE000063661","KITALE, KE","1.016","35.0","1875.0","1992-05","0.83","2.84"
"KE000063661","KITALE, KE","1.016","35.0","1875.0","1992-06","1.02","4.45"
"KE000063661","KITALE, KE","1.016","35.0","1875.0","1992-07","1.06","5.84"
"KE000063661","KITALE, KE","1.016","35.0","1875.0","1992-08","1.10","5.03"
"KE000063661","KITALE, KE","1.016","35.0","1875.0","1992-09","1.26","6.73"
"KE000063661","KITALE, KE","1.016","35.0","1875.0","1993-07","1.22","4.22"
"KE000063661","KITALE, KE","1.016","35.0","1875.0","1993-08","0.67","4.41"
"KE000063661","KITALE, KE","1.016","35.0","1875.0","1993-09",,
"KE000063661","KITALE, KE","1.016","35.0","1875.0","1993-11",,
"KE000063661","KITALE, KE","1.016","35.0","1875.0","1993-12",,
"KE000063661","KITALE, KE","1.016","35.0","1875.0","1994-01",,
"KE000063661","KITALE, KE","1.016","35.0","1875.0","1994-02",,
"KE000063661","KITALE, KE","1.016","35.0","1875.0","1994-03",,
"KE000063661","KITALE, KE","1.016","35.0","1875.0","1994-04","1.65","6.69"
"KE000063661","KITALE, KE","1.016","35.0","1875.0","1994-05","0.98","7.04"
"KE000063661","KITALE, KE","1.016","35.0","1875.0","1994-06","1.61","5.21"
"KE000063661","KITALE, KE","1.016","35.0","1875.0","1994-07","1.38","6.68"
"KE000063661","KITALE, KE","1.016","35.0","1875.0","1994-08","4.06","11.92"
"KE000063661","KITALE, KE","1.016","35.0","1875.0","1994-10",,
"KE000063661","KITALE, KE","1.016","35.0","1875.0","1994-11","1.81","7.05"
"KE000063661","KITALE, KE","1.016","35.0","1875.0","1995-02",,
"KE000063661","KITALE, KE","1.016","35.0","1875.0","1995-03","1.54","4.89"
"KE000063661","KITALE, KE","1.016","35.0","1875.0","1995-04","0.87","4.28"
"KE000063661","KITALE, KE","1.016","35.0","1875.0","1995-05","1.54","5.03"
"KE000063661","KITALE, KE","1.016","35.0","1875.0","1995-06","3.54","8.09"
"KE000063661","KITALE, KE","1.016","35.0","1875.0","1995-07",,
"KE000063661","KITALE, KE","1.016","35.0","1875.0","1995-08","1.06","3.68"
"KE000063661","KITALE, KE","1.016","35.0","1875.0","1995-09",,
"KE000063661","KITALE, KE","1.016","35.0","1875.0","1995-10","0.83","4.39"
"KE000063661","KITALE, KE","1.016","35.0","1875.0","1995-11",,
"KE000063661","KITALE, KE","1.016","35.0","1875.0","1995-12",,
"KE000063661","KITALE, KE","1.016","35.0","1875.0","1996-01",,
"KE000063661","KITALE, KE","1.016","35.0","1875.0","1996-03",,
"KE000063661","KITALE, KE","1.016","35.0","1875.0","1996-04",,
"KE000063661","KITALE, KE","1.016","35.0","1875.0","1996-05",,
"KE000063661","KITALE, KE","1.016","35.0","1875.0","1996-07","0.83","3.00"
"KE000063661","KITALE, KE","1.016","35.0","1875.0","1996-08","1.54","6.12"
"KE000063661","KITALE, KE","1.016","35.0","1875.0","1996-09","0.91","4.33"
"KE000063661","KITALE, KE","1.016","35.0","1875.0","1996-10",,
"KE000063661","KITALE, KE","1.016","35.0","1875.0","1997-01",,
"KE000063661","KITALE, KE","1.016","35.0","1875.0","1997-02",,
"KE000063661","KITALE, KE","1.016","35.0","1875.0","1997-05","0.87","4.05"
"KE000063661","KITALE, KE","1.016","35.0","1875.0","1997-06","1.54","4.50"
"KE000063661","KITALE, KE","1.016","35.0","1875.0","1997-10",,
"KE000063661","KITALE, KE","1.016","35.0","1875.0","1997-11","0.75","4.28"
"KE000063661","KITALE, KE","1.016","35.0","1875.0","1997-12","0.79","3.06"
"KE000063661","KITALE, KE","1.016","35.0","1875.0","1998-04",,
"KE000063661","KITALE, KE","1.016","35.0","1875.0","1998-11",,
"KE000063661","KITALE, KE","1.016","35.0","1875.0","1998-12",,
"KE000063661","KITALE, KE","1.016","35.0","1875.0","1999-01",,
"KE000063661","KITALE, KE","1.016","35.0","1875.0","1999-02",,
"KE000063661","KITALE, KE","1.016","35.0","1875.0","1999-03",,
"KE000063661","KITALE, KE","1.016","35.0","1875.0","1999-04",,
"KE000063661","KITALE, KE","1.016","35.0","1875.0","1999-05",,
"KE000063661","KITALE, KE","1.016","35.0","1875.0","1999-09",,
"KE000063661","KITALE, KE","1.016","35.0","1875.0","1999-11",,
"KE000063661","KITALE, KE","1.016","35.0","1875.0","2000-01",,
"KE000063661","KITALE, KE","1.016","35.0","1875.0","2000-02",,
"KE000063661","KITALE, KE","1.016","35.0","1875.0","2000-03",,
"KE000063661","KITALE, KE","1.016","35.0","1875.0","2000-04",,
"KE000063661","KITALE, KE","1.016","35.0","1875.0","2000-05","0.87","6.41"
"KE000063661","KITALE, KE","1.016","35.0","1875.0","2000-06",,
"KE000063661","KITALE, KE","1.016","35.0","1875.0","2000-08",,
"KE000063661","KITALE, KE","1.016","35.0","1875.0","2000-12",,
"KE000063661","KITALE, KE","1.016","35.0","1875.0","2001-02",,
"KE000063661","KITALE, KE","1.016","35.0","1875.0","2001-06","1.85","7.51"
"KE000063661","KITALE, KE","1.016","35.0","1875.0","2001-07","1.54","5.30"
"KE000063661","KITALE, KE","1.016","35.0","1875.0","2001-08",,
"KE000063661","KITALE, KE","1.016","35.0","1875.0","2001-09",,
"KE000063661","KITALE, KE","1.016","35.0","1875.0","2001-10",,
"KE000063661","KITALE, KE","1.016","35.0","1875.0","2001-11",,
"KE000063661","KITALE, KE","1.016","35.0","1875.0","2001-12",,
"KE000063661","KITALE, KE","1.016","35.0","1875.0","2002-01",,
"KE000063661","KITALE, KE","1.016","35.0","1875.0","2002-02",,
"KE000063661","KITALE, KE","1.016","35.0","1875.0","2002-05",,
"KE000063661","KITALE, KE","1.016","35.0","1875.0","2002-06","0.59","2.94"
"KE000063661","KITALE, KE","1.016","35.0","1875.0","2002-07",,
"KE000063661","KITALE, KE","1.016","35.0","1875.0","2002-08","1.54","5.59"
"KE000063661","KITALE, KE","1.016","35.0","1875.0","2002-09",,
"KE000063661","KITALE, KE","1.016","35.0","1875.0","2002-10","1.73","5.61"
"KE000063661","KITALE, KE","1.016","35.0","1875.0","2002-11",,
"KE000063661","KITALE, KE","1.016","35.0","1875.0","2002-12",,
"KE000063661","KITALE, KE","1.016","35.0","1875.0","2003-03","0.67","2.97"
"KE000063661","KITALE, KE","1.016","35.0","1875.0","2003-06","0.83","5.36"
"KE000063661","KITALE, KE","1.016","35.0","1875.0","2003-07","1.22","5.27"
"KE000063661","KITALE, KE","1.016","35.0","1875.0","2003-08","1.18","6.70"
"KE000063661","KITALE, KE","1.016","35.0","1875.0","2003-09",,
"KE000063661","KITALE, KE","1.016","35.0","1875.0","2003-10","0.31","1.02"
"KE000063661","KITALE, KE","1.016","35.0","1875.0","2003-11","0.31","1.87"
"KE000063661","KITALE, KE","1.016","35.0","1875.0","2003-12","1.46","1.90"
"KE000063661","KITALE, KE","1.016","35.0","1875.0","2004-01",,
"KE000063661","KITALE, KE","1.016","35.0","1875.0","2004-02",,
"KE000063661","KITALE, KE","1.016","35.0","1875.0","2004-03",,
"KE000063661","KITALE, KE","1.016","35.0","1875.0","2004-05",,
"KE000063661","KITALE, KE","1.016","35.0","1875.0","2004-08",,
"KE000063661","KITALE, KE","1.016","35.0","1875.0","2004-09",,
"KE000063661","KITALE, KE","1.016","35.0","1875.0","2004-11","1.89","5.37"
"KE000063661","KITALE, KE","1.016","35.0","1875.0","2004-12",,
"KE000063661","KITALE, KE","1.016","35.0","1875.0","2005-04",,
"KE000063661","KITALE, KE","1.016","35.0","1875.0","2005-05","9.10","14.09"
"KE000063661","KITALE, KE","1.016","35.0","1875.0","2005-06","1.50","4.03"
"KE000063661","KITALE, KE","1.016","35.0","1875.0","2005-10",,
"KE000063661","KITALE, KE","1.016","35.0","1875.0","2006-09",,
"KE000063661","KITALE, KE","1.016","35.0","1875.0","2006-11","1.18","6.48"
"KE000063661","KITALE, KE","1.016","35.0","1875.0","2007-02",,
"KE000063661","KITALE, KE","1.016","35.0","1875.0","2007-04",,
"KE000063661","KITALE, KE","1.016","35.0","1875.0","2007-05",,
"KE000063661","KITALE, KE","1.016","35.0","1875.0","2007-11",,
"KE000063661","KITALE, KE","1.016","35.0","1875.0","2009-06",,
"KE000063661","KITALE, KE","1.016","35.0","1875.0","2010-09",,
"KE000063661","KITALE, KE","1.016","35.0","1875.0","2010-11",,
"KE000063661","KITALE, KE","1.016","35.0","1875.0","2010-12",,
"KE000063661","KITALE, KE","1.016","35.0","1875.0","2011-02",,
"KE000063661","KITALE, KE","1.016","35.0","1875.0","2011-04",,
"KE000063661","KITALE, KE","1.016","35.0","1875.0","2011-06",,
"KE000063661","KITALE, KE","1.016","35.0","1875.0","2011-07",,
"KE000063661","KITALE, KE","1.016","35.0","1875.0","2011-08","1.57","8.85"
"KE000063661","KITALE, KE","1.016","35.0","1875.0","2011-09","1.77","5.69"
"KE000063661","KITALE, KE","1.016","35.0","1875.0","2011-10",,
"KE000063661","KITALE, KE","1.016","35.0","1875.0","2011-11","2.76","9.85"
"KE000063661","KITALE, KE","1.016","35.0","1875.0","2012-01",,
"KE000063661","KITALE, KE","1.016","35.0","1875.0","2012-02",,
"KE000063661","KITALE, KE","1.016","35.0","1875.0","2012-03",,
"KE000063661","KITALE, KE","1.016","35.0","1875.0","2012-04","1.93","9.66"
"KE000063661","KITALE, KE","1.016","35.0","1875.0","2012-05","0.87","8.15"
"KE000063661","KITALE, KE","1.016","35.0","1875.0","2012-06","0.71","3.62"
"KE000063661","KITALE, KE","1.016","35.0","1875.0","2012-08",,
"KE000063661","KITALE, KE","1.016","35.0","1875.0","2012-09","2.48","9.87"
"KE000063661","KITALE, KE","1.016","35.0","1875.0","2012-10","1.85","5.77"
"KE000063661","KITALE, KE","1.016","35.0","1875.0","2012-11",,
"KE000063661","KITALE, KE","1.016","35.0","1875.0","2013-01",,
"KE000063661","KITALE, KE","1.016","35.0","1875.0","2013-02",,
"KE000063661","KITALE, KE","1.016","35.0","1875.0","2013-04","1.54","8.13"
"KE000063661","KITALE, KE","1.016","35.0","1875.0","2013-05",,
"KE000063661","KITALE, KE","1.016","35.0","1875.0","2013-07",,
"KE000063661","KITALE, KE","1.016","35.0","1875.0","2013-08","1.85","6.85"
"KE000063661","KITALE, KE","1.016","35.0","1875.0","2013-09",,
"KE000063661","KITALE, KE","1.016","35.0","1875.0","2013-11",,
"KE000063661","KITALE, KE","1.016","35.0","1875.0","2013-12",,
"KE000063661","KITALE, KE","1.016","35.0","1875.0","2014-01",,
"KE000063661","KITALE, KE","1.016","35.0","1875.0","2014-02",,
"KE000063661","KITALE, KE","1.016","35.0","1875.0","2014-03",,
"KE000063661","KITALE, KE","1.016","35.0","1875.0","2014-04",,
"KE000063661","KITALE, KE","1.016","35.0","1875.0","2014-05","0.91","5.31"
"KE000063661","KITALE, KE","1.016","35.0","1875.0","2014-06","1.50","5.27"
"KE000063661","KITALE, KE","1.016","35.0","1875.0","2014-07","1.65","5.41"
"KE000063661","KITALE, KE","1.016","35.0","1875.0","2014-08","0.94","7.35"
"KE000063661","KITALE, KE","1.016","35.0","1875.0","2014-09","0.71","2.71"
"KE000063661","KITALE, KE","1.016","35.0","1875.0","2014-11",,
"KE000063661","KITALE, KE","1.016","35.0","1875.0","2015-02",,
"KE000063661","KITALE, KE","1.016","35.0","1875.0","2015-03",,
"KE000063661","KITALE, KE","1.016","35.0","1875.0","2015-04","1.97","6.84"
"KE000063661","KITALE, KE","1.016","35.0","1875.0","2015-05","2.17","10.40"
"KE000063661","KITALE, KE","1.016","35.0","1875.0","2015-07",,
"KE000063661","KITALE, KE","1.016","35.0","1875.0","2015-08",,
"KE000063661","KITALE, KE","1.016","35.0","1875.0","2015-10",,
"KE000063661","KITALE, KE","1.016","35.0","1875.0","2015-11","0.75","5.19"
"KE000063661","KITALE, KE","1.016","35.0","1875.0","2015-12",,
"KE000063661","KITALE, KE","1.016","35.0","1875.0","2016-02",,
"KE000063661","KITALE, KE","1.016","35.0","1875.0","2016-03",,
"KE000063661","KITALE, KE","1.016","35.0","1875.0","2016-05",,
"KE000063661","KITALE, KE","1.016","35.0","1875.0","2016-06",,
"KE000063661","KITALE, KE","1.016","35.0","1875.0","2016-09",,
"KE000063661","KITALE, KE","1.016","35.0","1875.0","2016-10",,
"KE000063661","KITALE, KE","1.016","35.0","1875.0","2016-12",,
"KE000063661","KITALE, KE","1.016","35.0","1875.0","2017-01",,
"KE000063661","KITALE, KE","1.016","35.0","1875.0","2017-03",,
"KE000063661","KITALE, KE","1.016","35.0","1875.0","2017-04",,
"KE000063661","KITALE, KE","1.016","35.0","1875.0","2017-05","1.34","8.17"
"KE000063661","KITALE, KE","1.016","35.0","1875.0","2017-06",,
"KE000063661","KITALE, KE","1.016","35.0","1875.0","2017-07",,
"KE000063661","KITALE, KE","1.016","35.0","1875.0","2017-08","1.42","7.22"
"KE000063661","KITALE, KE","1.016","35.0","1875.0","2017-09",,
"KE000063661","KITALE, KE","1.016","35.0","1875.0","2017-10",,
"KE000063661","KITALE, KE","1.016","35.0","1875.0","2017-11",,
"KE000063661","KITALE, KE","1.016","35.0","1875.0","2017-12",,
"KE000063661","KITALE, KE","1.016","35.0","1875.0","2018-01",,
"KE000063661","KITALE, KE","1.016","35.0","1875.0","2018-02",,
"KE000063661","KITALE, KE","1.016","35.0","1875.0","2018-03",,
"KE000063661","KITALE, KE","1.016","35.0","1875.0","2018-04","2.44","12.53"
"KE000063661","KITALE, KE","1.016","35.0","1875.0","2018-05",,
"KE000063661","KITALE, KE","1.016","35.0","1875.0","2018-06",,
"KE000063661","KITALE, KE","1.016","35.0","1875.0","2018-07","1.10","4.98"
"KE000063661","KITALE, KE","1.016","35.0","1875.0","2018-10",,
"KE000063661","KITALE, KE","1.016","35.0","1875.0","2018-11",,
"KE000063661","KITALE, KE","1.016","35.0","1875.0","2019-01",,
"KE000063661","KITALE, KE","1.016","35.0","1875.0","2019-02",,
"KE000063661","KITALE, KE","1.016","35.0","1875.0","2019-04",,
"KE000063661","KITALE, KE","1.016","35.0","1875.0","2019-05",,
"KE000063661","KITALE, KE","1.016","35.0","1875.0","2019-06","1.57","7.41"
"KE000063661","KITALE, KE","1.016","35.0","1875.0","2019-07",,
"KE000063661","KITALE, KE","1.016","35.0","1875.0","2019-08","2.24","7.54"
"KE000063661","KITALE, KE","1.016","35.0","1875.0","2019-09","0.71","5.99"
"KE000063661","KITALE, KE","1.016","35.0","1875.0","2019-10","1.10","7.53"
"KE000063661","KITALE, KE","1.016","35.0","1875.0","2019-11",,
"KE000063661","KITALE, KE","1.016","35.0","1875.0","2019-12",,
"KE000063661","KITALE, KE","1.016","35.0","1875.0","2020-01",,
"KE000063661","KITALE, KE","1.016","35.0","1875.0","2020-02",,
"KE000063661","KITALE, KE","1.016","35.0","1875.0","2020-03",,
"KE000063661","KITALE, KE","1.016","35.0","1875.0","2020-04",,
"KE000063661","KITALE, KE","1.016","35.0","1875.0","2020-05",,
"KE000063661","KITALE, KE","1.016","35.0","1875.0","2020-07",,
"KE000063661","KITALE, KE","1.016","35.0","1875.0","2020-08",,
"KE000063661","KITALE, KE","1.016","35.0","1875.0","2020-09",,
"KE000063661","KITALE, KE","1.016","35.0","1875.0","2020-10",,
"KE000063661","KITALE, KE","1.016","35.0","1875.0","2020-11",,
"KE000063661","KITALE, KE","1.016","35.0","1875.0","2020-12",,
"KE000063661","KITALE, KE","1.016","35.0","1875.0","2021-03",,
"KE000063661","KITALE, KE","1.016","35.0","1875.0","2021-04",,
"KE000063661","KITALE, KE","1.016","35.0","1875.0","2021-05",,
"KE000063661","KITALE, KE","1.016","35.0","1875.0","2021-06",,
"KE000063661","KITALE, KE","1.016","35.0","1875.0","2021-07",,
"KE000063661","KITALE, KE","1.016","35.0","1875.0","2021-08","0.71","3.94"
"KE000063661","KITALE, KE","1.016","35.0","1875.0","2021-09","0.91","4.43"
"KE000063661","KITALE, KE","1.016","35.0","1875.0","2021-10",,
"KE000063661","KITALE, KE","1.016","35.0","1875.0","2021-11",,
"KE000063661","KITALE, KE","1.016","35.0","1875.0","2021-12",,
"KE000063661","KITALE, KE","1.016","35.0","1875.0","2022-01",,
"KE000063661","KITALE, KE","1.016","35.0","1875.0","2022-02",,
"KE000063661","KITALE, KE","1.016","35.0","1875.0","2022-05",,
"KE000063661","KITALE, KE","1.016","35.0","1875.0","2022-06",,
"KE000063661","KITALE, KE","1.016","35.0","1875.0","2022-09",,
"KE000063661","KITALE, KE","1.016","35.0","1875.0","2023-01",,
"KE000063661","KITALE, KE","1.016","35.0","1875.0","2023-02",,
"KE000063661","KITALE, KE","1.016","35.0","1875.0","2023-05",,
"KE000063661","KITALE, KE","1.016","35.0","1875.0","2023-07",,
"KE000063661","KITALE, KE","1.016","35.0","1875.0","2024-01",,
"KE000063661","KITALE, KE","1.016","35.0","1875.0","2024-02",,
"KE000063619","MOYALE, KE","3.533","39.033","1097.0","1970-01","1.57","6.94"
"KE000063619","MOYALE, KE","3.533","39.033","1097.0","1970-02","0.87","0.87"
"KE000063619","MOYALE, KE","3.533","39.033","1097.0","1970-03","0.93","4.66"
"KE000063619","MOYALE, KE","3.533","39.033","1097.0","1970-04","1.67","7.35"
"KE000063619","MOYALE, KE","3.533","39.033","1097.0","1970-05","1.03","4.80"
"KE000063619","MOYALE, KE","3.533","39.033","1097.0","1970-06","0.12","0.27"
"KE000063619","MOYALE, KE","3.533","39.033","1097.0","1970-07","0.31","1.26"
"KE000063619","MOYALE, KE","3.533","39.033","1097.0","1970-08","0.42","0.59"
"KE000063619","MOYALE, KE","3.533","39.033","1097.0","1970-09","0.15","0.35"
"KE000063619","MOYALE, KE","3.533","39.033","1097.0","1970-10","1.46","4.33"
"KE000063619","MOYALE, KE","3.533","39.033","1097.0","1970-11","0.23","0.75"
"KE000063619","MOYALE, KE","3.533","39.033","1097.0","1970-12","0.00","0.00"
"KE000063619","MOYALE, KE","3.533","39.033","1097.0","1971-01","0.00","0.00"
"KE000063619","MOYALE, KE","3.533","39.033","1097.0","1971-02","0.68","0.70"
"KE000063619","MOYALE, KE","3.533","39.033","1097.0","1971-03","1.43","1.50"
"KE000063619","MOYALE, KE","3.533","39.033","1097.0","1971-04","1.00","4.57"
"KE000063619","MOYALE, KE","3.533","39.033","1097.0","1971-05","0.91","4.86"
"KE000063619","MOYALE, KE","3.533","39.033","1097.0","1971-06","0.39","1.38"
"KE000063619","MOYALE, KE","3.533","39.033","1097.0","1971-07","0.22","0.80"
"KE000063619","MOYALE, KE","3.533","39.033","1097.0","1971-08","0.10","0.20"
"KE000063619","MOYALE, KE","3.533","39.033","1097.0","1971-09","0.44","0.85"
"KE000063619","MOYALE, KE","3.533","39.033","1097.0","1971-10","2.70","9.17"
"KE000063619","MOYALE, KE","3.533","39.033","1097.0","1971-11","1.06","1.69"
"KE000063619","MOYALE, KE","3.533","39.033","1097.0","1971-12","0.61","1.13"
"KE000063619","MOYALE, KE","3.533","39.033","1097.0","1972-01","0.00","0.00"
"KE000063619","MOYALE, KE","3.533","39.033","1097.0","1972-02","0.55","1.53"
"KE000063619","MOYALE, KE","3.533","39.033","1097.0","1972-03","0.14","0.14"
"KE000063619","MOYALE, KE","3.533","39.033","1097.0","1972-04","0.95","3.32"
"KE000063619","MOYALE, KE","3.533","39.033","1097.0","1972-05","1.50","7.58"
"KE000063619","MOYALE, KE","3.533","39.033","1097.0","1972-06","0.13","0.53"
"KE000063619","MOYALE, KE","3.533","39.033","1097.0","1972-07","0.22","0.31"
"KE000063619","MOYALE, KE","3.533","39.033","1097.0","1972-08","0.23","0.59"
"KE000063619","MOYALE, KE","3.533","39.033","1097.0","1972-09","1.01","1.65"
"KE000063619","MOYALE, KE","3.533","39.033","1097.0","1972-10","1.38","6.24"
"KE000063619","MOYALE, KE","3.533","39.033","1097.0","1972-11","1.56","5.75"
"KE000063619","MOYALE, KE","3.533","39.033","1097.0","1972-12","0.80","1.34"
"KE000063619","MOYALE, KE","3.533","39.033","1097.0","1973-01","0.00","0.00"
"KE000063619","MOYALE, KE","3.533","39.033","1097.0","1973-02","0.08","0.20"
"KE000063619","MOYALE, KE","3.533","39.033","1097.0","1973-03","0.00","0.00"
"KE000063619","MOYALE, KE","3.533","39.033","1097.0","1973-04","0.63","2.12"
"KE000063619","MOYALE, KE","3.533","39.033","1097.0","1973-05","0.77","2.86"
"KE000063619","MOYALE, KE","3.533","39.033","1097.0","1973-06","0.54","1.06"
"KE000063619","MOYALE, KE","3.533","39.033","1097.0","1973-07","0.09","0.18"
"KE000063619","MOYALE, KE","3.533","39.033","1097.0","1973-08","0.19","0.52"
"KE000063619","MOYALE, KE","3.533","39.033","1097.0","1973-09","0.30","0.38"
"KE000063619","MOYALE, KE","3.533","39.033","1097.0","1973-10","1.46","4.08"
"KE000063619","MOYALE, KE","3.533","39.033","1097.0","1973-11","1.54","2.36"
"KE000063619","MOYALE, KE","3.533","39.033","1097.0","1973-12","0.19","0.19"
"KE000063619","MOYALE, KE","3.533","39.033","1097.0","1974-01","0.21","0.44"
"KE000063619","MOYALE, KE","3.533","39.033","1097.0","1974-02","0.00","0.00"
"KE000063619","MOYALE, KE","3.533","39.033","1097.0","1974-03","1.62","5.75"
"KE000063619","MOYALE, KE","3.533","39.033","1097.0","1974-04","1.12","5.36"
"KE000063619","MOYALE, KE","3.533","39.033","1097.0","1974-05","1.53","5.35"
"KE000063619","MOYALE, KE","3.533","39.033","1097.0","1974-06","0.32","1.01"
"KE000063619","MOYALE, KE","3.533","39.033","1097.0","1974-07","0.10","0.27"
"KE000063619","MOYALE, KE","3.533","39.033","1097.0","1974-08","0.01","0.02"
"KE000063619","MOYALE, KE","3.533","39.033","1097.0","1974-09","0.09","0.09"
"KE000063619","MOYALE, KE","3.533","39.033","1097.0","1974-10","0.61","1.41"
"KE000063619","MOYALE, KE","3.533","39.033","1097.0","1974-11","0.35","1.08"
"KE000063619","MOYALE, KE","3.533","39.033","1097.0","1974-12","0.32","0.52"
"KE000063619","MOYALE, KE","3.533","39.033","1097.0","1975-01","0.98","1.55"
"KE000063619","MOYALE, KE","3.533","39.033","1097.0","1975-02","0.00","0.00"
"KE000063619","MOYALE, KE","3.533","39.033","1097.0","1975-03","0.35","0.62"
"KE000063619","MOYALE, KE","3.533","39.033","1097.0","1975-04","1.63","5.93"
"KE000063619","MOYALE, KE","3.533","39.033","1097.0","1975-05","1.86","6.30"
"KE000063619","MOYALE, KE","3.533","39.033","1097.0","1975-06","0.13","0.48"
"KE000063619","MOYALE, KE","3.533","39.033","1097.0","1975-07","0.29","1.46"
"KE000063619","MOYALE, KE","3.533","39.033","1097.0","1975-08","0.07","0.21"
"KE000063619","MOYALE, KE","3.533","39.033","1097.0","1975-09","0.84","1.15"
"KE000063619","MOYALE, KE","3.533","39.033","1097.0","1975-10","0.16","0.43"
"KE000063619","MOYALE, KE","3.533","39.033","1097.0","1975-11","0.21","1.15"
"KE000063619","MOYALE, KE","3.533","39.033","1097.0","1975-12","0.09","0.13"
"KE000063619","MOYALE, KE","3.533","39.033","1097.0","1976-01","0.15","0.15"
"KE000063619","MOYALE, KE","3.533","39.033","1097.0","1976-02","0.28","0.59"
"KE000063619","MOYALE, KE","3.533","39.033","1097.0","1976-03","0.56","0.77"
"KE000063619","MOYALE, KE","3.533","39.033","1097.0","1976-04","1.17","4.40"
"KE000063619","MOYALE, KE","3.533","39.033","1097.0","1976-05","3.16","6.43"
"KE000063619","MOYALE, KE","3.533","39.033","1097.0","1976-06","0.16","0.22"
"KE000063619","MOYALE, KE","3.533","39.033","1097.0","1976-07","0.08","0.21"
"KE000063619","MOYALE, KE","3.533","39.033","1097.0","1976-08","0.24","0.25"
"KE000063619","MOYALE, KE","3.533","39.033","1097.0","1976-09","1.25","1.91"
"KE000063619","MOYALE, KE","3.533","39.033","1097.0","1976-10","1.89","4.77"
"KE000063619","MOYALE, KE","3.533","39.033","1097.0","1976-11","0.80","3.05"
"KE000063619","MOYALE, KE","3.533","39.033","1097.0","1976-12","0.28","0.67"
"KE000063619","MOYALE, KE","3.533","39.033","1097.0","1977-01","0.66","1.68"
"KE000063619","MOYALE, KE","3.533","39.033","1097.0","1977-02","0.01","0.01"
"KE000063619","MOYALE, KE","3.533","39.033","1097.0","1977-03","0.70","1.15"
"KE000063619","MOYALE, KE","3.533","39.033","1097.0","1977-04","2.39","14.27"
"KE000063619","MOYALE, KE","3.533","39.033","1097.0","1977-05","1.50","4.62"
"KE000063619","MOYALE, KE","3.533","39.033","1097.0","1977-06","0.20","0.44"
"KE000063619","MOYALE, KE","3.533","39.033","1097.0","1977-07","0.07","0.14"
"KE000063619","MOYALE, KE","3.533","39.033","1097.0","1977-08","0.17","0.57"
"KE000063619","MOYALE, KE","3.533","39.033","1097.0","1977-09","0.09","0.24"
"KE000063619","MOYALE, KE","3.533","39.033","1097.0","1977-10","3.19","13.88"
"KE000063619","MOYALE, KE","3.533","39.033","1097.0","1977-11","1.92","5.13"
"KE000063619","MOYALE, KE","3.533","39.033","1097.0","1977-12","0.20","0.38"
"KE000063619","MOYALE, KE","3.533","39.033","1097.0","1978-01","0.09","0.15"
"KE000063619","MOYALE, KE","3.533","39.033","1097.0","1978-02","1.23","2.65"
"KE000063619","MOYALE, KE","3.533","39.033","1097.0","1978-03","0.47","2.35"
"KE000063619","MOYALE, KE","3.533","39.033","1097.0","1978-04","1.24","5.67"
"KE000063619","MOYALE, KE","3.533","39.033","1097.0","1978-05","3.82","5.63"
"KE000063619","MOYALE, KE","3.533","39.033","1097.0","1978-06","0.10","0.17"
"KE000063619","MOYALE, KE","3.533","39.033","1097.0","1978-07","0.27","0.44"
"KE000063619","MOYALE, KE","3.533","39.033","1097.0","1978-08","0.09","0.26"
"KE000063619","MOYALE, KE","3.533","39.033","1097.0","1978-09","0.40","0.60"
"KE000063619","MOYALE, KE","3.533","39.033","1097.0","1978-10","1.81","8.64"
"KE000063619","MOYALE, KE","3.533","39.033","1097.0","1978-11","0.50","2.61"
"KE000063619","MOYALE, KE","3.533","39.033","1097.0","1978-12","0.25","0.35"
"KE000063619","MOYALE, KE","3.533","39.033","1097.0","1979-01","0.90","3.53"
"KE000063619","MOYALE, KE","3.533","39.033","1097.0","1979-02","0.82","1.07"
"KE000063619","MOYALE, KE","3.533","39.033","1097.0","1979-03","0.69","1.47"
"KE000063619","MOYALE, KE","3.533","39.033","1097.0","1979-04","1.21","3.39"
"KE000063619","MOYALE, KE","3.533","39.033","1097.0","1979-05","1.69","5.64"
"KE000063619","MOYALE, KE","3.533","39.033","1097.0","1979-06","0.09","0.30"
"KE000063619","MOYALE, KE","3.533","39.033","1097.0","1979-07","1.71","2.39"
"KE000063619","MOYALE, KE","3.533","39.033","1097.0","1979-08","0.24","0.59"
"KE000063619","MOYALE, KE","3.533","39.033","1097.0","1979-09","0.08","0.28"
"KE000063619","MOYALE, KE","3.533","39.033","1097.0","1979-10","1.07","3.75"
"KE000063619","MOYALE, KE","3.533","39.033","1097.0","1979-11","0.87","3.33"
"KE000063619","MOYALE, KE","3.533","39.033","1097.0","1979-12","0.82","3.15"
"KE000063619","MOYALE, KE","3.533","39.033","1097.0","1980-01","0.04","0.05"
"KE000063619","MOYALE, KE","3.533","39.033","1097.0","1980-02","0.09","0.09"
"KE000063619","MOYALE, KE","3.533","39.033","1097.0","1980-03","0.88","1.41"
"KE000063619","MOYALE, KE","3.533","39.033","1097.0","1980-04","0.56","2.16"
"KE000063619","MOYALE, KE","3.533","39.033","1097.0","1980-05","1.42","8.03"
"KE000063619","MOYALE, KE","3.533","39.033","1097.0","1980-06","0.04","0.06"
"KE000063619","MOYALE, KE","3.533","39.033","1097.0","1980-07","0.13","0.48"
"KE000063619","MOYALE, KE","3.533","39.033","1097.0","1980-08","0.88","2.09"
"KE000063619","MOYALE, KE","3.533","39.033","1097.0","1980-09","0.71","1.03"
"KE000063619","MOYALE, KE","3.533","39.033","1097.0","1980-10","0.24","1.19"
"KE000063619","MOYALE, KE","3.533","39.033","1097.0","1980-11","0.79","3.71"
"KE000063619","MOYALE, KE","3.533","39.033","1097.0","1980-12","0.24","0.32"
"KE000063619","MOYALE, KE","3.533","39.033","1097.0","1981-01","0.00","0.00"
"KE000063619","MOYALE, KE","3.533","39.033","1097.0","1981-02","0.19","0.22"
"KE000063619","MOYALE, KE","3.533","39.033","1097.0","1981-03","1.99","7.18"
"KE000063619","MOYALE, KE","3.533","39.033","1097.0","1981-04","2.29","13.52"
"KE000063619","MOYALE, KE","3.533","39.033","1097.0","1981-05","1.37","2.56"
"KE000063619","MOYALE, KE","3.533","39.033","1097.0","1981-06","0.21","0.82"
"KE000063619","MOYALE, KE","3.533","39.033","1097.0","1981-07","0.09","0.27"
"KE000063619","MOYALE, KE","3.533","39.033","1097.0","1981-08","0.15","0.57"
"KE000063619","MOYALE, KE","3.533","39.033","1097.0","1981-09","0.34","0.47"
"KE000063619","MOYALE, KE","3.533","39.033","1097.0","1981-10","0.84","3.02"
"KE000063619","MOYALE, KE","3.533","39.033","1097.0","1981-11","0.70","3.08"
"KE000063619","MOYALE, KE","3.533","39.033","1097.0","1981-12","0.34","0.35"
"KE000063619","MOYALE, KE","3.533","39.033","1097.0","1982-01","0.04","0.08"
"KE000063619","MOYALE, KE","3.533","39.033","1097.0","1982-02","0.14","0.18"
"KE000063619","MOYALE, KE","3.533","39.033","1097.0","1982-03","0.54","0.89"
"KE000063619","MOYALE, KE","3.533","39.033","1097.0","1982-04","1.17","9.38"
"KE000063619","MOYALE, KE","3.533","39.033","1097.0","1982-05","5.26","18.51"
"KE000063619","MOYALE, KE","3.533","39.033","1097.0","1982-06","0.16","0.57"
"KE000063619","MOYALE, KE","3.533","39.033","1097.0","1982-07","0.44","0.54"
"KE000063619","MOYALE, KE","3.533","39.033","1097.0","1982-08","0.06","0.07"
"KE000063619","MOYALE, KE","3.533","39.033","1097.0","1982-09","1.93","4.65"
"KE000063619","MOYALE, KE","3.533","39.033","1097.0","1982-10","1.86","8.39"
"KE000063619","MOYALE, KE","3.533","39.033","1097.0","1982-11","1.15","2.98"
"KE000063619","MOYALE, KE","3.533","39.033","1097.0","1982-12","0.46","0.82"
"KE000063619","MOYALE, KE","3.533","39.033","1097.0","1983-01","0.85","0.93"
"KE000063619","MOYALE, KE","3.533","39.033","1097.0","1983-02","0.75","1.06"
"KE000063619","MOYALE, KE","3.533","39.033","1097.0","1983-03","0.09","0.09"
"KE000063619","MOYALE, KE","3.533","39.033","1097.0","1983-04","4.05","8.46"
"KE000063619","MOYALE, KE","3.533","39.033","1097.0","1983-05","2.09","7.01"
"KE000063619","MOYALE, KE","3.533","39.033","1097.0","1983-06","0.52","1.64"
"KE000063619","MOYALE, KE","3.533","39.033","1097.0","1983-07","0.15","0.81"
"KE000063619","MOYALE, KE","3.533","39.033","1097.0","1983-08","0.01","0.02"
"KE000063619","MOYALE, KE","3.533","39.033","1097.0","1983-09","0.39","0.68"
"KE000063619","MOYALE, KE","3.533","39.033","1097.0","1983-10","0.20","0.79"
"KE000063619","MOYALE, KE","3.533","39.033","1097.0","1983-11","0.41","1.42"
"KE000063619","MOYALE, KE","3.533","39.033","1097.0","1983-12","0.35","0.74"
"KE000063619","MOYALE, KE","3.533","39.033","1097.0","1984-01","0.04","0.04"
"KE000063619","MOYALE, KE","3.533","39.033","1097.0","1984-02","0.01","0.01"
"KE000063619","MOYALE, KE","3.533","39.033","1097.0","1984-03","0.56","0.59"
"KE000063619","MOYALE, KE","3.533","39.033","1097.0","1984-04","0.87","2.05"
"KE000063619","MOYALE, KE","3.533","39.033","1097.0","1984-05","2.07","3.87"
"KE000063619","MOYALE, KE","3.533","39.033","1097.0","1984-06","0.13","0.25"
"KE000063619","MOYALE, KE","3.533","39.033","1097.0","1984-07","0.08","0.40"
"KE000063619","MOYALE, KE","3.533","39.033","1097.0","1984-08","0.01","0.02"
"KE000063619","MOYALE, KE","3.533","39.033","1097.0","1984-09","0.12","0.21"
"KE000063619","MOYALE, KE","3.533","39.033","1097.0","1984-10","1.24","2.33"
"KE000063619","MOYALE, KE","3.533","39.033","1097.0","1984-11","0.93","3.80"
"KE000063619","MOYALE, KE","3.533","39.033","1097.0","1984-12","0.82","1.08"
"KE000063619","MOYALE, KE","3.533","39.033","1097.0","1985-01","1.20","1.49"
"KE000063619","MOYALE, KE","3.533","39.033","1097.0","1985-02","0.94","1.09"
"KE000063619","MOYALE, KE","3.533","39.033","1097.0","1985-03","2.76","5.92"
"KE000063619","MOYALE, KE","3.533","39.033","1097.0","1985-04","1.59","6.54"
"KE000063619","MOYALE, KE","3.533","39.033","1097.0","1985-05","2.78","11.11"
"KE000063619","MOYALE, KE","3.533","39.033","1097.0","1985-06","0.21","1.10"
"KE000063619","MOYALE, KE","3.533","39.033","1097.0","1985-07","0.22","0.36"
"KE000063619","MOYALE, KE","3.533","39.033","1097.0","1985-08","0.30","0.48"
"KE000063619","MOYALE, KE","3.533","39.033","1097.0","1985-09","0.17","0.37"
"KE000063619","MOYALE, KE","3.533","39.033","1097.0","1985-10","2.55","6.01"
"KE000063619","MOYALE, KE","3.533","39.033","1097.0","1985-11","0.19","0.78"
"KE000063619","MOYALE, KE","3.533","39.033","1097.0","1985-12","0.13","0.19"
"KE000063619","MOYALE, KE","3.533","39.033","1097.0","1986-01","0.00","0.00"
"KE000063619","MOYALE, KE","3.533","39.033","1097.0","1986-02","0.54","0.69"
"KE000063619","MOYALE, KE","3.533","39.033","1097.0","1986-03","0.21","0.57"
"KE000063619","MOYALE, KE","3.533","39.033","1097.0","1986-04","1.79","11.30"
"KE000063619","MOYALE, KE","3.533","39.033","1097.0","1986-05","0.57","2.39"
"KE000063619","MOYALE, KE","3.533","39.033","1097.0","1986-06","0.41","0.90"
"KE000063619","MOYALE, KE","3.533","39.033","1097.0","1986-07","0.24","0.65"
"KE000063619","MOYALE, KE","3.533","39.033","1097.0","1986-08","0.02","0.04"
"KE000063619","MOYALE, KE","3.533","39.033","1097.0","1986-09","0.14","0.30"
"KE000063619","MOYALE, KE","3.533","39.033","1097.0","1986-10","0.50","2.49"
"KE000063619","MOYALE, KE","3.533","39.033","1097.0","1986-11","1.35","5.54"
"KE000063619","MOYALE, KE","3.533","39.033","1097.0","1986-12","0.72","2.04"
"KE000063619","MOYALE, KE","3.533","39.033","1097.0","1987-01","0.34","0.71"
"KE000063619","MOYALE, KE","3.533","39.033","1097.0","1987-02","0.35","0.40"
"KE000063619","MOYALE, KE","3.533","39.033","1097.0","1987-03","1.09","2.02"
"KE000063619","MOYALE, KE","3.533","39.033","1097.0","1987-04","1.50","5.43"
"KE000063619","MOYALE, KE","3.533","39.033","1097.0","1987-05","4.04","10.75"
"KE000063619","MOYALE, KE","3.533","39.033","1097.0","1987-06","0.08","0.18"
"KE000063619","MOYALE, KE","3.533","39.033","1097.0","1987-07","0.09","0.20"
"KE000063619","MOYALE, KE","3.533","39.033","1097.0","1987-08","0.33","1.28"
"KE000063619","MOYALE, KE","3.533","39.033","1097.0","1987-09","0.14","0.37"
"KE000063619","MOYALE, KE","3.533","39.033","1097.0","1987-10","0.37","0.48"
"KE000063619","MOYALE, KE","3.533","39.033","1097.0","1987-11","0.58","1.98"
"KE000063619","MOYALE, KE","3.533","39.033","1097.0","1987-12","0.12","0.19"
"KE000063619","MOYALE, KE","3.533","39.033","1097.0","1988-01","0.27","0.34"
"KE000063619","MOYALE, KE","3.533","39.033","1097.0","1988-02","0.53","1.28"
"KE000063619","MOYALE, KE","3.533","39.033","1097.0","1988-03","0.82","1.33"
"KE000063619","MOYALE, KE","3.533","39.033","1097.0","1988-04","3.15","14.20"
"KE000063619","MOYALE, KE","3.533","39.033","1097.0","1988-05","0.34","0.77"
"KE000063619","MOYALE, KE","3.533","39.033","1097.0","1988-06","0.98","1.97"
"KE000063619","MOYALE, KE","3.533","39.033","1097.0","1988-07","0.00","0.00"
"KE000063619","MOYALE, KE","3.533","39.033","1097.0","1988-08","0.45","0.80"
"KE000063619","MOYALE, KE","3.533","39.033","1097.0","1988-09","2.24","3.33"
"KE000063619","MOYALE, KE","3.533","39.033","1097.0","1988-10","0.39","1.63"
"KE000063619","MOYALE, KE","3.533","39.033","1097.0","1988-11","1.94","2.66"
"KE000063619","MOYALE, KE","3.533","39.033","1097.0","1988-12","0.57","1.72"
"KE000063619","MOYALE, KE","3.533","39.033","1097.0","1989-01","0.70","0.76"
"KE000063619","MOYALE, KE","3.533","39.033","1097.0","1989-02","1.18","1.87"
"KE000063619","MOYALE, KE","3.533","39.033","1097.0","1989-03","0.85","1.76"
"KE000063619","MOYALE, KE","3.533","39.033","1097.0","1989-04","2.04","8.40"
"KE000063619","MOYALE, KE","3.533","39.033","1097.0","1989-05","2.46","6.17"
"KE000063619","MOYALE, KE","3.533","39.033","1097.0","1989-06","0.46","1.33"
"KE000063619","MOYALE, KE","3.533","39.033","1097.0","1989-07","0.04","0.20"
"KE000063619","MOYALE, KE","3.533","39.033","1097.0","1989-08","0.11","0.22"
"KE000063619","MOYALE, KE","3.533","39.033","1097.0","1989-09","0.10","0.27"
"KE000063619","MOYALE, KE","3.533","39.033","1097.0","1989-10","0.60","2.29"
"KE000063619","MOYALE, KE","3.533","39.033","1097.0","1989-11","1.04","4.93"
"KE000063619","MOYALE, KE","3.533","39.033","1097.0","1989-12","1.14","3.71"
"KE000063619","MOYALE, KE","3.533","39.033","1097.0","1990-01","0.19","0.48"
"KE000063619","MOYALE, KE","3.533","39.033","1097.0","1990-03","0.70","1.63"
"KE000063619","MOYALE, KE","3.533","39.033","1097.0","1990-04","1.43","8.90"
"KE000063619","MOYALE, KE","3.533","39.033","1097.0","1990-05","1.19","2.80"
"KE000063619","MOYALE, KE","3.533","39.033","1097.0","1990-07","0.07","0.13"
"KE000063619","MOYALE, KE","3.533","39.033","1097.0","1990-08","0.02","0.02"
"KE000063619","MOYALE, KE","3.533","39.033","1097.0","1990-09","0.09","0.11"
"KE000063619","MOYALE, KE","3.533","39.033","1097.0","1990-10","0.85","3.79"
"KE000063619","MOYALE, KE","3.533","39.033","1097.0","1990-11","0.59","1.98"
"KE000063619","MOYALE, KE","3.533","39.033","1097.0","1990-12","1.37","3.14"
"KE000063619","MOYALE, KE","3.533","39.033","1097.0","1991-01","0.65","1.22"
"KE000063619","MOYALE, KE","3.533","39.033","1097.0","1991-02","0.92","1.87"
"KE000063619","MOYALE, KE","3.533","39.033","1097.0","1991-03","0.82","2.30"
"KE000063619","MOYALE, KE","3.533","39.033","1097.0","1991-04","0.65","2.83"
"KE000063619","MOYALE, KE","3.533","39.033","1097.0","1991-05","2.94","7.26"
"KE000063619","MOYALE, KE","3.533","39.033","1097.0","1991-06","0.23","0.61"
"KE000063619","MOYALE, KE","3.533","39.033","1097.0","1991-07","0.71","2.35"
"KE000063619","MOYALE, KE","3.533","39.033","1097.0","1991-08","0.48","0.79"
"KE000063619","MOYALE, KE","3.533","39.033","1097.0","1991-09","0.00","0.00"
"KE000063619","MOYALE, KE","3.533","39.033","1097.0","1991-10","0.47","1.14"
"KE000063619","MOYALE, KE","3.533","39.033","1097.0","1991-11","0.28","1.04"
"KE000063619","MOYALE, KE","3.533","39.033","1097.0","1991-12","0.33","0.52"
"KE000063619","MOYALE, KE","3.533","39.033","1097.0","1992-01","0.05","0.09"
"KE000063619","MOYALE, KE","3.533","39.033","1097.0","1992-02","0.50","0.56"
"KE000063619","MOYALE, KE","3.533","39.033","1097.0","1992-03","0.50","0.96"
"KE000063619","MOYALE, KE","3.533","39.033","1097.0","1992-04","1.67","3.73"
"KE000063619","MOYALE, KE","3.533","39.033","1097.0","1992-05","0.97","4.59"
"KE000063619","MOYALE, KE","3.533","39.033","1097.0","1992-06","0.30","0.40"
"KE000063619","MOYALE, KE","3.533","39.033","1097.0","1992-07","0.43","0.94"
"KE000063619","MOYALE, KE","3.533","39.033","1097.0","1992-08","0.06","0.25"
"KE000063619","MOYALE, KE","3.533","39.033","1097.0","1992-09","1.63","1.98"
"KE000063619","MOYALE, KE","3.533","39.033","1097.0","1992-10","0.41","1.70"
"KE000063619","MOYALE, KE","3.533","39.033","1097.0","1992-11","1.47","6.61"
"KE000063619","MOYALE, KE","3.533","39.033","1097.0","1992-12","0.74","2.32"
"KE000063619","MOYALE, KE","3.533","39.033","1097.0","1993-01","0.89","1.65"
"KE000063619","MOYALE, KE","3.533","39.033","1097.0","1993-02","0.30","0.96"
"KE000063619","MOYALE, KE","3.533","39.033","1097.0","1993-03","0.90","1.50"
"KE000063619","MOYALE, KE","3.533","39.033","1097.0","1993-04","0.65","2.65"
"KE000063619","MOYALE, KE","3.533","39.033","1097.0","1993-05","1.36","8.09"
"KE000063619","MOYALE, KE","3.533","39.033","1097.0","1993-06","0.26","1.47"
"KE000063619","MOYALE, KE","3.533","39.033","1097.0","1993-07","0.15","0.39"
"KE000063619","MOYALE, KE","3.533","39.033","1097.0","1993-08","0.00","0.00"
"KE000063619","MOYALE, KE","3.533","39.033","1097.0","1993-09","0.03","0.06"
"KE000063619","MOYALE, KE","3.533","39.033","1097.0","1993-10","0.74","2.89"
"KE000063619","MOYALE, KE","3.533","39.033","1097.0","1993-11","0.81","1.99"
"KE000063619","MOYALE, KE","3.533","39.033","1097.0","1993-12","0.15","0.25"
"KE000063619","MOYALE, KE","3.533","39.033","1097.0","1994-01","0.00","0.00"
"KE000063619","MOYALE, KE","3.533","39.033","1097.0","1994-02","0.00","0.00"
"KE000063619","MOYALE, KE","3.533","39.033","1097.0","1994-03","0.55","1.50"
"KE000063619","MOYALE, KE","3.533","39.033","1097.0","1994-04","0.63","3.08"
"KE000063619","MOYALE, KE","3.533","39.033","1097.0","1994-05","0.81","4.22"
"KE000063619","MOYALE, KE","3.533","39.033","1097.0","1994-06","0.63","0.67"
"KE000063619","MOYALE, KE","3.533","39.033","1097.0","1994-07","0.10","0.39"
"KE000063619","MOYALE, KE","3.533","39.033","1097.0","1994-08","0.04","0.06"
"KE000063619","MOYALE, KE","3.533","39.033","1097.0","1994-09","0.35","1.11"
"KE000063619","MOYALE, KE","3.533","39.033","1097.0","1994-10","0.64","4.46"
"KE000063619","MOYALE, KE","3.533","39.033","1097.0","1994-11","1.74","8.52"
"KE000063619","MOYALE, KE","3.533","39.033","1097.0","1994-12","0.57","1.00"
"KE000063619","MOYALE, KE","3.533","39.033","1097.0","1995-01","0.04","0.04"
"KE000063619","MOYALE, KE","3.533","39.033","1097.0","1995-02","0.61","1.41"
"KE000063619","MOYALE, KE","3.533","39.033","1097.0","1995-03","1.05","4.77"
"KE000063619","MOYALE, KE","3.533","39.033","1097.0","1995-04","0.97","3.90"
"KE000063619","MOYALE, KE","3.533","39.033","1097.0","1995-05","0.61","1.85"
"KE000063619","MOYALE, KE","3.533","39.033","1097.0","1995-06","0.18","0.40"
"KE000063619","MOYALE, KE","3.533","39.033","1097.0","1995-07","0.20","0.86"
"KE000063619","MOYALE, KE","3.533","39.033","1097.0","1995-08","0.33","0.78"
"KE000063619","MOYALE, KE","3.533","39.033","1097.0","1995-09","0.08","0.18"
"KE000063619","MOYALE, KE","3.533","39.033","1097.0","1995-10","0.87","3.50"
"KE000063619","MOYALE, KE","3.533","39.033","1097.0","1995-11","1.25","1.77"
"KE000063619","MOYALE, KE","3.533","39.033","1097.0","1995-12","0.27","0.72"
"KE000063619","MOYALE, KE","3.533","39.033","1097.0","1996-01","0.13","0.14"
"KE000063619","MOYALE, KE","3.533","39.033","1097.0","1996-02","0.00","0.00"
"KE000063619","MOYALE, KE","3.533","39.033","1097.0","1996-03","1.57","4.07"
"KE000063619","MOYALE, KE","3.533","39.033","1097.0","1996-04","1.82","4.32"
"KE000063619","MOYALE, KE","3.533","39.033","1097.0","1996-05","0.83","4.78"
"KE000063619","MOYALE, KE","3.533","39.033","1097.0","1996-06","0.13","0.43"
"KE000063619","MOYALE, KE","3.533","39.033","1097.0","1996-08","0.01","0.01"
"KE000063619","MOYALE, KE","3.533","39.033","1097.0","1996-09","0.26","0.30"
"KE000063619","MOYALE, KE","3.533","39.033","1097.0","1996-10","1.02","1.88"
"KE000063619","MOYALE, KE","3.533","39.033","1097.0","1996-11","0.91","1.81"
"KE000063619","MOYALE, KE","3.533","39.033","1097.0","1996-12","0.07","0.07"
"KE000063619","MOYALE, KE","3.533","39.033","1097.0","1997-01","0.00","0.00"
"KE000063619","MOYALE, KE","3.533","39.033","1097.0","1997-02","0.02","0.02"
"KE000063619","MOYALE, KE","3.533","39.033","1097.0","1997-03","1.49","1.64"
"KE000063619","MOYALE, KE","3.533","39.033","1097.0","1997-04","2.63","9.70"
"KE000063619","MOYALE, KE","3.533","39.033","1097.0","1997-05","0.45","0.86"
"KE000063619","MOYALE, KE","3.533","39.033","1097.0","1997-06","0.36","0.84"
"KE000063619","MOYALE, KE","3.533","39.033","1097.0","1997-07","0.10","0.30"
"KE000063619","MOYALE, KE","3.533","39.033","1097.0","1997-08","0.11","0.12"
"KE000063619","MOYALE, KE","3.533","39.033","1097.0","1997-09","0.24","0.44"
"KE000063619","MOYALE, KE","3.533","39.033","1097.0","1997-10","2.77","23.95"
"KE000063619","MOYALE, KE","3.533","39.033","1097.0","1997-11","2.13","10.91"
"KE000063619","MOYALE, KE","3.533","39.033","1097.0","1997-12","0.44","2.01"
"KE000063619","MOYALE, KE","3.533","39.033","1097.0","1998-01","1.48","4.52"
"KE000063619","MOYALE, KE","3.533","39.033","1097.0","1998-02","1.90","2.67"
"KE000063619","MOYALE, KE","3.533","39.033","1097.0","1998-03","0.32","0.61"
"KE000063619","MOYALE, KE","3.533","39.033","1097.0","1998-04","3.82","8.46"
"KE000063619","MOYALE, KE","3.533","39.033","1097.0","1998-05","4.06","5.82"
"KE000063619","MOYALE, KE","3.533","39.033","1097.0","2000-06",,
"KE000063619","MOYALE, KE","3.533","39.033","1097.0","2000-08",,
"KE000063619","MOYALE, KE","3.533","39.033","1097.0","2001-04","1.97","6.05"
"KE000063619","MOYALE, KE","3.533","39.033","1097.0","2002-12",,
"KE000063619","MOYALE, KE","3.533","39.033","1097.0","2009-10",,
"KE000063619","MOYALE, KE","3.533","39.033","1097.0","2023-07",,
"KE000063619","MOYALE, KE","3.533","39.033","1097.0","2023-08",,
"KE000063619","MOYALE, KE","3.533","39.033","1097.0","2023-10",,
"KE000063619","MOYALE, KE","3.533","39.033","1097.0","2023-11",,
"KE000063624","MANDERA, KE","3.933","41.867","231.0","1970-01","0.00","0.00"
"KE000063624","MANDERA, KE","3.933","41.867","231.0","1970-02","0.02","0.02"
"KE000063624","MANDERA, KE","3.933","41.867","231.0","1970-03","0.38","0.90"
"KE000063624","MANDERA, KE","3.933","41.867","231.0","1970-04","2.34","4.58"
"KE000063624","MANDERA, KE","3.933","41.867","231.0","1970-05","0.03","0.06"
"KE000063624","MANDERA, KE","3.933","41.867","231.0","1970-06","0.09","0.09"
"KE000063624","MANDERA, KE","3.933","41.867","231.0","1970-07","0.01","0.01"
"KE000063624","MANDERA, KE","3.933","41.867","231.0","1970-08","0.00","0.00"
"KE000063624","MANDERA, KE","3.933","41.867","231.0","1970-09","0.09","0.09"
"KE000063624","MANDERA, KE","3.933","41.867","231.0","1970-10","1.27","2.28"
"KE000063624","MANDERA, KE","3.933","41.867","231.0","1970-11","0.01","0.01"
"KE000063624","MANDERA, KE","3.933","41.867","231.0","1970-12","0.00","0.00"
"KE000063624","MANDERA, KE","3.933","41.867","231.0","1971-01","0.00","0.00"
"KE000063624","MANDERA, KE","3.933","41.867","231.0","1971-02","0.00","0.00"
"KE000063624","MANDERA, KE","3.933","41.867","231.0","1971-03","0.49","0.59"
"KE000063624","MANDERA, KE","3.933","41.867","231.0","1971-04","1.05","2.23"
"KE000063624","MANDERA, KE","3.933","41.867","231.0","1971-05","0.26","0.69"
"KE000063624","MANDERA, KE","3.933","41.867","231.0","1971-06","0.01","0.01"
"KE000063624","MANDERA, KE","3.933","41.867","231.0","1971-07","0.01","0.01"
"KE000063624","MANDERA, KE","3.933","41.867","231.0","1971-08","0.00","0.00"
"KE000063624","MANDERA, KE","3.933","41.867","231.0","1971-09","0.00","0.00"
"KE000063624","MANDERA, KE","3.933","41.867","231.0","1971-10","0.75","1.31"
"KE000063624","MANDERA, KE","3.933","41.867","231.0","1971-11","1.74","2.24"
"KE000063624","MANDERA, KE","3.933","41.867","231.0","1971-12","0.00","0.00"
"KE000063624","MANDERA, KE","3.933","41.867","231.0","1972-01","0.04","0.04"
"KE000063624","MANDERA, KE","3.933","41.867","231.0","1972-02","0.00","0.00"
"KE000063624","MANDERA, KE","3.933","41.867","231.0","1972-03","0.02","0.02"
"KE000063624","MANDERA, KE","3.933","41.867","231.0","1972-04","0.98","1.48"
"KE000063624","MANDERA, KE","3.933","41.867","231.0","1972-05","2.80","7.23"
"KE000063624","MANDERA, KE","3.933","41.867","231.0","1972-06","0.00","0.00"
"KE000063624","MANDERA, KE","3.933","41.867","231.0","1972-07","0.04","0.05"
"KE000063624","MANDERA, KE","3.933","41.867","231.0","1972-08","0.00","0.00"
"KE000063624","MANDERA, KE","3.933","41.867","231.0","1972-09","0.01","0.01"
"KE000063624","MANDERA, KE","3.933","41.867","231.0","1972-10","1.23","4.15"
"KE000063624","MANDERA, KE","3.933","41.867","231.0","1972-11","0.19","0.54"
"KE000063624","MANDERA, KE","3.933","41.867","231.0","1972-12","0.00","0.00"
"KE000063624","MANDERA, KE","3.933","41.867","231.0","1973-01","0.00","0.00"
"KE000063624","MANDERA, KE","3.933","41.867","231.0","1973-02","0.00","0.00"
"KE000063624","MANDERA, KE","3.933","41.867","231.0","1973-03","0.00","0.00"
"KE000063624","MANDERA, KE","3.933","41.867","231.0","1973-04","1.13","1.27"
"KE000063624","MANDERA, KE","3.933","41.867","231.0","1973-05","0.53","0.56"
"KE000063624","MANDERA, KE","3.933","41.867","231.0","1973-06","0.00","0.00"
"KE000063624","MANDERA, KE","3.933","41.867","231.0","1973-07","0.00","0.00"
"KE000063624","MANDERA, KE","3.933","41.867","231.0","1973-08","0.00","0.00"
"KE000063624","MANDERA, KE","3.933","41.867","231.0","1973-09","0.00","0.00"
"KE000063624","MANDERA, KE","3.933","41.867","231.0","1973-10","1.31","2.39"
"KE000063624","MANDERA, KE","3.933","41.867","231.0","1973-11","0.36","0.52"
"KE000063624","MANDERA, KE","3.933","41.867","231.0","1973-12","0.00","0.00"
"KE000063624","MANDERA, KE","3.933","41.867","231.0","1974-01","0.00","0.00"
"KE000063624","MANDERA, KE","3.933","41.867","231.0","1974-02","0.00","0.00"
"KE000063624","MANDERA, KE","3.933","41.867","231.0","1974-03","0.39","1.27"
"KE000063624","MANDERA, KE","3.933","41.867","231.0","1974-04","0.00","0.00"
"KE000063624","MANDERA, KE","3.933","41.867","231.0","1974-05","0.81","1.68"
"KE000063624","MANDERA, KE","3.933","41.867","231.0","1974-06","0.00","0.00"
"KE000063624","MANDERA, KE","3.933","41.867","231.0","1974-07","0.00","0.00"
"KE000063624","MANDERA, KE","3.933","41.867","231.0","1974-08","0.00","0.00"
"KE000063624","MANDERA, KE","3.933","41.867","231.0","1974-09","0.00","0.00"
"KE000063624","MANDERA, KE","3.933","41.867","231.0","1974-10","0.59","0.59"
"KE000063624","MANDERA, KE","3.933","41.867","231.0","1974-11","0.00","0.00"
"KE000063624","MANDERA, KE","3.933","41.867","231.0","1974-12","0.04","0.06"
"KE000063624","MANDERA, KE","3.933","41.867","231.0","1975-01","0.26","0.44"
"KE000063624","MANDERA, KE","3.933","41.867","231.0","1975-02","0.02","0.02"
"KE000063624","MANDERA, KE","3.933","41.867","231.0","1975-03","0.08","0.08"
"KE000063624","MANDERA, KE","3.933","41.867","231.0","1975-04","1.06","1.54"
"KE000063624","MANDERA, KE","3.933","41.867","231.0","1975-05","0.41","0.92"
"KE000063624","MANDERA, KE","3.933","41.867","231.0","1975-06","0.01","0.01"
"KE000063624","MANDERA, KE","3.933","41.867","231.0","1975-07","0.00","0.00"
"KE000063624","MANDERA, KE","3.933","41.867","231.0","1975-08","0.01","0.01"
"KE000063624","MANDERA, KE","3.933","41.867","231.0","1975-09","0.01","0.01"
"KE000063624","MANDERA, KE","3.933","41.867","231.0","1975-10","0.35","0.40"
"KE000063624","MANDERA, KE","3.933","41.867","231.0","1975-11","0.26","0.38"
"KE000063624","MANDERA, KE","3.933","41.867","231.0","1975-12","0.00","0.00"
"KE000063624","MANDERA, KE","3.933","41.867","231.0","1976-01","0.00","0.00"
"KE000063624","MANDERA, KE","3.933","41.867","231.0","1976-02","0.06","0.06"
"KE000063624","MANDERA, KE","3.933","41.867","231.0","1976-03","0.00","0.00"
"KE000063624","MANDERA, KE","3.933","41.867","231.0","1976-04","2.13","5.20"
"KE000063624","MANDERA, KE","3.933","41.867","231.0","1976-05","2.19","3.85"
"KE000063624","MANDERA, KE","3.933","41.867","231.0","1976-06","0.00","0.00"
"KE000063624","MANDERA, KE","3.933","41.867","231.0","1976-07","0.01","0.01"
"KE000063624","MANDERA, KE","3.933","41.867","231.0","1976-08","0.00","0.00"
"KE000063624","MANDERA, KE","3.933","41.867","231.0","1976-09","0.00","0.00"
"KE000063624","MANDERA, KE","3.933","41.867","231.0","1976-10","2.32","2.63"
"KE000063624","MANDERA, KE","3.933","41.867","231.0","1976-11","0.59","0.78"
"KE000063624","MANDERA, KE","3.933","41.867","231.0","1976-12","0.20","0.21"
"KE000063624","MANDERA, KE","3.933","41.867","231.0","1977-01","0.00","0.00"
"KE000063624","MANDERA, KE","3.933","41.867","231.0","1977-02","0.00","0.00"
"KE000063624","MANDERA, KE","3.933","41.867","231.0","1977-03","0.06","0.06"
"KE000063624","MANDERA, KE","3.933","41.867","231.0","1977-04","2.05","5.02"
"KE000063624","MANDERA, KE","3.933","41.867","231.0","1977-05","1.16","1.26"
"KE000063624","MANDERA, KE","3.933","41.867","231.0","1977-06","0.00","0.00"
"KE000063624","MANDERA, KE","3.933","41.867","231.0","1977-07","0.00","0.00"
"KE000063624","MANDERA, KE","3.933","41.867","231.0","1977-08","0.06","0.07"
"KE000063624","MANDERA, KE","3.933","41.867","231.0","1977-09","0.03","0.03"
"KE000063624","MANDERA, KE","3.933","41.867","231.0","1977-10","1.31","6.19"
"KE000063624","MANDERA, KE","3.933","41.867","231.0","1977-11","1.64","6.07"
"KE000063624","MANDERA, KE","3.933","41.867","231.0","1977-12","0.16","0.20"
"KE000063624","MANDERA, KE","3.933","41.867","231.0","1978-01","0.00","0.00"
"KE000063624","MANDERA, KE","3.933","41.867","231.0","1978-02","0.20","0.44"
"KE000063624","MANDERA, KE","3.933","41.867","231.0","1978-03","0.13","0.13"
"KE000063624","MANDERA, KE","3.933","41.867","231.0","1978-04","1.75","4.43"
"KE000063624","MANDERA, KE","3.933","41.867","231.0","1978-05","0.12","0.22"
"KE000063624","MANDERA, KE","3.933","41.867","231.0","1978-06","0.00","0.00"
"KE000063624","MANDERA, KE","3.933","41.867","231.0","1978-07","0.05","0.10"
"KE000063624","MANDERA, KE","3.933","41.867","231.0","1978-08","0.02","0.02"
"KE000063624","MANDERA, KE","3.933","41.867","231.0","1978-09","0.00","0.00"
"KE000063624","MANDERA, KE","3.933","41.867","231.0","1978-10","0.48","2.48"
"KE000063624","MANDERA, KE","3.933","41.867","231.0","1978-11","0.73","0.85"
"KE000063624","MANDERA, KE","3.933","41.867","231.0","1978-12","0.91","0.98"
"KE000063624","MANDERA, KE","3.933","41.867","231.0","1979-01","0.23","0.39"
"KE000063624","MANDERA, KE","3.933","41.867","231.0","1979-02","0.03","0.05"
"KE000063624","MANDERA, KE","3.933","41.867","231.0","1979-03","1.03","2.17"
"KE000063624","MANDERA, KE","3.933","41.867","231.0","1979-04","1.52","2.97"
"KE000063624","MANDERA, KE","3.933","41.867","231.0","1979-05","0.09","0.19"
"KE000063624","MANDERA, KE","3.933","41.867","231.0","1979-06","0.01","0.01"
"KE000063624","MANDERA, KE","3.933","41.867","231.0","1979-07","0.00","0.00"
"KE000063624","MANDERA, KE","3.933","41.867","231.0","1979-08","0.00","0.00"
"KE000063624","MANDERA, KE","3.933","41.867","231.0","1979-09","0.00","0.00"
"KE000063624","MANDERA, KE","3.933","41.867","231.0","1979-10","0.43","0.92"
"KE000063624","MANDERA, KE","3.933","41.867","231.0","1979-11","0.43","0.93"
"KE000063624","MANDERA, KE","3.933","41.867","231.0","1979-12","0.17","0.26"
"KE000063624","MANDERA, KE","3.933","41.867","231.0","1980-01","0.00","0.00"
"KE000063624","MANDERA, KE","3.933","41.867","231.0","1980-02","0.00","0.00"
"KE000063624","MANDERA, KE","3.933","41.867","231.0","1980-03","0.00","0.00"
"KE000063624","MANDERA, KE","3.933","41.867","231.0","1980-04","0.39","0.81"
"KE000063624","MANDERA, KE","3.933","41.867","231.0","1980-05","0.93","1.82"
"KE000063624","MANDERA, KE","3.933","41.867","231.0","1980-06","0.00","0.00"
"KE000063624","MANDERA, KE","3.933","41.867","231.0","1980-07","0.02","0.02"
"KE000063624","MANDERA, KE","3.933","41.867","231.0","1980-08","0.10","0.14"
"KE000063624","MANDERA, KE","3.933","41.867","231.0","1980-09","0.00","0.00"
"KE000063624","MANDERA, KE","3.933","41.867","231.0","1980-10","0.11","0.11"
"KE000063624","MANDERA, KE","3.933","41.867","231.0","1980-11","0.39","1.65"
"KE000063624","MANDERA, KE","3.933","41.867","231.0","1980-12","0.00","0.00"
"KE000063624","MANDERA, KE","3.933","41.867","231.0","1981-01","0.00","0.00"
"KE000063624","MANDERA, KE","3.933","41.867","231.0","1981-02","0.00","0.00"
"KE000063624","MANDERA, KE","3.933","41.867","231.0","1981-03","2.13","5.57"
"KE000063624","MANDERA, KE","3.933","41.867","231.0","1981-04","2.63","8.70"
"KE000063624","MANDERA, KE","3.933","41.867","231.0","1981-05","1.38","2.02"
"KE000063624","MANDERA, KE","3.933","41.867","231.0","1981-06","0.05","0.05"
"KE000063624","MANDERA, KE","3.933","41.867","231.0","1981-07","0.00","0.00"
"KE000063624","MANDERA, KE","3.933","41.867","231.0","1981-08","0.02","0.03"
"KE000063624","MANDERA, KE","3.933","41.867","231.0","1981-09","0.00","0.00"
"KE000063624","MANDERA, KE","3.933","41.867","231.0","1981-10","0.86","1.03"
"KE000063624","MANDERA, KE","3.933","41.867","231.0","1981-11","0.71","1.40"
"KE000063624","MANDERA, KE","3.933","41.867","231.0","1981-12","0.11","0.11"
"KE000063624","MANDERA, KE","3.933","41.867","231.0","1982-01","0.00","0.00"
"KE000063624","MANDERA, KE","3.933","41.867","231.0","1982-02","0.00","0.00"
"KE000063624","MANDERA, KE","3.933","41.867","231.0","1982-03","0.40","0.46"
"KE000063624","MANDERA, KE","3.933","41.867","231.0","1982-04","0.80","2.28"
"KE000063624","MANDERA, KE","3.933","41.867","231.0","1982-05","1.11","1.63"
"KE000063624","MANDERA, KE","3.933","41.867","231.0","1982-06","0.00","0.00"
"KE000063624","MANDERA, KE","3.933","41.867","231.0","1982-07","0.00","0.00"
"KE000063624","MANDERA, KE","3.933","41.867","231.0","1982-08","0.01","0.01"
"KE000063624","MANDERA, KE","3.933","41.867","231.0","1982-09","0.91","0.92"
"KE000063624","MANDERA, KE","3.933","41.867","231.0","1982-10","1.91","6.49"
"KE000063624","MANDERA, KE","3.933","41.867","231.0","1982-11","1.40","2.24"
"KE000063624","MANDERA, KE","3.933","41.867","231.0","1982-12","0.35","0.59"
"KE000063624","MANDERA, KE","3.933","41.867","231.0","1983-01","0.11","0.11"
"KE000063624","MANDERA, KE","3.933","41.867","231.0","1983-02","0.00","0.01"
"KE000063624","MANDERA, KE","3.933","41.867","231.0","1983-03","0.00","0.00"
"KE000063624","MANDERA, KE","3.933","41.867","231.0","1983-04","2.67","3.82"
"KE000063624","MANDERA, KE","3.933","41.867","231.0","1983-05","0.24","0.65"
"KE000063624","MANDERA, KE","3.933","41.867","231.0","1983-06","0.00","0.00"
"KE000063624","MANDERA, KE","3.933","41.867","231.0","1983-07","0.16","0.16"
"KE000063624","MANDERA, KE","3.933","41.867","231.0","1983-08","0.01","0.01"
"KE000063624","MANDERA, KE","3.933","41.867","231.0","1983-09","0.01","0.01"
"KE000063624","MANDERA, KE","3.933","41.867","231.0","1983-10","0.04","0.05"
"KE000063624","MANDERA, KE","3.933","41.867","231.0","1983-11","0.53","0.53"
"KE000063624","MANDERA, KE","3.933","41.867","231.0","1983-12","0.01","0.01"
"KE000063624","MANDERA, KE","3.933","41.867","231.0","1984-01","0.00","0.00"
"KE000063624","MANDERA, KE","3.933","41.867","231.0","1984-02","0.00","0.00"
"KE000063624","MANDERA, KE","3.933","41.867","231.0","1984-03","0.00","0.00"
"KE000063624","MANDERA, KE","3.933","41.867","231.0","1984-04","1.92","2.04"
"KE000063624","MANDERA, KE","3.933","41.867","231.0","1984-05","0.96","1.17"
"KE000063624","MANDERA, KE","3.933","41.867","231.0","1984-06","0.03","0.07"
"KE000063624","MANDERA, KE","3.933","41.867","231.0","1984-07","0.00","0.00"
"KE000063624","MANDERA, KE","3.933","41.867","231.0","1984-08","0.00","0.00"
"KE000063624","MANDERA, KE","3.933","41.867","231.0","1984-09","0.04","0.04"
"KE000063624","MANDERA, KE","3.933","41.867","231.0","1984-10","0.40","0.97"
"KE000063624","MANDERA, KE","3.933","41.867","231.0","1984-11","0.19","0.52"
"KE000063624","MANDERA, KE","3.933","41.867","231.0","1984-12","0.13","0.15"
"KE000063624","MANDERA, KE","3.933","41.867","231.0","1985-01","0.02","0.02"
"KE000063624","MANDERA, KE","3.933","41.867","231.0","1985-02","0.00","0.00"
"KE000063624","MANDERA, KE","3.933","41.867","231.0","1985-03","2.09","2.12"
"KE000063624","MANDERA, KE","3.933","41.867","231.0","1985-04","1.32","3.25"
"KE000063624","MANDERA, KE","3.933","41.867","231.0","1985-05","0.40","0.85"
"KE000063624","MANDERA, KE","3.933","41.867","231.0","1985-06","0.04","0.04"
"KE000063624","MANDERA, KE","3.933","41.867","231.0","1985-07","0.00","0.00"
"KE000063624","MANDERA, KE","3.933","41.867","231.0","1985-08","0.01","0.01"
"KE000063624","MANDERA, KE","3.933","41.867","231.0","1985-09","0.04","0.04"
"KE000063624","MANDERA, KE","3.933","41.867","231.0","1985-10","0.16","0.25"
"KE000063624","MANDERA, KE","3.933","41.867","231.0","1985-11","0.35","0.60"
"KE000063624","MANDERA, KE","3.933","41.867","231.0","1985-12","0.00","0.00"
"KE000063624","MANDERA, KE","3.933","41.867","231.0","1986-01","0.00","0.00"
"KE000063624","MANDERA, KE","3.933","41.867","231.0","1986-02","0.00","0.00"
"KE000063624","MANDERA, KE","3.933","41.867","231.0","1986-03","0.07","0.13"
"KE000063624","MANDERA, KE","3.933","41.867","231.0","1986-04","0.90","1.72"
"KE000063624","MANDERA, KE","3.933","41.867","231.0","1986-05","0.65","1.91"
"KE000063624","MANDERA, KE","3.933","41.867","231.0","1986-06","0.21","0.21"
"KE000063624","MANDERA, KE","3.933","41.867","231.0","1986-07","0.07","0.07"
"KE000063624","MANDERA, KE","3.933","41.867","231.0","1986-08","0.00","0.00"
"KE000063624","MANDERA, KE","3.933","41.867","231.0","1986-09","0.02","0.02"
"KE000063624","MANDERA, KE","3.933","41.867","231.0","1986-10","1.59","2.63"
"KE000063624","MANDERA, KE","3.933","41.867","231.0","1986-11","0.47","0.76"
"KE000063624","MANDERA, KE","3.933","41.867","231.0","1986-12","0.00","0.00"
"KE000063624","MANDERA, KE","3.933","41.867","231.0","1987-01","0.00","0.00"
"KE000063624","MANDERA, KE","3.933","41.867","231.0","1987-02","0.00","0.00"
"KE000063624","MANDERA, KE","3.933","41.867","231.0","1987-03","0.19","0.30"
"KE000063624","MANDERA, KE","3.933","41.867","231.0","1987-04","0.18","0.46"
"KE000063624","MANDERA, KE","3.933","41.867","231.0","1987-05","1.21","4.55"
"KE000063624","MANDERA, KE","3.933","41.867","231.0","1987-06","0.00","0.00"
"KE000063624","MANDERA, KE","3.933","41.867","231.0","1987-07","0.00","0.00"
"KE000063624","MANDERA, KE","3.933","41.867","231.0","1987-08","0.02","0.02"
"KE000063624","MANDERA, KE","3.933","41.867","231.0","1987-09","0.00","0.00"
"KE000063624","MANDERA, KE","3.933","41.867","231.0","1987-10","1.27","1.61"
"KE000063624","MANDERA, KE","3.933","41.867","231.0","1987-11","2.07","2.10"
"KE000063624","MANDERA, KE","3.933","41.867","231.0","1987-12","0.00","0.00"
"KE000063624","MANDERA, KE","3.933","41.867","231.0","1988-01","0.00","0.00"
"KE000063624","MANDERA, KE","3.933","41.867","231.0","1988-02","0.10","0.10"
"KE000063624","MANDERA, KE","3.933","41.867","231.0","1988-03","0.39","0.39"
"KE000063624","MANDERA, KE","3.933","41.867","231.0","1988-04","1.07","2.99"
"KE000063624","MANDERA, KE","3.933","41.867","231.0","1988-05","0.01","0.01"
"KE000063624","MANDERA, KE","3.933","41.867","231.0","1988-06","0.02","0.02"
"KE000063624","MANDERA, KE","3.933","41.867","231.0","1988-07","0.00","0.00"
"KE000063624","MANDERA, KE","3.933","41.867","231.0","1988-08","0.01","0.01"
"KE000063624","MANDERA, KE","3.933","41.867","231.0","1988-09","0.55","0.61"
"KE000063624","MANDERA, KE","3.933","41.867","231.0","1988-10","0.13","0.13"
"KE000063624","MANDERA, KE","3.933","41.867","231.0","1988-11","0.30","1.08"
"KE000063624","MANDERA, KE","3.933","41.867","231.0","1988-12","0.05","0.05"
"KE000063624","MANDERA, KE","3.933","41.867","231.0","1989-01","0.00","0.00"
"KE000063624","MANDERA, KE","3.933","41.867","231.0","1989-02","0.01","0.01"
"KE000063624","MANDERA, KE","3.933","41.867","231.0","1989-03","0.11","0.36"
"KE000063624","MANDERA, KE","3.933","41.867","231.0","1989-04","2.55","6.48"
"KE000063624","MANDERA, KE","3.933","41.867","231.0","1989-05","2.65","4.04"
"KE000063624","MANDERA, KE","3.933","41.867","231.0","1989-06","0.00","0.00"
"KE000063624","MANDERA, KE","3.933","41.867","231.0","1989-07","0.00","0.00"
"KE000063624","MANDERA, KE","3.933","41.867","231.0","1989-08","0.05","0.10"
"KE000063624","MANDERA, KE","3.933","41.867","231.0","1989-09","0.06","0.06"
"KE000063624","MANDERA, KE","3.933","41.867","231.0","1989-10","0.57","0.93"
"KE000063624","MANDERA, KE","3.933","41.867","231.0","1989-11","0.39","1.51"
"KE000063624","MANDERA, KE","3.933","41.867","231.0","1989-12","1.12","1.13"
"KE000063624","MANDERA, KE","3.933","41.867","231.0","1990-01","0.06","0.07"
"KE000063624","MANDERA, KE","3.933","41.867","231.0","1990-02","0.00","0.00"
"KE000063624","MANDERA, KE","3.933","41.867","231.0","1990-03","1.33","1.93"
"KE000063624","MANDERA, KE","3.933","41.867","231.0","1990-04","2.88","7.31"
"KE000063624","MANDERA, KE","3.933","41.867","231.0","1990-05","0.04","0.04"
"KE000063624","MANDERA, KE","3.933","41.867","231.0","1990-07","0.02","0.02"
"KE000063624","MANDERA, KE","3.933","41.867","231.0","1990-08",,
"KE000063624","MANDERA, KE","3.933","41.867","231.0","1990-09","0.00","0.00"
"KE000063624","MANDERA, KE","3.933","41.867","231.0","1990-10","2.04","3.06"
"KE000063624","MANDERA, KE","3.933","41.867","231.0","1990-11","1.92","1.98"
"KE000063624","MANDERA, KE","3.933","41.867","231.0","1990-12","0.71","2.01"
"KE000063624","MANDERA, KE","3.933","41.867","231.0","1991-01","0.00","0.00"
"KE000063624","MANDERA, KE","3.933","41.867","231.0","1991-02","0.00","0.00"
"KE000063624","MANDERA, KE","3.933","41.867","231.0","1991-03","0.67","1.15"
"KE000063624","MANDERA, KE","3.933","41.867","231.0","1991-04","2.71","6.60"
"KE000063624","MANDERA, KE","3.933","41.867","231.0","1991-05","0.10","0.14"
"KE000063624","MANDERA, KE","3.933","41.867","231.0","1991-06","0.00","0.00"
"KE000063624","MANDERA, KE","3.933","41.867","231.0","1991-07","0.34","0.79"
"KE000063624","MANDERA, KE","3.933","41.867","231.0","1991-08","0.00","0.00"
"KE000063624","MANDERA, KE","3.933","41.867","231.0","1991-09","0.02","0.02"
"KE000063624","MANDERA, KE","3.933","41.867","231.0","1991-10","0.58","0.87"
"KE000063624","MANDERA, KE","3.933","41.867","231.0","1991-11","0.01","0.01"
"KE000063624","MANDERA, KE","3.933","41.867","231.0","1991-12","0.54","0.86"
"KE000063624","MANDERA, KE","3.933","41.867","231.0","1992-01","0.00","0.00"
"KE000063624","MANDERA, KE","3.933","41.867","231.0","1992-02","0.00","0.00"
"KE000063624","MANDERA, KE","3.933","41.867","231.0","1992-03","0.00","0.00"
"KE000063624","MANDERA, KE","3.933","41.867","231.0","1992-04","1.04","2.50"
"KE000063624","MANDERA, KE","3.933","41.867","231.0","1992-05","0.14","0.34"
"KE000063624","MANDERA, KE","3.933","41.867","231.0","1992-06","0.00","0.00"
"KE000063624","MANDERA, KE","3.933","41.867","231.0","1992-07","0.00","0.00"
"KE000063624","MANDERA, KE","3.933","41.867","231.0","1992-09","0.00","0.00"
"KE000063624","MANDERA, KE","3.933","41.867","231.0","1992-10","0.20","0.39"
"KE000063624","MANDERA, KE","3.933","41.867","231.0","1992-11","0.78","2.53"
"KE000063624","MANDERA, KE","3.933","41.867","231.0","1992-12","1.08","1.95"
"KE000063624","MANDERA, KE","3.933","41.867","231.0","1993-01","0.17","0.22"
"KE000063624","MANDERA, KE","3.933","41.867","231.0","1993-02","0.02","0.02"
"KE000063624","MANDERA, KE","3.933","41.867","231.0","1993-03","0.01","0.01"
"KE000063624","MANDERA, KE","3.933","41.867","231.0","1993-04","1.08","4.57"
"KE000063624","MANDERA, KE","3.933","41.867","231.0","1993-05","4.91","11.42"
"KE000063624","MANDERA, KE","3.933","41.867","231.0","1993-06","0.02","0.02"
"KE000063624","MANDERA, KE","3.933","41.867","231.0","1993-07","0.00","0.00"
"KE000063624","MANDERA, KE","3.933","41.867","231.0","1993-08","0.01","0.02"
"KE000063624","MANDERA, KE","3.933","41.867","231.0","1993-09","0.00","0.00"
"KE000063624","MANDERA, KE","3.933","41.867","231.0","1993-10","0.71","1.67"
"KE000063624","MANDERA, KE","3.933","41.867","231.0","1993-11","0.89","1.17"
"KE000063624","MANDERA, KE","3.933","41.867","231.0","1993-12","0.01","0.01"
"KE000063624","MANDERA, KE","3.933","41.867","231.0","1994-01","0.00","0.00"
"KE000063624","MANDERA, KE","3.933","41.867","231.0","1994-02","0.00","0.00"
"KE000063624","MANDERA, KE","3.933","41.867","231.0","1994-03","0.00","0.00"
"KE000063624","MANDERA, KE","3.933","41.867","231.0","1994-04","1.66","1.89"
"KE000063624","MANDERA, KE","3.933","41.867","231.0","1994-05","0.52","1.00"
"KE000063624","MANDERA, KE","3.933","41.867","231.0","1994-06","0.00","0.00"
"KE000063624","MANDERA, KE","3.933","41.867","231.0","1994-08","0.00","0.00"
"KE000063624","MANDERA, KE","3.933","41.867","231.0","1994-09","0.09","0.09"
"KE000063624","MANDERA, KE","3.933","41.867","231.0","1994-10","0.52","1.68"
"KE000063624","MANDERA, KE","3.933","41.867","231.0","1994-11","3.04","5.20"
"KE000063624","MANDERA, KE","3.933","41.867","231.0","1994-12","0.06","0.09"
"KE000063624","MANDERA, KE","3.933","41.867","231.0","1995-01","0.00","0.00"
"KE000063624","MANDERA, KE","3.933","41.867","231.0","1995-02","0.00","0.00"
"KE000063624","MANDERA, KE","3.933","41.867","231.0","1995-03","2.30","2.61"
"KE000063624","MANDERA, KE","3.933","41.867","231.0","1995-04","0.81","2.78"
"KE000063624","MANDERA, KE","3.933","41.867","231.0","1995-05","0.36","0.36"
"KE000063624","MANDERA, KE","3.933","41.867","231.0","1995-06","0.06","0.06"
"KE000063624","MANDERA, KE","3.933","41.867","231.0","1995-07","0.00","0.00"
"KE000063624","MANDERA, KE","3.933","41.867","231.0","1995-08","0.09","0.12"
"KE000063624","MANDERA, KE","3.933","41.867","231.0","1995-09","0.00","0.00"
"KE000063624","MANDERA, KE","3.933","41.867","231.0","1995-10","0.64","1.44"
"KE000063624","MANDERA, KE","3.933","41.867","231.0","1995-11","1.65","1.74"
"KE000063624","MANDERA, KE","3.933","41.867","231.0","1995-12","0.20","0.32"
"KE000063624","MANDERA, KE","3.933","41.867","231.0","1996-01","0.10","0.10"
"KE000063624","MANDERA, KE","3.933","41.867","231.0","1996-02","0.00","0.00"
"KE000063624","MANDERA, KE","3.933","41.867","231.0","1996-03","0.71","1.70"
"KE000063624","MANDERA, KE","3.933","41.867","231.0","1996-04","0.41","1.48"
"KE000063624","MANDERA, KE","3.933","41.867","231.0","1996-05","0.33","0.92"
"KE000063624","MANDERA, KE","3.933","41.867","231.0","1996-06","0.00","0.00"
"KE000063624","MANDERA, KE","3.933","41.867","231.0","1996-07","0.00","0.00"
"KE000063624","MANDERA, KE","3.933","41.867","231.0","1996-08","0.00","0.00"
"KE000063624","MANDERA, KE","3.933","41.867","231.0","1996-09","0.00","0.00"
"KE000063624","MANDERA, KE","3.933","41.867","231.0","1996-10","0.06","0.10"
"KE000063624","MANDERA, KE","3.933","41.867","231.0","1996-11","0.12","0.54"
"KE000063624","MANDERA, KE","3.933","41.867","231.0","1996-12","0.22","0.22"
"KE000063624","MANDERA, KE","3.933","41.867","231.0","1997-01","0.03","0.03"
"KE000063624","MANDERA, KE","3.933","41.867","231.0","1997-02","0.00","0.00"
"KE000063624","MANDERA, KE","3.933","41.867","231.0","1997-03","0.50","0.52"
"KE000063624","MANDERA, KE","3.933","41.867","231.0","1997-04","1.59","4.57"
"KE000063624","MANDERA, KE","3.933","41.867","231.0","1997-05","0.14","0.14"
"KE000063624","MANDERA, KE","3.933","41.867","231.0","1997-06","0.00","0.00"
"KE000063624","MANDERA, KE","3.933","41.867","231.0","1997-07","0.04","0.04"
"KE000063624","MANDERA, KE","3.933","41.867","231.0","1997-08","0.00","0.00"
"KE000063624","MANDERA, KE","3.933","41.867","231.0","1997-09","0.04","0.05"
"KE000063624","MANDERA, KE","3.933","41.867","231.0","1997-10","5.19","21.25"
"KE000063624","MANDERA, KE","3.933","41.867","231.0","1997-11","1.26","5.08"
"KE000063624","MANDERA, KE","3.933","41.867","231.0","1997-12","1.39","3.67"
"KE000063624","MANDERA, KE","3.933","41.867","231.0","1998-01","0.73","1.54"
"KE000063624","MANDERA, KE","3.933","41.867","231.0","1998-02","0.00","0.00"
"KE000063624","MANDERA, KE","3.933","41.867","231.0","1998-03","0.08","0.09"
"KE000063624","MANDERA, KE","3.933","41.867","231.0","2009-05",,
"KE000063624","MANDERA, KE","3.933","41.867","231.0","2009-08",,
"KE000063624","MANDERA, KE","3.933","41.867","231.0","2010-06",,
"KE000063624","MANDERA, KE","3.933","41.867","231.0","2023-06",,
"KE000063624","MANDERA, KE","3.933","41.867","231.0","2023-07",,
"KE000063624","MANDERA, KE","3.933","41.867","231.0","2024-01",,
"KE000063624","MANDERA, KE","3.933","41.867","231.0","2024-02",,
"KE000063723","GARISSA, KE","-0.467","39.633","147.0","1970-01","0.74","1.22"
"KE000063723","GARISSA, KE","-0.467","39.633","147.0","1970-02","0.00","0.00"
"KE000063723","GARISSA, KE","-0.467","39.633","147.0","1970-03","2.24","2.84"
"KE000063723","GARISSA, KE","-0.467","39.633","147.0","1970-04","0.54","0.98"
"KE000063723","GARISSA, KE","-0.467","39.633","147.0","1970-05","0.00","0.00"
"KE000063723","GARISSA, KE","-0.467","39.633","147.0","1970-06","0.03","0.03"
"KE000063723","GARISSA, KE","-0.467","39.633","147.0","1970-07","0.04","0.07"
"KE000063723","GARISSA, KE","-0.467","39.633","147.0","1970-08","0.13","0.19"
"KE000063723","GARISSA, KE","-0.467","39.633","147.0","1970-09","1.24","1.33"
"KE000063723","GARISSA, KE","-0.467","39.633","147.0","1970-10","0.04","0.11"
"KE000063723","GARISSA, KE","-0.467","39.633","147.0","1970-11","0.62","1.35"
"KE000063723","GARISSA, KE","-0.467","39.633","147.0","1970-12","1.02","1.54"
"KE000063723","GARISSA, KE","-0.467","39.633","147.0","1971-01","0.00","0.00"
"KE000063723","GARISSA, KE","-0.467","39.633","147.0","1971-02","0.00","0.00"
"KE000063723","GARISSA, KE","-0.467","39.633","147.0","1971-03","0.37","0.67"
"KE000063723","GARISSA, KE","-0.467","39.633","147.0","1971-04","5.20","8.28"
"KE000063723","GARISSA, KE","-0.467","39.633","147.0","1971-05","0.34","0.46"
"KE000063723","GARISSA, KE","-0.467","39.633","147.0","1971-06","0.52","1.21"
"KE000063723","GARISSA, KE","-0.467","39.633","147.0","1971-07","0.00","0.00"
"KE000063723","GARISSA, KE","-0.467","39.633","147.0","1971-08","0.01","0.01"
"KE000063723","GARISSA, KE","-0.467","39.633","147.0","1971-09","0.23","0.28"
"KE000063723","GARISSA, KE","-0.467","39.633","147.0","1971-10","0.04","0.08"
"KE000063723","GARISSA, KE","-0.467","39.633","147.0","1971-11","0.48","0.99"
"KE000063723","GARISSA, KE","-0.467","39.633","147.0","1971-12","1.61","1.80"
"KE000063723","GARISSA, KE","-0.467","39.633","147.0","1972-01","0.19","0.56"
"KE000063723","GARISSA, KE","-0.467","39.633","147.0","1972-02","0.58","0.58"
"KE000063723","GARISSA, KE","-0.467","39.633","147.0","1972-03","0.00","0.00"
"KE000063723","GARISSA, KE","-0.467","39.633","147.0","1972-04","0.22","0.70"
"KE000063723","GARISSA, KE","-0.467","39.633","147.0","1972-05","0.06","0.09"
"KE000063723","GARISSA, KE","-0.467","39.633","147.0","1972-06","0.00","0.00"
"KE000063723","GARISSA, KE","-0.467","39.633","147.0","1972-07","0.06","0.11"
"KE000063723","GARISSA, KE","-0.467","39.633","147.0","1972-08","0.36","0.38"
"KE000063723","GARISSA, KE","-0.467","39.633","147.0","1972-09","0.12","0.28"
"KE000063723","GARISSA, KE","-0.467","39.633","147.0","1972-10","0.39","1.09"
"KE000063723","GARISSA, KE","-0.467","39.633","147.0","1972-11","0.37","1.22"
"KE000063723","GARISSA, KE","-0.467","39.633","147.0","1972-12","0.87","2.04"
"KE000063723","GARISSA, KE","-0.467","39.633","147.0","1973-01","0.22","0.22"
"KE000063723","GARISSA, KE","-0.467","39.633","147.0","1973-02","1.20","1.20"
"KE000063723","GARISSA, KE","-0.467","39.633","147.0","1973-03","1.35","1.41"
"KE000063723","GARISSA, KE","-0.467","39.633","147.0","1973-04","1.17","1.52"
"KE000063723","GARISSA, KE","-0.467","39.633","147.0","1973-05","0.00","0.00"
"KE000063723","GARISSA, KE","-0.467","39.633","147.0","1973-06","0.02","0.04"
"KE000063723","GARISSA, KE","-0.467","39.633","147.0","1973-07","0.01","0.01"
"KE000063723","GARISSA, KE","-0.467","39.633","147.0","1973-08","0.20","0.27"
"KE000063723","GARISSA, KE","-0.467","39.633","147.0","1973-09","0.29","0.49"
"KE000063723","GARISSA, KE","-0.467","39.633","147.0","1973-10","0.06","0.15"
"KE000063723","GARISSA, KE","-0.467","39.633","147.0","1973-11","1.12","4.68"
"KE000063723","GARISSA, KE","-0.467","39.633","147.0","1973-12","0.16","0.18"
"KE000063723","GARISSA, KE","-0.467","39.633","147.0","1974-01","0.04","0.06"
"KE000063723","GARISSA, KE","-0.467","39.633","147.0","1974-02","0.00","0.00"
"KE000063723","GARISSA, KE","-0.467","39.633","147.0","1974-03","2.41","4.21"
"KE000063723","GARISSA, KE","-0.467","39.633","147.0","1974-04","0.16","0.51"
"KE000063723","GARISSA, KE","-0.467","39.633","147.0","1974-05","0.04","0.13"
"KE000063723","GARISSA, KE","-0.467","39.633","147.0","1974-06","0.01","0.01"
"KE000063723","GARISSA, KE","-0.467","39.633","147.0","1974-07","0.09","0.26"
"KE000063723","GARISSA, KE","-0.467","39.633","147.0","1974-08","0.00","0.00"
"KE000063723","GARISSA, KE","-0.467","39.633","147.0","1974-09","0.07","0.07"
"KE000063723","GARISSA, KE","-0.467","39.633","147.0","1974-10","0.44","0.47"
"KE000063723","GARISSA, KE","-0.467","39.633","147.0","1974-11","0.34","0.81"
"KE000063723","GARISSA, KE","-0.467","39.633","147.0","1974-12","1.56","2.76"
"KE000063723","GARISSA, KE","-0.467","39.633","147.0","1975-01","0.09","0.09"
"KE000063723","GARISSA, KE","-0.467","39.633","147.0","1975-02","0.00","0.00"
"KE000063723","GARISSA, KE","-0.467","39.633","147.0","1975-03","0.21","0.34"
"KE000063723","GARISSA, KE","-0.467","39.633","147.0","1975-04","3.17","3.33"
"KE000063723","GARISSA, KE","-0.467","39.633","147.0","1975-05","4.67","5.19"
"KE000063723","GARISSA, KE","-0.467","39.633","147.0","1975-06","0.01","0.01"
"KE000063723","GARISSA, KE","-0.467","39.633","147.0","1975-07","0.12","0.22"
"KE000063723","GARISSA, KE","-0.467","39.633","147.0","1975-08","0.00","0.00"
"KE000063723","GARISSA, KE","-0.467","39.633","147.0","1975-09","0.07","0.11"
"KE000063723","GARISSA, KE","-0.467","39.633","147.0","1975-10","0.00","0.00"
"KE000063723","GARISSA, KE","-0.467","39.633","147.0","1975-11","1.06","3.17"
"KE000063723","GARISSA, KE","-0.467","39.633","147.0","1975-12","0.00","0.00"
"KE000063723","GARISSA, KE","-0.467","39.633","147.0","1976-01","0.12","0.12"
"KE000063723","GARISSA, KE","-0.467","39.633","147.0","1976-02","0.14","0.28"
"KE000063723","GARISSA, KE","-0.467","39.633","147.0","1976-03","0.00","0.00"
"KE000063723","GARISSA, KE","-0.467","39.633","147.0","1976-04","1.54","3.78"
"KE000063723","GARISSA, KE","-0.467","39.633","147.0","1976-05","0.02","0.04"
"KE000063723","GARISSA, KE","-0.467","39.633","147.0","1976-06","0.00","0.00"
"KE000063723","GARISSA, KE","-0.467","39.633","147.0","1976-07","0.00","0.00"
"KE000063723","GARISSA, KE","-0.467","39.633","147.0","1976-08","0.10","0.10"
"KE000063723","GARISSA, KE","-0.467","39.633","147.0","1976-09","0.06","0.10"
"KE000063723","GARISSA, KE","-0.467","39.633","147.0","1976-10","0.00","0.00"
"KE000063723","GARISSA, KE","-0.467","39.633","147.0","1976-11","0.42","0.71"
"KE000063723","GARISSA, KE","-0.467","39.633","147.0","1976-12","1.27","2.33"
"KE000063723","GARISSA, KE","-0.467","39.633","147.0","1977-01","0.19","0.24"
"KE000063723","GARISSA, KE","-0.467","39.633","147.0","1977-02","0.00","0.00"
"KE000063723","GARISSA, KE","-0.467","39.633","147.0","1977-03","0.06","0.24"
"KE000063723","GARISSA, KE","-0.467","39.633","147.0","1977-04","4.21","4.63"
"KE000063723","GARISSA, KE","-0.467","39.633","147.0","1977-05","0.07","0.13"
"KE000063723","GARISSA, KE","-0.467","39.633","147.0","1977-06","0.00","0.00"
"KE000063723","GARISSA, KE","-0.467","39.633","147.0","1977-07","0.00","0.00"
"KE000063723","GARISSA, KE","-0.467","39.633","147.0","1977-08","0.57","1.35"
"KE000063723","GARISSA, KE","-0.467","39.633","147.0","1977-09","0.08","0.10"
"KE000063723","GARISSA, KE","-0.467","39.633","147.0","1977-10","0.09","0.16"
"KE000063723","GARISSA, KE","-0.467","39.633","147.0","1977-11","1.72","4.82"
"KE000063723","GARISSA, KE","-0.467","39.633","147.0","1977-12","1.56","4.45"
"KE000063723","GARISSA, KE","-0.467","39.633","147.0","1978-01","1.98","2.60"
"KE000063723","GARISSA, KE","-0.467","39.633","147.0","1978-02","0.05","0.05"
"KE000063723","GARISSA, KE","-0.467","39.633","147.0","1978-03","1.36","5.04"
"KE000063723","GARISSA, KE","-0.467","39.633","147.0","1978-04","2.18","4.36"
"KE000063723","GARISSA, KE","-0.467","39.633","147.0","1978-05","0.68","1.45"
"KE000063723","GARISSA, KE","-0.467","39.633","147.0","1978-06","0.00","0.00"
"KE000063723","GARISSA, KE","-0.467","39.633","147.0","1978-07","0.08","0.15"
"KE000063723","GARISSA, KE","-0.467","39.633","147.0","1978-08","0.17","0.17"
"KE000063723","GARISSA, KE","-0.467","39.633","147.0","1978-09","0.00","0.00"
"KE000063723","GARISSA, KE","-0.467","39.633","147.0","1978-10","4.46","5.98"
"KE000063723","GARISSA, KE","-0.467","39.633","147.0","1978-11","0.87","2.84"
"KE000063723","GARISSA, KE","-0.467","39.633","147.0","1978-12","1.48","5.89"
"KE000063723","GARISSA, KE","-0.467","39.633","147.0","1979-01","1.55","3.79"
"KE000063723","GARISSA, KE","-0.467","39.633","147.0","1979-02","0.19","0.32"
"KE000063723","GARISSA, KE","-0.467","39.633","147.0","1979-03","1.46","3.00"
"KE000063723","GARISSA, KE","-0.467","39.633","147.0","1979-04","2.13","3.85"
"KE000063723","GARISSA, KE","-0.467","39.633","147.0","1979-05","1.08","2.11"
"KE000063723","GARISSA, KE","-0.467","39.633","147.0","1979-06","0.81","0.90"
"KE000063723","GARISSA, KE","-0.467","39.633","147.0","1979-07","0.20","0.30"
"KE000063723","GARISSA, KE","-0.467","39.633","147.0","1979-08","0.00","0.00"
"KE000063723","GARISSA, KE","-0.467","39.633","147.0","1979-09","0.14","0.18"
"KE000063723","GARISSA, KE","-0.467","39.633","147.0","1979-10","0.11","0.13"
"KE000063723","GARISSA, KE","-0.467","39.633","147.0","1979-11","1.39","4.00"
"KE000063723","GARISSA, KE","-0.467","39.633","147.0","1979-12","0.79","2.35"
"KE000063723","GARISSA, KE","-0.467","39.633","147.0","1980-01","0.00","0.00"
"KE000063723","GARISSA, KE","-0.467","39.633","147.0","1980-02","0.00","0.00"
"KE000063723","GARISSA, KE","-0.467","39.633","147.0","1980-03","0.36","0.36"
"KE000063723","GARISSA, KE","-0.467","39.633","147.0","1980-04","0.23","0.69"
"KE000063723","GARISSA, KE","-0.467","39.633","147.0","1980-05","0.00","0.00"
"KE000063723","GARISSA, KE","-0.467","39.633","147.0","1980-06","0.00","0.00"
"KE000063723","GARISSA, KE","-0.467","39.633","147.0","1980-07","0.29","0.29"
"KE000063723","GARISSA, KE","-0.467","39.633","147.0","1980-08","0.59","0.94"
"KE000063723","GARISSA, KE","-0.467","39.633","147.0","1980-09","0.00","0.00"
"KE000063723","GARISSA, KE","-0.467","39.633","147.0","1980-10","0.15","0.35"
"KE000063723","GARISSA, KE","-0.467","39.633","147.0","1980-11","0.52","1.32"
"KE000063723","GARISSA, KE","-0.467","39.633","147.0","1980-12","0.05","0.10"
"KE000063723","GARISSA, KE","-0.467","39.633","147.0","1981-01","0.00","0.00"
"KE000063723","GARISSA, KE","-0.467","39.633","147.0","1981-02","0.00","0.00"
"KE000063723","GARISSA, KE","-0.467","39.633","147.0","1981-03","2.73","4.46"
"KE000063723","GARISSA, KE","-0.467","39.633","147.0","1981-04","1.39","3.20"
"KE000063723","GARISSA, KE","-0.467","39.633","147.0","1981-05","0.31","0.78"
"KE000063723","GARISSA, KE","-0.467","39.633","147.0","1981-06","0.00","0.00"
"KE000063723","GARISSA, KE","-0.467","39.633","147.0","1981-07","0.00","0.00"
"KE000063723","GARISSA, KE","-0.467","39.633","147.0","1981-08","0.16","0.26"
"KE000063723","GARISSA, KE","-0.467","39.633","147.0","1981-09","0.04","0.06"
"KE000063723","GARISSA, KE","-0.467","39.633","147.0","1981-10","0.22","0.44"
"KE000063723","GARISSA, KE","-0.467","39.633","147.0","1981-11","0.93","2.41"
"KE000063723","GARISSA, KE","-0.467","39.633","147.0","1981-12","0.20","0.29"
"KE000063723","GARISSA, KE","-0.467","39.633","147.0","1982-01","0.00","0.00"
"KE000063723","GARISSA, KE","-0.467","39.633","147.0","1982-02","0.01","0.01"
"KE000063723","GARISSA, KE","-0.467","39.633","147.0","1982-03","0.52","0.95"
"KE000063723","GARISSA, KE","-0.467","39.633","147.0","1982-04","1.13","4.03"
"KE000063723","GARISSA, KE","-0.467","39.633","147.0","1982-05","0.72","0.73"
"KE000063723","GARISSA, KE","-0.467","39.633","147.0","1982-06","0.04","0.09"
"KE000063723","GARISSA, KE","-0.467","39.633","147.0","1982-07","0.00","0.00"
"KE000063723","GARISSA, KE","-0.467","39.633","147.0","1982-08","0.03","0.03"
"KE000063723","GARISSA, KE","-0.467","39.633","147.0","1982-09","0.97","1.45"
"KE000063723","GARISSA, KE","-0.467","39.633","147.0","1982-10","3.01","6.20"
"KE000063723","GARISSA, KE","-0.467","39.633","147.0","1982-11","1.57","2.38"
"KE000063723","GARISSA, KE","-0.467","39.633","147.0","1982-12","0.41","1.37"
"KE000063723","GARISSA, KE","-0.467","39.633","147.0","1983-01","0.35","0.35"
"KE000063723","GARISSA, KE","-0.467","39.633","147.0","1983-02","0.08","0.20"
"KE000063723","GARISSA, KE","-0.467","39.633","147.0","1983-03","0.09","0.09"
"KE000063723","GARISSA, KE","-0.467","39.633","147.0","1983-04","0.60","1.58"
"KE000063723","GARISSA, KE","-0.467","39.633","147.0","1983-05","0.08","0.20"
"KE000063723","GARISSA, KE","-0.467","39.633","147.0","1983-06","0.36","0.42"
"KE000063723","GARISSA, KE","-0.467","39.633","147.0","1983-07","0.02","0.06"
"KE000063723","GARISSA, KE","-0.467","39.633","147.0","1983-08","0.02","0.04"
"KE000063723","GARISSA, KE","-0.467","39.633","147.0","1983-09","0.26","0.30"
"KE000063723","GARISSA, KE","-0.467","39.633","147.0","1983-10","0.51","0.51"
"KE000063723","GARISSA, KE","-0.467","39.633","147.0","1983-11","0.10","0.10"
"KE000063723","GARISSA, KE","-0.467","39.633","147.0","1983-12","0.36","0.76"
"KE000063723","GARISSA, KE","-0.467","39.633","147.0","1984-01","0.00","0.00"
"KE000063723","GARISSA, KE","-0.467","39.633","147.0","1984-02","0.00","0.00"
"KE000063723","GARISSA, KE","-0.467","39.633","147.0","1984-03","0.04","0.07"
"KE000063723","GARISSA, KE","-0.467","39.633","147.0","1984-04","0.39","1.00"
"KE000063723","GARISSA, KE","-0.467","39.633","147.0","1984-05","0.03","0.04"
"KE000063723","GARISSA, KE","-0.467","39.633","147.0","1984-06","0.09","0.10"
"KE000063723","GARISSA, KE","-0.467","39.633","147.0","1984-07","0.06","0.20"
"KE000063723","GARISSA, KE","-0.467","39.633","147.0","1984-08","0.00","0.00"
"KE000063723","GARISSA, KE","-0.467","39.633","147.0","1984-09","0.02","0.06"
"KE000063723","GARISSA, KE","-0.467","39.633","147.0","1984-10","1.09","2.74"
"KE000063723","GARISSA, KE","-0.467","39.633","147.0","1984-11","3.53","8.88"
"KE000063723","GARISSA, KE","-0.467","39.633","147.0","1984-12","2.20","2.36"
"KE000063723","GARISSA, KE","-0.467","39.633","147.0","1985-01","0.02","0.02"
"KE000063723","GARISSA, KE","-0.467","39.633","147.0","1985-02","0.00","0.00"
"KE000063723","GARISSA, KE","-0.467","39.633","147.0","1985-03","0.74","0.98"
"KE000063723","GARISSA, KE","-0.467","39.633","147.0","1985-04","0.55","1.35"
"KE000063723","GARISSA, KE","-0.467","39.633","147.0","1985-05","0.52","0.84"
"KE000063723","GARISSA, KE","-0.467","39.633","147.0","1985-06","0.05","0.06"
"KE000063723","GARISSA, KE","-0.467","39.633","147.0","1985-07","0.19","0.26"
"KE000063723","GARISSA, KE","-0.467","39.633","147.0","1985-08","0.24","0.35"
"KE000063723","GARISSA, KE","-0.467","39.633","147.0","1985-09","0.10","0.10"
"KE000063723","GARISSA, KE","-0.467","39.633","147.0","1985-10","0.43","0.92"
"KE000063723","GARISSA, KE","-0.467","39.633","147.0","1985-11","0.40","0.67"
"KE000063723","GARISSA, KE","-0.467","39.633","147.0","1985-12","0.87","1.36"
"KE000063723","GARISSA, KE","-0.467","39.633","147.0","1986-01","0.00","0.00"
"KE000063723","GARISSA, KE","-0.467","39.633","147.0","1986-02","0.00","0.00"
"KE000063723","GARISSA, KE","-0.467","39.633","147.0","1986-03","0.31","0.50"
"KE000063723","GARISSA, KE","-0.467","39.633","147.0","1986-04","2.68","5.31"
"KE000063723","GARISSA, KE","-0.467","39.633","147.0","1986-05","0.15","0.72"
"KE000063723","GARISSA, KE","-0.467","39.633","147.0","1986-06","0.00","0.00"
"KE000063723","GARISSA, KE","-0.467","39.633","147.0","1986-07","0.04","0.04"
"KE000063723","GARISSA, KE","-0.467","39.633","147.0","1986-08","0.29","0.42"
"KE000063723","GARISSA, KE","-0.467","39.633","147.0","1986-09","0.06","0.07"
"KE000063723","GARISSA, KE","-0.467","39.633","147.0","1986-10","0.16","0.19"
"KE000063723","GARISSA, KE","-0.467","39.633","147.0","1986-11","1.09","2.64"
"KE000063723","GARISSA, KE","-0.467","39.633","147.0","1986-12","1.24","3.84"
"KE000063723","GARISSA, KE","-0.467","39.633","147.0","1987-01","0.41","0.76"
"KE000063723","GARISSA, KE","-0.467","39.633","147.0","1987-02","0.00","0.00"
"KE000063723","GARISSA, KE","-0.467","39.633","147.0","1987-03","0.02","0.04"
"KE000063723","GARISSA, KE","-0.467","39.633","147.0","1987-04","2.08","3.24"
"KE000063723","GARISSA, KE","-0.467","39.633","147.0","1987-05","0.71","0.79"
"KE000063723","GARISSA, KE","-0.467","39.633","147.0","1987-06","0.00","0.00"
"KE000063723","GARISSA, KE","-0.467","39.633","147.0","1987-07","0.47","0.67"
"KE000063723","GARISSA, KE","-0.467","39.633","147.0","1987-08","0.32","0.56"
"KE000063723","GARISSA, KE","-0.467","39.633","147.0","1987-09","0.04","0.04"
"KE000063723","GARISSA, KE","-0.467","39.633","147.0","1987-10","0.00","0.00"
"KE000063723","GARISSA, KE","-0.467","39.633","147.0","1987-11","0.40","0.82"
"KE000063723","GARISSA, KE","-0.467","39.633","147.0","1987-12","0.07","0.07"
"KE000063723","GARISSA, KE","-0.467","39.633","147.0","1988-01","0.46","0.49"
"KE000063723","GARISSA, KE","-0.467","39.633","147.0","1988-02","0.00","0.00"
"KE000063723","GARISSA, KE","-0.467","39.633","147.0","1988-03","2.56","3.22"
"KE000063723","GARISSA, KE","-0.467","39.633","147.0","1988-04","2.70","4.08"
"KE000063723","GARISSA, KE","-0.467","39.633","147.0","1988-05","0.03","0.03"
"KE000063723","GARISSA, KE","-0.467","39.633","147.0","1988-06","0.19","0.67"
"KE000063723","GARISSA, KE","-0.467","39.633","147.0","1988-07","0.00","0.00"
"KE000063723","GARISSA, KE","-0.467","39.633","147.0","1988-08","0.11","0.16"
"KE000063723","GARISSA, KE","-0.467","39.633","147.0","1988-09","0.22","0.52"
"KE000063723","GARISSA, KE","-0.467","39.633","147.0","1988-10","0.24","0.25"
"KE000063723","GARISSA, KE","-0.467","39.633","147.0","1988-11","0.85","2.99"
"KE000063723","GARISSA, KE","-0.467","39.633","147.0","1988-12","1.20","3.00"
"KE000063723","GARISSA, KE","-0.467","39.633","147.0","1989-01",,
"KE000063723","GARISSA, KE","-0.467","39.633","147.0","1989-02","0.04","0.04"
"KE000063723","GARISSA, KE","-0.467","39.633","147.0","1989-03","0.16","0.20"
"KE000063723","GARISSA, KE","-0.467","39.633","147.0","1989-04",,
"KE000063723","GARISSA, KE","-0.467","39.633","147.0","1989-05",,
"KE000063723","GARISSA, KE","-0.467","39.633","147.0","1989-06","0.00","0.00"
"KE000063723","GARISSA, KE","-0.467","39.633","147.0","1989-08",,
"KE000063723","GARISSA, KE","-0.467","39.633","147.0","1989-09",,
"KE000063723","GARISSA, KE","-0.467","39.633","147.0","1989-10",,
"KE000063723","GARISSA, KE","-0.467","39.633","147.0","1989-12",,
"KE000063723","GARISSA, KE","-0.467","39.633","147.0","1990-01",,
"KE000063723","GARISSA, KE","-0.467","39.633","147.0","1990-02",,
"KE000063723","GARISSA, KE","-0.467","39.633","147.0","1990-08",,
"KE000063723","GARISSA, KE","-0.467","39.633","147.0","1990-09",,
"KE000063723","GARISSA, KE","-0.467","39.633","147.0","1990-10",,
"KE000063723","GARISSA, KE","-0.467","39.633","147.0","1990-11",,
"KE000063723","GARISSA, KE","-0.467","39.633","147.0","1990-12","0.98","2.87"
"KE000063723","GARISSA, KE","-0.467","39.633","147.0","1991-01","0.13","0.22"
"KE000063723","GARISSA, KE","-0.467","39.633","147.0","1991-02",,
"KE000063723","GARISSA, KE","-0.467","39.633","147.0","1991-03","1.26","1.36"
"KE000063723","GARISSA, KE","-0.467","39.633","147.0","1991-04",,
"KE000063723","GARISSA, KE","-0.467","39.633","147.0","1991-05","0.16","0.21"
"KE000063723","GARISSA, KE","-0.467","39.633","147.0","1991-06","0.11","0.12"
"KE000063723","GARISSA, KE","-0.467","39.633","147.0","1991-07","1.10","1.63"
"KE000063723","GARISSA, KE","-0.467","39.633","147.0","1991-08","0.07","0.11"
"KE000063723","GARISSA, KE","-0.467","39.633","147.0","1991-09","0.43","0.43"
"KE000063723","GARISSA, KE","-0.467","39.633","147.0","1991-10","0.09","0.09"
"KE000063723","GARISSA, KE","-0.467","39.633","147.0","1991-12","1.85","2.54"
"KE000063723","GARISSA, KE","-0.467","39.633","147.0","1992-01","0.13","0.25"
"KE000063723","GARISSA, KE","-0.467","39.633","147.0","1992-02","0.00","0.00"
"KE000063723","GARISSA, KE","-0.467","39.633","147.0","1992-03","0.04","0.05"
"KE000063723","GARISSA, KE","-0.467","39.633","147.0","1992-04","0.87","1.70"
"KE000063723","GARISSA, KE","-0.467","39.633","147.0","1992-05","0.16","0.24"
"KE000063723","GARISSA, KE","-0.467","39.633","147.0","1992-06","0.07","0.07"
"KE000063723","GARISSA, KE","-0.467","39.633","147.0","1992-07","0.02","0.02"
"KE000063723","GARISSA, KE","-0.467","39.633","147.0","1992-08","0.06","0.11"
"KE000063723","GARISSA, KE","-0.467","39.633","147.0","1992-09","0.13","0.22"
"KE000063723","GARISSA, KE","-0.467","39.633","147.0","1992-10","0.15","0.18"
"KE000063723","GARISSA, KE","-0.467","39.633","147.0","1992-12","0.98","4.66"
"KE000063723","GARISSA, KE","-0.467","39.633","147.0","1993-01","0.90","2.84"
"KE000063723","GARISSA, KE","-0.467","39.633","147.0","1993-02","0.17","0.17"
"KE000063723","GARISSA, KE","-0.467","39.633","147.0","1993-03","0.22","0.32"
"KE000063723","GARISSA, KE","-0.467","39.633","147.0","1993-04","0.03","0.03"
"KE000063723","GARISSA, KE","-0.467","39.633","147.0","1993-05","0.09","0.14"
"KE000063723","GARISSA, KE","-0.467","39.633","147.0","1993-06","0.23","0.64"
"KE000063723","GARISSA, KE","-0.467","39.633","147.0","1993-07","0.06","0.10"
"KE000063723","GARISSA, KE","-0.467","39.633","147.0","1993-08","0.06","0.10"
"KE000063723","GARISSA, KE","-0.467","39.633","147.0","1993-09","0.26","0.27"
"KE000063723","GARISSA, KE","-0.467","39.633","147.0","1993-10","0.36","0.57"
"KE000063723","GARISSA, KE","-0.467","39.633","147.0","1993-11","1.51","5.05"
"KE000063723","GARISSA, KE","-0.467","39.633","147.0","1993-12","2.49","2.99"
"KE000063723","GARISSA, KE","-0.467","39.633","147.0","1994-01","0.00","0.00"
"KE000063723","GARISSA, KE","-0.467","39.633","147.0","1994-02","0.00","0.00"
"KE000063723","GARISSA, KE","-0.467","39.633","147.0","1994-03","0.16","0.26"
"KE000063723","GARISSA, KE","-0.467","39.633","147.0","1994-04","2.96","3.05"
"KE000063723","GARISSA, KE","-0.467","39.633","147.0","1994-05","0.31","0.41"
"KE000063723","GARISSA, KE","-0.467","39.633","147.0","1994-06","1.43","1.43"
"KE000063723","GARISSA, KE","-0.467","39.633","147.0","1994-07","0.07","0.15"
"KE000063723","GARISSA, KE","-0.467","39.633","147.0","1994-08","0.02","0.05"
"KE000063723","GARISSA, KE","-0.467","39.633","147.0","1994-09","0.31","0.43"
"KE000063723","GARISSA, KE","-0.467","39.633","147.0","1994-10","0.30","0.44"
"KE000063723","GARISSA, KE","-0.467","39.633","147.0","1994-11","2.33","8.71"
"KE000063723","GARISSA, KE","-0.467","39.633","147.0","1994-12","0.59","1.86"
"KE000063723","GARISSA, KE","-0.467","39.633","147.0","1995-01","0.00","0.00"
"KE000063723","GARISSA, KE","-0.467","39.633","147.0","1995-02","0.04","0.04"
"KE000063723","GARISSA, KE","-0.467","39.633","147.0","1995-03","1.33","1.70"
"KE000063723","GARISSA, KE","-0.467","39.633","147.0","1995-04","1.38","5.01"
"KE000063723","GARISSA, KE","-0.467","39.633","147.0","1995-05","0.47","0.76"
"KE000063723","GARISSA, KE","-0.467","39.633","147.0","1995-06","0.00","0.00"
"KE000063723","GARISSA, KE","-0.467","39.633","147.0","1995-07","0.07","0.15"
"KE000063723","GARISSA, KE","-0.467","39.633","147.0","1995-08","2.56","2.98"
"KE000063723","GARISSA, KE","-0.467","39.633","147.0","1995-09","0.51","1.00"
"KE000063723","GARISSA, KE","-0.467","39.633","147.0","1995-10","0.87","1.55"
"KE000063723","GARISSA, KE","-0.467","39.633","147.0","1995-11","0.52","0.77"
"KE000063723","GARISSA, KE","-0.467","39.633","147.0","1995-12","0.72","3.56"
"KE000063723","GARISSA, KE","-0.467","39.633","147.0","1996-01","0.00","0.00"
"KE000063723","GARISSA, KE","-0.467","39.633","147.0","1996-02","0.13","0.17"
"KE000063723","GARISSA, KE","-0.467","39.633","147.0","1996-03","0.59","1.07"
"KE000063723","GARISSA, KE","-0.467","39.633","147.0","1996-04","0.28","0.34"
"KE000063723","GARISSA, KE","-0.467","39.633","147.0","1996-05","0.58","0.89"
"KE000063723","GARISSA, KE","-0.467","39.633","147.0","1996-06","0.02","0.04"
"KE000063723","GARISSA, KE","-0.467","39.633","147.0","1996-07","0.02","0.02"
"KE000063723","GARISSA, KE","-0.467","39.633","147.0","1996-08","0.00","0.00"
"KE000063723","GARISSA, KE","-0.467","39.633","147.0","1996-09","0.00","0.00"
"KE000063723","GARISSA, KE","-0.467","39.633","147.0","1996-10","0.01","0.01"
"KE000063723","GARISSA, KE","-0.467","39.633","147.0","1996-11","1.06","2.44"
"KE000063723","GARISSA, KE","-0.467","39.633","147.0","1996-12","0.11","0.14"
"KE000063723","GARISSA, KE","-0.467","39.633","147.0","1997-01","0.01","0.01"
"KE000063723","GARISSA, KE","-0.467","39.633","147.0","1997-02","0.00","0.00"
"KE000063723","GARISSA, KE","-0.467","39.633","147.0","1997-03","3.98","5.87"
"KE000063723","GARISSA, KE","-0.467","39.633","147.0","1997-04","1.51","3.49"
"KE000063723","GARISSA, KE","-0.467","39.633","147.0","1997-05","0.12","0.33"
"KE000063723","GARISSA, KE","-0.467","39.633","147.0","1997-06","0.44","0.44"
"KE000063723","GARISSA, KE","-0.467","39.633","147.0","1997-07","0.00","0.00"
"KE000063723","GARISSA, KE","-0.467","39.633","147.0","1997-08","0.00","0.00"
"KE000063723","GARISSA, KE","-0.467","39.633","147.0","1997-09","0.02","0.02"
"KE000063723","GARISSA, KE","-0.467","39.633","147.0","1997-10","4.14","6.54"
"KE000063723","GARISSA, KE","-0.467","39.633","147.0","1997-11","6.04","13.78"
"KE000063723","GARISSA, KE","-0.467","39.633","147.0","1997-12","1.63","6.87"
"KE000063723","GARISSA, KE","-0.467","39.633","147.0","1998-01","1.93","9.68"
"KE000063723","GARISSA, KE","-0.467","39.633","147.0","1998-02","0.24","0.24"
"KE000063723","GARISSA, KE","-0.467","39.633","147.0","1998-03","1.53","2.03"
"KE000063723","GARISSA, KE","-0.467","39.633","147.0","1998-04",,
"KE000063723","GARISSA, KE","-0.467","39.633","147.0","1998-06",,
"KE000063723","GARISSA, KE","-0.467","39.633","147.0","1998-07",,
"KE000063723","GARISSA, KE","-0.467","39.633","147.0","1999-01",,
"KE000063723","GARISSA, KE","-0.467","39.633","147.0","1999-02",,
"KE000063723","GARISSA, KE","-0.467","39.633","147.0","1999-03",,
"KE000063723","GARISSA, KE","-0.467","39.633","147.0","1999-05",,
"KE000063723","GARISSA, KE","-0.467","39.633","147.0","1999-06",,
"KE000063723","GARISSA, KE","-0.467","39.633","147.0","1999-08",,
"KE000063723","GARISSA, KE","-0.467","39.633","147.0","1999-09",,
"KE000063723","GARISSA, KE","-0.467","39.633","147.0","1999-10",,
"KE000063723","GARISSA, KE","-0.467","39.633","147.0","1999-12","0.83","3.43"
"KE000063723","GARISSA, KE","-0.467","39.633","147.0","2000-01",,
"KE000063723","GARISSA, KE","-0.467","39.633","147.0","2000-02",,
"KE000063723","GARISSA, KE","-0.467","39.633","147.0","2000-03",,
"KE000063723","GARISSA, KE","-0.467","39.633","147.0","2000-04",,
"KE000063723","GARISSA, KE","-0.467","39.633","147.0","2000-05",,
"KE000063723","GARISSA, KE","-0.467","39.633","147.0","2000-06",,
"KE000063723","GARISSA, KE","-0.467","39.633","147.0","2000-08",,
"KE000063723","GARISSA, KE","-0.467","39.633","147.0","2000-09",,
"KE000063723","GARISSA, KE","-0.467","39.633","147.0","2000-11",,
"KE000063723","GARISSA, KE","-0.467","39.633","147.0","2000-12",,
"KE000063723","GARISSA, KE","-0.467","39.633","147.0","2001-02",,
"KE000063723","GARISSA, KE","-0.467","39.633","147.0","2001-03",,
"KE000063723","GARISSA, KE","-0.467","39.633","147.0","2001-04",,
"KE000063723","GARISSA, KE","-0.467","39.633","147.0","2001-05",,
"KE000063723","GARISSA, KE","-0.467","39.633","147.0","2001-06",,
"KE000063723","GARISSA, KE","-0.467","39.633","147.0","2001-07",,
"KE000063723","GARISSA, KE","-0.467","39.633","147.0","2001-08",,
"KE000063723","GARISSA, KE","-0.467","39.633","147.0","2001-09",,
"KE000063723","GARISSA, KE","-0.467","39.633","147.0","2001-10",,
"KE000063723","GARISSA, KE","-0.467","39.633","147.0","2001-11",,
"KE000063723","GARISSA, KE","-0.467","39.633","147.0","2001-12",,
"KE000063723","GARISSA, KE","-0.467","39.633","147.0","2002-01",,
"KE000063723","GARISSA, KE","-0.467","39.633","147.0","2002-02",,
"KE000063723","GARISSA, KE","-0.467","39.633","147.0","2002-03",,
"KE000063723","GARISSA, KE","-0.467","39.633","147.0","2002-04",,
"KE000063723","GARISSA, KE","-0.467","39.633","147.0","2002-07",,
"KE000063723","GARISSA, KE","-0.467","39.633","147.0","2002-08",,
"KE000063723","GARISSA, KE","-0.467","39.633","147.0","2002-09","1.77","2.56"
"KE000063723","GARISSA, KE","-0.467","39.633","147.0","2002-12",,
"KE000063723","GARISSA, KE","-0.467","39.633","147.0","2003-01",,
"KE000063723","GARISSA, KE","-0.467","39.633","147.0","2003-07","0.08","0.12"
"KE000063723","GARISSA, KE","-0.467","39.633","147.0","2003-08","0.16","0.24"
"KE000063723","GARISSA, KE","-0.467","39.633","147.0","2003-09",,
"KE000063723","GARISSA, KE","-0.467","39.633","147.0","2003-10",,
"KE000063723","GARISSA, KE","-0.467","39.633","147.0","2003-11","1.65","3.36"
"KE000063723","GARISSA, KE","-0.467","39.633","147.0","2003-12",,
"KE000063723","GARISSA, KE","-0.467","39.633","147.0","2004-01",,
"KE000063723","GARISSA, KE","-0.467","39.633","147.0","2004-02",,
"KE000063723","GARISSA, KE","-0.467","39.633","147.0","2004-06",,
"KE000063723","GARISSA, KE","-0.467","39.633","147.0","2004-10",,
"KE000063723","GARISSA, KE","-0.467","39.633","147.0","2004-11",,
"KE000063723","GARISSA, KE","-0.467","39.633","147.0","2004-12",,
"KE000063723","GARISSA, KE","-0.467","39.633","147.0","2005-02",,
"KE000063723","GARISSA, KE","-0.467","39.633","147.0","2005-03",,
"KE000063723","GARISSA, KE","-0.467","39.633","147.0","2005-05",,
"KE000063723","GARISSA, KE","-0.467","39.633","147.0","2005-09",,
"KE000063723","GARISSA, KE","-0.467","39.633","147.0","2005-12",,
"KE000063723","GARISSA, KE","-0.467","39.633","147.0","2006-02",,
"KE000063723","GARISSA, KE","-0.467","39.633","147.0","2006-03",,
"KE000063723","GARISSA, KE","-0.467","39.633","147.0","2006-05",,
"KE000063723","GARISSA, KE","-0.467","39.633","147.0","2006-06",,
"KE000063723","GARISSA, KE","-0.467","39.633","147.0","2006-07",,
"KE000063723","GARISSA, KE","-0.467","39.633","147.0","2006-08",,
"KE000063723","GARISSA, KE","-0.467","39.633","147.0","2006-09",,
"KE000063723","GARISSA, KE","-0.467","39.633","147.0","2006-10",,
"KE000063723","GARISSA, KE","-0.467","39.633","147.0","2006-11",,
"KE000063723","GARISSA, KE","-0.467","39.633","147.0","2006-12",,
"KE000063723","GARISSA, KE","-0.467","39.633","147.0","2007-01",,
"KE000063723","GARISSA, KE","-0.467","39.633","147.0","2007-02",,
"KE000063723","GARISSA, KE","-0.467","39.633","147.0","2007-03",,
"KE000063723","GARISSA, KE","-0.467","39.633","147.0","2007-04",,
"KE000063723","GARISSA, KE","-0.467","39.633","147.0","2007-05",,
"KE000063723","GARISSA, KE","-0.467","39.633","147.0","2007-06",,
"KE000063723","GARISSA, KE","-0.467","39.633","147.0","2007-07",,
"KE000063723","GARISSA, KE","-0.467","39.633","147.0","2007-08",,
"KE000063723","GARISSA, KE","-0.467","39.633","147.0","2007-09",,
"KE000063723","GARISSA, KE","-0.467","39.633","147.0","2007-10",,
"KE000063723","GARISSA, KE","-0.467","39.633","147.0","2007-11",,
"KE000063723","GARISSA, KE","-0.467","39.633","147.0","2007-12",,
"KE000063723","GARISSA, KE","-0.467","39.633","147.0","2008-01",,
"KE000063723","GARISSA, KE","-0.467","39.633","147.0","2008-02",,
"KE000063723","GARISSA, KE","-0.467","39.633","147.0","2008-03",,
"KE000063723","GARISSA, KE","-0.467","39.633","147.0","2008-04",,
"KE000063723","GARISSA, KE","-0.467","39.633","147.0","2008-05",,
"KE000063723","GARISSA, KE","-0.467","39.633","147.0","2008-09",,
"KE000063723","GARISSA, KE","-0.467","39.633","147.0","2008-10",,
"KE000063723","GARISSA, KE","-0.467","39.633","147.0","2008-11",,
"KE000063723","GARISSA, KE","-0.467","39.633","147.0","2008-12",,
"KE000063723","GARISSA, KE","-0.467","39.633","147.0","2009-01",,
"KE000063723","GARISSA, KE","-0.467","39.633","147.0","2009-02",,
"KE000063723","GARISSA, KE","-0.467","39.633","147.0","2009-03",,
"KE000063723","GARISSA, KE","-0.467","39.633","147.0","2009-04",,
"KE000063723","GARISSA, KE","-0.467","39.633","147.0","2009-05",,
"KE000063723","GARISSA, KE","-0.467","39.633","147.0","2009-06",,
"KE000063723","GARISSA, KE","-0.467","39.633","147.0","2009-07",,
"KE000063723","GARISSA, KE","-0.467","39.633","147.0","2009-08",,
"KE000063723","GARISSA, KE","-0.467","39.633","147.0","2009-09",,
"KE000063723","GARISSA, KE","-0.467","39.633","147.0","2009-10",,
"KE000063723","GARISSA, KE","-0.467","39.633","147.0","2009-11",,
"KE000063723","GARISSA, KE","-0.467","39.633","147.0","2009-12",,
"KE000063723","GARISSA, KE","-0.467","39.633","147.0","2010-01",,
"KE000063723","GARISSA, KE","-0.467","39.633","147.0","2010-02",,
"KE000063723","GARISSA, KE","-0.467","39.633","147.0","2010-03",,
"KE000063723","GARISSA, KE","-0.467","39.633","147.0","2010-04",,
"KE000063723","GARISSA, KE","-0.467","39.633","147.0","2010-06",,
"KE000063723","GARISSA, KE","-0.467","39.633","147.0","2010-09",,
"KE000063723","GARISSA, KE","-0.467","39.633","147.0","2010-11",,
"KE000063723","GARISSA, KE","-0.467","39.633","147.0","2010-12",,
"KE000063723","GARISSA, KE","-0.467","39.633","147.0","2011-01",,
"KE000063723","GARISSA, KE","-0.467","39.633","147.0","2011-02",,
"KE000063723","GARISSA, KE","-0.467","39.633","147.0","2011-03",,
"KE000063723","GARISSA, KE","-0.467","39.633","147.0","2011-05",,
"KE000063723","GARISSA, KE","-0.467","39.633","147.0","2011-06",,
"KE000063723","GARISSA, KE","-0.467","39.633","147.0","2011-07",,
"KE000063723","GARISSA, KE","-0.467","39.633","147.0","2011-08",,
"KE000063723","GARISSA, KE","-0.467","39.633","147.0","2011-09",,
"KE000063723","GARISSA, KE","-0.467","39.633","147.0","2011-12",,
"KE000063723","GARISSA, KE","-0.467","39.633","147.0","2012-01",,
"KE000063723","GARISSA, KE","-0.467","39.633","147.0","2012-02",,
"KE000063723","GARISSA, KE","-0.467","39.633","147.0","2012-03",,
"KE000063723","GARISSA, KE","-0.467","39.633","147.0","2012-04",,
"KE000063723","GARISSA, KE","-0.467","39.633","147.0","2012-06",,
"KE000063723","GARISSA, KE","-0.467","39.633","147.0","2012-07",,
"KE000063723","GARISSA, KE","-0.467","39.633","147.0","2012-08",,
"KE000063723","GARISSA, KE","-0.467","39.633","147.0","2012-10",,
"KE000063723","GARISSA, KE","-0.467","39.633","147.0","2013-02",,
"KE000063723","GARISSA, KE","-0.467","39.633","147.0","2013-09",,
"KE000063723","GARISSA, KE","-0.467","39.633","147.0","2013-12",,
"KE000063723","GARISSA, KE","-0.467","39.633","147.0","2018-03",,
"KE000063723","GARISSA, KE","-0.467","39.633","147.0","2018-04",,
"KE000063723","GARISSA, KE","-0.467","39.633","147.0","2018-05",,
"KE000063723","GARISSA, KE","-0.467","39.633","147.0","2018-06",,
"KE000063723","GARISSA, KE","-0.467","39.633","147.0","2018-07",,
"KE000063723","GARISSA, KE","-0.467","39.633","147.0","2018-10",,
"KE000063723","GARISSA, KE","-0.467","39.633","147.0","2018-11",,
"KE000063723","GARISSA, KE","-0.467","39.633","147.0","2019-01",,
"KE000063723","GARISSA, KE","-0.467","39.633","147.0","2019-02",,
"KE000063723","GARISSA, KE","-0.467","39.633","147.0","2019-04",,
"KE000063723","GARISSA, KE","-0.467","39.633","147.0","2019-05",,
"KE000063723","GARISSA, KE","-0.467","39.633","147.0","2019-06",,
"KE000063723","GARISSA, KE","-0.467","39.633","147.0","2019-07",,
"KE000063723","GARISSA, KE","-0.467","39.633","147.0","2019-08",,
"KE000063723","GARISSA, KE","-0.467","39.633","147.0","2019-09",,
"KE000063723","GARISSA, KE","-0.467","39.633","147.0","2019-10",,
"KE000063723","GARISSA, KE","-0.467","39.633","147.0","2019-11",,
"KE000063723","GARISSA, KE","-0.467","39.633","147.0","2019-12",,
"KE000063723","GARISSA, KE","-0.467","39.633","147.0","2020-01",,
"KE000063723","GARISSA, KE","-0.467","39.633","147.0","2020-02",,
"KE000063723","GARISSA, KE","-0.467","39.633","147.0","2020-03",,
"KE000063723","GARISSA, KE","-0.467","39.633","147.0","2020-04",,
"KE000063723","GARISSA, KE","-0.467","39.633","147.0","2020-05",,
"KE000063723","GARISSA, KE","-0.467","39.633","147.0","2020-06",,
"KE000063723","GARISSA, KE","-0.467","39.633","147.0","2020-07",,
"KE000063723","GARISSA, KE","-0.467","39.633","147.0","2020-08",,
"KE000063723","GARISSA, KE","-0.467","39.633","147.0","2020-09",,
"KE000063723","GARISSA, KE","-0.467","39.633","147.0","2020-10",,
"KE000063723","GARISSA, KE","-0.467","39.633","147.0","2020-11",,
"KE000063723","GARISSA, KE","-0.467","39.633","147.0","2020-12",,
"KE000063723","GARISSA, KE","-0.467","39.633","147.0","2021-03",,
"KE000063723","GARISSA, KE","-0.467","39.633","147.0","2021-04",,
"KE000063723","GARISSA, KE","-0.467","39.633","147.0","2021-05",,
"KE000063723","GARISSA, KE","-0.467","39.633","147.0","2021-06",,
"KE000063723","GARISSA, KE","-0.467","39.633","147.0","2021-07",,
"KE000063723","GARISSA, KE","-0.467","39.633","147.0","2021-08",,
"KE000063723","GARISSA, KE","-0.467","39.633","147.0","2021-09",,
"KE000063723","GARISSA, KE","-0.467","39.633","147.0","2021-11",,
"KE000063723","GARISSA, KE","-0.467","39.633","147.0","2021-12",,
"KE000063723","GARISSA, KE","-0.467","39.633","147.0","2022-01",,
"KE000063723","GARISSA, KE","-0.467","39.633","147.0","2022-02",,
"KE000063723","GARISSA, KE","-0.467","39.633","147.0","2022-03",,
"KE000063723","GARISSA, KE","-0.467","39.633","147.0","2022-04",,
"KE000063723","GARISSA, KE","-0.467","39.633","147.0","2022-05",,
"KE000063723","GARISSA, KE","-0.467","39.633","147.0","2022-06",,
"KE000063723","GARISSA, KE","-0.467","39.633","147.0","2022-08",,
"KE000063723","GARISSA, KE","-0.467","39.633","147.0","2022-09",,
"KE000063723","GARISSA, KE","-0.467","39.633","147.0","2022-10",,
"KE000063723","GARISSA, KE","-0.467","39.633","147.0","2022-11",,
"KE000063723","GARISSA, KE","-0.467","39.633","147.0","2023-01",,
"KE000063723","GARISSA, KE","-0.467","39.633","147.0","2023-02",,
"KE000063723","GARISSA, KE","-0.467","39.633","147.0","2023-03",,
"KE000063723","GARISSA, KE","-0.467","39.633","147.0","2023-05",,
"KE000063723","GARISSA, KE","-0.467","39.633","147.0","2023-06",,
"KE000063723","GARISSA, KE","-0.467","39.633","147.0","2023-09",,
"KE000063723","GARISSA, KE","-0.467","39.633","147.0","2023-10",,
"KE000063723","GARISSA, KE","-0.467","39.633","147.0","2023-12",,
"KE000063723","GARISSA, KE","-0.467","39.633","147.0","2024-01",,
"KE000063723","GARISSA, KE","-0.467","39.633","147.0","2024-02",,
"KE000063612","LODWAR, KE","3.117","35.617","515.0","1977-09","0.01","0.01"
"KE000063612","LODWAR, KE","3.117","35.617","515.0","1977-10","2.36","2.44"
"KE000063612","LODWAR, KE","3.117","35.617","515.0","1978-07","0.04","0.07"
"KE000063612","LODWAR, KE","3.117","35.617","515.0","1978-09","0.12","0.28"
"KE000063612","LODWAR, KE","3.117","35.617","515.0","1978-10","0.12","0.24"
"KE000063612","LODWAR, KE","3.117","35.617","515.0","1979-08","0.16","0.16"
"KE000063612","LODWAR, KE","3.117","35.617","515.0","1979-09","0.04","0.04"
"KE000063612","LODWAR, KE","3.117","35.617","515.0","1979-12","0.08","0.11"
"KE000063612","LODWAR, KE","3.117","35.617","515.0","1980-08",,
"KE000063612","LODWAR, KE","3.117","35.617","515.0","1980-09","0.00","0.00"
"KE000063612","LODWAR, KE","3.117","35.617","515.0","1980-11","0.75","1.14"
"KE000063612","LODWAR, KE","3.117","35.617","515.0","1981-02","0.00","0.00"
"KE000063612","LODWAR, KE","3.117","35.617","515.0","1981-05","0.08","0.08"
"KE000063612","LODWAR, KE","3.117","35.617","515.0","1981-06","1.97","1.97"
"KE000063612","LODWAR, KE","3.117","35.617","515.0","1981-07","0.00","0.00"
"KE000063612","LODWAR, KE","3.117","35.617","515.0","1981-09","0.00","0.00"
"KE000063612","LODWAR, KE","3.117","35.617","515.0","1981-10","0.02","0.02"
"KE000063612","LODWAR, KE","3.117","35.617","515.0","1981-11","0.00","0.00"
"KE000063612","LODWAR, KE","3.117","35.617","515.0","1983-08",,
"KE000063612","LODWAR, KE","3.117","35.617","515.0","1983-09",,
"KE000063612","LODWAR, KE","3.117","35.617","515.0","1983-11",,
"KE000063612","LODWAR, KE","3.117","35.617","515.0","1984-01",,
"KE000063612","LODWAR, KE","3.117","35.617","515.0","1984-02",,
"KE000063612","LODWAR, KE","3.117","35.617","515.0","1984-03",,
"KE000063612","LODWAR, KE","3.117","35.617","515.0","1984-05",,
"KE000063612","LODWAR, KE","3.117","35.617","515.0","1984-06",,
"KE000063612","LODWAR, KE","3.117","35.617","515.0","1984-07",,
"KE000063612","LODWAR, KE","3.117","35.617","515.0","1984-08",,
"KE000063612","LODWAR, KE","3.117","35.617","515.0","1984-10",,
"KE000063612","LODWAR, KE","3.117","35.617","515.0","1984-11",,
"KE000063612","LODWAR, KE","3.117","35.617","515.0","1984-12",,
"KE000063612","LODWAR, KE","3.117","35.617","515.0","1985-04",,
"KE000063612","LODWAR, KE","3.117","35.617","515.0","1985-09",,
"KE000063612","LODWAR, KE","3.117","35.617","515.0","1985-10",,
"KE000063612","LODWAR, KE","3.117","35.617","515.0","1985-12",,
"KE000063612","LODWAR, KE","3.117","35.617","515.0","1986-01",,
"KE000063612","LODWAR, KE","3.117","35.617","515.0","1986-02",,
"KE000063612","LODWAR, KE","3.117","35.617","515.0","1986-04","1.30","3.10"
"KE000063612","LODWAR, KE","3.117","35.617","515.0","1986-05",,
"KE000063612","LODWAR, KE","3.117","35.617","515.0","1986-06",,
"KE000063612","LODWAR, KE","3.117","35.617","515.0","1986-08",,
"KE000063612","LODWAR, KE","3.117","35.617","515.0","1986-10",,
"KE000063612","LODWAR, KE","3.117","35.617","515.0","1986-11",,
"KE000063612","LODWAR, KE","3.117","35.617","515.0","1987-05",,
"KE000063612","LODWAR, KE","3.117","35.617","515.0","1987-06",,
"KE000063612","LODWAR, KE","3.117","35.617","515.0","1987-07",,
"KE000063612","LODWAR, KE","3.117","35.617","515.0","1987-09","0.00","0.00"
"KE000063612","LODWAR, KE","3.117","35.617","515.0","1987-10","0.00","0.00"
"KE000063612","LODWAR, KE","3.117","35.617","515.0","1987-11",,
"KE000063612","LODWAR, KE","3.117","35.617","515.0","1987-12","0.00","0.00"
"KE000063612","LODWAR, KE","3.117","35.617","515.0","1988-01","0.08","0.12"
"KE000063612","LODWAR, KE","3.117","35.617","515.0","1988-02","0.00","0.00"
"KE000063612","LODWAR, KE","3.117","35.617","515.0","1988-04","1.18","3.28"
"KE000063612","LODWAR, KE","3.117","35.617","515.0","1988-08","1.22","1.91"
"KE000063612","LODWAR, KE","3.117","35.617","515.0","1988-11","0.00","0.00"
"KE000063612","LODWAR, KE","3.117","35.617","515.0","1988-12",,
"KE000063612","LODWAR, KE","3.117","35.617","515.0","1989-01",,
"KE000063612","LODWAR, KE","3.117","35.617","515.0","1989-02",,
"KE000063612","LODWAR, KE","3.117","35.617","515.0","1989-03",,
"KE000063612","LODWAR, KE","3.117","35.617","515.0","1989-04","0.87","1.20"
"KE000063612","LODWAR, KE","3.117","35.617","515.0","1989-05",,
"KE000063612","LODWAR, KE","3.117","35.617","515.0","1989-06",,
"KE000063612","LODWAR, KE","3.117","35.617","515.0","1989-07","0.75","1.15"
"KE000063612","LODWAR, KE","3.117","35.617","515.0","1989-08",,
"KE000063612","LODWAR, KE","3.117","35.617","515.0","1989-09","1.46","1.54"
"KE000063612","LODWAR, KE","3.117","35.617","515.0","1989-10",,
"KE000063612","LODWAR, KE","3.117","35.617","515.0","1989-11",,
"KE000063612","LODWAR, KE","3.117","35.617","515.0","1989-12",,
"KE000063612","LODWAR, KE","3.117","35.617","515.0","1990-02","0.43","0.63"
"KE000063612","LODWAR, KE","3.117","35.617","515.0","1990-06",,
"KE000063612","LODWAR, KE","3.117","35.617","515.0","1990-07",,
"KE000063612","LODWAR, KE","3.117","35.617","515.0","1990-08",,
"KE000063612","LODWAR, KE","3.117","35.617","515.0","1990-09","0.00","0.00"
"KE000063612","LODWAR, KE","3.117","35.617","515.0","1990-11",,
"KE000063612","LODWAR, KE","3.117","35.617","515.0","1990-12","0.20","0.24"
"KE000063612","LODWAR, KE","3.117","35.617","515.0","1991-01","0.28","0.46"
"KE000063612","LODWAR, KE","3.117","35.617","515.0","1991-02",,
"KE000063612","LODWAR, KE","3.117","35.617","515.0","1991-03",,
"KE000063612","LODWAR, KE","3.117","35.617","515.0","1991-05",,
"KE000063612","LODWAR, KE","3.117","35.617","515.0","1991-06",,
"KE000063612","LODWAR, KE","3.117","35.617","515.0","1991-09",,
"KE000063612","LODWAR, KE","3.117","35.617","515.0","1991-11",,
"KE000063612","LODWAR, KE","3.117","35.617","515.0","1992-01",,
"KE000063612","LODWAR, KE","3.117","35.617","515.0","1992-02",,
"KE000063612","LODWAR, KE","3.117","35.617","515.0","1992-04",,
"KE000063612","LODWAR, KE","3.117","35.617","515.0","1992-05",,
"KE000063612","LODWAR, KE","3.117","35.617","515.0","1992-06",,
"KE000063612","LODWAR, KE","3.117","35.617","515.0","1992-07",,
"KE000063612","LODWAR, KE","3.117","35.617","515.0","1992-08",,
"KE000063612","LODWAR, KE","3.117","35.617","515.0","1993-04",,
"KE000063612","LODWAR, KE","3.117","35.617","515.0","1993-06",,
"KE000063612","LODWAR, KE","3.117","35.617","515.0","1993-07","0.00","0.00"
"KE000063612","LODWAR, KE","3.117","35.617","515.0","1993-08",,
"KE000063612","LODWAR, KE","3.117","35.617","515.0","1993-09",,
"KE000063612","LODWAR, KE","3.117","35.617","515.0","1993-10",,
"KE000063612","LODWAR, KE","3.117","35.617","515.0","1993-11",,
"KE000063612","LODWAR, KE","3.117","35.617","515.0","1993-12",,
"KE000063612","LODWAR, KE","3.117","35.617","515.0","1994-01",,
"KE000063612","LODWAR, KE","3.117","35.617","515.0","1994-02","0.79","0.83"
"KE000063612","LODWAR, KE","3.117","35.617","515.0","1994-03",,
"KE000063612","LODWAR, KE","3.117","35.617","515.0","1994-04",,
"KE000063612","LODWAR, KE","3.117","35.617","515.0","1994-05",,
"KE000063612","LODWAR, KE","3.117","35.617","515.0","1994-06","1.22","2.13"
"KE000063612","LODWAR, KE","3.117","35.617","515.0","1994-07",,
"KE000063612","LODWAR, KE","3.117","35.617","515.0","1994-08","4.29","4.73"
"KE000063612","LODWAR, KE","3.117","35.617","515.0","1994-11",,
"KE000063612","LODWAR, KE","3.117","35.617","515.0","1994-12",,
"KE000063612","LODWAR, KE","3.117","35.617","515.0","1995-01",,
"KE000063612","LODWAR, KE","3.117","35.617","515.0","1995-02",,
"KE000063612","LODWAR, KE","3.117","35.617","515.0","1995-04",,
"KE000063612","LODWAR, KE","3.117","35.617","515.0","1995-05",,
"KE000063612","LODWAR, KE","3.117","35.617","515.0","1995-06",,
"KE000063612","LODWAR, KE","3.117","35.617","515.0","1995-07","0.08","0.10"
"KE000063612","LODWAR, KE","3.117","35.617","515.0","1995-08","0.04","0.04"
"KE000063612","LODWAR, KE","3.117","35.617","515.0","1995-09",,
"KE000063612","LODWAR, KE","3.117","35.617","515.0","1995-10","0.04","0.08"
"KE000063612","LODWAR, KE","3.117","35.617","515.0","1995-12",,
"KE000063612","LODWAR, KE","3.117","35.617","515.0","1996-01",,
"KE000063612","LODWAR, KE","3.117","35.617","515.0","1996-02",,
"KE000063612","LODWAR, KE","3.117","35.617","515.0","1996-03",,
"KE000063612","LODWAR, KE","3.117","35.617","515.0","1996-04",,
"KE000063612","LODWAR, KE","3.117","35.617","515.0","1996-10","0.00","0.00"
"KE000063612","LODWAR, KE","3.117","35.617","515.0","1997-01",,
"KE000063612","LODWAR, KE","3.117","35.617","515.0","1997-02",,
"KE000063612","LODWAR, KE","3.117","35.617","515.0","1997-03",,
"KE000063612","LODWAR, KE","3.117","35.617","515.0","1997-04","1.42","3.78"
"KE000063612","LODWAR, KE","3.117","35.617","515.0","1997-05","1.06","1.08"
"KE000063612","LODWAR, KE","3.117","35.617","515.0","1997-06",,
"KE000063612","LODWAR, KE","3.117","35.617","515.0","1997-10",,
"KE000063612","LODWAR, KE","3.117","35.617","515.0","1998-02","0.20","0.20"
"KE000063612","LODWAR, KE","3.117","35.617","515.0","1998-03",,
"KE000063612","LODWAR, KE","3.117","35.617","515.0","1998-04",,
"KE000063612","LODWAR, KE","3.117","35.617","515.0","1998-09","0.00","0.00"
"KE000063612","LODWAR, KE","3.117","35.617","515.0","1998-10",,
"KE000063612","LODWAR, KE","3.117","35.617","515.0","1998-12",,
"KE000063612","LODWAR, KE","3.117","35.617","515.0","1999-01",,
"KE000063612","LODWAR, KE","3.117","35.617","515.0","1999-02",,
"KE000063612","LODWAR, KE","3.117","35.617","515.0","1999-03",,
"KE000063612","LODWAR, KE","3.117","35.617","515.0","1999-04",,
"KE000063612","LODWAR, KE","3.117","35.617","515.0","1999-05",,
"KE000063612","LODWAR, KE","3.117","35.617","515.0","1999-11",,
"KE000063612","LODWAR, KE","3.117","35.617","515.0","2000-01",,
"KE000063612","LODWAR, KE","3.117","35.617","515.0","2000-02",,
"KE000063612","LODWAR, KE","3.117","35.617","515.0","2000-03",,
"KE000063612","LODWAR, KE","3.117","35.617","515.0","2000-04",,
"KE000063612","LODWAR, KE","3.117","35.617","515.0","2000-05",,
"KE000063612","LODWAR, KE","3.117","35.617","515.0","2000-06",,
"KE000063612","LODWAR, KE","3.117","35.617","515.0","2000-08",,
"KE000063612","LODWAR, KE","3.117","35.617","515.0","2000-09",,
"KE000063612","LODWAR, KE","3.117","35.617","515.0","2000-12",,
"KE000063612","LODWAR, KE","3.117","35.617","515.0","2001-02",,
"KE000063612","LODWAR, KE","3.117","35.617","515.0","2001-03",,
"KE000063612","LODWAR, KE","3.117","35.617","515.0","2001-04",,
"KE000063612","LODWAR, KE","3.117","35.617","515.0","2001-05",,
"KE000063612","LODWAR, KE","3.117","35.617","515.0","2001-06",,
"KE000063612","LODWAR, KE","3.117","35.617","515.0","2001-07",,
"KE000063612","LODWAR, KE","3.117","35.617","515.0","2001-10",,
"KE000063612","LODWAR, KE","3.117","35.617","515.0","2001-11",,
"KE000063612","LODWAR, KE","3.117","35.617","515.0","2001-12",,
"KE000063612","LODWAR, KE","3.117","35.617","515.0","2002-02",,
"KE000063612","LODWAR, KE","3.117","35.617","515.0","2002-04",,
"KE000063612","LODWAR, KE","3.117","35.617","515.0","2002-05",,
"KE000063612","LODWAR, KE","3.117","35.617","515.0","2002-07",,
"KE000063612","LODWAR, KE","3.117","35.617","515.0","2002-08",,
"KE000063612","LODWAR, KE","3.117","35.617","515.0","2002-11","0.20","0.20"
"KE000063612","LODWAR, KE","3.117","35.617","515.0","2003-02",,
"KE000063612","LODWAR, KE","3.117","35.617","515.0","2003-05","0.94","1.53"
"KE000063612","LODWAR, KE","3.117","35.617","515.0","2003-06",,
"KE000063612","LODWAR, KE","3.117","35.617","515.0","2003-07","0.00","0.00"
"KE000063612","LODWAR, KE","3.117","35.617","515.0","2003-09",,
"KE000063612","LODWAR, KE","3.117","35.617","515.0","2003-10",,
"KE000063612","LODWAR, KE","3.117","35.617","515.0","2003-11",,
"KE000063612","LODWAR, KE","3.117","35.617","515.0","2003-12",,
"KE000063612","LODWAR, KE","3.117","35.617","515.0","2004-01",,
"KE000063612","LODWAR, KE","3.117","35.617","515.0","2004-03",,
"KE000063612","LODWAR, KE","3.117","35.617","515.0","2004-05","0.47","0.67"
"KE000063612","LODWAR, KE","3.117","35.617","515.0","2004-06",,
"KE000063612","LODWAR, KE","3.117","35.617","515.0","2004-09",,
"KE000063612","LODWAR, KE","3.117","35.617","515.0","2004-10",,
"KE000063612","LODWAR, KE","3.117","35.617","515.0","2005-12",,
"KE000063612","LODWAR, KE","3.117","35.617","515.0","2006-04",,
"KE000063612","LODWAR, KE","3.117","35.617","515.0","2006-05",,
"KE000063612","LODWAR, KE","3.117","35.617","515.0","2006-06",,
"KE000063612","LODWAR, KE","3.117","35.617","515.0","2006-08",,
"KE000063612","LODWAR, KE","3.117","35.617","515.0","2006-11",,
"KE000063612","LODWAR, KE","3.117","35.617","515.0","2007-04",,
"KE000063612","LODWAR, KE","3.117","35.617","515.0","2007-08",,
"KE000063612","LODWAR, KE","3.117","35.617","515.0","2007-09",,
"KE000063612","LODWAR, KE","3.117","35.617","515.0","2007-10",,
"KE000063612","LODWAR, KE","3.117","35.617","515.0","2007-11",,
"KE000063612","LODWAR, KE","3.117","35.617","515.0","2007-12",,
"KE000063612","LODWAR, KE","3.117","35.617","515.0","2008-01",,
"KE000063612","LODWAR, KE","3.117","35.617","515.0","2008-03",,
"KE000063612","LODWAR, KE","3.117","35.617","515.0","2008-04",,
"KE000063612","LODWAR, KE","3.117","35.617","515.0","2009-05",,
"KE000063612","LODWAR, KE","3.117","35.617","515.0","2010-01",,
"KE000063612","LODWAR, KE","3.117","35.617","515.0","2010-09",,
"KE000063612","LODWAR, KE","3.117","35.617","515.0","2010-12",,
"KE000063612","LODWAR, KE","3.117","35.617","515.0","2011-02",,
"KE000063612","LODWAR, KE","3.117","35.617","515.0","2011-03",,
"KE000063612","LODWAR, KE","3.117","35.617","515.0","2011-04",,
"KE000063612","LODWAR, KE","3.117","35.617","515.0","2011-05",,
"KE000063612","LODWAR, KE","3.117","35.617","515.0","2011-06",,
"KE000063612","LODWAR, KE","3.117","35.617","515.0","2011-07",,
"KE000063612","LODWAR, KE","3.117","35.617","515.0","2011-12",,
"KE000063612","LODWAR, KE","3.117","35.617","515.0","2012-01",,
"KE000063612","LODWAR, KE","3.117","35.617","515.0","2012-02",,
"KE000063612","LODWAR, KE","3.117","35.617","515.0","2012-03",,
"KE000063612","LODWAR, KE","3.117","35.617","515.0","2012-07",,
"KE000063612","LODWAR, KE","3.117","35.617","515.0","2012-12",,
"KE000063612","LODWAR, KE","3.117","35.617","515.0","2013-01",,
"KE000063612","LODWAR, KE","3.117","35.617","515.0","2013-04",,
"KE000063612","LODWAR, KE","3.117","35.617","515.0","2013-05",,
"KE000063612","LODWAR, KE","3.117","35.617","515.0","2013-08",,
"KE000063612","LODWAR, KE","3.117","35.617","515.0","2013-12",,
"KE000063612","LODWAR, KE","3.117","35.617","515.0","2014-01",,
"KE000063612","LODWAR, KE","3.117","35.617","515.0","2014-03",,
"KE000063612","LODWAR, KE","3.117","35.617","515.0","2014-11",,
"KE000063612","LODWAR, KE","3.117","35.617","515.0","2015-02",,
"KE000063612","LODWAR, KE","3.117","35.617","515.0","2015-07",,
"KE000063612","LODWAR, KE","3.117","35.617","515.0","2015-08",,
"KE000063612","LODWAR, KE","3.117","35.617","515.0","2017-06",,
"KE000063612","LODWAR, KE","3.117","35.617","515.0","2017-11",,
"KE000063612","LODWAR, KE","3.117","35.617","515.0","2017-12",,
"KE000063612","LODWAR, KE","3.117","35.617","515.0","2018-01",,
"KE000063612","LODWAR, KE","3.117","35.617","515.0","2018-02",,
"KE000063612","LODWAR, KE","3.117","35.617","515.0","2018-05",,
"KE000063612","LODWAR, KE","3.117","35.617","515.0","2018-07",,
"KE000063612","LODWAR, KE","3.117","35.617","515.0","2018-11",,
"KE000063612","LODWAR, KE","3.117","35.617","515.0","2019-01",,
"KE000063612","LODWAR, KE","3.117","35.617","515.0","2019-02",,
"KE000063612","LODWAR, KE","3.117","35.617","515.0","2019-04",,
"KE000063612","LODWAR, KE","3.117","35.617","515.0","2019-06",,
"KE000063612","LODWAR, KE","3.117","35.617","515.0","2019-09",,
"KE000063612","LODWAR, KE","3.117","35.617","515.0","2019-12",,
"KE000063612","LODWAR, KE","3.117","35.617","515.0","2020-02",,
"KE000063612","LODWAR, KE","3.117","35.617","515.0","2020-06",,
"KE000063612","LODWAR, KE","3.117","35.617","515.0","2020-07",,
"KE000063612","LODWAR, KE","3.117","35.617","515.0","2021-04",,
"KE000063612","LODWAR, KE","3.117","35.617","515.0","2021-05",,
"KE000063612","LODWAR, KE","3.117","35.617","515.0","2021-06",,
"KE000063612","LODWAR, KE","3.117","35.617","515.0","2021-07",,
"KE000063612","LODWAR, KE","3.117","35.617","515.0","2021-08",,
"KE000063612","LODWAR, KE","3.117","35.617","515.0","2021-09",,
"KE000063612","LODWAR, KE","3.117","35.617","515.0","2021-12",,
"KE000063612","LODWAR, KE","3.117","35.617","515.0","2022-01",,
"KE000063612","LODWAR, KE","3.117","35.617","515.0","2022-05",,
"KE000063612","LODWAR, KE","3.117","35.617","515.0","2023-02",,
"KE000063612","LODWAR, KE","3.117","35.617","515.0","2023-06",,
"KE000063612","LODWAR, KE","3.117","35.617","515.0","2023-07",,
"KE000063612","LODWAR, KE","3.117","35.617","515.0","2023-09",,
"KE000063612","LODWAR, KE","3.117","35.617","515.0","2023-10",,
"KE000063612","LODWAR, KE","3.117","35.617","515.0","2023-12",,
